dataset,det,fam,em_err,m_sil,m_gmm,d,cls
001_UCR_Anomaly_DISTORTED1sddb40_35000_52000_52620.txt,CBLOF,local,-0.34782608695652173,0.4331783317891727,0.2919703600081125,28,high-dim
001_UCR_Anomaly_DISTORTED1sddb40_35000_52000_52620.txt,COPOD,global,-0.15217391304347827,0.4331783317891727,0.2919703600081125,28,high-dim
001_UCR_Anomaly_DISTORTED1sddb40_35000_52000_52620.txt,ECOD,global,-0.45652173913043476,0.4331783317891727,0.2919703600081125,28,high-dim
001_UCR_Anomaly_DISTORTED1sddb40_35000_52000_52620.txt,HBOS,global,0.4782608695652174,0.4331783317891727,0.2919703600081125,28,high-dim
001_UCR_Anomaly_DISTORTED1sddb40_35000_52000_52620.txt,HBOS_b20,global,0.4782608695652174,0.4331783317891727,0.2919703600081125,28,high-dim
001_UCR_Anomaly_DISTORTED1sddb40_35000_52000_52620.txt,HBOS_b5,global,0.47826086956521735,0.4331783317891727,0.2919703600081125,28,high-dim
001_UCR_Anomaly_DISTORTED1sddb40_35000_52000_52620.txt,HBOS_b50,global,0.6956521739130435,0.4331783317891727,0.2919703600081125,28,high-dim
001_UCR_Anomaly_DISTORTED1sddb40_35000_52000_52620.txt,IF_n300,other,0.6956521739130435,0.4331783317891727,0.2919703600081125,28,high-dim
001_UCR_Anomaly_DISTORTED1sddb40_35000_52000_52620.txt,IF_n50,other,0.47826086956521735,0.4331783317891727,0.2919703600081125,28,high-dim
001_UCR_Anomaly_DISTORTED1sddb40_35000_52000_52620.txt,IForest,other,0.5652173913043479,0.4331783317891727,0.2919703600081125,28,high-dim
001_UCR_Anomaly_DISTORTED1sddb40_35000_52000_52620.txt,KNN_k10,local,-0.08695652173913038,0.4331783317891727,0.2919703600081125,28,high-dim
001_UCR_Anomaly_DISTORTED1sddb40_35000_52000_52620.txt,KNN_k100,local,-0.34782608695652173,0.4331783317891727,0.2919703600081125,28,high-dim
001_UCR_Anomaly_DISTORTED1sddb40_35000_52000_52620.txt,KNN_k20,local,-0.21739130434782605,0.4331783317891727,0.2919703600081125,28,high-dim
001_UCR_Anomaly_DISTORTED1sddb40_35000_52000_52620.txt,KNN_k3,local,-0.08695652173913049,0.4331783317891727,0.2919703600081125,28,high-dim
001_UCR_Anomaly_DISTORTED1sddb40_35000_52000_52620.txt,KNN_k50,local,-0.2173913043478261,0.4331783317891727,0.2919703600081125,28,high-dim
001_UCR_Anomaly_DISTORTED1sddb40_35000_52000_52620.txt,LOF_k10,local,-0.6521739130434783,0.4331783317891727,0.2919703600081125,28,high-dim
001_UCR_Anomaly_DISTORTED1sddb40_35000_52000_52620.txt,LOF_k100,local,-0.6956521739130435,0.4331783317891727,0.2919703600081125,28,high-dim
001_UCR_Anomaly_DISTORTED1sddb40_35000_52000_52620.txt,LOF_k20,local,-0.6956521739130435,0.4331783317891727,0.2919703600081125,28,high-dim
001_UCR_Anomaly_DISTORTED1sddb40_35000_52000_52620.txt,LOF_k3,local,-0.43478260869565216,0.4331783317891727,0.2919703600081125,28,high-dim
001_UCR_Anomaly_DISTORTED1sddb40_35000_52000_52620.txt,LOF_k50,local,-0.7391304347826086,0.4331783317891727,0.2919703600081125,28,high-dim
001_UCR_Anomaly_DISTORTED1sddb40_35000_52000_52620.txt,PCA,global,0.4782608695652174,0.4331783317891727,0.2919703600081125,28,high-dim
001_UCR_Anomaly_DISTORTED1sddb40_35000_52000_52620.txt,PCA_c0.3,global,0.30434782608695654,0.4331783317891727,0.2919703600081125,28,high-dim
001_UCR_Anomaly_DISTORTED1sddb40_35000_52000_52620.txt,PCA_c0.9,global,0.47826086956521735,0.4331783317891727,0.2919703600081125,28,high-dim
009_UCR_Anomaly_DISTORTEDCIMIS44AirTemperature5_4000_4852_4900.txt,CBLOF,local,0.17391304347826086,0.2869599346336399,0.0,28,high-dim
009_UCR_Anomaly_DISTORTEDCIMIS44AirTemperature5_4000_4852_4900.txt,COPOD,global,-0.7173913043478262,0.2869599346336399,0.0,28,high-dim
009_UCR_Anomaly_DISTORTEDCIMIS44AirTemperature5_4000_4852_4900.txt,ECOD,global,-0.45652173913043476,0.2869599346336399,0.0,28,high-dim
009_UCR_Anomaly_DISTORTEDCIMIS44AirTemperature5_4000_4852_4900.txt,HBOS,global,-0.30434782608695654,0.2869599346336399,0.0,28,high-dim
009_UCR_Anomaly_DISTORTEDCIMIS44AirTemperature5_4000_4852_4900.txt,HBOS_b20,global,0.0,0.2869599346336399,0.0,28,high-dim
009_UCR_Anomaly_DISTORTEDCIMIS44AirTemperature5_4000_4852_4900.txt,HBOS_b5,global,-0.47826086956521735,0.2869599346336399,0.0,28,high-dim
009_UCR_Anomaly_DISTORTEDCIMIS44AirTemperature5_4000_4852_4900.txt,HBOS_b50,global,0.13043478260869568,0.2869599346336399,0.0,28,high-dim
009_UCR_Anomaly_DISTORTEDCIMIS44AirTemperature5_4000_4852_4900.txt,IF_n300,other,-0.34782608695652173,0.2869599346336399,0.0,28,high-dim
009_UCR_Anomaly_DISTORTEDCIMIS44AirTemperature5_4000_4852_4900.txt,IF_n50,other,-0.3913043478260869,0.2869599346336399,0.0,28,high-dim
009_UCR_Anomaly_DISTORTEDCIMIS44AirTemperature5_4000_4852_4900.txt,IForest,other,-0.4782608695652174,0.2869599346336399,0.0,28,high-dim
009_UCR_Anomaly_DISTORTEDCIMIS44AirTemperature5_4000_4852_4900.txt,KNN_k10,local,0.4347826086956522,0.2869599346336399,0.0,28,high-dim
009_UCR_Anomaly_DISTORTEDCIMIS44AirTemperature5_4000_4852_4900.txt,KNN_k100,local,0.043478260869565216,0.2869599346336399,0.0,28,high-dim
009_UCR_Anomaly_DISTORTEDCIMIS44AirTemperature5_4000_4852_4900.txt,KNN_k20,local,0.4782608695652174,0.2869599346336399,0.0,28,high-dim
009_UCR_Anomaly_DISTORTEDCIMIS44AirTemperature5_4000_4852_4900.txt,KNN_k3,local,0.6086956521739131,0.2869599346336399,0.0,28,high-dim
009_UCR_Anomaly_DISTORTEDCIMIS44AirTemperature5_4000_4852_4900.txt,KNN_k50,local,0.21739130434782608,0.2869599346336399,0.0,28,high-dim
009_UCR_Anomaly_DISTORTEDCIMIS44AirTemperature5_4000_4852_4900.txt,LOF_k10,local,0.4782608695652174,0.2869599346336399,0.0,28,high-dim
009_UCR_Anomaly_DISTORTEDCIMIS44AirTemperature5_4000_4852_4900.txt,LOF_k100,local,0.13043478260869568,0.2869599346336399,0.0,28,high-dim
009_UCR_Anomaly_DISTORTEDCIMIS44AirTemperature5_4000_4852_4900.txt,LOF_k20,local,0.43478260869565216,0.2869599346336399,0.0,28,high-dim
009_UCR_Anomaly_DISTORTEDCIMIS44AirTemperature5_4000_4852_4900.txt,LOF_k3,local,0.8695652173913043,0.2869599346336399,0.0,28,high-dim
009_UCR_Anomaly_DISTORTEDCIMIS44AirTemperature5_4000_4852_4900.txt,LOF_k50,local,0.34782608695652173,0.2869599346336399,0.0,28,high-dim
009_UCR_Anomaly_DISTORTEDCIMIS44AirTemperature5_4000_4852_4900.txt,PCA,global,-0.39130434782608703,0.2869599346336399,0.0,28,high-dim
009_UCR_Anomaly_DISTORTEDCIMIS44AirTemperature5_4000_4852_4900.txt,PCA_c0.3,global,-0.3913043478260869,0.2869599346336399,0.0,28,high-dim
009_UCR_Anomaly_DISTORTEDCIMIS44AirTemperature5_4000_4852_4900.txt,PCA_c0.9,global,-0.391304347826087,0.2869599346336399,0.0,28,high-dim
013_UCR_Anomaly_DISTORTEDECG3_15000_16000_16100.txt,CBLOF,local,0.0,0.4919343678167854,0.304466792814746,28,high-dim
013_UCR_Anomaly_DISTORTEDECG3_15000_16000_16100.txt,COPOD,global,-0.2391304347826087,0.4919343678167854,0.304466792814746,28,high-dim
013_UCR_Anomaly_DISTORTEDECG3_15000_16000_16100.txt,ECOD,global,0.021739130434782608,0.4919343678167854,0.304466792814746,28,high-dim
013_UCR_Anomaly_DISTORTEDECG3_15000_16000_16100.txt,HBOS,global,-0.3478260869565218,0.4919343678167854,0.304466792814746,28,high-dim
013_UCR_Anomaly_DISTORTEDECG3_15000_16000_16100.txt,HBOS_b20,global,-0.1739130434782608,0.4919343678167854,0.304466792814746,28,high-dim
013_UCR_Anomaly_DISTORTEDECG3_15000_16000_16100.txt,HBOS_b5,global,-0.3913043478260869,0.4919343678167854,0.304466792814746,28,high-dim
013_UCR_Anomaly_DISTORTEDECG3_15000_16000_16100.txt,HBOS_b50,global,0.0,0.4919343678167854,0.304466792814746,28,high-dim
013_UCR_Anomaly_DISTORTEDECG3_15000_16000_16100.txt,IF_n300,other,0.6086956521739131,0.4919343678167854,0.304466792814746,28,high-dim
013_UCR_Anomaly_DISTORTEDECG3_15000_16000_16100.txt,IF_n50,other,0.6521739130434783,0.4919343678167854,0.304466792814746,28,high-dim
013_UCR_Anomaly_DISTORTEDECG3_15000_16000_16100.txt,IForest,other,0.6956521739130435,0.4919343678167854,0.304466792814746,28,high-dim
013_UCR_Anomaly_DISTORTEDECG3_15000_16000_16100.txt,KNN_k10,local,0.04347826086956519,0.4919343678167854,0.304466792814746,28,high-dim
013_UCR_Anomaly_DISTORTEDECG3_15000_16000_16100.txt,KNN_k100,local,0.13043478260869562,0.4919343678167854,0.304466792814746,28,high-dim
013_UCR_Anomaly_DISTORTEDECG3_15000_16000_16100.txt,KNN_k20,local,0.0,0.4919343678167854,0.304466792814746,28,high-dim
013_UCR_Anomaly_DISTORTEDECG3_15000_16000_16100.txt,KNN_k3,local,0.0,0.4919343678167854,0.304466792814746,28,high-dim
013_UCR_Anomaly_DISTORTEDECG3_15000_16000_16100.txt,KNN_k50,local,0.0,0.4919343678167854,0.304466792814746,28,high-dim
013_UCR_Anomaly_DISTORTEDECG3_15000_16000_16100.txt,LOF_k10,local,-0.17391304347826086,0.4919343678167854,0.304466792814746,28,high-dim
013_UCR_Anomaly_DISTORTEDECG3_15000_16000_16100.txt,LOF_k100,local,-0.34782608695652173,0.4919343678167854,0.304466792814746,28,high-dim
013_UCR_Anomaly_DISTORTEDECG3_15000_16000_16100.txt,LOF_k20,local,-0.5652173913043478,0.4919343678167854,0.304466792814746,28,high-dim
013_UCR_Anomaly_DISTORTEDECG3_15000_16000_16100.txt,LOF_k3,local,0.0,0.4919343678167854,0.304466792814746,28,high-dim
013_UCR_Anomaly_DISTORTEDECG3_15000_16000_16100.txt,LOF_k50,local,-0.17391304347826086,0.4919343678167854,0.304466792814746,28,high-dim
013_UCR_Anomaly_DISTORTEDECG3_15000_16000_16100.txt,PCA,global,0.13043478260869565,0.4919343678167854,0.304466792814746,28,high-dim
013_UCR_Anomaly_DISTORTEDECG3_15000_16000_16100.txt,PCA_c0.3,global,-0.08695652173913043,0.4919343678167854,0.304466792814746,28,high-dim
013_UCR_Anomaly_DISTORTEDECG3_15000_16000_16100.txt,PCA_c0.9,global,0.21739130434782608,0.4919343678167854,0.304466792814746,28,high-dim
014_UCR_Anomaly_DISTORTEDECG3_8000_17000_17100.txt,CBLOF,local,0.13043478260869562,0.5003931886775079,0.3417901098456858,28,high-dim
014_UCR_Anomaly_DISTORTEDECG3_8000_17000_17100.txt,COPOD,global,0.021739130434782608,0.5003931886775079,0.3417901098456858,28,high-dim
014_UCR_Anomaly_DISTORTEDECG3_8000_17000_17100.txt,ECOD,global,-0.021739130434782608,0.5003931886775079,0.3417901098456858,28,high-dim
014_UCR_Anomaly_DISTORTEDECG3_8000_17000_17100.txt,HBOS,global,-0.043478260869565244,0.5003931886775079,0.3417901098456858,28,high-dim
014_UCR_Anomaly_DISTORTEDECG3_8000_17000_17100.txt,HBOS_b20,global,-0.08695652173913043,0.5003931886775079,0.3417901098456858,28,high-dim
014_UCR_Anomaly_DISTORTEDECG3_8000_17000_17100.txt,HBOS_b5,global,-0.13043478260869565,0.5003931886775079,0.3417901098456858,28,high-dim
014_UCR_Anomaly_DISTORTEDECG3_8000_17000_17100.txt,HBOS_b50,global,0.08695652173913043,0.5003931886775079,0.3417901098456858,28,high-dim
014_UCR_Anomaly_DISTORTEDECG3_8000_17000_17100.txt,IF_n300,other,0.34782608695652173,0.5003931886775079,0.3417901098456858,28,high-dim
014_UCR_Anomaly_DISTORTEDECG3_8000_17000_17100.txt,IF_n50,other,0.26086956521739135,0.5003931886775079,0.3417901098456858,28,high-dim
014_UCR_Anomaly_DISTORTEDECG3_8000_17000_17100.txt,IForest,other,0.26086956521739124,0.5003931886775079,0.3417901098456858,28,high-dim
014_UCR_Anomaly_DISTORTEDECG3_8000_17000_17100.txt,KNN_k10,local,0.04347826086956519,0.5003931886775079,0.3417901098456858,28,high-dim
014_UCR_Anomaly_DISTORTEDECG3_8000_17000_17100.txt,KNN_k100,local,0.0,0.5003931886775079,0.3417901098456858,28,high-dim
014_UCR_Anomaly_DISTORTEDECG3_8000_17000_17100.txt,KNN_k20,local,0.0434782608695653,0.5003931886775079,0.3417901098456858,28,high-dim
014_UCR_Anomaly_DISTORTEDECG3_8000_17000_17100.txt,KNN_k3,local,0.04347826086956519,0.5003931886775079,0.3417901098456858,28,high-dim
014_UCR_Anomaly_DISTORTEDECG3_8000_17000_17100.txt,KNN_k50,local,0.17391304347826086,0.5003931886775079,0.3417901098456858,28,high-dim
014_UCR_Anomaly_DISTORTEDECG3_8000_17000_17100.txt,LOF_k10,local,-0.34782608695652173,0.5003931886775079,0.3417901098456858,28,high-dim
014_UCR_Anomaly_DISTORTEDECG3_8000_17000_17100.txt,LOF_k100,local,-0.17391304347826086,0.5003931886775079,0.3417901098456858,28,high-dim
014_UCR_Anomaly_DISTORTEDECG3_8000_17000_17100.txt,LOF_k20,local,-0.7391304347826086,0.5003931886775079,0.3417901098456858,28,high-dim
014_UCR_Anomaly_DISTORTEDECG3_8000_17000_17100.txt,LOF_k3,local,-0.17391304347826086,0.5003931886775079,0.3417901098456858,28,high-dim
014_UCR_Anomaly_DISTORTEDECG3_8000_17000_17100.txt,LOF_k50,local,-0.13043478260869568,0.5003931886775079,0.3417901098456858,28,high-dim
014_UCR_Anomaly_DISTORTEDECG3_8000_17000_17100.txt,PCA,global,0.17391304347826086,0.5003931886775079,0.3417901098456858,28,high-dim
014_UCR_Anomaly_DISTORTEDECG3_8000_17000_17100.txt,PCA_c0.3,global,0.0,0.5003931886775079,0.3417901098456858,28,high-dim
014_UCR_Anomaly_DISTORTEDECG3_8000_17000_17100.txt,PCA_c0.9,global,0.26086956521739135,0.5003931886775079,0.3417901098456858,28,high-dim
020_UCR_Anomaly_DISTORTEDGP711MarkerLFM5z2_5000_7175_7388.txt,CBLOF,local,-0.3913043478260869,0.4150486423645973,0.1566328826707681,28,high-dim
020_UCR_Anomaly_DISTORTEDGP711MarkerLFM5z2_5000_7175_7388.txt,COPOD,global,0.021739130434782608,0.4150486423645973,0.1566328826707681,28,high-dim
020_UCR_Anomaly_DISTORTEDGP711MarkerLFM5z2_5000_7175_7388.txt,ECOD,global,-0.021739130434782608,0.4150486423645973,0.1566328826707681,28,high-dim
020_UCR_Anomaly_DISTORTEDGP711MarkerLFM5z2_5000_7175_7388.txt,HBOS,global,0.6521739130434783,0.4150486423645973,0.1566328826707681,28,high-dim
020_UCR_Anomaly_DISTORTEDGP711MarkerLFM5z2_5000_7175_7388.txt,HBOS_b20,global,0.6086956521739131,0.4150486423645973,0.1566328826707681,28,high-dim
020_UCR_Anomaly_DISTORTEDGP711MarkerLFM5z2_5000_7175_7388.txt,HBOS_b5,global,0.5217391304347826,0.4150486423645973,0.1566328826707681,28,high-dim
020_UCR_Anomaly_DISTORTEDGP711MarkerLFM5z2_5000_7175_7388.txt,HBOS_b50,global,0.43478260869565216,0.4150486423645973,0.1566328826707681,28,high-dim
020_UCR_Anomaly_DISTORTEDGP711MarkerLFM5z2_5000_7175_7388.txt,IF_n300,other,0.4782608695652174,0.4150486423645973,0.1566328826707681,28,high-dim
020_UCR_Anomaly_DISTORTEDGP711MarkerLFM5z2_5000_7175_7388.txt,IF_n50,other,0.30434782608695643,0.4150486423645973,0.1566328826707681,28,high-dim
020_UCR_Anomaly_DISTORTEDGP711MarkerLFM5z2_5000_7175_7388.txt,IForest,other,0.39130434782608703,0.4150486423645973,0.1566328826707681,28,high-dim
020_UCR_Anomaly_DISTORTEDGP711MarkerLFM5z2_5000_7175_7388.txt,KNN_k10,local,-0.17391304347826086,0.4150486423645973,0.1566328826707681,28,high-dim
020_UCR_Anomaly_DISTORTEDGP711MarkerLFM5z2_5000_7175_7388.txt,KNN_k100,local,-0.30434782608695654,0.4150486423645973,0.1566328826707681,28,high-dim
020_UCR_Anomaly_DISTORTEDGP711MarkerLFM5z2_5000_7175_7388.txt,KNN_k20,local,-0.2173913043478261,0.4150486423645973,0.1566328826707681,28,high-dim
020_UCR_Anomaly_DISTORTEDGP711MarkerLFM5z2_5000_7175_7388.txt,KNN_k3,local,-0.08695652173913049,0.4150486423645973,0.1566328826707681,28,high-dim
020_UCR_Anomaly_DISTORTEDGP711MarkerLFM5z2_5000_7175_7388.txt,KNN_k50,local,-0.26086956521739135,0.4150486423645973,0.1566328826707681,28,high-dim
020_UCR_Anomaly_DISTORTEDGP711MarkerLFM5z2_5000_7175_7388.txt,LOF_k10,local,-0.34782608695652173,0.4150486423645973,0.1566328826707681,28,high-dim
020_UCR_Anomaly_DISTORTEDGP711MarkerLFM5z2_5000_7175_7388.txt,LOF_k100,local,-0.5217391304347826,0.4150486423645973,0.1566328826707681,28,high-dim
020_UCR_Anomaly_DISTORTEDGP711MarkerLFM5z2_5000_7175_7388.txt,LOF_k20,local,-0.39130434782608703,0.4150486423645973,0.1566328826707681,28,high-dim
020_UCR_Anomaly_DISTORTEDGP711MarkerLFM5z2_5000_7175_7388.txt,LOF_k3,local,-0.3913043478260869,0.4150486423645973,0.1566328826707681,28,high-dim
020_UCR_Anomaly_DISTORTEDGP711MarkerLFM5z2_5000_7175_7388.txt,LOF_k50,local,-0.47826086956521735,0.4150486423645973,0.1566328826707681,28,high-dim
020_UCR_Anomaly_DISTORTEDGP711MarkerLFM5z2_5000_7175_7388.txt,PCA,global,-0.043478260869565244,0.4150486423645973,0.1566328826707681,28,high-dim
020_UCR_Anomaly_DISTORTEDGP711MarkerLFM5z2_5000_7175_7388.txt,PCA_c0.3,global,-0.043478260869565244,0.4150486423645973,0.1566328826707681,28,high-dim
020_UCR_Anomaly_DISTORTEDGP711MarkerLFM5z2_5000_7175_7388.txt,PCA_c0.9,global,0.26086956521739135,0.4150486423645973,0.1566328826707681,28,high-dim
026_UCR_Anomaly_DISTORTEDInternalBleeding15_1700_5684_5854.txt,CBLOF,local,-0.17391304347826086,0.3211591362546235,0.0865144621944401,28,high-dim
026_UCR_Anomaly_DISTORTEDInternalBleeding15_1700_5684_5854.txt,COPOD,global,0.0,0.3211591362546235,0.0865144621944401,28,high-dim
026_UCR_Anomaly_DISTORTEDInternalBleeding15_1700_5684_5854.txt,ECOD,global,-0.34782608695652173,0.3211591362546235,0.0865144621944401,28,high-dim
026_UCR_Anomaly_DISTORTEDInternalBleeding15_1700_5684_5854.txt,HBOS,global,0.34782608695652173,0.3211591362546235,0.0865144621944401,28,high-dim
026_UCR_Anomaly_DISTORTEDInternalBleeding15_1700_5684_5854.txt,HBOS_b20,global,0.34782608695652173,0.3211591362546235,0.0865144621944401,28,high-dim
026_UCR_Anomaly_DISTORTEDInternalBleeding15_1700_5684_5854.txt,HBOS_b5,global,0.34782608695652173,0.3211591362546235,0.0865144621944401,28,high-dim
026_UCR_Anomaly_DISTORTEDInternalBleeding15_1700_5684_5854.txt,HBOS_b50,global,0.47826086956521735,0.3211591362546235,0.0865144621944401,28,high-dim
026_UCR_Anomaly_DISTORTEDInternalBleeding15_1700_5684_5854.txt,IF_n300,other,0.21739130434782605,0.3211591362546235,0.0865144621944401,28,high-dim
026_UCR_Anomaly_DISTORTEDInternalBleeding15_1700_5684_5854.txt,IF_n50,other,0.08695652173913038,0.3211591362546235,0.0865144621944401,28,high-dim
026_UCR_Anomaly_DISTORTEDInternalBleeding15_1700_5684_5854.txt,IForest,other,0.13043478260869568,0.3211591362546235,0.0865144621944401,28,high-dim
026_UCR_Anomaly_DISTORTEDInternalBleeding15_1700_5684_5854.txt,KNN_k10,local,-0.04347826086956519,0.3211591362546235,0.0865144621944401,28,high-dim
026_UCR_Anomaly_DISTORTEDInternalBleeding15_1700_5684_5854.txt,KNN_k100,local,-0.26086956521739135,0.3211591362546235,0.0865144621944401,28,high-dim
026_UCR_Anomaly_DISTORTEDInternalBleeding15_1700_5684_5854.txt,KNN_k20,local,-0.17391304347826086,0.3211591362546235,0.0865144621944401,28,high-dim
026_UCR_Anomaly_DISTORTEDInternalBleeding15_1700_5684_5854.txt,KNN_k3,local,0.04347826086956519,0.3211591362546235,0.0865144621944401,28,high-dim
026_UCR_Anomaly_DISTORTEDInternalBleeding15_1700_5684_5854.txt,KNN_k50,local,-0.30434782608695654,0.3211591362546235,0.0865144621944401,28,high-dim
026_UCR_Anomaly_DISTORTEDInternalBleeding15_1700_5684_5854.txt,LOF_k10,local,0.0,0.3211591362546235,0.0865144621944401,28,high-dim
026_UCR_Anomaly_DISTORTEDInternalBleeding15_1700_5684_5854.txt,LOF_k100,local,-0.30434782608695654,0.3211591362546235,0.0865144621944401,28,high-dim
026_UCR_Anomaly_DISTORTEDInternalBleeding15_1700_5684_5854.txt,LOF_k20,local,-0.21739130434782605,0.3211591362546235,0.0865144621944401,28,high-dim
026_UCR_Anomaly_DISTORTEDInternalBleeding15_1700_5684_5854.txt,LOF_k3,local,-0.04347826086956519,0.3211591362546235,0.0865144621944401,28,high-dim
026_UCR_Anomaly_DISTORTEDInternalBleeding15_1700_5684_5854.txt,LOF_k50,local,-0.3043478260869565,0.3211591362546235,0.0865144621944401,28,high-dim
026_UCR_Anomaly_DISTORTEDInternalBleeding15_1700_5684_5854.txt,PCA,global,0.1739130434782609,0.3211591362546235,0.0865144621944401,28,high-dim
026_UCR_Anomaly_DISTORTEDInternalBleeding15_1700_5684_5854.txt,PCA_c0.3,global,0.0,0.3211591362546235,0.0865144621944401,28,high-dim
026_UCR_Anomaly_DISTORTEDInternalBleeding15_1700_5684_5854.txt,PCA_c0.9,global,0.0,0.3211591362546235,0.0865144621944401,28,high-dim
035_UCR_Anomaly_DISTORTEDInternalBleeding8_2500_5865_5974.txt,CBLOF,local,0.13043478260869568,0.361309953078559,0.0871860546995352,28,high-dim
035_UCR_Anomaly_DISTORTEDInternalBleeding8_2500_5865_5974.txt,COPOD,global,-0.13043478260869565,0.361309953078559,0.0871860546995352,28,high-dim
035_UCR_Anomaly_DISTORTEDInternalBleeding8_2500_5865_5974.txt,ECOD,global,-0.7826086956521738,0.361309953078559,0.0871860546995352,28,high-dim
035_UCR_Anomaly_DISTORTEDInternalBleeding8_2500_5865_5974.txt,HBOS,global,0.30434782608695654,0.361309953078559,0.0871860546995352,28,high-dim
035_UCR_Anomaly_DISTORTEDInternalBleeding8_2500_5865_5974.txt,HBOS_b20,global,0.2608695652173913,0.361309953078559,0.0871860546995352,28,high-dim
035_UCR_Anomaly_DISTORTEDInternalBleeding8_2500_5865_5974.txt,HBOS_b5,global,-0.043478260869565244,0.361309953078559,0.0871860546995352,28,high-dim
035_UCR_Anomaly_DISTORTEDInternalBleeding8_2500_5865_5974.txt,HBOS_b50,global,0.08695652173913049,0.361309953078559,0.0871860546995352,28,high-dim
035_UCR_Anomaly_DISTORTEDInternalBleeding8_2500_5865_5974.txt,IF_n300,other,-0.17391304347826086,0.361309953078559,0.0871860546995352,28,high-dim
035_UCR_Anomaly_DISTORTEDInternalBleeding8_2500_5865_5974.txt,IF_n50,other,-0.04347826086956519,0.361309953078559,0.0871860546995352,28,high-dim
035_UCR_Anomaly_DISTORTEDInternalBleeding8_2500_5865_5974.txt,IForest,other,-0.13043478260869568,0.361309953078559,0.0871860546995352,28,high-dim
035_UCR_Anomaly_DISTORTEDInternalBleeding8_2500_5865_5974.txt,KNN_k10,local,0.43478260869565216,0.361309953078559,0.0871860546995352,28,high-dim
035_UCR_Anomaly_DISTORTEDInternalBleeding8_2500_5865_5974.txt,KNN_k100,local,-0.08695652173913043,0.361309953078559,0.0871860546995352,28,high-dim
035_UCR_Anomaly_DISTORTEDInternalBleeding8_2500_5865_5974.txt,KNN_k20,local,0.6521739130434783,0.361309953078559,0.0871860546995352,28,high-dim
035_UCR_Anomaly_DISTORTEDInternalBleeding8_2500_5865_5974.txt,KNN_k3,local,0.08695652173913049,0.361309953078559,0.0871860546995352,28,high-dim
035_UCR_Anomaly_DISTORTEDInternalBleeding8_2500_5865_5974.txt,KNN_k50,local,-0.08695652173913043,0.361309953078559,0.0871860546995352,28,high-dim
035_UCR_Anomaly_DISTORTEDInternalBleeding8_2500_5865_5974.txt,LOF_k10,local,-0.0434782608695653,0.361309953078559,0.0871860546995352,28,high-dim
035_UCR_Anomaly_DISTORTEDInternalBleeding8_2500_5865_5974.txt,LOF_k100,local,0.0,0.361309953078559,0.0871860546995352,28,high-dim
035_UCR_Anomaly_DISTORTEDInternalBleeding8_2500_5865_5974.txt,LOF_k20,local,0.4782608695652174,0.361309953078559,0.0871860546995352,28,high-dim
035_UCR_Anomaly_DISTORTEDInternalBleeding8_2500_5865_5974.txt,LOF_k3,local,-0.04347826086956519,0.361309953078559,0.0871860546995352,28,high-dim
035_UCR_Anomaly_DISTORTEDInternalBleeding8_2500_5865_5974.txt,LOF_k50,local,0.5217391304347826,0.361309953078559,0.0871860546995352,28,high-dim
035_UCR_Anomaly_DISTORTEDInternalBleeding8_2500_5865_5974.txt,PCA,global,-0.34782608695652173,0.361309953078559,0.0871860546995352,28,high-dim
035_UCR_Anomaly_DISTORTEDInternalBleeding8_2500_5865_5974.txt,PCA_c0.3,global,-0.5217391304347826,0.361309953078559,0.0871860546995352,28,high-dim
035_UCR_Anomaly_DISTORTEDInternalBleeding8_2500_5865_5974.txt,PCA_c0.9,global,-0.5217391304347827,0.361309953078559,0.0871860546995352,28,high-dim
036_UCR_Anomaly_DISTORTEDInternalBleeding9_4200_6599_6681.txt,CBLOF,local,0.043478260869565244,0.340648870805144,0.0770702216761901,28,high-dim
036_UCR_Anomaly_DISTORTEDInternalBleeding9_4200_6599_6681.txt,COPOD,global,-0.5434782608695653,0.340648870805144,0.0770702216761901,28,high-dim
036_UCR_Anomaly_DISTORTEDInternalBleeding9_4200_6599_6681.txt,ECOD,global,-0.6304347826086957,0.340648870805144,0.0770702216761901,28,high-dim
036_UCR_Anomaly_DISTORTEDInternalBleeding9_4200_6599_6681.txt,HBOS,global,-0.4782608695652174,0.340648870805144,0.0770702216761901,28,high-dim
036_UCR_Anomaly_DISTORTEDInternalBleeding9_4200_6599_6681.txt,HBOS_b20,global,-0.26086956521739135,0.340648870805144,0.0770702216761901,28,high-dim
036_UCR_Anomaly_DISTORTEDInternalBleeding9_4200_6599_6681.txt,HBOS_b5,global,-0.21739130434782616,0.340648870805144,0.0770702216761901,28,high-dim
036_UCR_Anomaly_DISTORTEDInternalBleeding9_4200_6599_6681.txt,HBOS_b50,global,-0.30434782608695643,0.340648870805144,0.0770702216761901,28,high-dim
036_UCR_Anomaly_DISTORTEDInternalBleeding9_4200_6599_6681.txt,IF_n300,other,0.17391304347826086,0.340648870805144,0.0770702216761901,28,high-dim
036_UCR_Anomaly_DISTORTEDInternalBleeding9_4200_6599_6681.txt,IF_n50,other,0.13043478260869568,0.340648870805144,0.0770702216761901,28,high-dim
036_UCR_Anomaly_DISTORTEDInternalBleeding9_4200_6599_6681.txt,IForest,other,0.26086956521739135,0.340648870805144,0.0770702216761901,28,high-dim
036_UCR_Anomaly_DISTORTEDInternalBleeding9_4200_6599_6681.txt,KNN_k10,local,0.826086956521739,0.340648870805144,0.0770702216761901,28,high-dim
036_UCR_Anomaly_DISTORTEDInternalBleeding9_4200_6599_6681.txt,KNN_k100,local,-0.26086956521739135,0.340648870805144,0.0770702216761901,28,high-dim
036_UCR_Anomaly_DISTORTEDInternalBleeding9_4200_6599_6681.txt,KNN_k20,local,0.30434782608695654,0.340648870805144,0.0770702216761901,28,high-dim
036_UCR_Anomaly_DISTORTEDInternalBleeding9_4200_6599_6681.txt,KNN_k3,local,0.8695652173913043,0.340648870805144,0.0770702216761901,28,high-dim
036_UCR_Anomaly_DISTORTEDInternalBleeding9_4200_6599_6681.txt,KNN_k50,local,0.043478260869565216,0.340648870805144,0.0770702216761901,28,high-dim
036_UCR_Anomaly_DISTORTEDInternalBleeding9_4200_6599_6681.txt,LOF_k10,local,0.5652173913043478,0.340648870805144,0.0770702216761901,28,high-dim
036_UCR_Anomaly_DISTORTEDInternalBleeding9_4200_6599_6681.txt,LOF_k100,local,-0.30434782608695654,0.340648870805144,0.0770702216761901,28,high-dim
036_UCR_Anomaly_DISTORTEDInternalBleeding9_4200_6599_6681.txt,LOF_k20,local,0.08695652173913046,0.340648870805144,0.0770702216761901,28,high-dim
036_UCR_Anomaly_DISTORTEDInternalBleeding9_4200_6599_6681.txt,LOF_k3,local,0.6956521739130435,0.340648870805144,0.0770702216761901,28,high-dim
036_UCR_Anomaly_DISTORTEDInternalBleeding9_4200_6599_6681.txt,LOF_k50,local,-0.17391304347826086,0.340648870805144,0.0770702216761901,28,high-dim
036_UCR_Anomaly_DISTORTEDInternalBleeding9_4200_6599_6681.txt,PCA,global,-0.30434782608695654,0.340648870805144,0.0770702216761901,28,high-dim
036_UCR_Anomaly_DISTORTEDInternalBleeding9_4200_6599_6681.txt,PCA_c0.3,global,-0.43478260869565216,0.340648870805144,0.0770702216761901,28,high-dim
036_UCR_Anomaly_DISTORTEDInternalBleeding9_4200_6599_6681.txt,PCA_c0.9,global,-0.08695652173913038,0.340648870805144,0.0770702216761901,28,high-dim
043_UCR_Anomaly_DISTORTEDMesoplodonDensirostris_10000_19280_19440.txt,CBLOF,local,-0.30434782608695654,0.4054701072991802,0.1137543243289357,28,high-dim
043_UCR_Anomaly_DISTORTEDMesoplodonDensirostris_10000_19280_19440.txt,COPOD,global,-0.2391304347826087,0.4054701072991802,0.1137543243289357,28,high-dim
043_UCR_Anomaly_DISTORTEDMesoplodonDensirostris_10000_19280_19440.txt,ECOD,global,-0.3695652173913043,0.4054701072991802,0.1137543243289357,28,high-dim
043_UCR_Anomaly_DISTORTEDMesoplodonDensirostris_10000_19280_19440.txt,HBOS,global,0.43478260869565216,0.4054701072991802,0.1137543243289357,28,high-dim
043_UCR_Anomaly_DISTORTEDMesoplodonDensirostris_10000_19280_19440.txt,HBOS_b20,global,0.43478260869565216,0.4054701072991802,0.1137543243289357,28,high-dim
043_UCR_Anomaly_DISTORTEDMesoplodonDensirostris_10000_19280_19440.txt,HBOS_b5,global,0.3913043478260869,0.4054701072991802,0.1137543243289357,28,high-dim
043_UCR_Anomaly_DISTORTEDMesoplodonDensirostris_10000_19280_19440.txt,HBOS_b50,global,0.5652173913043479,0.4054701072991802,0.1137543243289357,28,high-dim
043_UCR_Anomaly_DISTORTEDMesoplodonDensirostris_10000_19280_19440.txt,IF_n300,other,0.5217391304347826,0.4054701072991802,0.1137543243289357,28,high-dim
043_UCR_Anomaly_DISTORTEDMesoplodonDensirostris_10000_19280_19440.txt,IF_n50,other,0.5217391304347825,0.4054701072991802,0.1137543243289357,28,high-dim
043_UCR_Anomaly_DISTORTEDMesoplodonDensirostris_10000_19280_19440.txt,IForest,other,0.4347826086956522,0.4054701072991802,0.1137543243289357,28,high-dim
043_UCR_Anomaly_DISTORTEDMesoplodonDensirostris_10000_19280_19440.txt,KNN_k10,local,0.04347826086956519,0.4054701072991802,0.1137543243289357,28,high-dim
043_UCR_Anomaly_DISTORTEDMesoplodonDensirostris_10000_19280_19440.txt,KNN_k100,local,-0.5652173913043478,0.4054701072991802,0.1137543243289357,28,high-dim
043_UCR_Anomaly_DISTORTEDMesoplodonDensirostris_10000_19280_19440.txt,KNN_k20,local,-0.26086956521739124,0.4054701072991802,0.1137543243289357,28,high-dim
043_UCR_Anomaly_DISTORTEDMesoplodonDensirostris_10000_19280_19440.txt,KNN_k3,local,-0.13043478260869568,0.4054701072991802,0.1137543243289357,28,high-dim
043_UCR_Anomaly_DISTORTEDMesoplodonDensirostris_10000_19280_19440.txt,KNN_k50,local,-0.5652173913043479,0.4054701072991802,0.1137543243289357,28,high-dim
043_UCR_Anomaly_DISTORTEDMesoplodonDensirostris_10000_19280_19440.txt,LOF_k10,local,-0.5217391304347826,0.4054701072991802,0.1137543243289357,28,high-dim
043_UCR_Anomaly_DISTORTEDMesoplodonDensirostris_10000_19280_19440.txt,LOF_k100,local,-0.5217391304347825,0.4054701072991802,0.1137543243289357,28,high-dim
043_UCR_Anomaly_DISTORTEDMesoplodonDensirostris_10000_19280_19440.txt,LOF_k20,local,-0.17391304347826086,0.4054701072991802,0.1137543243289357,28,high-dim
043_UCR_Anomaly_DISTORTEDMesoplodonDensirostris_10000_19280_19440.txt,LOF_k3,local,-0.3913043478260869,0.4054701072991802,0.1137543243289357,28,high-dim
043_UCR_Anomaly_DISTORTEDMesoplodonDensirostris_10000_19280_19440.txt,LOF_k50,local,-0.6086956521739131,0.4054701072991802,0.1137543243289357,28,high-dim
043_UCR_Anomaly_DISTORTEDMesoplodonDensirostris_10000_19280_19440.txt,PCA,global,0.5217391304347826,0.4054701072991802,0.1137543243289357,28,high-dim
043_UCR_Anomaly_DISTORTEDMesoplodonDensirostris_10000_19280_19440.txt,PCA_c0.3,global,0.3913043478260869,0.4054701072991802,0.1137543243289357,28,high-dim
043_UCR_Anomaly_DISTORTEDMesoplodonDensirostris_10000_19280_19440.txt,PCA_c0.9,global,0.3913043478260869,0.4054701072991802,0.1137543243289357,28,high-dim
052_UCR_Anomaly_DISTORTEDTkeepThirdMARS_3500_4711_4809.txt,CBLOF,local,-0.3478260869565218,0.4900028669770688,0.4576390703169521,28,high-dim
052_UCR_Anomaly_DISTORTEDTkeepThirdMARS_3500_4711_4809.txt,COPOD,global,-0.2391304347826087,0.4900028669770688,0.4576390703169521,28,high-dim
052_UCR_Anomaly_DISTORTEDTkeepThirdMARS_3500_4711_4809.txt,ECOD,global,-0.2826086956521739,0.4900028669770688,0.4576390703169521,28,high-dim
052_UCR_Anomaly_DISTORTEDTkeepThirdMARS_3500_4711_4809.txt,HBOS,global,0.3043478260869565,0.4900028669770688,0.4576390703169521,28,high-dim
052_UCR_Anomaly_DISTORTEDTkeepThirdMARS_3500_4711_4809.txt,HBOS_b20,global,0.30434782608695654,0.4900028669770688,0.4576390703169521,28,high-dim
052_UCR_Anomaly_DISTORTEDTkeepThirdMARS_3500_4711_4809.txt,HBOS_b5,global,0.30434782608695654,0.4900028669770688,0.4576390703169521,28,high-dim
052_UCR_Anomaly_DISTORTEDTkeepThirdMARS_3500_4711_4809.txt,HBOS_b50,global,0.43478260869565216,0.4900028669770688,0.4576390703169521,28,high-dim
052_UCR_Anomaly_DISTORTEDTkeepThirdMARS_3500_4711_4809.txt,IF_n300,other,0.34782608695652173,0.4900028669770688,0.4576390703169521,28,high-dim
052_UCR_Anomaly_DISTORTEDTkeepThirdMARS_3500_4711_4809.txt,IF_n50,other,0.26086956521739124,0.4900028669770688,0.4576390703169521,28,high-dim
052_UCR_Anomaly_DISTORTEDTkeepThirdMARS_3500_4711_4809.txt,IForest,other,0.26086956521739135,0.4900028669770688,0.4576390703169521,28,high-dim
052_UCR_Anomaly_DISTORTEDTkeepThirdMARS_3500_4711_4809.txt,KNN_k10,local,-0.26086956521739124,0.4900028669770688,0.4576390703169521,28,high-dim
052_UCR_Anomaly_DISTORTEDTkeepThirdMARS_3500_4711_4809.txt,KNN_k100,local,-0.043478260869565216,0.4900028669770688,0.4576390703169521,28,high-dim
052_UCR_Anomaly_DISTORTEDTkeepThirdMARS_3500_4711_4809.txt,KNN_k20,local,-0.21739130434782605,0.4900028669770688,0.4576390703169521,28,high-dim
052_UCR_Anomaly_DISTORTEDTkeepThirdMARS_3500_4711_4809.txt,KNN_k3,local,0.08695652173913038,0.4900028669770688,0.4576390703169521,28,high-dim
052_UCR_Anomaly_DISTORTEDTkeepThirdMARS_3500_4711_4809.txt,KNN_k50,local,0.17391304347826086,0.4900028669770688,0.4576390703169521,28,high-dim
052_UCR_Anomaly_DISTORTEDTkeepThirdMARS_3500_4711_4809.txt,LOF_k10,local,-0.5652173913043479,0.4900028669770688,0.4576390703169521,28,high-dim
052_UCR_Anomaly_DISTORTEDTkeepThirdMARS_3500_4711_4809.txt,LOF_k100,local,-0.4347826086956521,0.4900028669770688,0.4576390703169521,28,high-dim
052_UCR_Anomaly_DISTORTEDTkeepThirdMARS_3500_4711_4809.txt,LOF_k20,local,-0.5652173913043478,0.4900028669770688,0.4576390703169521,28,high-dim
052_UCR_Anomaly_DISTORTEDTkeepThirdMARS_3500_4711_4809.txt,LOF_k3,local,-0.30434782608695654,0.4900028669770688,0.4576390703169521,28,high-dim
052_UCR_Anomaly_DISTORTEDTkeepThirdMARS_3500_4711_4809.txt,LOF_k50,local,-0.6956521739130435,0.4900028669770688,0.4576390703169521,28,high-dim
052_UCR_Anomaly_DISTORTEDTkeepThirdMARS_3500_4711_4809.txt,PCA,global,0.4782608695652174,0.4900028669770688,0.4576390703169521,28,high-dim
052_UCR_Anomaly_DISTORTEDTkeepThirdMARS_3500_4711_4809.txt,PCA_c0.3,global,0.4782608695652174,0.4900028669770688,0.4576390703169521,28,high-dim
052_UCR_Anomaly_DISTORTEDTkeepThirdMARS_3500_4711_4809.txt,PCA_c0.9,global,0.5217391304347826,0.4900028669770688,0.4576390703169521,28,high-dim
058_UCR_Anomaly_DISTORTEDapneaecg_10000_12240_12308.txt,CBLOF,local,0.08695652173913043,0.5740367120417778,0.4025866455226206,28,high-dim
058_UCR_Anomaly_DISTORTEDapneaecg_10000_12240_12308.txt,COPOD,global,-0.10869565217391304,0.5740367120417778,0.4025866455226206,28,high-dim
058_UCR_Anomaly_DISTORTEDapneaecg_10000_12240_12308.txt,ECOD,global,-0.15217391304347827,0.5740367120417778,0.4025866455226206,28,high-dim
058_UCR_Anomaly_DISTORTEDapneaecg_10000_12240_12308.txt,HBOS,global,-0.4347826086956522,0.5740367120417778,0.4025866455226206,28,high-dim
058_UCR_Anomaly_DISTORTEDapneaecg_10000_12240_12308.txt,HBOS_b20,global,0.0434782608695653,0.5740367120417778,0.4025866455226206,28,high-dim
058_UCR_Anomaly_DISTORTEDapneaecg_10000_12240_12308.txt,HBOS_b5,global,-0.3043478260869565,0.5740367120417778,0.4025866455226206,28,high-dim
058_UCR_Anomaly_DISTORTEDapneaecg_10000_12240_12308.txt,HBOS_b50,global,0.08695652173913038,0.5740367120417778,0.4025866455226206,28,high-dim
058_UCR_Anomaly_DISTORTEDapneaecg_10000_12240_12308.txt,IF_n300,other,0.4782608695652174,0.5740367120417778,0.4025866455226206,28,high-dim
058_UCR_Anomaly_DISTORTEDapneaecg_10000_12240_12308.txt,IF_n50,other,0.47826086956521735,0.5740367120417778,0.4025866455226206,28,high-dim
058_UCR_Anomaly_DISTORTEDapneaecg_10000_12240_12308.txt,IForest,other,0.4782608695652174,0.5740367120417778,0.4025866455226206,28,high-dim
058_UCR_Anomaly_DISTORTEDapneaecg_10000_12240_12308.txt,KNN_k10,local,0.26086956521739135,0.5740367120417778,0.4025866455226206,28,high-dim
058_UCR_Anomaly_DISTORTEDapneaecg_10000_12240_12308.txt,KNN_k100,local,0.1739130434782608,0.5740367120417778,0.4025866455226206,28,high-dim
058_UCR_Anomaly_DISTORTEDapneaecg_10000_12240_12308.txt,KNN_k20,local,0.3913043478260869,0.5740367120417778,0.4025866455226206,28,high-dim
058_UCR_Anomaly_DISTORTEDapneaecg_10000_12240_12308.txt,KNN_k3,local,0.13043478260869568,0.5740367120417778,0.4025866455226206,28,high-dim
058_UCR_Anomaly_DISTORTEDapneaecg_10000_12240_12308.txt,KNN_k50,local,0.3913043478260869,0.5740367120417778,0.4025866455226206,28,high-dim
058_UCR_Anomaly_DISTORTEDapneaecg_10000_12240_12308.txt,LOF_k10,local,-0.5652173913043479,0.5740367120417778,0.4025866455226206,28,high-dim
058_UCR_Anomaly_DISTORTEDapneaecg_10000_12240_12308.txt,LOF_k100,local,-0.4347826086956522,0.5740367120417778,0.4025866455226206,28,high-dim
058_UCR_Anomaly_DISTORTEDapneaecg_10000_12240_12308.txt,LOF_k20,local,-0.4347826086956521,0.5740367120417778,0.4025866455226206,28,high-dim
058_UCR_Anomaly_DISTORTEDapneaecg_10000_12240_12308.txt,LOF_k3,local,-0.34782608695652173,0.5740367120417778,0.4025866455226206,28,high-dim
058_UCR_Anomaly_DISTORTEDapneaecg_10000_12240_12308.txt,LOF_k50,local,-0.5217391304347826,0.5740367120417778,0.4025866455226206,28,high-dim
058_UCR_Anomaly_DISTORTEDapneaecg_10000_12240_12308.txt,PCA,global,0.043478260869565216,0.5740367120417778,0.4025866455226206,28,high-dim
058_UCR_Anomaly_DISTORTEDapneaecg_10000_12240_12308.txt,PCA_c0.3,global,0.17391304347826086,0.5740367120417778,0.4025866455226206,28,high-dim
058_UCR_Anomaly_DISTORTEDapneaecg_10000_12240_12308.txt,PCA_c0.9,global,0.08695652173913043,0.5740367120417778,0.4025866455226206,28,high-dim
059_UCR_Anomaly_DISTORTEDgait1_20000_38500_38800.txt,CBLOF,local,-0.2173913043478261,0.4772196128228237,0.3267295742224353,28,high-dim
059_UCR_Anomaly_DISTORTEDgait1_20000_38500_38800.txt,COPOD,global,-0.10869565217391304,0.4772196128228237,0.3267295742224353,28,high-dim
059_UCR_Anomaly_DISTORTEDgait1_20000_38500_38800.txt,ECOD,global,0.021739130434782608,0.4772196128228237,0.3267295742224353,28,high-dim
059_UCR_Anomaly_DISTORTEDgait1_20000_38500_38800.txt,HBOS,global,-0.26086956521739135,0.4772196128228237,0.3267295742224353,28,high-dim
059_UCR_Anomaly_DISTORTEDgait1_20000_38500_38800.txt,HBOS_b20,global,-0.17391304347826086,0.4772196128228237,0.3267295742224353,28,high-dim
059_UCR_Anomaly_DISTORTEDgait1_20000_38500_38800.txt,HBOS_b5,global,-0.17391304347826086,0.4772196128228237,0.3267295742224353,28,high-dim
059_UCR_Anomaly_DISTORTEDgait1_20000_38500_38800.txt,HBOS_b50,global,0.13043478260869562,0.4772196128228237,0.3267295742224353,28,high-dim
059_UCR_Anomaly_DISTORTEDgait1_20000_38500_38800.txt,IF_n300,other,0.4782608695652174,0.4772196128228237,0.3267295742224353,28,high-dim
059_UCR_Anomaly_DISTORTEDgait1_20000_38500_38800.txt,IF_n50,other,0.08695652173913049,0.4772196128228237,0.3267295742224353,28,high-dim
059_UCR_Anomaly_DISTORTEDgait1_20000_38500_38800.txt,IForest,other,0.34782608695652173,0.4772196128228237,0.3267295742224353,28,high-dim
059_UCR_Anomaly_DISTORTEDgait1_20000_38500_38800.txt,KNN_k10,local,0.0,0.4772196128228237,0.3267295742224353,28,high-dim
059_UCR_Anomaly_DISTORTEDgait1_20000_38500_38800.txt,KNN_k100,local,-0.34782608695652173,0.4772196128228237,0.3267295742224353,28,high-dim
059_UCR_Anomaly_DISTORTEDgait1_20000_38500_38800.txt,KNN_k20,local,-0.04347826086956519,0.4772196128228237,0.3267295742224353,28,high-dim
059_UCR_Anomaly_DISTORTEDgait1_20000_38500_38800.txt,KNN_k3,local,0.0,0.4772196128228237,0.3267295742224353,28,high-dim
059_UCR_Anomaly_DISTORTEDgait1_20000_38500_38800.txt,KNN_k50,local,-0.0434782608695653,0.4772196128228237,0.3267295742224353,28,high-dim
059_UCR_Anomaly_DISTORTEDgait1_20000_38500_38800.txt,LOF_k10,local,0.0,0.4772196128228237,0.3267295742224353,28,high-dim
059_UCR_Anomaly_DISTORTEDgait1_20000_38500_38800.txt,LOF_k100,local,-0.4347826086956521,0.4772196128228237,0.3267295742224353,28,high-dim
059_UCR_Anomaly_DISTORTEDgait1_20000_38500_38800.txt,LOF_k20,local,-0.04347826086956519,0.4772196128228237,0.3267295742224353,28,high-dim
059_UCR_Anomaly_DISTORTEDgait1_20000_38500_38800.txt,LOF_k3,local,0.13043478260869568,0.4772196128228237,0.3267295742224353,28,high-dim
059_UCR_Anomaly_DISTORTEDgait1_20000_38500_38800.txt,LOF_k50,local,-0.13043478260869568,0.4772196128228237,0.3267295742224353,28,high-dim
059_UCR_Anomaly_DISTORTEDgait1_20000_38500_38800.txt,PCA,global,0.30434782608695654,0.4772196128228237,0.3267295742224353,28,high-dim
059_UCR_Anomaly_DISTORTEDgait1_20000_38500_38800.txt,PCA_c0.3,global,0.08695652173913043,0.4772196128228237,0.3267295742224353,28,high-dim
059_UCR_Anomaly_DISTORTEDgait1_20000_38500_38800.txt,PCA_c0.9,global,0.391304347826087,0.4772196128228237,0.3267295742224353,28,high-dim
060_UCR_Anomaly_DISTORTEDgait2_22000_46500_46800.txt,CBLOF,local,-0.04347826086956519,0.4657666663294705,0.3648690669869915,28,high-dim
060_UCR_Anomaly_DISTORTEDgait2_22000_46500_46800.txt,COPOD,global,-0.06521739130434782,0.4657666663294705,0.3648690669869915,28,high-dim
060_UCR_Anomaly_DISTORTEDgait2_22000_46500_46800.txt,ECOD,global,-0.10869565217391304,0.4657666663294705,0.3648690669869915,28,high-dim
060_UCR_Anomaly_DISTORTEDgait2_22000_46500_46800.txt,HBOS,global,-0.1739130434782609,0.4657666663294705,0.3648690669869915,28,high-dim
060_UCR_Anomaly_DISTORTEDgait2_22000_46500_46800.txt,HBOS_b20,global,0.08695652173913046,0.4657666663294705,0.3648690669869915,28,high-dim
060_UCR_Anomaly_DISTORTEDgait2_22000_46500_46800.txt,HBOS_b5,global,-0.08695652173913043,0.4657666663294705,0.3648690669869915,28,high-dim
060_UCR_Anomaly_DISTORTEDgait2_22000_46500_46800.txt,HBOS_b50,global,0.17391304347826086,0.4657666663294705,0.3648690669869915,28,high-dim
060_UCR_Anomaly_DISTORTEDgait2_22000_46500_46800.txt,IF_n300,other,0.21739130434782605,0.4657666663294705,0.3648690669869915,28,high-dim
060_UCR_Anomaly_DISTORTEDgait2_22000_46500_46800.txt,IF_n50,other,0.08695652173913049,0.4657666663294705,0.3648690669869915,28,high-dim
060_UCR_Anomaly_DISTORTEDgait2_22000_46500_46800.txt,IForest,other,0.2173913043478261,0.4657666663294705,0.3648690669869915,28,high-dim
060_UCR_Anomaly_DISTORTEDgait2_22000_46500_46800.txt,KNN_k10,local,0.0434782608695653,0.4657666663294705,0.3648690669869915,28,high-dim
060_UCR_Anomaly_DISTORTEDgait2_22000_46500_46800.txt,KNN_k100,local,-0.3478260869565218,0.4657666663294705,0.3648690669869915,28,high-dim
060_UCR_Anomaly_DISTORTEDgait2_22000_46500_46800.txt,KNN_k20,local,0.0,0.4657666663294705,0.3648690669869915,28,high-dim
060_UCR_Anomaly_DISTORTEDgait2_22000_46500_46800.txt,KNN_k3,local,0.04347826086956519,0.4657666663294705,0.3648690669869915,28,high-dim
060_UCR_Anomaly_DISTORTEDgait2_22000_46500_46800.txt,KNN_k50,local,-0.0434782608695653,0.4657666663294705,0.3648690669869915,28,high-dim
060_UCR_Anomaly_DISTORTEDgait2_22000_46500_46800.txt,LOF_k10,local,0.0,0.4657666663294705,0.3648690669869915,28,high-dim
060_UCR_Anomaly_DISTORTEDgait2_22000_46500_46800.txt,LOF_k100,local,-0.5217391304347826,0.4657666663294705,0.3648690669869915,28,high-dim
060_UCR_Anomaly_DISTORTEDgait2_22000_46500_46800.txt,LOF_k20,local,0.0434782608695653,0.4657666663294705,0.3648690669869915,28,high-dim
060_UCR_Anomaly_DISTORTEDgait2_22000_46500_46800.txt,LOF_k3,local,-0.08695652173913049,0.4657666663294705,0.3648690669869915,28,high-dim
060_UCR_Anomaly_DISTORTEDgait2_22000_46500_46800.txt,LOF_k50,local,-0.13043478260869568,0.4657666663294705,0.3648690669869915,28,high-dim
060_UCR_Anomaly_DISTORTEDgait2_22000_46500_46800.txt,PCA,global,0.30434782608695654,0.4657666663294705,0.3648690669869915,28,high-dim
060_UCR_Anomaly_DISTORTEDgait2_22000_46500_46800.txt,PCA_c0.3,global,0.0,0.4657666663294705,0.3648690669869915,28,high-dim
060_UCR_Anomaly_DISTORTEDgait2_22000_46500_46800.txt,PCA_c0.9,global,0.3913043478260869,0.4657666663294705,0.3648690669869915,28,high-dim
062_UCR_Anomaly_DISTORTEDgaitHunt1_18500_33070_33180.txt,CBLOF,local,-0.043478260869565244,0.4052937106229124,0.272023189950672,28,high-dim
062_UCR_Anomaly_DISTORTEDgaitHunt1_18500_33070_33180.txt,COPOD,global,-0.3695652173913043,0.4052937106229124,0.272023189950672,28,high-dim
062_UCR_Anomaly_DISTORTEDgaitHunt1_18500_33070_33180.txt,ECOD,global,-0.32608695652173914,0.4052937106229124,0.272023189950672,28,high-dim
062_UCR_Anomaly_DISTORTEDgaitHunt1_18500_33070_33180.txt,HBOS,global,0.21739130434782608,0.4052937106229124,0.272023189950672,28,high-dim
062_UCR_Anomaly_DISTORTEDgaitHunt1_18500_33070_33180.txt,HBOS_b20,global,0.08695652173913046,0.4052937106229124,0.272023189950672,28,high-dim
062_UCR_Anomaly_DISTORTEDgaitHunt1_18500_33070_33180.txt,HBOS_b5,global,0.043478260869565216,0.4052937106229124,0.272023189950672,28,high-dim
062_UCR_Anomaly_DISTORTEDgaitHunt1_18500_33070_33180.txt,HBOS_b50,global,-0.043478260869565216,0.4052937106229124,0.272023189950672,28,high-dim
062_UCR_Anomaly_DISTORTEDgaitHunt1_18500_33070_33180.txt,IF_n300,other,0.0,0.4052937106229124,0.272023189950672,28,high-dim
062_UCR_Anomaly_DISTORTEDgaitHunt1_18500_33070_33180.txt,IF_n50,other,-0.08695652173913038,0.4052937106229124,0.272023189950672,28,high-dim
062_UCR_Anomaly_DISTORTEDgaitHunt1_18500_33070_33180.txt,IForest,other,0.08695652173913038,0.4052937106229124,0.272023189950672,28,high-dim
062_UCR_Anomaly_DISTORTEDgaitHunt1_18500_33070_33180.txt,KNN_k10,local,0.0,0.4052937106229124,0.272023189950672,28,high-dim
062_UCR_Anomaly_DISTORTEDgaitHunt1_18500_33070_33180.txt,KNN_k100,local,0.3913043478260869,0.4052937106229124,0.272023189950672,28,high-dim
062_UCR_Anomaly_DISTORTEDgaitHunt1_18500_33070_33180.txt,KNN_k20,local,0.04347826086956519,0.4052937106229124,0.272023189950672,28,high-dim
062_UCR_Anomaly_DISTORTEDgaitHunt1_18500_33070_33180.txt,KNN_k3,local,0.04347826086956519,0.4052937106229124,0.272023189950672,28,high-dim
062_UCR_Anomaly_DISTORTEDgaitHunt1_18500_33070_33180.txt,KNN_k50,local,0.13043478260869568,0.4052937106229124,0.272023189950672,28,high-dim
062_UCR_Anomaly_DISTORTEDgaitHunt1_18500_33070_33180.txt,LOF_k10,local,-0.04347826086956519,0.4052937106229124,0.272023189950672,28,high-dim
062_UCR_Anomaly_DISTORTEDgaitHunt1_18500_33070_33180.txt,LOF_k100,local,-0.3913043478260869,0.4052937106229124,0.272023189950672,28,high-dim
062_UCR_Anomaly_DISTORTEDgaitHunt1_18500_33070_33180.txt,LOF_k20,local,0.0,0.4052937106229124,0.272023189950672,28,high-dim
062_UCR_Anomaly_DISTORTEDgaitHunt1_18500_33070_33180.txt,LOF_k3,local,-0.04347826086956519,0.4052937106229124,0.272023189950672,28,high-dim
062_UCR_Anomaly_DISTORTEDgaitHunt1_18500_33070_33180.txt,LOF_k50,local,-0.08695652173913049,0.4052937106229124,0.272023189950672,28,high-dim
062_UCR_Anomaly_DISTORTEDgaitHunt1_18500_33070_33180.txt,PCA,global,0.08695652173913043,0.4052937106229124,0.272023189950672,28,high-dim
062_UCR_Anomaly_DISTORTEDgaitHunt1_18500_33070_33180.txt,PCA_c0.3,global,0.17391304347826086,0.4052937106229124,0.272023189950672,28,high-dim
062_UCR_Anomaly_DISTORTEDgaitHunt1_18500_33070_33180.txt,PCA_c0.9,global,0.13043478260869568,0.4052937106229124,0.272023189950672,28,high-dim
063_UCR_Anomaly_DISTORTEDgaitHunt2_18500_31200_31850.txt,CBLOF,local,-0.21739130434782605,0.3961018070086794,0.24833737266129,28,high-dim
063_UCR_Anomaly_DISTORTEDgaitHunt2_18500_31200_31850.txt,COPOD,global,-0.06521739130434782,0.3961018070086794,0.24833737266129,28,high-dim
063_UCR_Anomaly_DISTORTEDgaitHunt2_18500_31200_31850.txt,ECOD,global,0.021739130434782608,0.3961018070086794,0.24833737266129,28,high-dim
063_UCR_Anomaly_DISTORTEDgaitHunt2_18500_31200_31850.txt,HBOS,global,0.0,0.3961018070086794,0.24833737266129,28,high-dim
063_UCR_Anomaly_DISTORTEDgaitHunt2_18500_31200_31850.txt,HBOS_b20,global,0.0,0.3961018070086794,0.24833737266129,28,high-dim
063_UCR_Anomaly_DISTORTEDgaitHunt2_18500_31200_31850.txt,HBOS_b5,global,0.043478260869565216,0.3961018070086794,0.24833737266129,28,high-dim
063_UCR_Anomaly_DISTORTEDgaitHunt2_18500_31200_31850.txt,HBOS_b50,global,0.04347826086956519,0.3961018070086794,0.24833737266129,28,high-dim
063_UCR_Anomaly_DISTORTEDgaitHunt2_18500_31200_31850.txt,IF_n300,other,0.13043478260869568,0.3961018070086794,0.24833737266129,28,high-dim
063_UCR_Anomaly_DISTORTEDgaitHunt2_18500_31200_31850.txt,IF_n50,other,0.17391304347826092,0.3961018070086794,0.24833737266129,28,high-dim
063_UCR_Anomaly_DISTORTEDgaitHunt2_18500_31200_31850.txt,IForest,other,0.17391304347826086,0.3961018070086794,0.24833737266129,28,high-dim
063_UCR_Anomaly_DISTORTEDgaitHunt2_18500_31200_31850.txt,KNN_k10,local,-0.0434782608695653,0.3961018070086794,0.24833737266129,28,high-dim
063_UCR_Anomaly_DISTORTEDgaitHunt2_18500_31200_31850.txt,KNN_k100,local,0.0,0.3961018070086794,0.24833737266129,28,high-dim
063_UCR_Anomaly_DISTORTEDgaitHunt2_18500_31200_31850.txt,KNN_k20,local,-0.13043478260869557,0.3961018070086794,0.24833737266129,28,high-dim
063_UCR_Anomaly_DISTORTEDgaitHunt2_18500_31200_31850.txt,KNN_k3,local,0.0,0.3961018070086794,0.24833737266129,28,high-dim
063_UCR_Anomaly_DISTORTEDgaitHunt2_18500_31200_31850.txt,KNN_k50,local,0.0,0.3961018070086794,0.24833737266129,28,high-dim
063_UCR_Anomaly_DISTORTEDgaitHunt2_18500_31200_31850.txt,LOF_k10,local,0.13043478260869568,0.3961018070086794,0.24833737266129,28,high-dim
063_UCR_Anomaly_DISTORTEDgaitHunt2_18500_31200_31850.txt,LOF_k100,local,-0.3478260869565218,0.3961018070086794,0.24833737266129,28,high-dim
063_UCR_Anomaly_DISTORTEDgaitHunt2_18500_31200_31850.txt,LOF_k20,local,0.08695652173913038,0.3961018070086794,0.24833737266129,28,high-dim
063_UCR_Anomaly_DISTORTEDgaitHunt2_18500_31200_31850.txt,LOF_k3,local,-0.04347826086956519,0.3961018070086794,0.24833737266129,28,high-dim
063_UCR_Anomaly_DISTORTEDgaitHunt2_18500_31200_31850.txt,LOF_k50,local,-0.08695652173913049,0.3961018070086794,0.24833737266129,28,high-dim
063_UCR_Anomaly_DISTORTEDgaitHunt2_18500_31200_31850.txt,PCA,global,0.0,0.3961018070086794,0.24833737266129,28,high-dim
063_UCR_Anomaly_DISTORTEDgaitHunt2_18500_31200_31850.txt,PCA_c0.3,global,-0.04347826086956519,0.3961018070086794,0.24833737266129,28,high-dim
063_UCR_Anomaly_DISTORTEDgaitHunt2_18500_31200_31850.txt,PCA_c0.9,global,0.17391304347826086,0.3961018070086794,0.24833737266129,28,high-dim
072_UCR_Anomaly_DISTORTEDltstdbs30791ES_20000_52600_52800.txt,CBLOF,local,0.3913043478260869,0.5214545768739766,0.4131060478572472,28,high-dim
072_UCR_Anomaly_DISTORTEDltstdbs30791ES_20000_52600_52800.txt,COPOD,global,-0.2826086956521739,0.5214545768739766,0.4131060478572472,28,high-dim
072_UCR_Anomaly_DISTORTEDltstdbs30791ES_20000_52600_52800.txt,ECOD,global,-0.6304347826086957,0.5214545768739766,0.4131060478572472,28,high-dim
072_UCR_Anomaly_DISTORTEDltstdbs30791ES_20000_52600_52800.txt,HBOS,global,-0.21739130434782608,0.5214545768739766,0.4131060478572472,28,high-dim
072_UCR_Anomaly_DISTORTEDltstdbs30791ES_20000_52600_52800.txt,HBOS_b20,global,0.13043478260869568,0.5214545768739766,0.4131060478572472,28,high-dim
072_UCR_Anomaly_DISTORTEDltstdbs30791ES_20000_52600_52800.txt,HBOS_b5,global,-0.34782608695652173,0.5214545768739766,0.4131060478572472,28,high-dim
072_UCR_Anomaly_DISTORTEDltstdbs30791ES_20000_52600_52800.txt,HBOS_b50,global,0.3043478260869565,0.5214545768739766,0.4131060478572472,28,high-dim
072_UCR_Anomaly_DISTORTEDltstdbs30791ES_20000_52600_52800.txt,IF_n300,other,0.6521739130434783,0.5214545768739766,0.4131060478572472,28,high-dim
072_UCR_Anomaly_DISTORTEDltstdbs30791ES_20000_52600_52800.txt,IF_n50,other,0.3913043478260869,0.5214545768739766,0.4131060478572472,28,high-dim
072_UCR_Anomaly_DISTORTEDltstdbs30791ES_20000_52600_52800.txt,IForest,other,0.6956521739130435,0.5214545768739766,0.4131060478572472,28,high-dim
072_UCR_Anomaly_DISTORTEDltstdbs30791ES_20000_52600_52800.txt,KNN_k10,local,0.21739130434782605,0.5214545768739766,0.4131060478572472,28,high-dim
072_UCR_Anomaly_DISTORTEDltstdbs30791ES_20000_52600_52800.txt,KNN_k100,local,0.4347826086956522,0.5214545768739766,0.4131060478572472,28,high-dim
072_UCR_Anomaly_DISTORTEDltstdbs30791ES_20000_52600_52800.txt,KNN_k20,local,0.5217391304347827,0.5214545768739766,0.4131060478572472,28,high-dim
072_UCR_Anomaly_DISTORTEDltstdbs30791ES_20000_52600_52800.txt,KNN_k3,local,0.13043478260869568,0.5214545768739766,0.4131060478572472,28,high-dim
072_UCR_Anomaly_DISTORTEDltstdbs30791ES_20000_52600_52800.txt,KNN_k50,local,0.5217391304347827,0.5214545768739766,0.4131060478572472,28,high-dim
072_UCR_Anomaly_DISTORTEDltstdbs30791ES_20000_52600_52800.txt,LOF_k10,local,0.0,0.5214545768739766,0.4131060478572472,28,high-dim
072_UCR_Anomaly_DISTORTEDltstdbs30791ES_20000_52600_52800.txt,LOF_k100,local,-0.26086956521739124,0.5214545768739766,0.4131060478572472,28,high-dim
072_UCR_Anomaly_DISTORTEDltstdbs30791ES_20000_52600_52800.txt,LOF_k20,local,-0.6956521739130435,0.5214545768739766,0.4131060478572472,28,high-dim
072_UCR_Anomaly_DISTORTEDltstdbs30791ES_20000_52600_52800.txt,LOF_k3,local,-0.08695652173913049,0.5214545768739766,0.4131060478572472,28,high-dim
072_UCR_Anomaly_DISTORTEDltstdbs30791ES_20000_52600_52800.txt,LOF_k50,local,-0.8695652173913043,0.5214545768739766,0.4131060478572472,28,high-dim
072_UCR_Anomaly_DISTORTEDltstdbs30791ES_20000_52600_52800.txt,PCA,global,-0.2173913043478261,0.5214545768739766,0.4131060478572472,28,high-dim
072_UCR_Anomaly_DISTORTEDltstdbs30791ES_20000_52600_52800.txt,PCA_c0.3,global,-0.3913043478260869,0.5214545768739766,0.4131060478572472,28,high-dim
072_UCR_Anomaly_DISTORTEDltstdbs30791ES_20000_52600_52800.txt,PCA_c0.9,global,-0.391304347826087,0.5214545768739766,0.4131060478572472,28,high-dim
073_UCR_Anomaly_DISTORTEDpark3m_60000_72150_72495.txt,CBLOF,local,-0.26086956521739135,0.3728255250095698,0.2214017399717231,28,high-dim
073_UCR_Anomaly_DISTORTEDpark3m_60000_72150_72495.txt,COPOD,global,-0.41304347826086957,0.3728255250095698,0.2214017399717231,28,high-dim
073_UCR_Anomaly_DISTORTEDpark3m_60000_72150_72495.txt,ECOD,global,-0.49999999999999994,0.3728255250095698,0.2214017399717231,28,high-dim
073_UCR_Anomaly_DISTORTEDpark3m_60000_72150_72495.txt,HBOS,global,0.26086956521739135,0.3728255250095698,0.2214017399717231,28,high-dim
073_UCR_Anomaly_DISTORTEDpark3m_60000_72150_72495.txt,HBOS_b20,global,0.2608695652173913,0.3728255250095698,0.2214017399717231,28,high-dim
073_UCR_Anomaly_DISTORTEDpark3m_60000_72150_72495.txt,HBOS_b5,global,0.08695652173913043,0.3728255250095698,0.2214017399717231,28,high-dim
073_UCR_Anomaly_DISTORTEDpark3m_60000_72150_72495.txt,HBOS_b50,global,0.4347826086956521,0.3728255250095698,0.2214017399717231,28,high-dim
073_UCR_Anomaly_DISTORTEDpark3m_60000_72150_72495.txt,IF_n300,other,0.3478260869565218,0.3728255250095698,0.2214017399717231,28,high-dim
073_UCR_Anomaly_DISTORTEDpark3m_60000_72150_72495.txt,IF_n50,other,0.34782608695652173,0.3728255250095698,0.2214017399717231,28,high-dim
073_UCR_Anomaly_DISTORTEDpark3m_60000_72150_72495.txt,IForest,other,0.3478260869565217,0.3728255250095698,0.2214017399717231,28,high-dim
073_UCR_Anomaly_DISTORTEDpark3m_60000_72150_72495.txt,KNN_k10,local,-0.04347826086956519,0.3728255250095698,0.2214017399717231,28,high-dim
073_UCR_Anomaly_DISTORTEDpark3m_60000_72150_72495.txt,KNN_k100,local,-0.30434782608695654,0.3728255250095698,0.2214017399717231,28,high-dim
073_UCR_Anomaly_DISTORTEDpark3m_60000_72150_72495.txt,KNN_k20,local,0.0,0.3728255250095698,0.2214017399717231,28,high-dim
073_UCR_Anomaly_DISTORTEDpark3m_60000_72150_72495.txt,KNN_k3,local,0.04347826086956519,0.3728255250095698,0.2214017399717231,28,high-dim
073_UCR_Anomaly_DISTORTEDpark3m_60000_72150_72495.txt,KNN_k50,local,-0.08695652173913038,0.3728255250095698,0.2214017399717231,28,high-dim
073_UCR_Anomaly_DISTORTEDpark3m_60000_72150_72495.txt,LOF_k10,local,0.04347826086956519,0.3728255250095698,0.2214017399717231,28,high-dim
073_UCR_Anomaly_DISTORTEDpark3m_60000_72150_72495.txt,LOF_k100,local,-0.5217391304347826,0.3728255250095698,0.2214017399717231,28,high-dim
073_UCR_Anomaly_DISTORTEDpark3m_60000_72150_72495.txt,LOF_k20,local,-0.21739130434782605,0.3728255250095698,0.2214017399717231,28,high-dim
073_UCR_Anomaly_DISTORTEDpark3m_60000_72150_72495.txt,LOF_k3,local,0.08695652173913049,0.3728255250095698,0.2214017399717231,28,high-dim
073_UCR_Anomaly_DISTORTEDpark3m_60000_72150_72495.txt,LOF_k50,local,-0.5217391304347827,0.3728255250095698,0.2214017399717231,28,high-dim
073_UCR_Anomaly_DISTORTEDpark3m_60000_72150_72495.txt,PCA,global,0.13043478260869568,0.3728255250095698,0.2214017399717231,28,high-dim
073_UCR_Anomaly_DISTORTEDpark3m_60000_72150_72495.txt,PCA_c0.3,global,0.30434782608695654,0.3728255250095698,0.2214017399717231,28,high-dim
073_UCR_Anomaly_DISTORTEDpark3m_60000_72150_72495.txt,PCA_c0.9,global,0.17391304347826086,0.3728255250095698,0.2214017399717231,28,high-dim
078_UCR_Anomaly_DISTORTEDresperation1_100000_110260_110412.txt,CBLOF,local,-0.26086956521739124,0.3534687368232865,0.1933059969463047,28,high-dim
078_UCR_Anomaly_DISTORTEDresperation1_100000_110260_110412.txt,COPOD,global,-0.021739130434782608,0.3534687368232865,0.1933059969463047,28,high-dim
078_UCR_Anomaly_DISTORTEDresperation1_100000_110260_110412.txt,ECOD,global,0.021739130434782608,0.3534687368232865,0.1933059969463047,28,high-dim
078_UCR_Anomaly_DISTORTEDresperation1_100000_110260_110412.txt,HBOS,global,-0.08695652173913046,0.3534687368232865,0.1933059969463047,28,high-dim
078_UCR_Anomaly_DISTORTEDresperation1_100000_110260_110412.txt,HBOS_b20,global,0.0,0.3534687368232865,0.1933059969463047,28,high-dim
078_UCR_Anomaly_DISTORTEDresperation1_100000_110260_110412.txt,HBOS_b5,global,-0.13043478260869565,0.3534687368232865,0.1933059969463047,28,high-dim
078_UCR_Anomaly_DISTORTEDresperation1_100000_110260_110412.txt,HBOS_b50,global,0.04347826086956519,0.3534687368232865,0.1933059969463047,28,high-dim
078_UCR_Anomaly_DISTORTEDresperation1_100000_110260_110412.txt,IF_n300,other,0.08695652173913038,0.3534687368232865,0.1933059969463047,28,high-dim
078_UCR_Anomaly_DISTORTEDresperation1_100000_110260_110412.txt,IF_n50,other,0.0,0.3534687368232865,0.1933059969463047,28,high-dim
078_UCR_Anomaly_DISTORTEDresperation1_100000_110260_110412.txt,IForest,other,-0.04347826086956519,0.3534687368232865,0.1933059969463047,28,high-dim
078_UCR_Anomaly_DISTORTEDresperation1_100000_110260_110412.txt,KNN_k10,local,0.04347826086956519,0.3534687368232865,0.1933059969463047,28,high-dim
078_UCR_Anomaly_DISTORTEDresperation1_100000_110260_110412.txt,KNN_k100,local,0.04347826086956519,0.3534687368232865,0.1933059969463047,28,high-dim
078_UCR_Anomaly_DISTORTEDresperation1_100000_110260_110412.txt,KNN_k20,local,0.0,0.3534687368232865,0.1933059969463047,28,high-dim
078_UCR_Anomaly_DISTORTEDresperation1_100000_110260_110412.txt,KNN_k3,local,0.04347826086956519,0.3534687368232865,0.1933059969463047,28,high-dim
078_UCR_Anomaly_DISTORTEDresperation1_100000_110260_110412.txt,KNN_k50,local,0.0,0.3534687368232865,0.1933059969463047,28,high-dim
078_UCR_Anomaly_DISTORTEDresperation1_100000_110260_110412.txt,LOF_k10,local,-0.08695652173913049,0.3534687368232865,0.1933059969463047,28,high-dim
078_UCR_Anomaly_DISTORTEDresperation1_100000_110260_110412.txt,LOF_k100,local,-0.04347826086956519,0.3534687368232865,0.1933059969463047,28,high-dim
078_UCR_Anomaly_DISTORTEDresperation1_100000_110260_110412.txt,LOF_k20,local,-0.04347826086956519,0.3534687368232865,0.1933059969463047,28,high-dim
078_UCR_Anomaly_DISTORTEDresperation1_100000_110260_110412.txt,LOF_k3,local,0.0434782608695653,0.3534687368232865,0.1933059969463047,28,high-dim
078_UCR_Anomaly_DISTORTEDresperation1_100000_110260_110412.txt,LOF_k50,local,0.17391304347826086,0.3534687368232865,0.1933059969463047,28,high-dim
078_UCR_Anomaly_DISTORTEDresperation1_100000_110260_110412.txt,PCA,global,0.08695652173913046,0.3534687368232865,0.1933059969463047,28,high-dim
078_UCR_Anomaly_DISTORTEDresperation1_100000_110260_110412.txt,PCA_c0.3,global,0.043478260869565216,0.3534687368232865,0.1933059969463047,28,high-dim
078_UCR_Anomaly_DISTORTEDresperation1_100000_110260_110412.txt,PCA_c0.9,global,0.08695652173913043,0.3534687368232865,0.1933059969463047,28,high-dim
086_UCR_Anomaly_DISTORTEDsddb49_20000_67950_68200.txt,CBLOF,local,-0.39130434782608703,0.3626859794210981,0.2043772614463462,28,high-dim
086_UCR_Anomaly_DISTORTEDsddb49_20000_67950_68200.txt,COPOD,global,-0.41304347826086957,0.3626859794210981,0.2043772614463462,28,high-dim
086_UCR_Anomaly_DISTORTEDsddb49_20000_67950_68200.txt,ECOD,global,-0.45652173913043476,0.3626859794210981,0.2043772614463462,28,high-dim
086_UCR_Anomaly_DISTORTEDsddb49_20000_67950_68200.txt,HBOS,global,0.34782608695652173,0.3626859794210981,0.2043772614463462,28,high-dim
086_UCR_Anomaly_DISTORTEDsddb49_20000_67950_68200.txt,HBOS_b20,global,0.43478260869565216,0.3626859794210981,0.2043772614463462,28,high-dim
086_UCR_Anomaly_DISTORTEDsddb49_20000_67950_68200.txt,HBOS_b5,global,0.17391304347826086,0.3626859794210981,0.2043772614463462,28,high-dim
086_UCR_Anomaly_DISTORTEDsddb49_20000_67950_68200.txt,HBOS_b50,global,0.782608695652174,0.3626859794210981,0.2043772614463462,28,high-dim
086_UCR_Anomaly_DISTORTEDsddb49_20000_67950_68200.txt,IF_n300,other,0.6086956521739131,0.3626859794210981,0.2043772614463462,28,high-dim
086_UCR_Anomaly_DISTORTEDsddb49_20000_67950_68200.txt,IF_n50,other,0.47826086956521735,0.3626859794210981,0.2043772614463462,28,high-dim
086_UCR_Anomaly_DISTORTEDsddb49_20000_67950_68200.txt,IForest,other,0.47826086956521735,0.3626859794210981,0.2043772614463462,28,high-dim
086_UCR_Anomaly_DISTORTEDsddb49_20000_67950_68200.txt,KNN_k10,local,0.0,0.3626859794210981,0.2043772614463462,28,high-dim
086_UCR_Anomaly_DISTORTEDsddb49_20000_67950_68200.txt,KNN_k100,local,-0.4347826086956521,0.3626859794210981,0.2043772614463462,28,high-dim
086_UCR_Anomaly_DISTORTEDsddb49_20000_67950_68200.txt,KNN_k20,local,0.04347826086956519,0.3626859794210981,0.2043772614463462,28,high-dim
086_UCR_Anomaly_DISTORTEDsddb49_20000_67950_68200.txt,KNN_k3,local,0.13043478260869568,0.3626859794210981,0.2043772614463462,28,high-dim
086_UCR_Anomaly_DISTORTEDsddb49_20000_67950_68200.txt,KNN_k50,local,-0.2173913043478261,0.3626859794210981,0.2043772614463462,28,high-dim
086_UCR_Anomaly_DISTORTEDsddb49_20000_67950_68200.txt,LOF_k10,local,-0.6086956521739131,0.3626859794210981,0.2043772614463462,28,high-dim
086_UCR_Anomaly_DISTORTEDsddb49_20000_67950_68200.txt,LOF_k100,local,-0.5652173913043478,0.3626859794210981,0.2043772614463462,28,high-dim
086_UCR_Anomaly_DISTORTEDsddb49_20000_67950_68200.txt,LOF_k20,local,-0.6521739130434783,0.3626859794210981,0.2043772614463462,28,high-dim
086_UCR_Anomaly_DISTORTEDsddb49_20000_67950_68200.txt,LOF_k3,local,-0.34782608695652173,0.3626859794210981,0.2043772614463462,28,high-dim
086_UCR_Anomaly_DISTORTEDsddb49_20000_67950_68200.txt,LOF_k50,local,-0.5217391304347826,0.3626859794210981,0.2043772614463462,28,high-dim
086_UCR_Anomaly_DISTORTEDsddb49_20000_67950_68200.txt,PCA,global,0.3043478260869565,0.3626859794210981,0.2043772614463462,28,high-dim
086_UCR_Anomaly_DISTORTEDsddb49_20000_67950_68200.txt,PCA_c0.3,global,0.4347826086956522,0.3626859794210981,0.2043772614463462,28,high-dim
086_UCR_Anomaly_DISTORTEDsddb49_20000_67950_68200.txt,PCA_c0.9,global,0.3913043478260869,0.3626859794210981,0.2043772614463462,28,high-dim
089_UCR_Anomaly_DISTORTEDtiltAPB1_100000_114283_114350.txt,CBLOF,local,-0.21739130434782608,0.3343839726845531,0.1902651083018808,28,high-dim
089_UCR_Anomaly_DISTORTEDtiltAPB1_100000_114283_114350.txt,COPOD,global,-0.41304347826086957,0.3343839726845531,0.1902651083018808,28,high-dim
089_UCR_Anomaly_DISTORTEDtiltAPB1_100000_114283_114350.txt,ECOD,global,-0.49999999999999994,0.3343839726845531,0.1902651083018808,28,high-dim
089_UCR_Anomaly_DISTORTEDtiltAPB1_100000_114283_114350.txt,HBOS,global,0.30434782608695654,0.3343839726845531,0.1902651083018808,28,high-dim
089_UCR_Anomaly_DISTORTEDtiltAPB1_100000_114283_114350.txt,HBOS_b20,global,0.43478260869565216,0.3343839726845531,0.1902651083018808,28,high-dim
089_UCR_Anomaly_DISTORTEDtiltAPB1_100000_114283_114350.txt,HBOS_b5,global,0.17391304347826086,0.3343839726845531,0.1902651083018808,28,high-dim
089_UCR_Anomaly_DISTORTEDtiltAPB1_100000_114283_114350.txt,HBOS_b50,global,0.6521739130434783,0.3343839726845531,0.1902651083018808,28,high-dim
089_UCR_Anomaly_DISTORTEDtiltAPB1_100000_114283_114350.txt,IF_n300,other,0.34782608695652173,0.3343839726845531,0.1902651083018808,28,high-dim
089_UCR_Anomaly_DISTORTEDtiltAPB1_100000_114283_114350.txt,IF_n50,other,0.3478260869565217,0.3343839726845531,0.1902651083018808,28,high-dim
089_UCR_Anomaly_DISTORTEDtiltAPB1_100000_114283_114350.txt,IForest,other,0.26086956521739135,0.3343839726845531,0.1902651083018808,28,high-dim
089_UCR_Anomaly_DISTORTEDtiltAPB1_100000_114283_114350.txt,KNN_k10,local,0.04347826086956519,0.3343839726845531,0.1902651083018808,28,high-dim
089_UCR_Anomaly_DISTORTEDtiltAPB1_100000_114283_114350.txt,KNN_k100,local,-0.2608695652173913,0.3343839726845531,0.1902651083018808,28,high-dim
089_UCR_Anomaly_DISTORTEDtiltAPB1_100000_114283_114350.txt,KNN_k20,local,-0.26086956521739124,0.3343839726845531,0.1902651083018808,28,high-dim
089_UCR_Anomaly_DISTORTEDtiltAPB1_100000_114283_114350.txt,KNN_k3,local,0.08695652173913049,0.3343839726845531,0.1902651083018808,28,high-dim
089_UCR_Anomaly_DISTORTEDtiltAPB1_100000_114283_114350.txt,KNN_k50,local,-0.391304347826087,0.3343839726845531,0.1902651083018808,28,high-dim
089_UCR_Anomaly_DISTORTEDtiltAPB1_100000_114283_114350.txt,LOF_k10,local,-0.08695652173913049,0.3343839726845531,0.1902651083018808,28,high-dim
089_UCR_Anomaly_DISTORTEDtiltAPB1_100000_114283_114350.txt,LOF_k100,local,-0.4782608695652174,0.3343839726845531,0.1902651083018808,28,high-dim
089_UCR_Anomaly_DISTORTEDtiltAPB1_100000_114283_114350.txt,LOF_k20,local,-0.47826086956521735,0.3343839726845531,0.1902651083018808,28,high-dim
089_UCR_Anomaly_DISTORTEDtiltAPB1_100000_114283_114350.txt,LOF_k3,local,-0.08695652173913049,0.3343839726845531,0.1902651083018808,28,high-dim
089_UCR_Anomaly_DISTORTEDtiltAPB1_100000_114283_114350.txt,LOF_k50,local,-0.5217391304347826,0.3343839726845531,0.1902651083018808,28,high-dim
089_UCR_Anomaly_DISTORTEDtiltAPB1_100000_114283_114350.txt,PCA,global,0.3478260869565218,0.3343839726845531,0.1902651083018808,28,high-dim
089_UCR_Anomaly_DISTORTEDtiltAPB1_100000_114283_114350.txt,PCA_c0.3,global,0.34782608695652173,0.3343839726845531,0.1902651083018808,28,high-dim
089_UCR_Anomaly_DISTORTEDtiltAPB1_100000_114283_114350.txt,PCA_c0.9,global,0.34782608695652173,0.3343839726845531,0.1902651083018808,28,high-dim
093_UCR_Anomaly_NOISE1sddb40_35000_52000_52620.txt,CBLOF,local,-0.26086956521739135,0.4173558521225536,0.3325837586661743,28,high-dim
093_UCR_Anomaly_NOISE1sddb40_35000_52000_52620.txt,COPOD,global,-0.15217391304347827,0.4173558521225536,0.3325837586661743,28,high-dim
093_UCR_Anomaly_NOISE1sddb40_35000_52000_52620.txt,ECOD,global,-0.45652173913043476,0.4173558521225536,0.3325837586661743,28,high-dim
093_UCR_Anomaly_NOISE1sddb40_35000_52000_52620.txt,HBOS,global,0.30434782608695654,0.4173558521225536,0.3325837586661743,28,high-dim
093_UCR_Anomaly_NOISE1sddb40_35000_52000_52620.txt,HBOS_b20,global,0.3913043478260869,0.4173558521225536,0.3325837586661743,28,high-dim
093_UCR_Anomaly_NOISE1sddb40_35000_52000_52620.txt,HBOS_b5,global,0.17391304347826086,0.4173558521225536,0.3325837586661743,28,high-dim
093_UCR_Anomaly_NOISE1sddb40_35000_52000_52620.txt,HBOS_b50,global,0.30434782608695654,0.4173558521225536,0.3325837586661743,28,high-dim
093_UCR_Anomaly_NOISE1sddb40_35000_52000_52620.txt,IF_n300,other,0.6956521739130435,0.4173558521225536,0.3325837586661743,28,high-dim
093_UCR_Anomaly_NOISE1sddb40_35000_52000_52620.txt,IF_n50,other,0.5652173913043478,0.4173558521225536,0.3325837586661743,28,high-dim
093_UCR_Anomaly_NOISE1sddb40_35000_52000_52620.txt,IForest,other,0.6956521739130435,0.4173558521225536,0.3325837586661743,28,high-dim
093_UCR_Anomaly_NOISE1sddb40_35000_52000_52620.txt,KNN_k10,local,0.08695652173913049,0.4173558521225536,0.3325837586661743,28,high-dim
093_UCR_Anomaly_NOISE1sddb40_35000_52000_52620.txt,KNN_k100,local,-0.26086956521739124,0.4173558521225536,0.3325837586661743,28,high-dim
093_UCR_Anomaly_NOISE1sddb40_35000_52000_52620.txt,KNN_k20,local,0.0,0.4173558521225536,0.3325837586661743,28,high-dim
093_UCR_Anomaly_NOISE1sddb40_35000_52000_52620.txt,KNN_k3,local,0.08695652173913038,0.4173558521225536,0.3325837586661743,28,high-dim
093_UCR_Anomaly_NOISE1sddb40_35000_52000_52620.txt,KNN_k50,local,-0.04347826086956519,0.4173558521225536,0.3325837586661743,28,high-dim
093_UCR_Anomaly_NOISE1sddb40_35000_52000_52620.txt,LOF_k10,local,-0.43478260869565216,0.4173558521225536,0.3325837586661743,28,high-dim
093_UCR_Anomaly_NOISE1sddb40_35000_52000_52620.txt,LOF_k100,local,-0.6956521739130435,0.4173558521225536,0.3325837586661743,28,high-dim
093_UCR_Anomaly_NOISE1sddb40_35000_52000_52620.txt,LOF_k20,local,-0.6956521739130435,0.4173558521225536,0.3325837586661743,28,high-dim
093_UCR_Anomaly_NOISE1sddb40_35000_52000_52620.txt,LOF_k3,local,-0.4347826086956522,0.4173558521225536,0.3325837586661743,28,high-dim
093_UCR_Anomaly_NOISE1sddb40_35000_52000_52620.txt,LOF_k50,local,-0.7391304347826086,0.4173558521225536,0.3325837586661743,28,high-dim
093_UCR_Anomaly_NOISE1sddb40_35000_52000_52620.txt,PCA,global,0.3478260869565217,0.4173558521225536,0.3325837586661743,28,high-dim
093_UCR_Anomaly_NOISE1sddb40_35000_52000_52620.txt,PCA_c0.3,global,0.2173913043478261,0.4173558521225536,0.3325837586661743,28,high-dim
093_UCR_Anomaly_NOISE1sddb40_35000_52000_52620.txt,PCA_c0.9,global,0.30434782608695654,0.4173558521225536,0.3325837586661743,28,high-dim
097_UCR_Anomaly_NOISEGP711MarkerLFM5z3_5000_5948_5993.txt,CBLOF,local,-0.3043478260869565,0.5133506533565078,0.3659773722901781,28,high-dim
097_UCR_Anomaly_NOISEGP711MarkerLFM5z3_5000_5948_5993.txt,COPOD,global,-0.19565217391304346,0.5133506533565078,0.3659773722901781,28,high-dim
097_UCR_Anomaly_NOISEGP711MarkerLFM5z3_5000_5948_5993.txt,ECOD,global,-0.2826086956521739,0.5133506533565078,0.3659773722901781,28,high-dim
097_UCR_Anomaly_NOISEGP711MarkerLFM5z3_5000_5948_5993.txt,HBOS,global,0.5652173913043478,0.5133506533565078,0.3659773722901781,28,high-dim
097_UCR_Anomaly_NOISEGP711MarkerLFM5z3_5000_5948_5993.txt,HBOS_b20,global,0.30434782608695654,0.5133506533565078,0.3659773722901781,28,high-dim
097_UCR_Anomaly_NOISEGP711MarkerLFM5z3_5000_5948_5993.txt,HBOS_b5,global,0.4347826086956522,0.5133506533565078,0.3659773722901781,28,high-dim
097_UCR_Anomaly_NOISEGP711MarkerLFM5z3_5000_5948_5993.txt,HBOS_b50,global,0.21739130434782605,0.5133506533565078,0.3659773722901781,28,high-dim
097_UCR_Anomaly_NOISEGP711MarkerLFM5z3_5000_5948_5993.txt,IF_n300,other,0.7391304347826088,0.5133506533565078,0.3659773722901781,28,high-dim
097_UCR_Anomaly_NOISEGP711MarkerLFM5z3_5000_5948_5993.txt,IF_n50,other,0.3913043478260869,0.5133506533565078,0.3659773722901781,28,high-dim
097_UCR_Anomaly_NOISEGP711MarkerLFM5z3_5000_5948_5993.txt,IForest,other,0.6086956521739131,0.5133506533565078,0.3659773722901781,28,high-dim
097_UCR_Anomaly_NOISEGP711MarkerLFM5z3_5000_5948_5993.txt,KNN_k10,local,0.13043478260869568,0.5133506533565078,0.3659773722901781,28,high-dim
097_UCR_Anomaly_NOISEGP711MarkerLFM5z3_5000_5948_5993.txt,KNN_k100,local,-0.3043478260869565,0.5133506533565078,0.3659773722901781,28,high-dim
097_UCR_Anomaly_NOISEGP711MarkerLFM5z3_5000_5948_5993.txt,KNN_k20,local,0.0,0.5133506533565078,0.3659773722901781,28,high-dim
097_UCR_Anomaly_NOISEGP711MarkerLFM5z3_5000_5948_5993.txt,KNN_k3,local,0.04347826086956519,0.5133506533565078,0.3659773722901781,28,high-dim
097_UCR_Anomaly_NOISEGP711MarkerLFM5z3_5000_5948_5993.txt,KNN_k50,local,-0.2173913043478261,0.5133506533565078,0.3659773722901781,28,high-dim
097_UCR_Anomaly_NOISEGP711MarkerLFM5z3_5000_5948_5993.txt,LOF_k10,local,-0.30434782608695654,0.5133506533565078,0.3659773722901781,28,high-dim
097_UCR_Anomaly_NOISEGP711MarkerLFM5z3_5000_5948_5993.txt,LOF_k100,local,-0.4782608695652174,0.5133506533565078,0.3659773722901781,28,high-dim
097_UCR_Anomaly_NOISEGP711MarkerLFM5z3_5000_5948_5993.txt,LOF_k20,local,-0.34782608695652173,0.5133506533565078,0.3659773722901781,28,high-dim
097_UCR_Anomaly_NOISEGP711MarkerLFM5z3_5000_5948_5993.txt,LOF_k3,local,-0.34782608695652173,0.5133506533565078,0.3659773722901781,28,high-dim
097_UCR_Anomaly_NOISEGP711MarkerLFM5z3_5000_5948_5993.txt,LOF_k50,local,-0.5217391304347826,0.5133506533565078,0.3659773722901781,28,high-dim
097_UCR_Anomaly_NOISEGP711MarkerLFM5z3_5000_5948_5993.txt,PCA,global,0.04347826086956523,0.5133506533565078,0.3659773722901781,28,high-dim
097_UCR_Anomaly_NOISEGP711MarkerLFM5z3_5000_5948_5993.txt,PCA_c0.3,global,0.04347826086956523,0.5133506533565078,0.3659773722901781,28,high-dim
097_UCR_Anomaly_NOISEGP711MarkerLFM5z3_5000_5948_5993.txt,PCA_c0.9,global,-0.21739130434782608,0.5133506533565078,0.3659773722901781,28,high-dim
099_UCR_Anomaly_NOISEInternalBleeding6_1500_3474_3629.txt,CBLOF,local,0.043478260869565244,0.3116671108850365,0.0794670622491665,28,high-dim
099_UCR_Anomaly_NOISEInternalBleeding6_1500_3474_3629.txt,COPOD,global,-0.2826086956521739,0.3116671108850365,0.0794670622491665,28,high-dim
099_UCR_Anomaly_NOISEInternalBleeding6_1500_3474_3629.txt,ECOD,global,-0.2391304347826087,0.3116671108850365,0.0794670622491665,28,high-dim
099_UCR_Anomaly_NOISEInternalBleeding6_1500_3474_3629.txt,HBOS,global,0.43478260869565216,0.3116671108850365,0.0794670622491665,28,high-dim
099_UCR_Anomaly_NOISEInternalBleeding6_1500_3474_3629.txt,HBOS_b20,global,0.5217391304347826,0.3116671108850365,0.0794670622491665,28,high-dim
099_UCR_Anomaly_NOISEInternalBleeding6_1500_3474_3629.txt,HBOS_b5,global,0.21739130434782608,0.3116671108850365,0.0794670622491665,28,high-dim
099_UCR_Anomaly_NOISEInternalBleeding6_1500_3474_3629.txt,HBOS_b50,global,0.6521739130434783,0.3116671108850365,0.0794670622491665,28,high-dim
099_UCR_Anomaly_NOISEInternalBleeding6_1500_3474_3629.txt,IF_n300,other,0.21739130434782605,0.3116671108850365,0.0794670622491665,28,high-dim
099_UCR_Anomaly_NOISEInternalBleeding6_1500_3474_3629.txt,IF_n50,other,-0.08695652173913049,0.3116671108850365,0.0794670622491665,28,high-dim
099_UCR_Anomaly_NOISEInternalBleeding6_1500_3474_3629.txt,IForest,other,0.13043478260869568,0.3116671108850365,0.0794670622491665,28,high-dim
099_UCR_Anomaly_NOISEInternalBleeding6_1500_3474_3629.txt,KNN_k10,local,0.08695652173913038,0.3116671108850365,0.0794670622491665,28,high-dim
099_UCR_Anomaly_NOISEInternalBleeding6_1500_3474_3629.txt,KNN_k100,local,-0.4782608695652174,0.3116671108850365,0.0794670622491665,28,high-dim
099_UCR_Anomaly_NOISEInternalBleeding6_1500_3474_3629.txt,KNN_k20,local,0.0434782608695653,0.3116671108850365,0.0794670622491665,28,high-dim
099_UCR_Anomaly_NOISEInternalBleeding6_1500_3474_3629.txt,KNN_k3,local,0.0,0.3116671108850365,0.0794670622491665,28,high-dim
099_UCR_Anomaly_NOISEInternalBleeding6_1500_3474_3629.txt,KNN_k50,local,-0.34782608695652173,0.3116671108850365,0.0794670622491665,28,high-dim
099_UCR_Anomaly_NOISEInternalBleeding6_1500_3474_3629.txt,LOF_k10,local,-0.13043478260869557,0.3116671108850365,0.0794670622491665,28,high-dim
099_UCR_Anomaly_NOISEInternalBleeding6_1500_3474_3629.txt,LOF_k100,local,-0.4782608695652174,0.3116671108850365,0.0794670622491665,28,high-dim
099_UCR_Anomaly_NOISEInternalBleeding6_1500_3474_3629.txt,LOF_k20,local,-0.30434782608695654,0.3116671108850365,0.0794670622491665,28,high-dim
099_UCR_Anomaly_NOISEInternalBleeding6_1500_3474_3629.txt,LOF_k3,local,0.0,0.3116671108850365,0.0794670622491665,28,high-dim
099_UCR_Anomaly_NOISEInternalBleeding6_1500_3474_3629.txt,LOF_k50,local,-0.043478260869565244,0.3116671108850365,0.0794670622491665,28,high-dim
099_UCR_Anomaly_NOISEInternalBleeding6_1500_3474_3629.txt,PCA,global,0.043478260869565244,0.3116671108850365,0.0794670622491665,28,high-dim
099_UCR_Anomaly_NOISEInternalBleeding6_1500_3474_3629.txt,PCA_c0.3,global,0.0,0.3116671108850365,0.0794670622491665,28,high-dim
099_UCR_Anomaly_NOISEInternalBleeding6_1500_3474_3629.txt,PCA_c0.9,global,0.0,0.3116671108850365,0.0794670622491665,28,high-dim
102_UCR_Anomaly_NOISEMesoplodonDensirostris_10000_19280_19440.txt,CBLOF,local,-0.3913043478260869,0.3657383636805116,0.1242769499500224,28,high-dim
102_UCR_Anomaly_NOISEMesoplodonDensirostris_10000_19280_19440.txt,COPOD,global,-0.4782608695652174,0.3657383636805116,0.1242769499500224,28,high-dim
102_UCR_Anomaly_NOISEMesoplodonDensirostris_10000_19280_19440.txt,ECOD,global,-0.47826086956521735,0.3657383636805116,0.1242769499500224,28,high-dim
102_UCR_Anomaly_NOISEMesoplodonDensirostris_10000_19280_19440.txt,HBOS,global,0.34782608695652173,0.3657383636805116,0.1242769499500224,28,high-dim
102_UCR_Anomaly_NOISEMesoplodonDensirostris_10000_19280_19440.txt,HBOS_b20,global,0.4782608695652174,0.3657383636805116,0.1242769499500224,28,high-dim
102_UCR_Anomaly_NOISEMesoplodonDensirostris_10000_19280_19440.txt,HBOS_b5,global,0.30434782608695654,0.3657383636805116,0.1242769499500224,28,high-dim
102_UCR_Anomaly_NOISEMesoplodonDensirostris_10000_19280_19440.txt,HBOS_b50,global,0.47826086956521735,0.3657383636805116,0.1242769499500224,28,high-dim
102_UCR_Anomaly_NOISEMesoplodonDensirostris_10000_19280_19440.txt,IF_n300,other,0.5217391304347826,0.3657383636805116,0.1242769499500224,28,high-dim
102_UCR_Anomaly_NOISEMesoplodonDensirostris_10000_19280_19440.txt,IF_n50,other,0.5652173913043478,0.3657383636805116,0.1242769499500224,28,high-dim
102_UCR_Anomaly_NOISEMesoplodonDensirostris_10000_19280_19440.txt,IForest,other,0.5217391304347827,0.3657383636805116,0.1242769499500224,28,high-dim
102_UCR_Anomaly_NOISEMesoplodonDensirostris_10000_19280_19440.txt,KNN_k10,local,0.04347826086956519,0.3657383636805116,0.1242769499500224,28,high-dim
102_UCR_Anomaly_NOISEMesoplodonDensirostris_10000_19280_19440.txt,KNN_k100,local,-0.43478260869565216,0.3657383636805116,0.1242769499500224,28,high-dim
102_UCR_Anomaly_NOISEMesoplodonDensirostris_10000_19280_19440.txt,KNN_k20,local,-0.21739130434782605,0.3657383636805116,0.1242769499500224,28,high-dim
102_UCR_Anomaly_NOISEMesoplodonDensirostris_10000_19280_19440.txt,KNN_k3,local,-0.0434782608695653,0.3657383636805116,0.1242769499500224,28,high-dim
102_UCR_Anomaly_NOISEMesoplodonDensirostris_10000_19280_19440.txt,KNN_k50,local,-0.47826086956521735,0.3657383636805116,0.1242769499500224,28,high-dim
102_UCR_Anomaly_NOISEMesoplodonDensirostris_10000_19280_19440.txt,LOF_k10,local,0.04347826086956519,0.3657383636805116,0.1242769499500224,28,high-dim
102_UCR_Anomaly_NOISEMesoplodonDensirostris_10000_19280_19440.txt,LOF_k100,local,-0.26086956521739135,0.3657383636805116,0.1242769499500224,28,high-dim
102_UCR_Anomaly_NOISEMesoplodonDensirostris_10000_19280_19440.txt,LOF_k20,local,0.04347826086956519,0.3657383636805116,0.1242769499500224,28,high-dim
102_UCR_Anomaly_NOISEMesoplodonDensirostris_10000_19280_19440.txt,LOF_k3,local,-0.04347826086956519,0.3657383636805116,0.1242769499500224,28,high-dim
102_UCR_Anomaly_NOISEMesoplodonDensirostris_10000_19280_19440.txt,LOF_k50,local,-0.26086956521739124,0.3657383636805116,0.1242769499500224,28,high-dim
102_UCR_Anomaly_NOISEMesoplodonDensirostris_10000_19280_19440.txt,PCA,global,0.0,0.3657383636805116,0.1242769499500224,28,high-dim
102_UCR_Anomaly_NOISEMesoplodonDensirostris_10000_19280_19440.txt,PCA_c0.3,global,0.0,0.3657383636805116,0.1242769499500224,28,high-dim
102_UCR_Anomaly_NOISEMesoplodonDensirostris_10000_19280_19440.txt,PCA_c0.9,global,-0.26086956521739135,0.3657383636805116,0.1242769499500224,28,high-dim
103_UCR_Anomaly_NOISETkeepThirdMARS_3500_4711_4809.txt,CBLOF,local,-0.34782608695652173,0.4884864180163506,0.440992980705486,28,high-dim
103_UCR_Anomaly_NOISETkeepThirdMARS_3500_4711_4809.txt,COPOD,global,-0.3695652173913043,0.4884864180163506,0.440992980705486,28,high-dim
103_UCR_Anomaly_NOISETkeepThirdMARS_3500_4711_4809.txt,ECOD,global,-0.5869565217391305,0.4884864180163506,0.440992980705486,28,high-dim
103_UCR_Anomaly_NOISETkeepThirdMARS_3500_4711_4809.txt,HBOS,global,0.3043478260869565,0.4884864180163506,0.440992980705486,28,high-dim
103_UCR_Anomaly_NOISETkeepThirdMARS_3500_4711_4809.txt,HBOS_b20,global,0.30434782608695654,0.4884864180163506,0.440992980705486,28,high-dim
103_UCR_Anomaly_NOISETkeepThirdMARS_3500_4711_4809.txt,HBOS_b5,global,-0.043478260869565244,0.4884864180163506,0.440992980705486,28,high-dim
103_UCR_Anomaly_NOISETkeepThirdMARS_3500_4711_4809.txt,HBOS_b50,global,0.3043478260869565,0.4884864180163506,0.440992980705486,28,high-dim
103_UCR_Anomaly_NOISETkeepThirdMARS_3500_4711_4809.txt,IF_n300,other,0.34782608695652173,0.4884864180163506,0.440992980705486,28,high-dim
103_UCR_Anomaly_NOISETkeepThirdMARS_3500_4711_4809.txt,IF_n50,other,0.30434782608695654,0.4884864180163506,0.440992980705486,28,high-dim
103_UCR_Anomaly_NOISETkeepThirdMARS_3500_4711_4809.txt,IForest,other,0.3913043478260869,0.4884864180163506,0.440992980705486,28,high-dim
103_UCR_Anomaly_NOISETkeepThirdMARS_3500_4711_4809.txt,KNN_k10,local,0.04347826086956519,0.4884864180163506,0.440992980705486,28,high-dim
103_UCR_Anomaly_NOISETkeepThirdMARS_3500_4711_4809.txt,KNN_k100,local,0.13043478260869565,0.4884864180163506,0.440992980705486,28,high-dim
103_UCR_Anomaly_NOISETkeepThirdMARS_3500_4711_4809.txt,KNN_k20,local,0.26086956521739124,0.4884864180163506,0.440992980705486,28,high-dim
103_UCR_Anomaly_NOISETkeepThirdMARS_3500_4711_4809.txt,KNN_k3,local,0.17391304347826086,0.4884864180163506,0.440992980705486,28,high-dim
103_UCR_Anomaly_NOISETkeepThirdMARS_3500_4711_4809.txt,KNN_k50,local,0.13043478260869565,0.4884864180163506,0.440992980705486,28,high-dim
103_UCR_Anomaly_NOISETkeepThirdMARS_3500_4711_4809.txt,LOF_k10,local,-0.34782608695652173,0.4884864180163506,0.440992980705486,28,high-dim
103_UCR_Anomaly_NOISETkeepThirdMARS_3500_4711_4809.txt,LOF_k100,local,-0.608695652173913,0.4884864180163506,0.440992980705486,28,high-dim
103_UCR_Anomaly_NOISETkeepThirdMARS_3500_4711_4809.txt,LOF_k20,local,-0.4347826086956521,0.4884864180163506,0.440992980705486,28,high-dim
103_UCR_Anomaly_NOISETkeepThirdMARS_3500_4711_4809.txt,LOF_k3,local,-0.21739130434782605,0.4884864180163506,0.440992980705486,28,high-dim
103_UCR_Anomaly_NOISETkeepThirdMARS_3500_4711_4809.txt,LOF_k50,local,-0.5652173913043478,0.4884864180163506,0.440992980705486,28,high-dim
103_UCR_Anomaly_NOISETkeepThirdMARS_3500_4711_4809.txt,PCA,global,0.2608695652173913,0.4884864180163506,0.440992980705486,28,high-dim
103_UCR_Anomaly_NOISETkeepThirdMARS_3500_4711_4809.txt,PCA_c0.3,global,0.2608695652173913,0.4884864180163506,0.440992980705486,28,high-dim
103_UCR_Anomaly_NOISETkeepThirdMARS_3500_4711_4809.txt,PCA_c0.9,global,0.30434782608695654,0.4884864180163506,0.440992980705486,28,high-dim
106_UCR_Anomaly_NOISEgaitHunt2_18500_31200_31850.txt,CBLOF,local,-0.26086956521739124,0.4364995631663109,0.4225282533676478,28,high-dim
106_UCR_Anomaly_NOISEgaitHunt2_18500_31200_31850.txt,COPOD,global,-0.021739130434782608,0.4364995631663109,0.4225282533676478,28,high-dim
106_UCR_Anomaly_NOISEgaitHunt2_18500_31200_31850.txt,ECOD,global,0.021739130434782608,0.4364995631663109,0.4225282533676478,28,high-dim
106_UCR_Anomaly_NOISEgaitHunt2_18500_31200_31850.txt,HBOS,global,-0.13043478260869562,0.4364995631663109,0.4225282533676478,28,high-dim
106_UCR_Anomaly_NOISEgaitHunt2_18500_31200_31850.txt,HBOS_b20,global,-0.043478260869565244,0.4364995631663109,0.4225282533676478,28,high-dim
106_UCR_Anomaly_NOISEgaitHunt2_18500_31200_31850.txt,HBOS_b5,global,-0.13043478260869565,0.4364995631663109,0.4225282533676478,28,high-dim
106_UCR_Anomaly_NOISEgaitHunt2_18500_31200_31850.txt,HBOS_b50,global,0.08695652173913043,0.4364995631663109,0.4225282533676478,28,high-dim
106_UCR_Anomaly_NOISEgaitHunt2_18500_31200_31850.txt,IF_n300,other,0.21739130434782616,0.4364995631663109,0.4225282533676478,28,high-dim
106_UCR_Anomaly_NOISEgaitHunt2_18500_31200_31850.txt,IF_n50,other,0.0,0.4364995631663109,0.4225282533676478,28,high-dim
106_UCR_Anomaly_NOISEgaitHunt2_18500_31200_31850.txt,IForest,other,0.21739130434782605,0.4364995631663109,0.4225282533676478,28,high-dim
106_UCR_Anomaly_NOISEgaitHunt2_18500_31200_31850.txt,KNN_k10,local,0.0434782608695653,0.4364995631663109,0.4225282533676478,28,high-dim
106_UCR_Anomaly_NOISEgaitHunt2_18500_31200_31850.txt,KNN_k100,local,0.21739130434782605,0.4364995631663109,0.4225282533676478,28,high-dim
106_UCR_Anomaly_NOISEgaitHunt2_18500_31200_31850.txt,KNN_k20,local,0.08695652173913038,0.4364995631663109,0.4225282533676478,28,high-dim
106_UCR_Anomaly_NOISEgaitHunt2_18500_31200_31850.txt,KNN_k3,local,0.04347826086956519,0.4364995631663109,0.4225282533676478,28,high-dim
106_UCR_Anomaly_NOISEgaitHunt2_18500_31200_31850.txt,KNN_k50,local,0.0,0.4364995631663109,0.4225282533676478,28,high-dim
106_UCR_Anomaly_NOISEgaitHunt2_18500_31200_31850.txt,LOF_k10,local,-0.08695652173913049,0.4364995631663109,0.4225282533676478,28,high-dim
106_UCR_Anomaly_NOISEgaitHunt2_18500_31200_31850.txt,LOF_k100,local,-0.08695652173913043,0.4364995631663109,0.4225282533676478,28,high-dim
106_UCR_Anomaly_NOISEgaitHunt2_18500_31200_31850.txt,LOF_k20,local,0.0,0.4364995631663109,0.4225282533676478,28,high-dim
106_UCR_Anomaly_NOISEgaitHunt2_18500_31200_31850.txt,LOF_k3,local,-0.13043478260869568,0.4364995631663109,0.4225282533676478,28,high-dim
106_UCR_Anomaly_NOISEgaitHunt2_18500_31200_31850.txt,LOF_k50,local,-0.17391304347826086,0.4364995631663109,0.4225282533676478,28,high-dim
106_UCR_Anomaly_NOISEgaitHunt2_18500_31200_31850.txt,PCA,global,0.08695652173913043,0.4364995631663109,0.4225282533676478,28,high-dim
106_UCR_Anomaly_NOISEgaitHunt2_18500_31200_31850.txt,PCA_c0.3,global,-0.043478260869565216,0.4364995631663109,0.4225282533676478,28,high-dim
106_UCR_Anomaly_NOISEgaitHunt2_18500_31200_31850.txt,PCA_c0.9,global,0.08695652173913043,0.4364995631663109,0.4225282533676478,28,high-dim
107_UCR_Anomaly_NOISEinsectEPG3_5200_7000_7050.txt,CBLOF,local,0.34782608695652173,0.3041396555001621,0.0098230119569396,28,high-dim
107_UCR_Anomaly_NOISEinsectEPG3_5200_7000_7050.txt,COPOD,global,-0.9565217391304348,0.3041396555001621,0.0098230119569396,28,high-dim
107_UCR_Anomaly_NOISEinsectEPG3_5200_7000_7050.txt,ECOD,global,-0.6521739130434783,0.3041396555001621,0.0098230119569396,28,high-dim
107_UCR_Anomaly_NOISEinsectEPG3_5200_7000_7050.txt,HBOS,global,-0.43478260869565216,0.3041396555001621,0.0098230119569396,28,high-dim
107_UCR_Anomaly_NOISEinsectEPG3_5200_7000_7050.txt,HBOS_b20,global,-0.26086956521739124,0.3041396555001621,0.0098230119569396,28,high-dim
107_UCR_Anomaly_NOISEinsectEPG3_5200_7000_7050.txt,HBOS_b5,global,-0.08695652173913049,0.3041396555001621,0.0098230119569396,28,high-dim
107_UCR_Anomaly_NOISEinsectEPG3_5200_7000_7050.txt,HBOS_b50,global,-0.08695652173913049,0.3041396555001621,0.0098230119569396,28,high-dim
107_UCR_Anomaly_NOISEinsectEPG3_5200_7000_7050.txt,IF_n300,other,0.17391304347826086,0.3041396555001621,0.0098230119569396,28,high-dim
107_UCR_Anomaly_NOISEinsectEPG3_5200_7000_7050.txt,IF_n50,other,-0.04347826086956519,0.3041396555001621,0.0098230119569396,28,high-dim
107_UCR_Anomaly_NOISEinsectEPG3_5200_7000_7050.txt,IForest,other,-0.08695652173913038,0.3041396555001621,0.0098230119569396,28,high-dim
107_UCR_Anomaly_NOISEinsectEPG3_5200_7000_7050.txt,KNN_k10,local,0.30434782608695654,0.3041396555001621,0.0098230119569396,28,high-dim
107_UCR_Anomaly_NOISEinsectEPG3_5200_7000_7050.txt,KNN_k100,local,-0.21739130434782608,0.3041396555001621,0.0098230119569396,28,high-dim
107_UCR_Anomaly_NOISEinsectEPG3_5200_7000_7050.txt,KNN_k20,local,0.26086956521739124,0.3041396555001621,0.0098230119569396,28,high-dim
107_UCR_Anomaly_NOISEinsectEPG3_5200_7000_7050.txt,KNN_k3,local,0.7391304347826086,0.3041396555001621,0.0098230119569396,28,high-dim
107_UCR_Anomaly_NOISEinsectEPG3_5200_7000_7050.txt,KNN_k50,local,0.21739130434782608,0.3041396555001621,0.0098230119569396,28,high-dim
107_UCR_Anomaly_NOISEinsectEPG3_5200_7000_7050.txt,LOF_k10,local,0.47826086956521735,0.3041396555001621,0.0098230119569396,28,high-dim
107_UCR_Anomaly_NOISEinsectEPG3_5200_7000_7050.txt,LOF_k100,local,-0.13043478260869568,0.3041396555001621,0.0098230119569396,28,high-dim
107_UCR_Anomaly_NOISEinsectEPG3_5200_7000_7050.txt,LOF_k20,local,0.6521739130434783,0.3041396555001621,0.0098230119569396,28,high-dim
107_UCR_Anomaly_NOISEinsectEPG3_5200_7000_7050.txt,LOF_k3,local,0.7391304347826088,0.3041396555001621,0.0098230119569396,28,high-dim
107_UCR_Anomaly_NOISEinsectEPG3_5200_7000_7050.txt,LOF_k50,local,0.43478260869565216,0.3041396555001621,0.0098230119569396,28,high-dim
107_UCR_Anomaly_NOISEinsectEPG3_5200_7000_7050.txt,PCA,global,-0.4347826086956522,0.3041396555001621,0.0098230119569396,28,high-dim
107_UCR_Anomaly_NOISEinsectEPG3_5200_7000_7050.txt,PCA_c0.3,global,-0.4347826086956522,0.3041396555001621,0.0098230119569396,28,high-dim
107_UCR_Anomaly_NOISEinsectEPG3_5200_7000_7050.txt,PCA_c0.9,global,-0.5217391304347826,0.3041396555001621,0.0098230119569396,28,high-dim
117_UCR_Anomaly_CIMIS44AirTemperature5_4000_4852_4900.txt,CBLOF,local,0.4782608695652174,0.294215724522008,0.0,28,high-dim
117_UCR_Anomaly_CIMIS44AirTemperature5_4000_4852_4900.txt,COPOD,global,-0.7608695652173914,0.294215724522008,0.0,28,high-dim
117_UCR_Anomaly_CIMIS44AirTemperature5_4000_4852_4900.txt,ECOD,global,-0.45652173913043476,0.294215724522008,0.0,28,high-dim
117_UCR_Anomaly_CIMIS44AirTemperature5_4000_4852_4900.txt,HBOS,global,-0.30434782608695654,0.294215724522008,0.0,28,high-dim
117_UCR_Anomaly_CIMIS44AirTemperature5_4000_4852_4900.txt,HBOS_b20,global,0.08695652173913038,0.294215724522008,0.0,28,high-dim
117_UCR_Anomaly_CIMIS44AirTemperature5_4000_4852_4900.txt,HBOS_b5,global,-0.391304347826087,0.294215724522008,0.0,28,high-dim
117_UCR_Anomaly_CIMIS44AirTemperature5_4000_4852_4900.txt,HBOS_b50,global,0.0434782608695653,0.294215724522008,0.0,28,high-dim
117_UCR_Anomaly_CIMIS44AirTemperature5_4000_4852_4900.txt,IF_n300,other,-0.4347826086956521,0.294215724522008,0.0,28,high-dim
117_UCR_Anomaly_CIMIS44AirTemperature5_4000_4852_4900.txt,IF_n50,other,-0.5652173913043479,0.294215724522008,0.0,28,high-dim
117_UCR_Anomaly_CIMIS44AirTemperature5_4000_4852_4900.txt,IForest,other,-0.4347826086956522,0.294215724522008,0.0,28,high-dim
117_UCR_Anomaly_CIMIS44AirTemperature5_4000_4852_4900.txt,KNN_k10,local,0.391304347826087,0.294215724522008,0.0,28,high-dim
117_UCR_Anomaly_CIMIS44AirTemperature5_4000_4852_4900.txt,KNN_k100,local,0.043478260869565216,0.294215724522008,0.0,28,high-dim
117_UCR_Anomaly_CIMIS44AirTemperature5_4000_4852_4900.txt,KNN_k20,local,0.3913043478260869,0.294215724522008,0.0,28,high-dim
117_UCR_Anomaly_CIMIS44AirTemperature5_4000_4852_4900.txt,KNN_k3,local,0.5217391304347826,0.294215724522008,0.0,28,high-dim
117_UCR_Anomaly_CIMIS44AirTemperature5_4000_4852_4900.txt,KNN_k50,local,0.17391304347826086,0.294215724522008,0.0,28,high-dim
117_UCR_Anomaly_CIMIS44AirTemperature5_4000_4852_4900.txt,LOF_k10,local,0.6521739130434783,0.294215724522008,0.0,28,high-dim
117_UCR_Anomaly_CIMIS44AirTemperature5_4000_4852_4900.txt,LOF_k100,local,0.08695652173913046,0.294215724522008,0.0,28,high-dim
117_UCR_Anomaly_CIMIS44AirTemperature5_4000_4852_4900.txt,LOF_k20,local,0.5217391304347826,0.294215724522008,0.0,28,high-dim
117_UCR_Anomaly_CIMIS44AirTemperature5_4000_4852_4900.txt,LOF_k3,local,0.9130434782608696,0.294215724522008,0.0,28,high-dim
117_UCR_Anomaly_CIMIS44AirTemperature5_4000_4852_4900.txt,LOF_k50,local,0.2608695652173913,0.294215724522008,0.0,28,high-dim
117_UCR_Anomaly_CIMIS44AirTemperature5_4000_4852_4900.txt,PCA,global,-0.39130434782608703,0.294215724522008,0.0,28,high-dim
117_UCR_Anomaly_CIMIS44AirTemperature5_4000_4852_4900.txt,PCA_c0.3,global,-0.3913043478260869,0.294215724522008,0.0,28,high-dim
117_UCR_Anomaly_CIMIS44AirTemperature5_4000_4852_4900.txt,PCA_c0.9,global,-0.43478260869565216,0.294215724522008,0.0,28,high-dim
121_UCR_Anomaly_ECG3_15000_16000_16100.txt,CBLOF,local,0.26086956521739124,0.5213291047454344,0.3901194697839662,28,high-dim
121_UCR_Anomaly_ECG3_15000_16000_16100.txt,COPOD,global,-0.06521739130434782,0.5213291047454344,0.3901194697839662,28,high-dim
121_UCR_Anomaly_ECG3_15000_16000_16100.txt,ECOD,global,0.021739130434782608,0.5213291047454344,0.3901194697839662,28,high-dim
121_UCR_Anomaly_ECG3_15000_16000_16100.txt,HBOS,global,-0.3478260869565218,0.5213291047454344,0.3901194697839662,28,high-dim
121_UCR_Anomaly_ECG3_15000_16000_16100.txt,HBOS_b20,global,-0.1739130434782608,0.5213291047454344,0.3901194697839662,28,high-dim
121_UCR_Anomaly_ECG3_15000_16000_16100.txt,HBOS_b5,global,-0.34782608695652173,0.5213291047454344,0.3901194697839662,28,high-dim
121_UCR_Anomaly_ECG3_15000_16000_16100.txt,HBOS_b50,global,-0.2173913043478261,0.5213291047454344,0.3901194697839662,28,high-dim
121_UCR_Anomaly_ECG3_15000_16000_16100.txt,IF_n300,other,0.21739130434782616,0.5213291047454344,0.3901194697839662,28,high-dim
121_UCR_Anomaly_ECG3_15000_16000_16100.txt,IF_n50,other,0.43478260869565216,0.5213291047454344,0.3901194697839662,28,high-dim
121_UCR_Anomaly_ECG3_15000_16000_16100.txt,IForest,other,0.47826086956521735,0.5213291047454344,0.3901194697839662,28,high-dim
121_UCR_Anomaly_ECG3_15000_16000_16100.txt,KNN_k10,local,0.04347826086956519,0.5213291047454344,0.3901194697839662,28,high-dim
121_UCR_Anomaly_ECG3_15000_16000_16100.txt,KNN_k100,local,0.3478260869565218,0.5213291047454344,0.3901194697839662,28,high-dim
121_UCR_Anomaly_ECG3_15000_16000_16100.txt,KNN_k20,local,0.0,0.5213291047454344,0.3901194697839662,28,high-dim
121_UCR_Anomaly_ECG3_15000_16000_16100.txt,KNN_k3,local,0.0,0.5213291047454344,0.3901194697839662,28,high-dim
121_UCR_Anomaly_ECG3_15000_16000_16100.txt,KNN_k50,local,0.26086956521739124,0.5213291047454344,0.3901194697839662,28,high-dim
121_UCR_Anomaly_ECG3_15000_16000_16100.txt,LOF_k10,local,-0.17391304347826086,0.5213291047454344,0.3901194697839662,28,high-dim
121_UCR_Anomaly_ECG3_15000_16000_16100.txt,LOF_k100,local,-0.30434782608695654,0.5213291047454344,0.3901194697839662,28,high-dim
121_UCR_Anomaly_ECG3_15000_16000_16100.txt,LOF_k20,local,-0.5217391304347826,0.5213291047454344,0.3901194697839662,28,high-dim
121_UCR_Anomaly_ECG3_15000_16000_16100.txt,LOF_k3,local,0.391304347826087,0.5213291047454344,0.3901194697839662,28,high-dim
121_UCR_Anomaly_ECG3_15000_16000_16100.txt,LOF_k50,local,-0.21739130434782605,0.5213291047454344,0.3901194697839662,28,high-dim
121_UCR_Anomaly_ECG3_15000_16000_16100.txt,PCA,global,0.0,0.5213291047454344,0.3901194697839662,28,high-dim
121_UCR_Anomaly_ECG3_15000_16000_16100.txt,PCA_c0.3,global,-0.21739130434782608,0.5213291047454344,0.3901194697839662,28,high-dim
121_UCR_Anomaly_ECG3_15000_16000_16100.txt,PCA_c0.9,global,0.13043478260869568,0.5213291047454344,0.3901194697839662,28,high-dim
122_UCR_Anomaly_ECG3_8000_17000_17100.txt,CBLOF,local,0.17391304347826086,0.5213291047454344,0.3901194697839662,28,high-dim
122_UCR_Anomaly_ECG3_8000_17000_17100.txt,COPOD,global,0.021739130434782608,0.5213291047454344,0.3901194697839662,28,high-dim
122_UCR_Anomaly_ECG3_8000_17000_17100.txt,ECOD,global,-0.10869565217391304,0.5213291047454344,0.3901194697839662,28,high-dim
122_UCR_Anomaly_ECG3_8000_17000_17100.txt,HBOS,global,-0.08695652173913043,0.5213291047454344,0.3901194697839662,28,high-dim
122_UCR_Anomaly_ECG3_8000_17000_17100.txt,HBOS_b20,global,0.04347826086956519,0.5213291047454344,0.3901194697839662,28,high-dim
122_UCR_Anomaly_ECG3_8000_17000_17100.txt,HBOS_b5,global,-0.08695652173913043,0.5213291047454344,0.3901194697839662,28,high-dim
122_UCR_Anomaly_ECG3_8000_17000_17100.txt,HBOS_b50,global,0.04347826086956519,0.5213291047454344,0.3901194697839662,28,high-dim
122_UCR_Anomaly_ECG3_8000_17000_17100.txt,IF_n300,other,0.4347826086956522,0.5213291047454344,0.3901194697839662,28,high-dim
122_UCR_Anomaly_ECG3_8000_17000_17100.txt,IF_n50,other,0.391304347826087,0.5213291047454344,0.3901194697839662,28,high-dim
122_UCR_Anomaly_ECG3_8000_17000_17100.txt,IForest,other,0.26086956521739124,0.5213291047454344,0.3901194697839662,28,high-dim
122_UCR_Anomaly_ECG3_8000_17000_17100.txt,KNN_k10,local,0.04347826086956519,0.5213291047454344,0.3901194697839662,28,high-dim
122_UCR_Anomaly_ECG3_8000_17000_17100.txt,KNN_k100,local,0.0,0.5213291047454344,0.3901194697839662,28,high-dim
122_UCR_Anomaly_ECG3_8000_17000_17100.txt,KNN_k20,local,0.0,0.5213291047454344,0.3901194697839662,28,high-dim
122_UCR_Anomaly_ECG3_8000_17000_17100.txt,KNN_k3,local,0.0,0.5213291047454344,0.3901194697839662,28,high-dim
122_UCR_Anomaly_ECG3_8000_17000_17100.txt,KNN_k50,local,0.13043478260869557,0.5213291047454344,0.3901194697839662,28,high-dim
122_UCR_Anomaly_ECG3_8000_17000_17100.txt,LOF_k10,local,-0.26086956521739124,0.5213291047454344,0.3901194697839662,28,high-dim
122_UCR_Anomaly_ECG3_8000_17000_17100.txt,LOF_k100,local,-0.26086956521739124,0.5213291047454344,0.3901194697839662,28,high-dim
122_UCR_Anomaly_ECG3_8000_17000_17100.txt,LOF_k20,local,-0.5652173913043479,0.5213291047454344,0.3901194697839662,28,high-dim
122_UCR_Anomaly_ECG3_8000_17000_17100.txt,LOF_k3,local,-0.17391304347826086,0.5213291047454344,0.3901194697839662,28,high-dim
122_UCR_Anomaly_ECG3_8000_17000_17100.txt,LOF_k50,local,-0.21739130434782605,0.5213291047454344,0.3901194697839662,28,high-dim
122_UCR_Anomaly_ECG3_8000_17000_17100.txt,PCA,global,0.08695652173913043,0.5213291047454344,0.3901194697839662,28,high-dim
122_UCR_Anomaly_ECG3_8000_17000_17100.txt,PCA_c0.3,global,-0.08695652173913043,0.5213291047454344,0.3901194697839662,28,high-dim
122_UCR_Anomaly_ECG3_8000_17000_17100.txt,PCA_c0.9,global,0.2173913043478261,0.5213291047454344,0.3901194697839662,28,high-dim
151_UCR_Anomaly_MesoplodonDensirostris_10000_19280_19440.txt,CBLOF,local,-0.2608695652173913,0.417343290404881,0.1182280612837104,28,high-dim
151_UCR_Anomaly_MesoplodonDensirostris_10000_19280_19440.txt,COPOD,global,-0.30434782608695654,0.417343290404881,0.1182280612837104,28,high-dim
151_UCR_Anomaly_MesoplodonDensirostris_10000_19280_19440.txt,ECOD,global,-0.34782608695652173,0.417343290404881,0.1182280612837104,28,high-dim
151_UCR_Anomaly_MesoplodonDensirostris_10000_19280_19440.txt,HBOS,global,0.4782608695652174,0.417343290404881,0.1182280612837104,28,high-dim
151_UCR_Anomaly_MesoplodonDensirostris_10000_19280_19440.txt,HBOS_b20,global,0.39130434782608703,0.417343290404881,0.1182280612837104,28,high-dim
151_UCR_Anomaly_MesoplodonDensirostris_10000_19280_19440.txt,HBOS_b5,global,0.2608695652173913,0.417343290404881,0.1182280612837104,28,high-dim
151_UCR_Anomaly_MesoplodonDensirostris_10000_19280_19440.txt,HBOS_b50,global,0.4347826086956521,0.417343290404881,0.1182280612837104,28,high-dim
151_UCR_Anomaly_MesoplodonDensirostris_10000_19280_19440.txt,IF_n300,other,0.39130434782608703,0.417343290404881,0.1182280612837104,28,high-dim
151_UCR_Anomaly_MesoplodonDensirostris_10000_19280_19440.txt,IF_n50,other,0.4782608695652174,0.417343290404881,0.1182280612837104,28,high-dim
151_UCR_Anomaly_MesoplodonDensirostris_10000_19280_19440.txt,IForest,other,0.4347826086956521,0.417343290404881,0.1182280612837104,28,high-dim
151_UCR_Anomaly_MesoplodonDensirostris_10000_19280_19440.txt,KNN_k10,local,-0.04347826086956519,0.417343290404881,0.1182280612837104,28,high-dim
151_UCR_Anomaly_MesoplodonDensirostris_10000_19280_19440.txt,KNN_k100,local,-0.47826086956521735,0.417343290404881,0.1182280612837104,28,high-dim
151_UCR_Anomaly_MesoplodonDensirostris_10000_19280_19440.txt,KNN_k20,local,-0.04347826086956519,0.417343290404881,0.1182280612837104,28,high-dim
151_UCR_Anomaly_MesoplodonDensirostris_10000_19280_19440.txt,KNN_k3,local,-0.08695652173913049,0.417343290404881,0.1182280612837104,28,high-dim
151_UCR_Anomaly_MesoplodonDensirostris_10000_19280_19440.txt,KNN_k50,local,-0.3478260869565218,0.417343290404881,0.1182280612837104,28,high-dim
151_UCR_Anomaly_MesoplodonDensirostris_10000_19280_19440.txt,LOF_k10,local,-0.13043478260869568,0.417343290404881,0.1182280612837104,28,high-dim
151_UCR_Anomaly_MesoplodonDensirostris_10000_19280_19440.txt,LOF_k100,local,-0.30434782608695654,0.417343290404881,0.1182280612837104,28,high-dim
151_UCR_Anomaly_MesoplodonDensirostris_10000_19280_19440.txt,LOF_k20,local,-0.04347826086956519,0.417343290404881,0.1182280612837104,28,high-dim
151_UCR_Anomaly_MesoplodonDensirostris_10000_19280_19440.txt,LOF_k3,local,-0.26086956521739135,0.417343290404881,0.1182280612837104,28,high-dim
151_UCR_Anomaly_MesoplodonDensirostris_10000_19280_19440.txt,LOF_k50,local,-0.34782608695652173,0.417343290404881,0.1182280612837104,28,high-dim
151_UCR_Anomaly_MesoplodonDensirostris_10000_19280_19440.txt,PCA,global,0.043478260869565216,0.417343290404881,0.1182280612837104,28,high-dim
151_UCR_Anomaly_MesoplodonDensirostris_10000_19280_19440.txt,PCA_c0.3,global,-0.08695652173913043,0.417343290404881,0.1182280612837104,28,high-dim
151_UCR_Anomaly_MesoplodonDensirostris_10000_19280_19440.txt,PCA_c0.9,global,0.1739130434782609,0.417343290404881,0.1182280612837104,28,high-dim
157_UCR_Anomaly_TkeepFirstMARS_3500_5365_5380.txt,CBLOF,local,0.17391304347826086,0.482408464846032,0.4522826592706089,28,high-dim
157_UCR_Anomaly_TkeepFirstMARS_3500_5365_5380.txt,COPOD,global,-0.2826086956521739,0.482408464846032,0.4522826592706089,28,high-dim
157_UCR_Anomaly_TkeepFirstMARS_3500_5365_5380.txt,ECOD,global,-0.15217391304347827,0.482408464846032,0.4522826592706089,28,high-dim
157_UCR_Anomaly_TkeepFirstMARS_3500_5365_5380.txt,HBOS,global,-0.0434782608695653,0.482408464846032,0.4522826592706089,28,high-dim
157_UCR_Anomaly_TkeepFirstMARS_3500_5365_5380.txt,HBOS_b20,global,0.08695652173913049,0.482408464846032,0.4522826592706089,28,high-dim
157_UCR_Anomaly_TkeepFirstMARS_3500_5365_5380.txt,HBOS_b5,global,-0.08695652173913038,0.482408464846032,0.4522826592706089,28,high-dim
157_UCR_Anomaly_TkeepFirstMARS_3500_5365_5380.txt,HBOS_b50,global,0.17391304347826086,0.482408464846032,0.4522826592706089,28,high-dim
157_UCR_Anomaly_TkeepFirstMARS_3500_5365_5380.txt,IF_n300,other,0.30434782608695643,0.482408464846032,0.4522826592706089,28,high-dim
157_UCR_Anomaly_TkeepFirstMARS_3500_5365_5380.txt,IF_n50,other,0.26086956521739135,0.482408464846032,0.4522826592706089,28,high-dim
157_UCR_Anomaly_TkeepFirstMARS_3500_5365_5380.txt,IForest,other,0.26086956521739135,0.482408464846032,0.4522826592706089,28,high-dim
157_UCR_Anomaly_TkeepFirstMARS_3500_5365_5380.txt,KNN_k10,local,0.3913043478260869,0.482408464846032,0.4522826592706089,28,high-dim
157_UCR_Anomaly_TkeepFirstMARS_3500_5365_5380.txt,KNN_k100,local,0.17391304347826086,0.482408464846032,0.4522826592706089,28,high-dim
157_UCR_Anomaly_TkeepFirstMARS_3500_5365_5380.txt,KNN_k20,local,0.13043478260869568,0.482408464846032,0.4522826592706089,28,high-dim
157_UCR_Anomaly_TkeepFirstMARS_3500_5365_5380.txt,KNN_k3,local,0.17391304347826086,0.482408464846032,0.4522826592706089,28,high-dim
157_UCR_Anomaly_TkeepFirstMARS_3500_5365_5380.txt,KNN_k50,local,0.13043478260869565,0.482408464846032,0.4522826592706089,28,high-dim
157_UCR_Anomaly_TkeepFirstMARS_3500_5365_5380.txt,LOF_k10,local,-0.6956521739130435,0.482408464846032,0.4522826592706089,28,high-dim
157_UCR_Anomaly_TkeepFirstMARS_3500_5365_5380.txt,LOF_k100,local,0.043478260869565216,0.482408464846032,0.4522826592706089,28,high-dim
157_UCR_Anomaly_TkeepFirstMARS_3500_5365_5380.txt,LOF_k20,local,-0.30434782608695643,0.482408464846032,0.4522826592706089,28,high-dim
157_UCR_Anomaly_TkeepFirstMARS_3500_5365_5380.txt,LOF_k3,local,-0.39130434782608703,0.482408464846032,0.4522826592706089,28,high-dim
157_UCR_Anomaly_TkeepFirstMARS_3500_5365_5380.txt,LOF_k50,local,-0.4782608695652174,0.482408464846032,0.4522826592706089,28,high-dim
157_UCR_Anomaly_TkeepFirstMARS_3500_5365_5380.txt,PCA,global,0.04347826086956519,0.482408464846032,0.4522826592706089,28,high-dim
157_UCR_Anomaly_TkeepFirstMARS_3500_5365_5380.txt,PCA_c0.3,global,0.04347826086956519,0.482408464846032,0.4522826592706089,28,high-dim
157_UCR_Anomaly_TkeepFirstMARS_3500_5365_5380.txt,PCA_c0.9,global,0.04347826086956519,0.482408464846032,0.4522826592706089,28,high-dim
160_UCR_Anomaly_TkeepThirdMARS_3500_4711_4809.txt,CBLOF,local,-0.3913043478260869,0.4853393021560066,0.4541041430497729,28,high-dim
160_UCR_Anomaly_TkeepThirdMARS_3500_4711_4809.txt,COPOD,global,-0.06521739130434782,0.4853393021560066,0.4541041430497729,28,high-dim
160_UCR_Anomaly_TkeepThirdMARS_3500_4711_4809.txt,ECOD,global,-0.5869565217391305,0.4853393021560066,0.4541041430497729,28,high-dim
160_UCR_Anomaly_TkeepThirdMARS_3500_4711_4809.txt,HBOS,global,0.5652173913043479,0.4853393021560066,0.4541041430497729,28,high-dim
160_UCR_Anomaly_TkeepThirdMARS_3500_4711_4809.txt,HBOS_b20,global,0.6086956521739131,0.4853393021560066,0.4541041430497729,28,high-dim
160_UCR_Anomaly_TkeepThirdMARS_3500_4711_4809.txt,HBOS_b5,global,0.5217391304347826,0.4853393021560066,0.4541041430497729,28,high-dim
160_UCR_Anomaly_TkeepThirdMARS_3500_4711_4809.txt,HBOS_b50,global,0.6086956521739131,0.4853393021560066,0.4541041430497729,28,high-dim
160_UCR_Anomaly_TkeepThirdMARS_3500_4711_4809.txt,IF_n300,other,0.3913043478260869,0.4853393021560066,0.4541041430497729,28,high-dim
160_UCR_Anomaly_TkeepThirdMARS_3500_4711_4809.txt,IF_n50,other,0.21739130434782605,0.4853393021560066,0.4541041430497729,28,high-dim
160_UCR_Anomaly_TkeepThirdMARS_3500_4711_4809.txt,IForest,other,0.26086956521739135,0.4853393021560066,0.4541041430497729,28,high-dim
160_UCR_Anomaly_TkeepThirdMARS_3500_4711_4809.txt,KNN_k10,local,-0.13043478260869568,0.4853393021560066,0.4541041430497729,28,high-dim
160_UCR_Anomaly_TkeepThirdMARS_3500_4711_4809.txt,KNN_k100,local,0.17391304347826086,0.4853393021560066,0.4541041430497729,28,high-dim
160_UCR_Anomaly_TkeepThirdMARS_3500_4711_4809.txt,KNN_k20,local,-0.043478260869565244,0.4853393021560066,0.4541041430497729,28,high-dim
160_UCR_Anomaly_TkeepThirdMARS_3500_4711_4809.txt,KNN_k3,local,0.04347826086956519,0.4853393021560066,0.4541041430497729,28,high-dim
160_UCR_Anomaly_TkeepThirdMARS_3500_4711_4809.txt,KNN_k50,local,0.17391304347826086,0.4853393021560066,0.4541041430497729,28,high-dim
160_UCR_Anomaly_TkeepThirdMARS_3500_4711_4809.txt,LOF_k10,local,-0.5652173913043479,0.4853393021560066,0.4541041430497729,28,high-dim
160_UCR_Anomaly_TkeepThirdMARS_3500_4711_4809.txt,LOF_k100,local,-0.608695652173913,0.4853393021560066,0.4541041430497729,28,high-dim
160_UCR_Anomaly_TkeepThirdMARS_3500_4711_4809.txt,LOF_k20,local,-0.34782608695652173,0.4853393021560066,0.4541041430497729,28,high-dim
160_UCR_Anomaly_TkeepThirdMARS_3500_4711_4809.txt,LOF_k3,local,-0.3913043478260869,0.4853393021560066,0.4541041430497729,28,high-dim
160_UCR_Anomaly_TkeepThirdMARS_3500_4711_4809.txt,LOF_k50,local,-0.6521739130434783,0.4853393021560066,0.4541041430497729,28,high-dim
160_UCR_Anomaly_TkeepThirdMARS_3500_4711_4809.txt,PCA,global,0.043478260869565244,0.4853393021560066,0.4541041430497729,28,high-dim
160_UCR_Anomaly_TkeepThirdMARS_3500_4711_4809.txt,PCA_c0.3,global,0.043478260869565244,0.4853393021560066,0.4541041430497729,28,high-dim
160_UCR_Anomaly_TkeepThirdMARS_3500_4711_4809.txt,PCA_c0.9,global,0.13043478260869562,0.4853393021560066,0.4541041430497729,28,high-dim
166_UCR_Anomaly_apneaecg_10000_12240_12308.txt,CBLOF,local,0.0,0.5881344439225771,0.4556763035297869,28,high-dim
166_UCR_Anomaly_apneaecg_10000_12240_12308.txt,COPOD,global,-0.06521739130434782,0.5881344439225771,0.4556763035297869,28,high-dim
166_UCR_Anomaly_apneaecg_10000_12240_12308.txt,ECOD,global,0.021739130434782608,0.5881344439225771,0.4556763035297869,28,high-dim
166_UCR_Anomaly_apneaecg_10000_12240_12308.txt,HBOS,global,-0.1739130434782608,0.5881344439225771,0.4556763035297869,28,high-dim
166_UCR_Anomaly_apneaecg_10000_12240_12308.txt,HBOS_b20,global,-0.04347826086956519,0.5881344439225771,0.4556763035297869,28,high-dim
166_UCR_Anomaly_apneaecg_10000_12240_12308.txt,HBOS_b5,global,0.0,0.5881344439225771,0.4556763035297869,28,high-dim
166_UCR_Anomaly_apneaecg_10000_12240_12308.txt,HBOS_b50,global,0.3043478260869565,0.5881344439225771,0.4556763035297869,28,high-dim
166_UCR_Anomaly_apneaecg_10000_12240_12308.txt,IF_n300,other,0.5652173913043479,0.5881344439225771,0.4556763035297869,28,high-dim
166_UCR_Anomaly_apneaecg_10000_12240_12308.txt,IF_n50,other,0.2608695652173913,0.5881344439225771,0.4556763035297869,28,high-dim
166_UCR_Anomaly_apneaecg_10000_12240_12308.txt,IForest,other,0.4782608695652174,0.5881344439225771,0.4556763035297869,28,high-dim
166_UCR_Anomaly_apneaecg_10000_12240_12308.txt,KNN_k10,local,0.17391304347826086,0.5881344439225771,0.4556763035297869,28,high-dim
166_UCR_Anomaly_apneaecg_10000_12240_12308.txt,KNN_k100,local,0.08695652173913038,0.5881344439225771,0.4556763035297869,28,high-dim
166_UCR_Anomaly_apneaecg_10000_12240_12308.txt,KNN_k20,local,0.21739130434782605,0.5881344439225771,0.4556763035297869,28,high-dim
166_UCR_Anomaly_apneaecg_10000_12240_12308.txt,KNN_k3,local,0.0,0.5881344439225771,0.4556763035297869,28,high-dim
166_UCR_Anomaly_apneaecg_10000_12240_12308.txt,KNN_k50,local,0.26086956521739124,0.5881344439225771,0.4556763035297869,28,high-dim
166_UCR_Anomaly_apneaecg_10000_12240_12308.txt,LOF_k10,local,-0.5217391304347827,0.5881344439225771,0.4556763035297869,28,high-dim
166_UCR_Anomaly_apneaecg_10000_12240_12308.txt,LOF_k100,local,-0.47826086956521735,0.5881344439225771,0.4556763035297869,28,high-dim
166_UCR_Anomaly_apneaecg_10000_12240_12308.txt,LOF_k20,local,-0.3913043478260869,0.5881344439225771,0.4556763035297869,28,high-dim
166_UCR_Anomaly_apneaecg_10000_12240_12308.txt,LOF_k3,local,-0.21739130434782605,0.5881344439225771,0.4556763035297869,28,high-dim
166_UCR_Anomaly_apneaecg_10000_12240_12308.txt,LOF_k50,local,-0.5217391304347826,0.5881344439225771,0.4556763035297869,28,high-dim
166_UCR_Anomaly_apneaecg_10000_12240_12308.txt,PCA,global,0.0,0.5881344439225771,0.4556763035297869,28,high-dim
166_UCR_Anomaly_apneaecg_10000_12240_12308.txt,PCA_c0.3,global,0.0,0.5881344439225771,0.4556763035297869,28,high-dim
166_UCR_Anomaly_apneaecg_10000_12240_12308.txt,PCA_c0.9,global,0.043478260869565216,0.5881344439225771,0.4556763035297869,28,high-dim
167_UCR_Anomaly_gait1_20000_38500_38800.txt,CBLOF,local,-0.2608695652173913,0.5485236683440948,0.5970627063017554,28,high-dim
167_UCR_Anomaly_gait1_20000_38500_38800.txt,COPOD,global,-0.3695652173913043,0.5485236683440948,0.5970627063017554,28,high-dim
167_UCR_Anomaly_gait1_20000_38500_38800.txt,ECOD,global,-0.5434782608695653,0.5485236683440948,0.5970627063017554,28,high-dim
167_UCR_Anomaly_gait1_20000_38500_38800.txt,HBOS,global,0.17391304347826086,0.5485236683440948,0.5970627063017554,28,high-dim
167_UCR_Anomaly_gait1_20000_38500_38800.txt,HBOS_b20,global,0.26086956521739135,0.5485236683440948,0.5970627063017554,28,high-dim
167_UCR_Anomaly_gait1_20000_38500_38800.txt,HBOS_b5,global,0.26086956521739135,0.5485236683440948,0.5970627063017554,28,high-dim
167_UCR_Anomaly_gait1_20000_38500_38800.txt,HBOS_b50,global,0.26086956521739124,0.5485236683440948,0.5970627063017554,28,high-dim
167_UCR_Anomaly_gait1_20000_38500_38800.txt,IF_n300,other,0.26086956521739124,0.5485236683440948,0.5970627063017554,28,high-dim
167_UCR_Anomaly_gait1_20000_38500_38800.txt,IF_n50,other,0.0434782608695653,0.5485236683440948,0.5970627063017554,28,high-dim
167_UCR_Anomaly_gait1_20000_38500_38800.txt,IForest,other,0.2608695652173913,0.5485236683440948,0.5970627063017554,28,high-dim
167_UCR_Anomaly_gait1_20000_38500_38800.txt,KNN_k10,local,0.17391304347826086,0.5485236683440948,0.5970627063017554,28,high-dim
167_UCR_Anomaly_gait1_20000_38500_38800.txt,KNN_k100,local,-0.17391304347826086,0.5485236683440948,0.5970627063017554,28,high-dim
167_UCR_Anomaly_gait1_20000_38500_38800.txt,KNN_k20,local,0.08695652173913038,0.5485236683440948,0.5970627063017554,28,high-dim
167_UCR_Anomaly_gait1_20000_38500_38800.txt,KNN_k3,local,0.13043478260869568,0.5485236683440948,0.5970627063017554,28,high-dim
167_UCR_Anomaly_gait1_20000_38500_38800.txt,KNN_k50,local,0.08695652173913049,0.5485236683440948,0.5970627063017554,28,high-dim
167_UCR_Anomaly_gait1_20000_38500_38800.txt,LOF_k10,local,-0.13043478260869568,0.5485236683440948,0.5970627063017554,28,high-dim
167_UCR_Anomaly_gait1_20000_38500_38800.txt,LOF_k100,local,-0.5217391304347826,0.5485236683440948,0.5970627063017554,28,high-dim
167_UCR_Anomaly_gait1_20000_38500_38800.txt,LOF_k20,local,-0.21739130434782605,0.5485236683440948,0.5970627063017554,28,high-dim
167_UCR_Anomaly_gait1_20000_38500_38800.txt,LOF_k3,local,-0.13043478260869568,0.5485236683440948,0.5970627063017554,28,high-dim
167_UCR_Anomaly_gait1_20000_38500_38800.txt,LOF_k50,local,-0.5217391304347826,0.5485236683440948,0.5970627063017554,28,high-dim
167_UCR_Anomaly_gait1_20000_38500_38800.txt,PCA,global,0.26086956521739135,0.5485236683440948,0.5970627063017554,28,high-dim
167_UCR_Anomaly_gait1_20000_38500_38800.txt,PCA_c0.3,global,0.17391304347826086,0.5485236683440948,0.5970627063017554,28,high-dim
167_UCR_Anomaly_gait1_20000_38500_38800.txt,PCA_c0.9,global,0.43478260869565216,0.5485236683440948,0.5970627063017554,28,high-dim
168_UCR_Anomaly_gait2_22000_46500_46800.txt,CBLOF,local,-0.17391304347826086,0.55331799751765,0.5351854119448525,28,high-dim
168_UCR_Anomaly_gait2_22000_46500_46800.txt,COPOD,global,-0.2826086956521739,0.55331799751765,0.5351854119448525,28,high-dim
168_UCR_Anomaly_gait2_22000_46500_46800.txt,ECOD,global,-0.32608695652173914,0.55331799751765,0.5351854119448525,28,high-dim
168_UCR_Anomaly_gait2_22000_46500_46800.txt,HBOS,global,0.13043478260869565,0.55331799751765,0.5351854119448525,28,high-dim
168_UCR_Anomaly_gait2_22000_46500_46800.txt,HBOS_b20,global,0.26086956521739135,0.55331799751765,0.5351854119448525,28,high-dim
168_UCR_Anomaly_gait2_22000_46500_46800.txt,HBOS_b5,global,0.26086956521739135,0.55331799751765,0.5351854119448525,28,high-dim
168_UCR_Anomaly_gait2_22000_46500_46800.txt,HBOS_b50,global,0.3913043478260869,0.55331799751765,0.5351854119448525,28,high-dim
168_UCR_Anomaly_gait2_22000_46500_46800.txt,IF_n300,other,0.21739130434782605,0.55331799751765,0.5351854119448525,28,high-dim
168_UCR_Anomaly_gait2_22000_46500_46800.txt,IF_n50,other,0.0434782608695653,0.55331799751765,0.5351854119448525,28,high-dim
168_UCR_Anomaly_gait2_22000_46500_46800.txt,IForest,other,0.13043478260869568,0.55331799751765,0.5351854119448525,28,high-dim
168_UCR_Anomaly_gait2_22000_46500_46800.txt,KNN_k10,local,0.15217391304347827,0.55331799751765,0.5351854119448525,28,high-dim
168_UCR_Anomaly_gait2_22000_46500_46800.txt,KNN_k100,local,-0.4347826086956522,0.55331799751765,0.5351854119448525,28,high-dim
168_UCR_Anomaly_gait2_22000_46500_46800.txt,KNN_k20,local,0.08695652173913038,0.55331799751765,0.5351854119448525,28,high-dim
168_UCR_Anomaly_gait2_22000_46500_46800.txt,KNN_k3,local,0.10869565217391308,0.55331799751765,0.5351854119448525,28,high-dim
168_UCR_Anomaly_gait2_22000_46500_46800.txt,KNN_k50,local,0.0434782608695653,0.55331799751765,0.5351854119448525,28,high-dim
168_UCR_Anomaly_gait2_22000_46500_46800.txt,LOF_k10,local,-0.08695652173913049,0.55331799751765,0.5351854119448525,28,high-dim
168_UCR_Anomaly_gait2_22000_46500_46800.txt,LOF_k100,local,-0.5217391304347826,0.55331799751765,0.5351854119448525,28,high-dim
168_UCR_Anomaly_gait2_22000_46500_46800.txt,LOF_k20,local,-0.21739130434782616,0.55331799751765,0.5351854119448525,28,high-dim
168_UCR_Anomaly_gait2_22000_46500_46800.txt,LOF_k3,local,-0.08695652173913038,0.55331799751765,0.5351854119448525,28,high-dim
168_UCR_Anomaly_gait2_22000_46500_46800.txt,LOF_k50,local,-0.4782608695652174,0.55331799751765,0.5351854119448525,28,high-dim
168_UCR_Anomaly_gait2_22000_46500_46800.txt,PCA,global,0.17391304347826086,0.55331799751765,0.5351854119448525,28,high-dim
168_UCR_Anomaly_gait2_22000_46500_46800.txt,PCA_c0.3,global,0.17391304347826086,0.55331799751765,0.5351854119448525,28,high-dim
168_UCR_Anomaly_gait2_22000_46500_46800.txt,PCA_c0.9,global,0.43478260869565216,0.55331799751765,0.5351854119448525,28,high-dim
170_UCR_Anomaly_gaitHunt1_18500_33070_33180.txt,CBLOF,local,0.391304347826087,0.4451894966278545,0.4006761905788565,28,high-dim
170_UCR_Anomaly_gaitHunt1_18500_33070_33180.txt,COPOD,global,-0.2826086956521739,0.4451894966278545,0.4006761905788565,28,high-dim
170_UCR_Anomaly_gaitHunt1_18500_33070_33180.txt,ECOD,global,-0.06521739130434782,0.4451894966278545,0.4006761905788565,28,high-dim
170_UCR_Anomaly_gaitHunt1_18500_33070_33180.txt,HBOS,global,-0.30434782608695654,0.4451894966278545,0.4006761905788565,28,high-dim
170_UCR_Anomaly_gaitHunt1_18500_33070_33180.txt,HBOS_b20,global,-0.13043478260869568,0.4451894966278545,0.4006761905788565,28,high-dim
170_UCR_Anomaly_gaitHunt1_18500_33070_33180.txt,HBOS_b5,global,-0.13043478260869568,0.4451894966278545,0.4006761905788565,28,high-dim
170_UCR_Anomaly_gaitHunt1_18500_33070_33180.txt,HBOS_b50,global,0.08695652173913043,0.4451894966278545,0.4006761905788565,28,high-dim
170_UCR_Anomaly_gaitHunt1_18500_33070_33180.txt,IF_n300,other,0.04347826086956519,0.4451894966278545,0.4006761905788565,28,high-dim
170_UCR_Anomaly_gaitHunt1_18500_33070_33180.txt,IF_n50,other,-0.04347826086956519,0.4451894966278545,0.4006761905788565,28,high-dim
170_UCR_Anomaly_gaitHunt1_18500_33070_33180.txt,IForest,other,-0.08695652173913049,0.4451894966278545,0.4006761905788565,28,high-dim
170_UCR_Anomaly_gaitHunt1_18500_33070_33180.txt,KNN_k10,local,0.08695652173913049,0.4451894966278545,0.4006761905788565,28,high-dim
170_UCR_Anomaly_gaitHunt1_18500_33070_33180.txt,KNN_k100,local,0.5217391304347826,0.4451894966278545,0.4006761905788565,28,high-dim
170_UCR_Anomaly_gaitHunt1_18500_33070_33180.txt,KNN_k20,local,0.17391304347826086,0.4451894966278545,0.4006761905788565,28,high-dim
170_UCR_Anomaly_gaitHunt1_18500_33070_33180.txt,KNN_k3,local,0.08695652173913049,0.4451894966278545,0.4006761905788565,28,high-dim
170_UCR_Anomaly_gaitHunt1_18500_33070_33180.txt,KNN_k50,local,0.5652173913043479,0.4451894966278545,0.4006761905788565,28,high-dim
170_UCR_Anomaly_gaitHunt1_18500_33070_33180.txt,LOF_k10,local,-0.08695652173913049,0.4451894966278545,0.4006761905788565,28,high-dim
170_UCR_Anomaly_gaitHunt1_18500_33070_33180.txt,LOF_k100,local,-0.34782608695652173,0.4451894966278545,0.4006761905788565,28,high-dim
170_UCR_Anomaly_gaitHunt1_18500_33070_33180.txt,LOF_k20,local,0.0,0.4451894966278545,0.4006761905788565,28,high-dim
170_UCR_Anomaly_gaitHunt1_18500_33070_33180.txt,LOF_k3,local,-0.34782608695652173,0.4451894966278545,0.4006761905788565,28,high-dim
170_UCR_Anomaly_gaitHunt1_18500_33070_33180.txt,LOF_k50,local,-0.17391304347826092,0.4451894966278545,0.4006761905788565,28,high-dim
170_UCR_Anomaly_gaitHunt1_18500_33070_33180.txt,PCA,global,0.08695652173913043,0.4451894966278545,0.4006761905788565,28,high-dim
170_UCR_Anomaly_gaitHunt1_18500_33070_33180.txt,PCA_c0.3,global,0.13043478260869568,0.4451894966278545,0.4006761905788565,28,high-dim
170_UCR_Anomaly_gaitHunt1_18500_33070_33180.txt,PCA_c0.9,global,-0.1739130434782608,0.4451894966278545,0.4006761905788565,28,high-dim
171_UCR_Anomaly_gaitHunt2_18500_31200_31850.txt,CBLOF,local,0.0,0.4547504950210277,0.4155707446047859,28,high-dim
171_UCR_Anomaly_gaitHunt2_18500_31200_31850.txt,COPOD,global,-0.19565217391304346,0.4547504950210277,0.4155707446047859,28,high-dim
171_UCR_Anomaly_gaitHunt2_18500_31200_31850.txt,ECOD,global,-0.41304347826086957,0.4547504950210277,0.4155707446047859,28,high-dim
171_UCR_Anomaly_gaitHunt2_18500_31200_31850.txt,HBOS,global,0.08695652173913043,0.4547504950210277,0.4155707446047859,28,high-dim
171_UCR_Anomaly_gaitHunt2_18500_31200_31850.txt,HBOS_b20,global,0.21739130434782608,0.4547504950210277,0.4155707446047859,28,high-dim
171_UCR_Anomaly_gaitHunt2_18500_31200_31850.txt,HBOS_b5,global,0.08695652173913043,0.4547504950210277,0.4155707446047859,28,high-dim
171_UCR_Anomaly_gaitHunt2_18500_31200_31850.txt,HBOS_b50,global,0.4782608695652174,0.4547504950210277,0.4155707446047859,28,high-dim
171_UCR_Anomaly_gaitHunt2_18500_31200_31850.txt,IF_n300,other,0.04347826086956519,0.4547504950210277,0.4155707446047859,28,high-dim
171_UCR_Anomaly_gaitHunt2_18500_31200_31850.txt,IF_n50,other,-0.04347826086956519,0.4547504950210277,0.4155707446047859,28,high-dim
171_UCR_Anomaly_gaitHunt2_18500_31200_31850.txt,IForest,other,0.08695652173913038,0.4547504950210277,0.4155707446047859,28,high-dim
171_UCR_Anomaly_gaitHunt2_18500_31200_31850.txt,KNN_k10,local,0.13043478260869568,0.4547504950210277,0.4155707446047859,28,high-dim
171_UCR_Anomaly_gaitHunt2_18500_31200_31850.txt,KNN_k100,local,0.30434782608695654,0.4547504950210277,0.4155707446047859,28,high-dim
171_UCR_Anomaly_gaitHunt2_18500_31200_31850.txt,KNN_k20,local,0.08695652173913038,0.4547504950210277,0.4155707446047859,28,high-dim
171_UCR_Anomaly_gaitHunt2_18500_31200_31850.txt,KNN_k3,local,0.08695652173913049,0.4547504950210277,0.4155707446047859,28,high-dim
171_UCR_Anomaly_gaitHunt2_18500_31200_31850.txt,KNN_k50,local,0.21739130434782616,0.4547504950210277,0.4155707446047859,28,high-dim
171_UCR_Anomaly_gaitHunt2_18500_31200_31850.txt,LOF_k10,local,-0.08695652173913049,0.4547504950210277,0.4155707446047859,28,high-dim
171_UCR_Anomaly_gaitHunt2_18500_31200_31850.txt,LOF_k100,local,-0.3913043478260869,0.4547504950210277,0.4155707446047859,28,high-dim
171_UCR_Anomaly_gaitHunt2_18500_31200_31850.txt,LOF_k20,local,-0.04347826086956519,0.4547504950210277,0.4155707446047859,28,high-dim
171_UCR_Anomaly_gaitHunt2_18500_31200_31850.txt,LOF_k3,local,-0.39130434782608703,0.4547504950210277,0.4155707446047859,28,high-dim
171_UCR_Anomaly_gaitHunt2_18500_31200_31850.txt,LOF_k50,local,-0.26086956521739124,0.4547504950210277,0.4155707446047859,28,high-dim
171_UCR_Anomaly_gaitHunt2_18500_31200_31850.txt,PCA,global,-0.043478260869565244,0.4547504950210277,0.4155707446047859,28,high-dim
171_UCR_Anomaly_gaitHunt2_18500_31200_31850.txt,PCA_c0.3,global,0.0,0.4547504950210277,0.4155707446047859,28,high-dim
171_UCR_Anomaly_gaitHunt2_18500_31200_31850.txt,PCA_c0.9,global,0.043478260869565244,0.4547504950210277,0.4155707446047859,28,high-dim
181_UCR_Anomaly_park3m_60000_72150_72495.txt,CBLOF,local,0.13043478260869565,0.4695544098621687,0.4185613481358907,28,high-dim
181_UCR_Anomaly_park3m_60000_72150_72495.txt,COPOD,global,-0.5434782608695653,0.4695544098621687,0.4185613481358907,28,high-dim
181_UCR_Anomaly_park3m_60000_72150_72495.txt,ECOD,global,-0.6304347826086957,0.4695544098621687,0.4185613481358907,28,high-dim
181_UCR_Anomaly_park3m_60000_72150_72495.txt,HBOS,global,0.3913043478260869,0.4695544098621687,0.4185613481358907,28,high-dim
181_UCR_Anomaly_park3m_60000_72150_72495.txt,HBOS_b20,global,0.30434782608695654,0.4695544098621687,0.4185613481358907,28,high-dim
181_UCR_Anomaly_park3m_60000_72150_72495.txt,HBOS_b5,global,0.08695652173913043,0.4695544098621687,0.4185613481358907,28,high-dim
181_UCR_Anomaly_park3m_60000_72150_72495.txt,HBOS_b50,global,0.30434782608695654,0.4695544098621687,0.4185613481358907,28,high-dim
181_UCR_Anomaly_park3m_60000_72150_72495.txt,IF_n300,other,0.21739130434782616,0.4695544098621687,0.4185613481358907,28,high-dim
181_UCR_Anomaly_park3m_60000_72150_72495.txt,IF_n50,other,0.08695652173913038,0.4695544098621687,0.4185613481358907,28,high-dim
181_UCR_Anomaly_park3m_60000_72150_72495.txt,IForest,other,0.30434782608695654,0.4695544098621687,0.4185613481358907,28,high-dim
181_UCR_Anomaly_park3m_60000_72150_72495.txt,KNN_k10,local,0.13043478260869568,0.4695544098621687,0.4185613481358907,28,high-dim
181_UCR_Anomaly_park3m_60000_72150_72495.txt,KNN_k100,local,0.13043478260869565,0.4695544098621687,0.4185613481358907,28,high-dim
181_UCR_Anomaly_park3m_60000_72150_72495.txt,KNN_k20,local,0.17391304347826086,0.4695544098621687,0.4185613481358907,28,high-dim
181_UCR_Anomaly_park3m_60000_72150_72495.txt,KNN_k3,local,0.13043478260869568,0.4695544098621687,0.4185613481358907,28,high-dim
181_UCR_Anomaly_park3m_60000_72150_72495.txt,KNN_k50,local,0.26086956521739135,0.4695544098621687,0.4185613481358907,28,high-dim
181_UCR_Anomaly_park3m_60000_72150_72495.txt,LOF_k10,local,-0.13043478260869568,0.4695544098621687,0.4185613481358907,28,high-dim
181_UCR_Anomaly_park3m_60000_72150_72495.txt,LOF_k100,local,-0.08695652173913043,0.4695544098621687,0.4185613481358907,28,high-dim
181_UCR_Anomaly_park3m_60000_72150_72495.txt,LOF_k20,local,-0.26086956521739135,0.4695544098621687,0.4185613481358907,28,high-dim
181_UCR_Anomaly_park3m_60000_72150_72495.txt,LOF_k3,local,-0.608695652173913,0.4695544098621687,0.4185613481358907,28,high-dim
181_UCR_Anomaly_park3m_60000_72150_72495.txt,LOF_k50,local,-0.5217391304347827,0.4695544098621687,0.4185613481358907,28,high-dim
181_UCR_Anomaly_park3m_60000_72150_72495.txt,PCA,global,0.08695652173913043,0.4695544098621687,0.4185613481358907,28,high-dim
181_UCR_Anomaly_park3m_60000_72150_72495.txt,PCA_c0.3,global,-0.043478260869565244,0.4695544098621687,0.4185613481358907,28,high-dim
181_UCR_Anomaly_park3m_60000_72150_72495.txt,PCA_c0.9,global,0.08695652173913043,0.4695544098621687,0.4185613481358907,28,high-dim
197_UCR_Anomaly_tiltAPB1_100000_114283_114350.txt,CBLOF,local,0.043478260869565216,0.3791673055963687,0.2894577375669622,28,high-dim
197_UCR_Anomaly_tiltAPB1_100000_114283_114350.txt,COPOD,global,-0.5869565217391305,0.3791673055963687,0.2894577375669622,28,high-dim
197_UCR_Anomaly_tiltAPB1_100000_114283_114350.txt,ECOD,global,-0.7608695652173914,0.3791673055963687,0.2894577375669622,28,high-dim
197_UCR_Anomaly_tiltAPB1_100000_114283_114350.txt,HBOS,global,0.13043478260869568,0.3791673055963687,0.2894577375669622,28,high-dim
197_UCR_Anomaly_tiltAPB1_100000_114283_114350.txt,HBOS_b20,global,0.47826086956521735,0.3791673055963687,0.2894577375669622,28,high-dim
197_UCR_Anomaly_tiltAPB1_100000_114283_114350.txt,HBOS_b5,global,0.0,0.3791673055963687,0.2894577375669622,28,high-dim
197_UCR_Anomaly_tiltAPB1_100000_114283_114350.txt,HBOS_b50,global,0.6956521739130435,0.3791673055963687,0.2894577375669622,28,high-dim
197_UCR_Anomaly_tiltAPB1_100000_114283_114350.txt,IF_n300,other,0.34782608695652173,0.3791673055963687,0.2894577375669622,28,high-dim
197_UCR_Anomaly_tiltAPB1_100000_114283_114350.txt,IF_n50,other,0.34782608695652173,0.3791673055963687,0.2894577375669622,28,high-dim
197_UCR_Anomaly_tiltAPB1_100000_114283_114350.txt,IForest,other,0.391304347826087,0.3791673055963687,0.2894577375669622,28,high-dim
197_UCR_Anomaly_tiltAPB1_100000_114283_114350.txt,KNN_k10,local,0.13043478260869568,0.3791673055963687,0.2894577375669622,28,high-dim
197_UCR_Anomaly_tiltAPB1_100000_114283_114350.txt,KNN_k100,local,-0.13043478260869565,0.3791673055963687,0.2894577375669622,28,high-dim
197_UCR_Anomaly_tiltAPB1_100000_114283_114350.txt,KNN_k20,local,0.13043478260869568,0.3791673055963687,0.2894577375669622,28,high-dim
197_UCR_Anomaly_tiltAPB1_100000_114283_114350.txt,KNN_k3,local,0.04347826086956519,0.3791673055963687,0.2894577375669622,28,high-dim
197_UCR_Anomaly_tiltAPB1_100000_114283_114350.txt,KNN_k50,local,0.13043478260869562,0.3791673055963687,0.2894577375669622,28,high-dim
197_UCR_Anomaly_tiltAPB1_100000_114283_114350.txt,LOF_k10,local,-0.21739130434782605,0.3791673055963687,0.2894577375669622,28,high-dim
197_UCR_Anomaly_tiltAPB1_100000_114283_114350.txt,LOF_k100,local,-0.2173913043478261,0.3791673055963687,0.2894577375669622,28,high-dim
197_UCR_Anomaly_tiltAPB1_100000_114283_114350.txt,LOF_k20,local,-0.26086956521739124,0.3791673055963687,0.2894577375669622,28,high-dim
197_UCR_Anomaly_tiltAPB1_100000_114283_114350.txt,LOF_k3,local,0.0434782608695653,0.3791673055963687,0.2894577375669622,28,high-dim
197_UCR_Anomaly_tiltAPB1_100000_114283_114350.txt,LOF_k50,local,-0.043478260869565244,0.3791673055963687,0.2894577375669622,28,high-dim
197_UCR_Anomaly_tiltAPB1_100000_114283_114350.txt,PCA,global,-0.21739130434782605,0.3791673055963687,0.2894577375669622,28,high-dim
197_UCR_Anomaly_tiltAPB1_100000_114283_114350.txt,PCA_c0.3,global,-0.2173913043478261,0.3791673055963687,0.2894577375669622,28,high-dim
197_UCR_Anomaly_tiltAPB1_100000_114283_114350.txt,PCA_c0.9,global,-0.26086956521739135,0.3791673055963687,0.2894577375669622,28,high-dim
207_UCR_Anomaly_CHARISten_3165_26929_26989.txt,CBLOF,local,0.0,0.2551609097239145,0.0830879806068533,28,high-dim
207_UCR_Anomaly_CHARISten_3165_26929_26989.txt,COPOD,global,-0.5869565217391305,0.2551609097239145,0.0830879806068533,28,high-dim
207_UCR_Anomaly_CHARISten_3165_26929_26989.txt,ECOD,global,-0.2826086956521739,0.2551609097239145,0.0830879806068533,28,high-dim
207_UCR_Anomaly_CHARISten_3165_26929_26989.txt,HBOS,global,0.34782608695652173,0.2551609097239145,0.0830879806068533,28,high-dim
207_UCR_Anomaly_CHARISten_3165_26929_26989.txt,HBOS_b20,global,0.30434782608695654,0.2551609097239145,0.0830879806068533,28,high-dim
207_UCR_Anomaly_CHARISten_3165_26929_26989.txt,HBOS_b5,global,0.21739130434782608,0.2551609097239145,0.0830879806068533,28,high-dim
207_UCR_Anomaly_CHARISten_3165_26929_26989.txt,HBOS_b50,global,0.17391304347826086,0.2551609097239145,0.0830879806068533,28,high-dim
207_UCR_Anomaly_CHARISten_3165_26929_26989.txt,IF_n300,other,0.13043478260869568,0.2551609097239145,0.0830879806068533,28,high-dim
207_UCR_Anomaly_CHARISten_3165_26929_26989.txt,IF_n50,other,0.1739130434782609,0.2551609097239145,0.0830879806068533,28,high-dim
207_UCR_Anomaly_CHARISten_3165_26929_26989.txt,IForest,other,0.17391304347826086,0.2551609097239145,0.0830879806068533,28,high-dim
207_UCR_Anomaly_CHARISten_3165_26929_26989.txt,KNN_k10,local,0.0,0.2551609097239145,0.0830879806068533,28,high-dim
207_UCR_Anomaly_CHARISten_3165_26929_26989.txt,KNN_k100,local,0.17391304347826086,0.2551609097239145,0.0830879806068533,28,high-dim
207_UCR_Anomaly_CHARISten_3165_26929_26989.txt,KNN_k20,local,-0.13043478260869568,0.2551609097239145,0.0830879806068533,28,high-dim
207_UCR_Anomaly_CHARISten_3165_26929_26989.txt,KNN_k3,local,0.08695652173913049,0.2551609097239145,0.0830879806068533,28,high-dim
207_UCR_Anomaly_CHARISten_3165_26929_26989.txt,KNN_k50,local,0.0,0.2551609097239145,0.0830879806068533,28,high-dim
207_UCR_Anomaly_CHARISten_3165_26929_26989.txt,LOF_k10,local,0.21739130434782616,0.2551609097239145,0.0830879806068533,28,high-dim
207_UCR_Anomaly_CHARISten_3165_26929_26989.txt,LOF_k100,local,-0.30434782608695654,0.2551609097239145,0.0830879806068533,28,high-dim
207_UCR_Anomaly_CHARISten_3165_26929_26989.txt,LOF_k20,local,0.08695652173913038,0.2551609097239145,0.0830879806068533,28,high-dim
207_UCR_Anomaly_CHARISten_3165_26929_26989.txt,LOF_k3,local,0.13043478260869568,0.2551609097239145,0.0830879806068533,28,high-dim
207_UCR_Anomaly_CHARISten_3165_26929_26989.txt,LOF_k50,local,-0.08695652173913049,0.2551609097239145,0.0830879806068533,28,high-dim
207_UCR_Anomaly_CHARISten_3165_26929_26989.txt,PCA,global,-0.30434782608695654,0.2551609097239145,0.0830879806068533,28,high-dim
207_UCR_Anomaly_CHARISten_3165_26929_26989.txt,PCA_c0.3,global,-0.30434782608695654,0.2551609097239145,0.0830879806068533,28,high-dim
207_UCR_Anomaly_CHARISten_3165_26929_26989.txt,PCA_c0.9,global,-0.2173913043478261,0.2551609097239145,0.0830879806068533,28,high-dim
221_UCR_Anomaly_STAFFIIIDatabase_45616_163632_164852.txt,CBLOF,local,0.2608695652173913,0.5916336211392756,0.2998714637076661,28,high-dim
221_UCR_Anomaly_STAFFIIIDatabase_45616_163632_164852.txt,COPOD,global,-0.15217391304347827,0.5916336211392756,0.2998714637076661,28,high-dim
221_UCR_Anomaly_STAFFIIIDatabase_45616_163632_164852.txt,ECOD,global,0.021739130434782608,0.5916336211392756,0.2998714637076661,28,high-dim
221_UCR_Anomaly_STAFFIIIDatabase_45616_163632_164852.txt,HBOS,global,-0.3478260869565218,0.5916336211392756,0.2998714637076661,28,high-dim
221_UCR_Anomaly_STAFFIIIDatabase_45616_163632_164852.txt,HBOS_b20,global,-0.34782608695652173,0.5916336211392756,0.2998714637076661,28,high-dim
221_UCR_Anomaly_STAFFIIIDatabase_45616_163632_164852.txt,HBOS_b5,global,-0.3913043478260869,0.5916336211392756,0.2998714637076661,28,high-dim
221_UCR_Anomaly_STAFFIIIDatabase_45616_163632_164852.txt,HBOS_b50,global,-0.30434782608695643,0.5916336211392756,0.2998714637076661,28,high-dim
221_UCR_Anomaly_STAFFIIIDatabase_45616_163632_164852.txt,IF_n300,other,0.4347826086956521,0.5916336211392756,0.2998714637076661,28,high-dim
221_UCR_Anomaly_STAFFIIIDatabase_45616_163632_164852.txt,IF_n50,other,0.26086956521739135,0.5916336211392756,0.2998714637076661,28,high-dim
221_UCR_Anomaly_STAFFIIIDatabase_45616_163632_164852.txt,IForest,other,0.34782608695652173,0.5916336211392756,0.2998714637076661,28,high-dim
221_UCR_Anomaly_STAFFIIIDatabase_45616_163632_164852.txt,KNN_k10,local,0.34782608695652173,0.5916336211392756,0.2998714637076661,28,high-dim
221_UCR_Anomaly_STAFFIIIDatabase_45616_163632_164852.txt,KNN_k100,local,0.391304347826087,0.5916336211392756,0.2998714637076661,28,high-dim
221_UCR_Anomaly_STAFFIIIDatabase_45616_163632_164852.txt,KNN_k20,local,0.6086956521739131,0.5916336211392756,0.2998714637076661,28,high-dim
221_UCR_Anomaly_STAFFIIIDatabase_45616_163632_164852.txt,KNN_k3,local,0.30434782608695654,0.5916336211392756,0.2998714637076661,28,high-dim
221_UCR_Anomaly_STAFFIIIDatabase_45616_163632_164852.txt,KNN_k50,local,0.5217391304347826,0.5916336211392756,0.2998714637076661,28,high-dim
221_UCR_Anomaly_STAFFIIIDatabase_45616_163632_164852.txt,LOF_k10,local,-0.39130434782608703,0.5916336211392756,0.2998714637076661,28,high-dim
221_UCR_Anomaly_STAFFIIIDatabase_45616_163632_164852.txt,LOF_k100,local,-0.1739130434782609,0.5916336211392756,0.2998714637076661,28,high-dim
221_UCR_Anomaly_STAFFIIIDatabase_45616_163632_164852.txt,LOF_k20,local,-0.6086956521739131,0.5916336211392756,0.2998714637076661,28,high-dim
221_UCR_Anomaly_STAFFIIIDatabase_45616_163632_164852.txt,LOF_k3,local,-0.08695652173913049,0.5916336211392756,0.2998714637076661,28,high-dim
221_UCR_Anomaly_STAFFIIIDatabase_45616_163632_164852.txt,LOF_k50,local,-0.4782608695652174,0.5916336211392756,0.2998714637076661,28,high-dim
221_UCR_Anomaly_STAFFIIIDatabase_45616_163632_164852.txt,PCA,global,-0.04347826086956519,0.5916336211392756,0.2998714637076661,28,high-dim
221_UCR_Anomaly_STAFFIIIDatabase_45616_163632_164852.txt,PCA_c0.3,global,-0.13043478260869568,0.5916336211392756,0.2998714637076661,28,high-dim
221_UCR_Anomaly_STAFFIIIDatabase_45616_163632_164852.txt,PCA_c0.9,global,-0.043478260869565216,0.5916336211392756,0.2998714637076661,28,high-dim
223_UCR_Anomaly_mit14046longtermecg_74123_131200_131700.txt,CBLOF,local,0.04347826086956519,0.569577176749989,0.3688930678672718,28,high-dim
223_UCR_Anomaly_mit14046longtermecg_74123_131200_131700.txt,COPOD,global,-0.891304347826087,0.569577176749989,0.3688930678672718,28,high-dim
223_UCR_Anomaly_mit14046longtermecg_74123_131200_131700.txt,ECOD,global,-0.9347826086956522,0.569577176749989,0.3688930678672718,28,high-dim
223_UCR_Anomaly_mit14046longtermecg_74123_131200_131700.txt,HBOS,global,0.7826086956521738,0.569577176749989,0.3688930678672718,28,high-dim
223_UCR_Anomaly_mit14046longtermecg_74123_131200_131700.txt,HBOS_b20,global,0.8695652173913043,0.569577176749989,0.3688930678672718,28,high-dim
223_UCR_Anomaly_mit14046longtermecg_74123_131200_131700.txt,HBOS_b5,global,0.6521739130434783,0.569577176749989,0.3688930678672718,28,high-dim
223_UCR_Anomaly_mit14046longtermecg_74123_131200_131700.txt,HBOS_b50,global,0.4782608695652174,0.569577176749989,0.3688930678672718,28,high-dim
223_UCR_Anomaly_mit14046longtermecg_74123_131200_131700.txt,IF_n300,other,0.21739130434782605,0.569577176749989,0.3688930678672718,28,high-dim
223_UCR_Anomaly_mit14046longtermecg_74123_131200_131700.txt,IF_n50,other,0.30434782608695654,0.569577176749989,0.3688930678672718,28,high-dim
223_UCR_Anomaly_mit14046longtermecg_74123_131200_131700.txt,IForest,other,0.2608695652173913,0.569577176749989,0.3688930678672718,28,high-dim
223_UCR_Anomaly_mit14046longtermecg_74123_131200_131700.txt,KNN_k10,local,0.43478260869565216,0.569577176749989,0.3688930678672718,28,high-dim
223_UCR_Anomaly_mit14046longtermecg_74123_131200_131700.txt,KNN_k100,local,0.08695652173913043,0.569577176749989,0.3688930678672718,28,high-dim
223_UCR_Anomaly_mit14046longtermecg_74123_131200_131700.txt,KNN_k20,local,0.3478260869565218,0.569577176749989,0.3688930678672718,28,high-dim
223_UCR_Anomaly_mit14046longtermecg_74123_131200_131700.txt,KNN_k3,local,0.3913043478260869,0.569577176749989,0.3688930678672718,28,high-dim
223_UCR_Anomaly_mit14046longtermecg_74123_131200_131700.txt,KNN_k50,local,0.21739130434782608,0.569577176749989,0.3688930678672718,28,high-dim
223_UCR_Anomaly_mit14046longtermecg_74123_131200_131700.txt,LOF_k10,local,-0.6956521739130435,0.569577176749989,0.3688930678672718,28,high-dim
223_UCR_Anomaly_mit14046longtermecg_74123_131200_131700.txt,LOF_k100,local,-0.26086956521739124,0.569577176749989,0.3688930678672718,28,high-dim
223_UCR_Anomaly_mit14046longtermecg_74123_131200_131700.txt,LOF_k20,local,-0.6956521739130435,0.569577176749989,0.3688930678672718,28,high-dim
223_UCR_Anomaly_mit14046longtermecg_74123_131200_131700.txt,LOF_k3,local,-0.391304347826087,0.569577176749989,0.3688930678672718,28,high-dim
223_UCR_Anomaly_mit14046longtermecg_74123_131200_131700.txt,LOF_k50,local,-0.6956521739130435,0.569577176749989,0.3688930678672718,28,high-dim
223_UCR_Anomaly_mit14046longtermecg_74123_131200_131700.txt,PCA,global,-0.17391304347826086,0.569577176749989,0.3688930678672718,28,high-dim
223_UCR_Anomaly_mit14046longtermecg_74123_131200_131700.txt,PCA_c0.3,global,-0.26086956521739124,0.569577176749989,0.3688930678672718,28,high-dim
223_UCR_Anomaly_mit14046longtermecg_74123_131200_131700.txt,PCA_c0.9,global,-0.08695652173913049,0.569577176749989,0.3688930678672718,28,high-dim
228_MGAB_id_4_Synthetic_tr_25000_1st_38948.csv,CBLOF,local,0.0,0.2653567385177255,0.16802615451539,28,high-dim
228_MGAB_id_4_Synthetic_tr_25000_1st_38948.csv,COPOD,global,-0.10869565217391304,0.2653567385177255,0.16802615451539,28,high-dim
228_MGAB_id_4_Synthetic_tr_25000_1st_38948.csv,ECOD,global,-0.021739130434782608,0.2653567385177255,0.16802615451539,28,high-dim
228_MGAB_id_4_Synthetic_tr_25000_1st_38948.csv,HBOS,global,-0.13043478260869557,0.2653567385177255,0.16802615451539,28,high-dim
228_MGAB_id_4_Synthetic_tr_25000_1st_38948.csv,HBOS_b20,global,-0.08695652173913049,0.2653567385177255,0.16802615451539,28,high-dim
228_MGAB_id_4_Synthetic_tr_25000_1st_38948.csv,HBOS_b5,global,0.17391304347826086,0.2653567385177255,0.16802615451539,28,high-dim
228_MGAB_id_4_Synthetic_tr_25000_1st_38948.csv,HBOS_b50,global,0.21739130434782605,0.2653567385177255,0.16802615451539,28,high-dim
228_MGAB_id_4_Synthetic_tr_25000_1st_38948.csv,IF_n300,other,0.5217391304347827,0.2653567385177255,0.16802615451539,28,high-dim
228_MGAB_id_4_Synthetic_tr_25000_1st_38948.csv,IF_n50,other,0.08695652173913043,0.2653567385177255,0.16802615451539,28,high-dim
228_MGAB_id_4_Synthetic_tr_25000_1st_38948.csv,IForest,other,0.21739130434782605,0.2653567385177255,0.16802615451539,28,high-dim
228_MGAB_id_4_Synthetic_tr_25000_1st_38948.csv,KNN_k10,local,0.39130434782608703,0.2653567385177255,0.16802615451539,28,high-dim
228_MGAB_id_4_Synthetic_tr_25000_1st_38948.csv,KNN_k100,local,0.08695652173913043,0.2653567385177255,0.16802615451539,28,high-dim
228_MGAB_id_4_Synthetic_tr_25000_1st_38948.csv,KNN_k20,local,0.21739130434782605,0.2653567385177255,0.16802615451539,28,high-dim
228_MGAB_id_4_Synthetic_tr_25000_1st_38948.csv,KNN_k3,local,0.13043478260869568,0.2653567385177255,0.16802615451539,28,high-dim
228_MGAB_id_4_Synthetic_tr_25000_1st_38948.csv,KNN_k50,local,0.1739130434782609,0.2653567385177255,0.16802615451539,28,high-dim
228_MGAB_id_4_Synthetic_tr_25000_1st_38948.csv,LOF_k10,local,-0.5652173913043479,0.2653567385177255,0.16802615451539,28,high-dim
228_MGAB_id_4_Synthetic_tr_25000_1st_38948.csv,LOF_k100,local,-0.08695652173913043,0.2653567385177255,0.16802615451539,28,high-dim
228_MGAB_id_4_Synthetic_tr_25000_1st_38948.csv,LOF_k20,local,-0.7391304347826086,0.2653567385177255,0.16802615451539,28,high-dim
228_MGAB_id_4_Synthetic_tr_25000_1st_38948.csv,LOF_k3,local,-0.5652173913043479,0.2653567385177255,0.16802615451539,28,high-dim
228_MGAB_id_4_Synthetic_tr_25000_1st_38948.csv,LOF_k50,local,-0.5652173913043479,0.2653567385177255,0.16802615451539,28,high-dim
228_MGAB_id_4_Synthetic_tr_25000_1st_38948.csv,PCA,global,0.34782608695652173,0.2653567385177255,0.16802615451539,28,high-dim
228_MGAB_id_4_Synthetic_tr_25000_1st_38948.csv,PCA_c0.3,global,0.17391304347826086,0.2653567385177255,0.16802615451539,28,high-dim
228_MGAB_id_4_Synthetic_tr_25000_1st_38948.csv,PCA_c0.9,global,0.13043478260869557,0.2653567385177255,0.16802615451539,28,high-dim
229_MGAB_id_5_Synthetic_tr_25000_1st_33098.csv,CBLOF,local,-0.26086956521739135,0.2905128778205079,0.1238631332703206,28,high-dim
229_MGAB_id_5_Synthetic_tr_25000_1st_33098.csv,COPOD,global,-0.021739130434782608,0.2905128778205079,0.1238631332703206,28,high-dim
229_MGAB_id_5_Synthetic_tr_25000_1st_33098.csv,ECOD,global,-0.10869565217391304,0.2905128778205079,0.1238631332703206,28,high-dim
229_MGAB_id_5_Synthetic_tr_25000_1st_33098.csv,HBOS,global,0.4347826086956521,0.2905128778205079,0.1238631332703206,28,high-dim
229_MGAB_id_5_Synthetic_tr_25000_1st_33098.csv,HBOS_b20,global,0.13043478260869568,0.2905128778205079,0.1238631332703206,28,high-dim
229_MGAB_id_5_Synthetic_tr_25000_1st_33098.csv,HBOS_b5,global,0.6086956521739131,0.2905128778205079,0.1238631332703206,28,high-dim
229_MGAB_id_5_Synthetic_tr_25000_1st_33098.csv,HBOS_b50,global,0.3478260869565218,0.2905128778205079,0.1238631332703206,28,high-dim
229_MGAB_id_5_Synthetic_tr_25000_1st_33098.csv,IF_n300,other,0.4782608695652174,0.2905128778205079,0.1238631332703206,28,high-dim
229_MGAB_id_5_Synthetic_tr_25000_1st_33098.csv,IF_n50,other,0.17391304347826086,0.2905128778205079,0.1238631332703206,28,high-dim
229_MGAB_id_5_Synthetic_tr_25000_1st_33098.csv,IForest,other,0.13043478260869562,0.2905128778205079,0.1238631332703206,28,high-dim
229_MGAB_id_5_Synthetic_tr_25000_1st_33098.csv,KNN_k10,local,0.0,0.2905128778205079,0.1238631332703206,28,high-dim
229_MGAB_id_5_Synthetic_tr_25000_1st_33098.csv,KNN_k100,local,-0.21739130434782608,0.2905128778205079,0.1238631332703206,28,high-dim
229_MGAB_id_5_Synthetic_tr_25000_1st_33098.csv,KNN_k20,local,0.0,0.2905128778205079,0.1238631332703206,28,high-dim
229_MGAB_id_5_Synthetic_tr_25000_1st_33098.csv,KNN_k3,local,0.13043478260869568,0.2905128778205079,0.1238631332703206,28,high-dim
229_MGAB_id_5_Synthetic_tr_25000_1st_33098.csv,KNN_k50,local,-0.21739130434782605,0.2905128778205079,0.1238631332703206,28,high-dim
229_MGAB_id_5_Synthetic_tr_25000_1st_33098.csv,LOF_k10,local,-0.5652173913043479,0.2905128778205079,0.1238631332703206,28,high-dim
229_MGAB_id_5_Synthetic_tr_25000_1st_33098.csv,LOF_k100,local,-0.043478260869565216,0.2905128778205079,0.1238631332703206,28,high-dim
229_MGAB_id_5_Synthetic_tr_25000_1st_33098.csv,LOF_k20,local,-0.7391304347826086,0.2905128778205079,0.1238631332703206,28,high-dim
229_MGAB_id_5_Synthetic_tr_25000_1st_33098.csv,LOF_k3,local,-0.5652173913043479,0.2905128778205079,0.1238631332703206,28,high-dim
229_MGAB_id_5_Synthetic_tr_25000_1st_33098.csv,LOF_k50,local,-0.5217391304347827,0.2905128778205079,0.1238631332703206,28,high-dim
229_MGAB_id_5_Synthetic_tr_25000_1st_33098.csv,PCA,global,0.39130434782608703,0.2905128778205079,0.1238631332703206,28,high-dim
229_MGAB_id_5_Synthetic_tr_25000_1st_33098.csv,PCA_c0.3,global,0.21739130434782605,0.2905128778205079,0.1238631332703206,28,high-dim
229_MGAB_id_5_Synthetic_tr_25000_1st_33098.csv,PCA_c0.9,global,0.21739130434782605,0.2905128778205079,0.1238631332703206,28,high-dim
230_MGAB_id_6_Synthetic_tr_25000_1st_42441.csv,CBLOF,local,-0.17391304347826086,0.2816379811389061,0.1227074333860083,28,high-dim
230_MGAB_id_6_Synthetic_tr_25000_1st_42441.csv,COPOD,global,-0.06521739130434782,0.2816379811389061,0.1227074333860083,28,high-dim
230_MGAB_id_6_Synthetic_tr_25000_1st_42441.csv,ECOD,global,-0.021739130434782608,0.2816379811389061,0.1227074333860083,28,high-dim
230_MGAB_id_6_Synthetic_tr_25000_1st_42441.csv,HBOS,global,0.0,0.2816379811389061,0.1227074333860083,28,high-dim
230_MGAB_id_6_Synthetic_tr_25000_1st_42441.csv,HBOS_b20,global,0.0,0.2816379811389061,0.1227074333860083,28,high-dim
230_MGAB_id_6_Synthetic_tr_25000_1st_42441.csv,HBOS_b5,global,0.2608695652173913,0.2816379811389061,0.1227074333860083,28,high-dim
230_MGAB_id_6_Synthetic_tr_25000_1st_42441.csv,HBOS_b50,global,0.21739130434782605,0.2816379811389061,0.1227074333860083,28,high-dim
230_MGAB_id_6_Synthetic_tr_25000_1st_42441.csv,IF_n300,other,0.5652173913043479,0.2816379811389061,0.1227074333860083,28,high-dim
230_MGAB_id_6_Synthetic_tr_25000_1st_42441.csv,IF_n50,other,0.3913043478260869,0.2816379811389061,0.1227074333860083,28,high-dim
230_MGAB_id_6_Synthetic_tr_25000_1st_42441.csv,IForest,other,0.34782608695652173,0.2816379811389061,0.1227074333860083,28,high-dim
230_MGAB_id_6_Synthetic_tr_25000_1st_42441.csv,KNN_k10,local,0.21739130434782605,0.2816379811389061,0.1227074333860083,28,high-dim
230_MGAB_id_6_Synthetic_tr_25000_1st_42441.csv,KNN_k100,local,-0.13043478260869565,0.2816379811389061,0.1227074333860083,28,high-dim
230_MGAB_id_6_Synthetic_tr_25000_1st_42441.csv,KNN_k20,local,0.17391304347826086,0.2816379811389061,0.1227074333860083,28,high-dim
230_MGAB_id_6_Synthetic_tr_25000_1st_42441.csv,KNN_k3,local,0.13043478260869568,0.2816379811389061,0.1227074333860083,28,high-dim
230_MGAB_id_6_Synthetic_tr_25000_1st_42441.csv,KNN_k50,local,-0.13043478260869568,0.2816379811389061,0.1227074333860083,28,high-dim
230_MGAB_id_6_Synthetic_tr_25000_1st_42441.csv,LOF_k10,local,-0.5652173913043479,0.2816379811389061,0.1227074333860083,28,high-dim
230_MGAB_id_6_Synthetic_tr_25000_1st_42441.csv,LOF_k100,local,0.04347826086956519,0.2816379811389061,0.1227074333860083,28,high-dim
230_MGAB_id_6_Synthetic_tr_25000_1st_42441.csv,LOF_k20,local,-0.4347826086956521,0.2816379811389061,0.1227074333860083,28,high-dim
230_MGAB_id_6_Synthetic_tr_25000_1st_42441.csv,LOF_k3,local,-0.6956521739130435,0.2816379811389061,0.1227074333860083,28,high-dim
230_MGAB_id_6_Synthetic_tr_25000_1st_42441.csv,LOF_k50,local,-0.4782608695652174,0.2816379811389061,0.1227074333860083,28,high-dim
230_MGAB_id_6_Synthetic_tr_25000_1st_42441.csv,PCA,global,0.17391304347826086,0.2816379811389061,0.1227074333860083,28,high-dim
230_MGAB_id_6_Synthetic_tr_25000_1st_42441.csv,PCA_c0.3,global,0.0,0.2816379811389061,0.1227074333860083,28,high-dim
230_MGAB_id_6_Synthetic_tr_25000_1st_42441.csv,PCA_c0.9,global,0.17391304347826086,0.2816379811389061,0.1227074333860083,28,high-dim
244_UCR_Anomaly_tilt12754table_100013_104630_104890.txt,CBLOF,local,-0.1739130434782609,0.3873533641314383,0.1956239575080758,28,high-dim
244_UCR_Anomaly_tilt12754table_100013_104630_104890.txt,COPOD,global,-0.19565217391304346,0.3873533641314383,0.1956239575080758,28,high-dim
244_UCR_Anomaly_tilt12754table_100013_104630_104890.txt,ECOD,global,-0.9347826086956522,0.3873533641314383,0.1956239575080758,28,high-dim
244_UCR_Anomaly_tilt12754table_100013_104630_104890.txt,HBOS,global,0.34782608695652173,0.3873533641314383,0.1956239575080758,28,high-dim
244_UCR_Anomaly_tilt12754table_100013_104630_104890.txt,HBOS_b20,global,0.2608695652173913,0.3873533641314383,0.1956239575080758,28,high-dim
244_UCR_Anomaly_tilt12754table_100013_104630_104890.txt,HBOS_b5,global,0.30434782608695654,0.3873533641314383,0.1956239575080758,28,high-dim
244_UCR_Anomaly_tilt12754table_100013_104630_104890.txt,HBOS_b50,global,0.4782608695652174,0.3873533641314383,0.1956239575080758,28,high-dim
244_UCR_Anomaly_tilt12754table_100013_104630_104890.txt,IF_n300,other,0.4782608695652174,0.3873533641314383,0.1956239575080758,28,high-dim
244_UCR_Anomaly_tilt12754table_100013_104630_104890.txt,IF_n50,other,0.47826086956521735,0.3873533641314383,0.1956239575080758,28,high-dim
244_UCR_Anomaly_tilt12754table_100013_104630_104890.txt,IForest,other,0.4782608695652174,0.3873533641314383,0.1956239575080758,28,high-dim
244_UCR_Anomaly_tilt12754table_100013_104630_104890.txt,KNN_k10,local,0.0434782608695653,0.3873533641314383,0.1956239575080758,28,high-dim
244_UCR_Anomaly_tilt12754table_100013_104630_104890.txt,KNN_k100,local,0.17391304347826086,0.3873533641314383,0.1956239575080758,28,high-dim
244_UCR_Anomaly_tilt12754table_100013_104630_104890.txt,KNN_k20,local,0.13043478260869557,0.3873533641314383,0.1956239575080758,28,high-dim
244_UCR_Anomaly_tilt12754table_100013_104630_104890.txt,KNN_k3,local,0.17391304347826086,0.3873533641314383,0.1956239575080758,28,high-dim
244_UCR_Anomaly_tilt12754table_100013_104630_104890.txt,KNN_k50,local,-0.13043478260869568,0.3873533641314383,0.1956239575080758,28,high-dim
244_UCR_Anomaly_tilt12754table_100013_104630_104890.txt,LOF_k10,local,-0.08695652173913038,0.3873533641314383,0.1956239575080758,28,high-dim
244_UCR_Anomaly_tilt12754table_100013_104630_104890.txt,LOF_k100,local,-0.17391304347826086,0.3873533641314383,0.1956239575080758,28,high-dim
244_UCR_Anomaly_tilt12754table_100013_104630_104890.txt,LOF_k20,local,-0.6086956521739131,0.3873533641314383,0.1956239575080758,28,high-dim
244_UCR_Anomaly_tilt12754table_100013_104630_104890.txt,LOF_k3,local,-0.21739130434782605,0.3873533641314383,0.1956239575080758,28,high-dim
244_UCR_Anomaly_tilt12754table_100013_104630_104890.txt,LOF_k50,local,-0.34782608695652173,0.3873533641314383,0.1956239575080758,28,high-dim
244_UCR_Anomaly_tilt12754table_100013_104630_104890.txt,PCA,global,-0.30434782608695654,0.3873533641314383,0.1956239575080758,28,high-dim
244_UCR_Anomaly_tilt12754table_100013_104630_104890.txt,PCA_c0.3,global,-0.21739130434782616,0.3873533641314383,0.1956239575080758,28,high-dim
244_UCR_Anomaly_tilt12754table_100013_104630_104890.txt,PCA_c0.9,global,0.0434782608695653,0.3873533641314383,0.1956239575080758,28,high-dim
248_UCR_Anomaly_weallwalk_2000_4702_4707.txt,CBLOF,local,0.3478260869565218,0.4764111592087323,0.2714226453323017,28,high-dim
248_UCR_Anomaly_weallwalk_2000_4702_4707.txt,COPOD,global,-0.45652173913043476,0.4764111592087323,0.2714226453323017,28,high-dim
248_UCR_Anomaly_weallwalk_2000_4702_4707.txt,ECOD,global,-0.6739130434782609,0.4764111592087323,0.2714226453323017,28,high-dim
248_UCR_Anomaly_weallwalk_2000_4702_4707.txt,HBOS,global,0.26086956521739124,0.4764111592087323,0.2714226453323017,28,high-dim
248_UCR_Anomaly_weallwalk_2000_4702_4707.txt,HBOS_b20,global,0.391304347826087,0.4764111592087323,0.2714226453323017,28,high-dim
248_UCR_Anomaly_weallwalk_2000_4702_4707.txt,HBOS_b5,global,0.08695652173913043,0.4764111592087323,0.2714226453323017,28,high-dim
248_UCR_Anomaly_weallwalk_2000_4702_4707.txt,HBOS_b50,global,0.34782608695652173,0.4764111592087323,0.2714226453323017,28,high-dim
248_UCR_Anomaly_weallwalk_2000_4702_4707.txt,IF_n300,other,0.34782608695652173,0.4764111592087323,0.2714226453323017,28,high-dim
248_UCR_Anomaly_weallwalk_2000_4702_4707.txt,IF_n50,other,0.08695652173913038,0.4764111592087323,0.2714226453323017,28,high-dim
248_UCR_Anomaly_weallwalk_2000_4702_4707.txt,IForest,other,0.3913043478260869,0.4764111592087323,0.2714226453323017,28,high-dim
248_UCR_Anomaly_weallwalk_2000_4702_4707.txt,KNN_k10,local,0.3043478260869565,0.4764111592087323,0.2714226453323017,28,high-dim
248_UCR_Anomaly_weallwalk_2000_4702_4707.txt,KNN_k100,local,0.30434782608695654,0.4764111592087323,0.2714226453323017,28,high-dim
248_UCR_Anomaly_weallwalk_2000_4702_4707.txt,KNN_k20,local,0.4347826086956522,0.4764111592087323,0.2714226453323017,28,high-dim
248_UCR_Anomaly_weallwalk_2000_4702_4707.txt,KNN_k3,local,0.30434782608695654,0.4764111592087323,0.2714226453323017,28,high-dim
248_UCR_Anomaly_weallwalk_2000_4702_4707.txt,KNN_k50,local,0.391304347826087,0.4764111592087323,0.2714226453323017,28,high-dim
248_UCR_Anomaly_weallwalk_2000_4702_4707.txt,LOF_k10,local,-0.6521739130434783,0.4764111592087323,0.2714226453323017,28,high-dim
248_UCR_Anomaly_weallwalk_2000_4702_4707.txt,LOF_k100,local,0.4782608695652174,0.4764111592087323,0.2714226453323017,28,high-dim
248_UCR_Anomaly_weallwalk_2000_4702_4707.txt,LOF_k20,local,-0.5217391304347825,0.4764111592087323,0.2714226453323017,28,high-dim
248_UCR_Anomaly_weallwalk_2000_4702_4707.txt,LOF_k3,local,-0.8695652173913043,0.4764111592087323,0.2714226453323017,28,high-dim
248_UCR_Anomaly_weallwalk_2000_4702_4707.txt,LOF_k50,local,0.0,0.4764111592087323,0.2714226453323017,28,high-dim
248_UCR_Anomaly_weallwalk_2000_4702_4707.txt,PCA,global,-0.6521739130434783,0.4764111592087323,0.2714226453323017,28,high-dim
248_UCR_Anomaly_weallwalk_2000_4702_4707.txt,PCA_c0.3,global,-0.4782608695652174,0.4764111592087323,0.2714226453323017,28,high-dim
248_UCR_Anomaly_weallwalk_2000_4702_4707.txt,PCA_c0.9,global,-0.17391304347826086,0.4764111592087323,0.2714226453323017,28,high-dim
302_Power_id_1_Facility_tr_7685_1st_7785.csv,CBLOF,local,0.2173913043478261,0.4958830198925655,0.3099164642539624,28,high-dim
302_Power_id_1_Facility_tr_7685_1st_7785.csv,COPOD,global,-0.7608695652173914,0.4958830198925655,0.3099164642539624,28,high-dim
302_Power_id_1_Facility_tr_7685_1st_7785.csv,ECOD,global,-0.8478260869565217,0.4958830198925655,0.3099164642539624,28,high-dim
302_Power_id_1_Facility_tr_7685_1st_7785.csv,HBOS,global,-0.4782608695652174,0.4958830198925655,0.3099164642539624,28,high-dim
302_Power_id_1_Facility_tr_7685_1st_7785.csv,HBOS_b20,global,-0.4782608695652174,0.4958830198925655,0.3099164642539624,28,high-dim
302_Power_id_1_Facility_tr_7685_1st_7785.csv,HBOS_b5,global,-0.7391304347826086,0.4958830198925655,0.3099164642539624,28,high-dim
302_Power_id_1_Facility_tr_7685_1st_7785.csv,HBOS_b50,global,-0.47826086956521735,0.4958830198925655,0.3099164642539624,28,high-dim
302_Power_id_1_Facility_tr_7685_1st_7785.csv,IF_n300,other,0.3913043478260869,0.4958830198925655,0.3099164642539624,28,high-dim
302_Power_id_1_Facility_tr_7685_1st_7785.csv,IF_n50,other,0.3913043478260869,0.4958830198925655,0.3099164642539624,28,high-dim
302_Power_id_1_Facility_tr_7685_1st_7785.csv,IForest,other,0.39130434782608703,0.4958830198925655,0.3099164642539624,28,high-dim
302_Power_id_1_Facility_tr_7685_1st_7785.csv,KNN_k10,local,0.6956521739130435,0.4958830198925655,0.3099164642539624,28,high-dim
302_Power_id_1_Facility_tr_7685_1st_7785.csv,KNN_k100,local,0.34782608695652173,0.4958830198925655,0.3099164642539624,28,high-dim
302_Power_id_1_Facility_tr_7685_1st_7785.csv,KNN_k20,local,0.5217391304347826,0.4958830198925655,0.3099164642539624,28,high-dim
302_Power_id_1_Facility_tr_7685_1st_7785.csv,KNN_k3,local,0.8260869565217391,0.4958830198925655,0.3099164642539624,28,high-dim
302_Power_id_1_Facility_tr_7685_1st_7785.csv,KNN_k50,local,0.5217391304347827,0.4958830198925655,0.3099164642539624,28,high-dim
302_Power_id_1_Facility_tr_7685_1st_7785.csv,LOF_k10,local,0.34782608695652173,0.4958830198925655,0.3099164642539624,28,high-dim
302_Power_id_1_Facility_tr_7685_1st_7785.csv,LOF_k100,local,-0.043478260869565244,0.4958830198925655,0.3099164642539624,28,high-dim
302_Power_id_1_Facility_tr_7685_1st_7785.csv,LOF_k20,local,0.4782608695652174,0.4958830198925655,0.3099164642539624,28,high-dim
302_Power_id_1_Facility_tr_7685_1st_7785.csv,LOF_k3,local,0.2608695652173913,0.4958830198925655,0.3099164642539624,28,high-dim
302_Power_id_1_Facility_tr_7685_1st_7785.csv,LOF_k50,local,0.13043478260869562,0.4958830198925655,0.3099164642539624,28,high-dim
302_Power_id_1_Facility_tr_7685_1st_7785.csv,PCA,global,-0.6086956521739131,0.4958830198925655,0.3099164642539624,28,high-dim
302_Power_id_1_Facility_tr_7685_1st_7785.csv,PCA_c0.3,global,-0.6086956521739131,0.4958830198925655,0.3099164642539624,28,high-dim
302_Power_id_1_Facility_tr_7685_1st_7785.csv,PCA_c0.9,global,-0.4782608695652174,0.4958830198925655,0.3099164642539624,28,high-dim
314_UCR_id_12_HumanActivity_tr_16250_1st_38500.csv,CBLOF,local,-0.30434782608695654,0.474255708814127,0.3301653676445309,28,high-dim
314_UCR_id_12_HumanActivity_tr_16250_1st_38500.csv,COPOD,global,-0.10869565217391304,0.474255708814127,0.3301653676445309,28,high-dim
314_UCR_id_12_HumanActivity_tr_16250_1st_38500.csv,ECOD,global,-0.021739130434782608,0.474255708814127,0.3301653676445309,28,high-dim
314_UCR_id_12_HumanActivity_tr_16250_1st_38500.csv,HBOS,global,-0.13043478260869565,0.474255708814127,0.3301653676445309,28,high-dim
314_UCR_id_12_HumanActivity_tr_16250_1st_38500.csv,HBOS_b20,global,0.0,0.474255708814127,0.3301653676445309,28,high-dim
314_UCR_id_12_HumanActivity_tr_16250_1st_38500.csv,HBOS_b5,global,-0.043478260869565216,0.474255708814127,0.3301653676445309,28,high-dim
314_UCR_id_12_HumanActivity_tr_16250_1st_38500.csv,HBOS_b50,global,0.04347826086956519,0.474255708814127,0.3301653676445309,28,high-dim
314_UCR_id_12_HumanActivity_tr_16250_1st_38500.csv,IF_n300,other,0.34782608695652173,0.474255708814127,0.3301653676445309,28,high-dim
314_UCR_id_12_HumanActivity_tr_16250_1st_38500.csv,IF_n50,other,0.13043478260869568,0.474255708814127,0.3301653676445309,28,high-dim
314_UCR_id_12_HumanActivity_tr_16250_1st_38500.csv,IForest,other,0.3043478260869565,0.474255708814127,0.3301653676445309,28,high-dim
314_UCR_id_12_HumanActivity_tr_16250_1st_38500.csv,KNN_k10,local,0.0,0.474255708814127,0.3301653676445309,28,high-dim
314_UCR_id_12_HumanActivity_tr_16250_1st_38500.csv,KNN_k100,local,-0.3043478260869565,0.474255708814127,0.3301653676445309,28,high-dim
314_UCR_id_12_HumanActivity_tr_16250_1st_38500.csv,KNN_k20,local,-0.08695652173913038,0.474255708814127,0.3301653676445309,28,high-dim
314_UCR_id_12_HumanActivity_tr_16250_1st_38500.csv,KNN_k3,local,0.0,0.474255708814127,0.3301653676445309,28,high-dim
314_UCR_id_12_HumanActivity_tr_16250_1st_38500.csv,KNN_k50,local,-0.08695652173913049,0.474255708814127,0.3301653676445309,28,high-dim
314_UCR_id_12_HumanActivity_tr_16250_1st_38500.csv,LOF_k10,local,0.0,0.474255708814127,0.3301653676445309,28,high-dim
314_UCR_id_12_HumanActivity_tr_16250_1st_38500.csv,LOF_k100,local,-0.5217391304347826,0.474255708814127,0.3301653676445309,28,high-dim
314_UCR_id_12_HumanActivity_tr_16250_1st_38500.csv,LOF_k20,local,0.0,0.474255708814127,0.3301653676445309,28,high-dim
314_UCR_id_12_HumanActivity_tr_16250_1st_38500.csv,LOF_k3,local,0.21739130434782605,0.474255708814127,0.3301653676445309,28,high-dim
314_UCR_id_12_HumanActivity_tr_16250_1st_38500.csv,LOF_k50,local,-0.21739130434782605,0.474255708814127,0.3301653676445309,28,high-dim
314_UCR_id_12_HumanActivity_tr_16250_1st_38500.csv,PCA,global,0.26086956521739135,0.474255708814127,0.3301653676445309,28,high-dim
314_UCR_id_12_HumanActivity_tr_16250_1st_38500.csv,PCA_c0.3,global,0.08695652173913043,0.474255708814127,0.3301653676445309,28,high-dim
314_UCR_id_12_HumanActivity_tr_16250_1st_38500.csv,PCA_c0.9,global,0.4347826086956522,0.474255708814127,0.3301653676445309,28,high-dim
345_UCR_id_43_Facility_tr_25000_1st_44630.csv,CBLOF,local,0.17391304347826086,0.3833203384828836,0.3818268092244106,28,high-dim
345_UCR_id_43_Facility_tr_25000_1st_44630.csv,COPOD,global,-0.8478260869565217,0.3833203384828836,0.3818268092244106,28,high-dim
345_UCR_id_43_Facility_tr_25000_1st_44630.csv,ECOD,global,-0.9347826086956522,0.3833203384828836,0.3818268092244106,28,high-dim
345_UCR_id_43_Facility_tr_25000_1st_44630.csv,HBOS,global,0.3043478260869565,0.3833203384828836,0.3818268092244106,28,high-dim
345_UCR_id_43_Facility_tr_25000_1st_44630.csv,HBOS_b20,global,0.30434782608695654,0.3833203384828836,0.3818268092244106,28,high-dim
345_UCR_id_43_Facility_tr_25000_1st_44630.csv,HBOS_b5,global,0.34782608695652173,0.3833203384828836,0.3818268092244106,28,high-dim
345_UCR_id_43_Facility_tr_25000_1st_44630.csv,HBOS_b50,global,0.5652173913043479,0.3833203384828836,0.3818268092244106,28,high-dim
345_UCR_id_43_Facility_tr_25000_1st_44630.csv,IF_n300,other,0.17391304347826086,0.3833203384828836,0.3818268092244106,28,high-dim
345_UCR_id_43_Facility_tr_25000_1st_44630.csv,IF_n50,other,0.04347826086956519,0.3833203384828836,0.3818268092244106,28,high-dim
345_UCR_id_43_Facility_tr_25000_1st_44630.csv,IForest,other,0.17391304347826086,0.3833203384828836,0.3818268092244106,28,high-dim
345_UCR_id_43_Facility_tr_25000_1st_44630.csv,KNN_k10,local,0.2608695652173913,0.3833203384828836,0.3818268092244106,28,high-dim
345_UCR_id_43_Facility_tr_25000_1st_44630.csv,KNN_k100,local,-0.043478260869565216,0.3833203384828836,0.3818268092244106,28,high-dim
345_UCR_id_43_Facility_tr_25000_1st_44630.csv,KNN_k20,local,0.21739130434782608,0.3833203384828836,0.3818268092244106,28,high-dim
345_UCR_id_43_Facility_tr_25000_1st_44630.csv,KNN_k3,local,0.6521739130434783,0.3833203384828836,0.3818268092244106,28,high-dim
345_UCR_id_43_Facility_tr_25000_1st_44630.csv,KNN_k50,local,0.17391304347826086,0.3833203384828836,0.3818268092244106,28,high-dim
345_UCR_id_43_Facility_tr_25000_1st_44630.csv,LOF_k10,local,-0.21739130434782605,0.3833203384828836,0.3818268092244106,28,high-dim
345_UCR_id_43_Facility_tr_25000_1st_44630.csv,LOF_k100,local,-0.043478260869565216,0.3833203384828836,0.3818268092244106,28,high-dim
345_UCR_id_43_Facility_tr_25000_1st_44630.csv,LOF_k20,local,-0.47826086956521735,0.3833203384828836,0.3818268092244106,28,high-dim
345_UCR_id_43_Facility_tr_25000_1st_44630.csv,LOF_k3,local,-0.4782608695652174,0.3833203384828836,0.3818268092244106,28,high-dim
345_UCR_id_43_Facility_tr_25000_1st_44630.csv,LOF_k50,local,-0.34782608695652173,0.3833203384828836,0.3818268092244106,28,high-dim
345_UCR_id_43_Facility_tr_25000_1st_44630.csv,PCA,global,-0.0434782608695653,0.3833203384828836,0.3818268092244106,28,high-dim
345_UCR_id_43_Facility_tr_25000_1st_44630.csv,PCA_c0.3,global,0.13043478260869568,0.3833203384828836,0.3818268092244106,28,high-dim
345_UCR_id_43_Facility_tr_25000_1st_44630.csv,PCA_c0.9,global,-0.08695652173913043,0.3833203384828836,0.3818268092244106,28,high-dim
368_UCR_id_66_Facility_tr_50000_1st_125720.csv,CBLOF,local,0.5652173913043479,0.5663102723556874,0.230338298847114,28,high-dim
368_UCR_id_66_Facility_tr_50000_1st_125720.csv,COPOD,global,-0.6739130434782609,0.5663102723556874,0.230338298847114,28,high-dim
368_UCR_id_66_Facility_tr_50000_1st_125720.csv,ECOD,global,-0.8043478260869565,0.5663102723556874,0.230338298847114,28,high-dim
368_UCR_id_66_Facility_tr_50000_1st_125720.csv,HBOS,global,0.5217391304347826,0.5663102723556874,0.230338298847114,28,high-dim
368_UCR_id_66_Facility_tr_50000_1st_125720.csv,HBOS_b20,global,0.2608695652173913,0.5663102723556874,0.230338298847114,28,high-dim
368_UCR_id_66_Facility_tr_50000_1st_125720.csv,HBOS_b5,global,0.2608695652173913,0.5663102723556874,0.230338298847114,28,high-dim
368_UCR_id_66_Facility_tr_50000_1st_125720.csv,HBOS_b50,global,0.34782608695652173,0.5663102723556874,0.230338298847114,28,high-dim
368_UCR_id_66_Facility_tr_50000_1st_125720.csv,IF_n300,other,0.13043478260869568,0.5663102723556874,0.230338298847114,28,high-dim
368_UCR_id_66_Facility_tr_50000_1st_125720.csv,IF_n50,other,0.26086956521739124,0.5663102723556874,0.230338298847114,28,high-dim
368_UCR_id_66_Facility_tr_50000_1st_125720.csv,IForest,other,0.08695652173913038,0.5663102723556874,0.230338298847114,28,high-dim
368_UCR_id_66_Facility_tr_50000_1st_125720.csv,KNN_k10,local,0.17391304347826086,0.5663102723556874,0.230338298847114,28,high-dim
368_UCR_id_66_Facility_tr_50000_1st_125720.csv,KNN_k100,local,0.17391304347826086,0.5663102723556874,0.230338298847114,28,high-dim
368_UCR_id_66_Facility_tr_50000_1st_125720.csv,KNN_k20,local,0.47826086956521735,0.5663102723556874,0.230338298847114,28,high-dim
368_UCR_id_66_Facility_tr_50000_1st_125720.csv,KNN_k3,local,0.17391304347826086,0.5663102723556874,0.230338298847114,28,high-dim
368_UCR_id_66_Facility_tr_50000_1st_125720.csv,KNN_k50,local,0.5652173913043478,0.5663102723556874,0.230338298847114,28,high-dim
368_UCR_id_66_Facility_tr_50000_1st_125720.csv,LOF_k10,local,-0.34782608695652173,0.5663102723556874,0.230338298847114,28,high-dim
368_UCR_id_66_Facility_tr_50000_1st_125720.csv,LOF_k100,local,0.043478260869565216,0.5663102723556874,0.230338298847114,28,high-dim
368_UCR_id_66_Facility_tr_50000_1st_125720.csv,LOF_k20,local,-0.608695652173913,0.5663102723556874,0.230338298847114,28,high-dim
368_UCR_id_66_Facility_tr_50000_1st_125720.csv,LOF_k3,local,-0.34782608695652173,0.5663102723556874,0.230338298847114,28,high-dim
368_UCR_id_66_Facility_tr_50000_1st_125720.csv,LOF_k50,local,-0.3043478260869565,0.5663102723556874,0.230338298847114,28,high-dim
368_UCR_id_66_Facility_tr_50000_1st_125720.csv,PCA,global,-0.4347826086956521,0.5663102723556874,0.230338298847114,28,high-dim
368_UCR_id_66_Facility_tr_50000_1st_125720.csv,PCA_c0.3,global,-0.1739130434782609,0.5663102723556874,0.230338298847114,28,high-dim
368_UCR_id_66_Facility_tr_50000_1st_125720.csv,PCA_c0.9,global,-0.34782608695652173,0.5663102723556874,0.230338298847114,28,high-dim
381_UCR_id_79_HumanActivity_tr_16000_1st_31200.csv,CBLOF,local,-0.17391304347826086,0.4349950216013022,0.4404479860929082,28,high-dim
381_UCR_id_79_HumanActivity_tr_16000_1st_31200.csv,COPOD,global,-0.021739130434782608,0.4349950216013022,0.4404479860929082,28,high-dim
381_UCR_id_79_HumanActivity_tr_16000_1st_31200.csv,ECOD,global,0.021739130434782608,0.4349950216013022,0.4404479860929082,28,high-dim
381_UCR_id_79_HumanActivity_tr_16000_1st_31200.csv,HBOS,global,0.0,0.4349950216013022,0.4404479860929082,28,high-dim
381_UCR_id_79_HumanActivity_tr_16000_1st_31200.csv,HBOS_b20,global,-0.08695652173913043,0.4349950216013022,0.4404479860929082,28,high-dim
381_UCR_id_79_HumanActivity_tr_16000_1st_31200.csv,HBOS_b5,global,-0.13043478260869565,0.4349950216013022,0.4404479860929082,28,high-dim
381_UCR_id_79_HumanActivity_tr_16000_1st_31200.csv,HBOS_b50,global,0.043478260869565244,0.4349950216013022,0.4404479860929082,28,high-dim
381_UCR_id_79_HumanActivity_tr_16000_1st_31200.csv,IF_n300,other,0.30434782608695654,0.4349950216013022,0.4404479860929082,28,high-dim
381_UCR_id_79_HumanActivity_tr_16000_1st_31200.csv,IF_n50,other,-0.04347826086956519,0.4349950216013022,0.4404479860929082,28,high-dim
381_UCR_id_79_HumanActivity_tr_16000_1st_31200.csv,IForest,other,0.17391304347826086,0.4349950216013022,0.4404479860929082,28,high-dim
381_UCR_id_79_HumanActivity_tr_16000_1st_31200.csv,KNN_k10,local,0.0,0.4349950216013022,0.4404479860929082,28,high-dim
381_UCR_id_79_HumanActivity_tr_16000_1st_31200.csv,KNN_k100,local,0.1739130434782608,0.4349950216013022,0.4404479860929082,28,high-dim
381_UCR_id_79_HumanActivity_tr_16000_1st_31200.csv,KNN_k20,local,0.04347826086956519,0.4349950216013022,0.4404479860929082,28,high-dim
381_UCR_id_79_HumanActivity_tr_16000_1st_31200.csv,KNN_k3,local,0.0,0.4349950216013022,0.4404479860929082,28,high-dim
381_UCR_id_79_HumanActivity_tr_16000_1st_31200.csv,KNN_k50,local,0.04347826086956519,0.4349950216013022,0.4404479860929082,28,high-dim
381_UCR_id_79_HumanActivity_tr_16000_1st_31200.csv,LOF_k10,local,0.0,0.4349950216013022,0.4404479860929082,28,high-dim
381_UCR_id_79_HumanActivity_tr_16000_1st_31200.csv,LOF_k100,local,-0.08695652173913043,0.4349950216013022,0.4404479860929082,28,high-dim
381_UCR_id_79_HumanActivity_tr_16000_1st_31200.csv,LOF_k20,local,0.04347826086956519,0.4349950216013022,0.4404479860929082,28,high-dim
381_UCR_id_79_HumanActivity_tr_16000_1st_31200.csv,LOF_k3,local,-0.17391304347826086,0.4349950216013022,0.4404479860929082,28,high-dim
381_UCR_id_79_HumanActivity_tr_16000_1st_31200.csv,LOF_k50,local,-0.26086956521739124,0.4349950216013022,0.4404479860929082,28,high-dim
381_UCR_id_79_HumanActivity_tr_16000_1st_31200.csv,PCA,global,0.08695652173913043,0.4349950216013022,0.4404479860929082,28,high-dim
381_UCR_id_79_HumanActivity_tr_16000_1st_31200.csv,PCA_c0.3,global,-0.043478260869565216,0.4349950216013022,0.4404479860929082,28,high-dim
381_UCR_id_79_HumanActivity_tr_16000_1st_31200.csv,PCA_c0.9,global,0.08695652173913043,0.4349950216013022,0.4404479860929082,28,high-dim
430_UCR_id_128_HumanActivity_tr_12500_1st_46500.csv,CBLOF,local,-0.30434782608695654,0.4921026652963945,0.379379246105961,28,high-dim
430_UCR_id_128_HumanActivity_tr_12500_1st_46500.csv,COPOD,global,-0.06521739130434782,0.4921026652963945,0.379379246105961,28,high-dim
430_UCR_id_128_HumanActivity_tr_12500_1st_46500.csv,ECOD,global,0.021739130434782608,0.4921026652963945,0.379379246105961,28,high-dim
430_UCR_id_128_HumanActivity_tr_12500_1st_46500.csv,HBOS,global,0.08695652173913046,0.4921026652963945,0.379379246105961,28,high-dim
430_UCR_id_128_HumanActivity_tr_12500_1st_46500.csv,HBOS_b20,global,0.17391304347826086,0.4921026652963945,0.379379246105961,28,high-dim
430_UCR_id_128_HumanActivity_tr_12500_1st_46500.csv,HBOS_b5,global,0.08695652173913043,0.4921026652963945,0.379379246105961,28,high-dim
430_UCR_id_128_HumanActivity_tr_12500_1st_46500.csv,HBOS_b50,global,0.1739130434782608,0.4921026652963945,0.379379246105961,28,high-dim
430_UCR_id_128_HumanActivity_tr_12500_1st_46500.csv,IF_n300,other,0.17391304347826086,0.4921026652963945,0.379379246105961,28,high-dim
430_UCR_id_128_HumanActivity_tr_12500_1st_46500.csv,IF_n50,other,0.2173913043478261,0.4921026652963945,0.379379246105961,28,high-dim
430_UCR_id_128_HumanActivity_tr_12500_1st_46500.csv,IForest,other,0.17391304347826086,0.4921026652963945,0.379379246105961,28,high-dim
430_UCR_id_128_HumanActivity_tr_12500_1st_46500.csv,KNN_k10,local,0.0,0.4921026652963945,0.379379246105961,28,high-dim
430_UCR_id_128_HumanActivity_tr_12500_1st_46500.csv,KNN_k100,local,-0.39130434782608703,0.4921026652963945,0.379379246105961,28,high-dim
430_UCR_id_128_HumanActivity_tr_12500_1st_46500.csv,KNN_k20,local,0.0,0.4921026652963945,0.379379246105961,28,high-dim
430_UCR_id_128_HumanActivity_tr_12500_1st_46500.csv,KNN_k3,local,0.13043478260869568,0.4921026652963945,0.379379246105961,28,high-dim
430_UCR_id_128_HumanActivity_tr_12500_1st_46500.csv,KNN_k50,local,-0.17391304347826086,0.4921026652963945,0.379379246105961,28,high-dim
430_UCR_id_128_HumanActivity_tr_12500_1st_46500.csv,LOF_k10,local,0.0,0.4921026652963945,0.379379246105961,28,high-dim
430_UCR_id_128_HumanActivity_tr_12500_1st_46500.csv,LOF_k100,local,-0.5217391304347826,0.4921026652963945,0.379379246105961,28,high-dim
430_UCR_id_128_HumanActivity_tr_12500_1st_46500.csv,LOF_k20,local,-0.21739130434782605,0.4921026652963945,0.379379246105961,28,high-dim
430_UCR_id_128_HumanActivity_tr_12500_1st_46500.csv,LOF_k3,local,0.17391304347826086,0.4921026652963945,0.379379246105961,28,high-dim
430_UCR_id_128_HumanActivity_tr_12500_1st_46500.csv,LOF_k50,local,-0.3043478260869565,0.4921026652963945,0.379379246105961,28,high-dim
430_UCR_id_128_HumanActivity_tr_12500_1st_46500.csv,PCA,global,0.08695652173913043,0.4921026652963945,0.379379246105961,28,high-dim
430_UCR_id_128_HumanActivity_tr_12500_1st_46500.csv,PCA_c0.3,global,0.08695652173913043,0.4921026652963945,0.379379246105961,28,high-dim
430_UCR_id_128_HumanActivity_tr_12500_1st_46500.csv,PCA_c0.9,global,0.391304347826087,0.4921026652963945,0.379379246105961,28,high-dim
433_UCR_id_131_Facility_tr_50000_1st_106720.csv,CBLOF,local,0.2173913043478261,0.5833362017083537,0.3107267438086835,28,high-dim
433_UCR_id_131_Facility_tr_50000_1st_106720.csv,COPOD,global,-0.10869565217391304,0.5833362017083537,0.3107267438086835,28,high-dim
433_UCR_id_131_Facility_tr_50000_1st_106720.csv,ECOD,global,0.021739130434782608,0.5833362017083537,0.3107267438086835,28,high-dim
433_UCR_id_131_Facility_tr_50000_1st_106720.csv,HBOS,global,-0.13043478260869562,0.5833362017083537,0.3107267438086835,28,high-dim
433_UCR_id_131_Facility_tr_50000_1st_106720.csv,HBOS_b20,global,-0.13043478260869568,0.5833362017083537,0.3107267438086835,28,high-dim
433_UCR_id_131_Facility_tr_50000_1st_106720.csv,HBOS_b5,global,-0.21739130434782605,0.5833362017083537,0.3107267438086835,28,high-dim
433_UCR_id_131_Facility_tr_50000_1st_106720.csv,HBOS_b50,global,-0.04347826086956519,0.5833362017083537,0.3107267438086835,28,high-dim
433_UCR_id_131_Facility_tr_50000_1st_106720.csv,IF_n300,other,0.6521739130434783,0.5833362017083537,0.3107267438086835,28,high-dim
433_UCR_id_131_Facility_tr_50000_1st_106720.csv,IF_n50,other,0.4782608695652174,0.5833362017083537,0.3107267438086835,28,high-dim
433_UCR_id_131_Facility_tr_50000_1st_106720.csv,IForest,other,0.5652173913043478,0.5833362017083537,0.3107267438086835,28,high-dim
433_UCR_id_131_Facility_tr_50000_1st_106720.csv,KNN_k10,local,0.17391304347826086,0.5833362017083537,0.3107267438086835,28,high-dim
433_UCR_id_131_Facility_tr_50000_1st_106720.csv,KNN_k100,local,0.13043478260869562,0.5833362017083537,0.3107267438086835,28,high-dim
433_UCR_id_131_Facility_tr_50000_1st_106720.csv,KNN_k20,local,0.0434782608695653,0.5833362017083537,0.3107267438086835,28,high-dim
433_UCR_id_131_Facility_tr_50000_1st_106720.csv,KNN_k3,local,0.13043478260869568,0.5833362017083537,0.3107267438086835,28,high-dim
433_UCR_id_131_Facility_tr_50000_1st_106720.csv,KNN_k50,local,0.21739130434782605,0.5833362017083537,0.3107267438086835,28,high-dim
433_UCR_id_131_Facility_tr_50000_1st_106720.csv,LOF_k10,local,-0.39130434782608703,0.5833362017083537,0.3107267438086835,28,high-dim
433_UCR_id_131_Facility_tr_50000_1st_106720.csv,LOF_k100,local,-0.5652173913043478,0.5833362017083537,0.3107267438086835,28,high-dim
433_UCR_id_131_Facility_tr_50000_1st_106720.csv,LOF_k20,local,-0.5217391304347825,0.5833362017083537,0.3107267438086835,28,high-dim
433_UCR_id_131_Facility_tr_50000_1st_106720.csv,LOF_k3,local,-0.26086956521739135,0.5833362017083537,0.3107267438086835,28,high-dim
433_UCR_id_131_Facility_tr_50000_1st_106720.csv,LOF_k50,local,-0.6521739130434783,0.5833362017083537,0.3107267438086835,28,high-dim
433_UCR_id_131_Facility_tr_50000_1st_106720.csv,PCA,global,0.13043478260869565,0.5833362017083537,0.3107267438086835,28,high-dim
433_UCR_id_131_Facility_tr_50000_1st_106720.csv,PCA_c0.3,global,0.17391304347826086,0.5833362017083537,0.3107267438086835,28,high-dim
433_UCR_id_131_Facility_tr_50000_1st_106720.csv,PCA_c0.9,global,0.08695652173913043,0.5833362017083537,0.3107267438086835,28,high-dim
461_UCR_id_159_Medical_tr_45096_1st_131200.csv,CBLOF,local,-0.08695652173913043,0.582836322695874,0.3657435233238379,28,high-dim
461_UCR_id_159_Medical_tr_45096_1st_131200.csv,COPOD,global,-0.891304347826087,0.582836322695874,0.3657435233238379,28,high-dim
461_UCR_id_159_Medical_tr_45096_1st_131200.csv,ECOD,global,-0.9347826086956522,0.582836322695874,0.3657435233238379,28,high-dim
461_UCR_id_159_Medical_tr_45096_1st_131200.csv,HBOS,global,0.826086956521739,0.582836322695874,0.3657435233238379,28,high-dim
461_UCR_id_159_Medical_tr_45096_1st_131200.csv,HBOS_b20,global,0.8260869565217391,0.582836322695874,0.3657435233238379,28,high-dim
461_UCR_id_159_Medical_tr_45096_1st_131200.csv,HBOS_b5,global,0.6521739130434783,0.582836322695874,0.3657435233238379,28,high-dim
461_UCR_id_159_Medical_tr_45096_1st_131200.csv,HBOS_b50,global,0.4347826086956522,0.582836322695874,0.3657435233238379,28,high-dim
461_UCR_id_159_Medical_tr_45096_1st_131200.csv,IF_n300,other,0.391304347826087,0.582836322695874,0.3657435233238379,28,high-dim
461_UCR_id_159_Medical_tr_45096_1st_131200.csv,IF_n50,other,0.3913043478260869,0.582836322695874,0.3657435233238379,28,high-dim
461_UCR_id_159_Medical_tr_45096_1st_131200.csv,IForest,other,0.3478260869565217,0.582836322695874,0.3657435233238379,28,high-dim
461_UCR_id_159_Medical_tr_45096_1st_131200.csv,KNN_k10,local,0.30434782608695654,0.582836322695874,0.3657435233238379,28,high-dim
461_UCR_id_159_Medical_tr_45096_1st_131200.csv,KNN_k100,local,0.13043478260869568,0.582836322695874,0.3657435233238379,28,high-dim
461_UCR_id_159_Medical_tr_45096_1st_131200.csv,KNN_k20,local,0.3478260869565218,0.582836322695874,0.3657435233238379,28,high-dim
461_UCR_id_159_Medical_tr_45096_1st_131200.csv,KNN_k3,local,0.3913043478260869,0.582836322695874,0.3657435233238379,28,high-dim
461_UCR_id_159_Medical_tr_45096_1st_131200.csv,KNN_k50,local,0.21739130434782608,0.582836322695874,0.3657435233238379,28,high-dim
461_UCR_id_159_Medical_tr_45096_1st_131200.csv,LOF_k10,local,-0.6956521739130435,0.582836322695874,0.3657435233238379,28,high-dim
461_UCR_id_159_Medical_tr_45096_1st_131200.csv,LOF_k100,local,-0.3043478260869565,0.582836322695874,0.3657435233238379,28,high-dim
461_UCR_id_159_Medical_tr_45096_1st_131200.csv,LOF_k20,local,-0.6956521739130435,0.582836322695874,0.3657435233238379,28,high-dim
461_UCR_id_159_Medical_tr_45096_1st_131200.csv,LOF_k3,local,-0.4782608695652174,0.582836322695874,0.3657435233238379,28,high-dim
461_UCR_id_159_Medical_tr_45096_1st_131200.csv,LOF_k50,local,-0.6521739130434783,0.582836322695874,0.3657435233238379,28,high-dim
461_UCR_id_159_Medical_tr_45096_1st_131200.csv,PCA,global,-0.21739130434782605,0.582836322695874,0.3657435233238379,28,high-dim
461_UCR_id_159_Medical_tr_45096_1st_131200.csv,PCA_c0.3,global,-0.17391304347826086,0.582836322695874,0.3657435233238379,28,high-dim
461_UCR_id_159_Medical_tr_45096_1st_131200.csv,PCA_c0.9,global,-0.13043478260869568,0.582836322695874,0.3657435233238379,28,high-dim
529_UCR_id_227_Facility_tr_19948_1st_52000.csv,CBLOF,local,-0.13043478260869568,0.4184971428227647,0.2900658838430061,28,high-dim
529_UCR_id_227_Facility_tr_19948_1st_52000.csv,COPOD,global,-0.15217391304347827,0.4184971428227647,0.2900658838430061,28,high-dim
529_UCR_id_227_Facility_tr_19948_1st_52000.csv,ECOD,global,-0.32608695652173914,0.4184971428227647,0.2900658838430061,28,high-dim
529_UCR_id_227_Facility_tr_19948_1st_52000.csv,HBOS,global,0.2608695652173913,0.4184971428227647,0.2900658838430061,28,high-dim
529_UCR_id_227_Facility_tr_19948_1st_52000.csv,HBOS_b20,global,0.30434782608695654,0.4184971428227647,0.2900658838430061,28,high-dim
529_UCR_id_227_Facility_tr_19948_1st_52000.csv,HBOS_b5,global,0.17391304347826086,0.4184971428227647,0.2900658838430061,28,high-dim
529_UCR_id_227_Facility_tr_19948_1st_52000.csv,HBOS_b50,global,0.30434782608695654,0.4184971428227647,0.2900658838430061,28,high-dim
529_UCR_id_227_Facility_tr_19948_1st_52000.csv,IF_n300,other,0.7391304347826086,0.4184971428227647,0.2900658838430061,28,high-dim
529_UCR_id_227_Facility_tr_19948_1st_52000.csv,IF_n50,other,0.5652173913043478,0.4184971428227647,0.2900658838430061,28,high-dim
529_UCR_id_227_Facility_tr_19948_1st_52000.csv,IForest,other,0.6521739130434783,0.4184971428227647,0.2900658838430061,28,high-dim
529_UCR_id_227_Facility_tr_19948_1st_52000.csv,KNN_k10,local,0.08695652173913049,0.4184971428227647,0.2900658838430061,28,high-dim
529_UCR_id_227_Facility_tr_19948_1st_52000.csv,KNN_k100,local,-0.26086956521739124,0.4184971428227647,0.2900658838430061,28,high-dim
529_UCR_id_227_Facility_tr_19948_1st_52000.csv,KNN_k20,local,0.08695652173913049,0.4184971428227647,0.2900658838430061,28,high-dim
529_UCR_id_227_Facility_tr_19948_1st_52000.csv,KNN_k3,local,0.08695652173913038,0.4184971428227647,0.2900658838430061,28,high-dim
529_UCR_id_227_Facility_tr_19948_1st_52000.csv,KNN_k50,local,0.0,0.4184971428227647,0.2900658838430061,28,high-dim
529_UCR_id_227_Facility_tr_19948_1st_52000.csv,LOF_k10,local,-0.5217391304347825,0.4184971428227647,0.2900658838430061,28,high-dim
529_UCR_id_227_Facility_tr_19948_1st_52000.csv,LOF_k100,local,-0.7391304347826086,0.4184971428227647,0.2900658838430061,28,high-dim
529_UCR_id_227_Facility_tr_19948_1st_52000.csv,LOF_k20,local,-0.5652173913043479,0.4184971428227647,0.2900658838430061,28,high-dim
529_UCR_id_227_Facility_tr_19948_1st_52000.csv,LOF_k3,local,-0.4347826086956522,0.4184971428227647,0.2900658838430061,28,high-dim
529_UCR_id_227_Facility_tr_19948_1st_52000.csv,LOF_k50,local,-0.782608695652174,0.4184971428227647,0.2900658838430061,28,high-dim
529_UCR_id_227_Facility_tr_19948_1st_52000.csv,PCA,global,0.3043478260869565,0.4184971428227647,0.2900658838430061,28,high-dim
529_UCR_id_227_Facility_tr_19948_1st_52000.csv,PCA_c0.3,global,0.17391304347826086,0.4184971428227647,0.2900658838430061,28,high-dim
529_UCR_id_227_Facility_tr_19948_1st_52000.csv,PCA_c0.9,global,0.17391304347826086,0.4184971428227647,0.2900658838430061,28,high-dim
867_OPPORTUNITY_id_26_HumanActivity_tr_808_1st_908.csv,CBLOF,local,-0.021739130434782594,0.4116923075954658,0.1366536781367094,28,high-dim
867_OPPORTUNITY_id_26_HumanActivity_tr_808_1st_908.csv,COPOD,global,-0.34782608695652173,0.4116923075954658,0.1366536781367094,28,high-dim
867_OPPORTUNITY_id_26_HumanActivity_tr_808_1st_908.csv,ECOD,global,-0.43478260869565216,0.4116923075954658,0.1366536781367094,28,high-dim
867_OPPORTUNITY_id_26_HumanActivity_tr_808_1st_908.csv,HBOS,global,0.5217391304347826,0.4116923075954658,0.1366536781367094,28,high-dim
867_OPPORTUNITY_id_26_HumanActivity_tr_808_1st_908.csv,HBOS_b20,global,0.47826086956521735,0.4116923075954658,0.1366536781367094,28,high-dim
867_OPPORTUNITY_id_26_HumanActivity_tr_808_1st_908.csv,HBOS_b5,global,0.34782608695652173,0.4116923075954658,0.1366536781367094,28,high-dim
867_OPPORTUNITY_id_26_HumanActivity_tr_808_1st_908.csv,HBOS_b50,global,0.782608695652174,0.4116923075954658,0.1366536781367094,28,high-dim
867_OPPORTUNITY_id_26_HumanActivity_tr_808_1st_908.csv,IF_n300,other,0.3913043478260869,0.4116923075954658,0.1366536781367094,28,high-dim
867_OPPORTUNITY_id_26_HumanActivity_tr_808_1st_908.csv,IF_n50,other,0.5217391304347827,0.4116923075954658,0.1366536781367094,28,high-dim
867_OPPORTUNITY_id_26_HumanActivity_tr_808_1st_908.csv,IForest,other,0.5217391304347826,0.4116923075954658,0.1366536781367094,28,high-dim
867_OPPORTUNITY_id_26_HumanActivity_tr_808_1st_908.csv,KNN_k10,local,0.0,0.4116923075954658,0.1366536781367094,28,high-dim
867_OPPORTUNITY_id_26_HumanActivity_tr_808_1st_908.csv,KNN_k100,local,-0.5652173913043479,0.4116923075954658,0.1366536781367094,28,high-dim
867_OPPORTUNITY_id_26_HumanActivity_tr_808_1st_908.csv,KNN_k20,local,0.021739130434782594,0.4116923075954658,0.1366536781367094,28,high-dim
867_OPPORTUNITY_id_26_HumanActivity_tr_808_1st_908.csv,KNN_k3,local,0.0,0.4116923075954658,0.1366536781367094,28,high-dim
867_OPPORTUNITY_id_26_HumanActivity_tr_808_1st_908.csv,KNN_k50,local,-0.3478260869565217,0.4116923075954658,0.1366536781367094,28,high-dim
867_OPPORTUNITY_id_26_HumanActivity_tr_808_1st_908.csv,LOF_k10,local,-0.4347826086956522,0.4116923075954658,0.1366536781367094,28,high-dim
867_OPPORTUNITY_id_26_HumanActivity_tr_808_1st_908.csv,LOF_k100,local,-0.13043478260869562,0.4116923075954658,0.1366536781367094,28,high-dim
867_OPPORTUNITY_id_26_HumanActivity_tr_808_1st_908.csv,LOF_k20,local,-0.5652173913043479,0.4116923075954658,0.1366536781367094,28,high-dim
867_OPPORTUNITY_id_26_HumanActivity_tr_808_1st_908.csv,LOF_k3,local,-0.4782608695652174,0.4116923075954658,0.1366536781367094,28,high-dim
867_OPPORTUNITY_id_26_HumanActivity_tr_808_1st_908.csv,LOF_k50,local,-0.17391304347826086,0.4116923075954658,0.1366536781367094,28,high-dim
867_OPPORTUNITY_id_26_HumanActivity_tr_808_1st_908.csv,PCA,global,-0.04347826086956519,0.4116923075954658,0.1366536781367094,28,high-dim
867_OPPORTUNITY_id_26_HumanActivity_tr_808_1st_908.csv,PCA_c0.3,global,-0.04347826086956519,0.4116923075954658,0.1366536781367094,28,high-dim
867_OPPORTUNITY_id_26_HumanActivity_tr_808_1st_908.csv,PCA_c0.9,global,0.0,0.4116923075954658,0.1366536781367094,28,high-dim
AbstractAnomalyBatch,CBLOF_c16,local,-0.35294117647058826,0.9001715539333789,0.4650474875115482,65,high-dim
AbstractAnomalyBatch,CBLOF_c32,local,-0.35294117647058826,0.9001715539333789,0.4650474875115482,65,high-dim
AbstractAnomalyBatch,COPOD,global,-0.45588235294117646,0.9001715539333789,0.4650474875115482,65,high-dim
AbstractAnomalyBatch,ECOD,global,-0.39705882352941174,0.9001715539333789,0.4650474875115482,65,high-dim
AbstractAnomalyBatch,HBOS,global,0.42647058823529416,0.9001715539333789,0.4650474875115482,65,high-dim
AbstractAnomalyBatch,HBOS_b100,global,0.5441176470588236,0.9001715539333789,0.4650474875115482,65,high-dim
AbstractAnomalyBatch,HBOS_b20,global,0.4852941176470589,0.9001715539333789,0.4650474875115482,65,high-dim
AbstractAnomalyBatch,HBOS_b5,global,0.36764705882352944,0.9001715539333789,0.4650474875115482,65,high-dim
AbstractAnomalyBatch,HBOS_b50,global,0.5147058823529412,0.9001715539333789,0.4650474875115482,65,high-dim
AbstractAnomalyBatch,IF_n300,other,0.5735294117647058,0.9001715539333789,0.4650474875115482,65,high-dim
AbstractAnomalyBatch,IF_n50,other,0.6323529411764706,0.9001715539333789,0.4650474875115482,65,high-dim
AbstractAnomalyBatch,IForest,other,0.6029411764705883,0.9001715539333789,0.4650474875115482,65,high-dim
AbstractAnomalyBatch,KNN,local,-0.4411764705882353,0.9001715539333789,0.4650474875115482,65,high-dim
AbstractAnomalyBatch,KNN_k10,local,-0.5294117647058824,0.9001715539333789,0.4650474875115482,65,high-dim
AbstractAnomalyBatch,KNN_k100,local,-0.5294117647058824,0.9001715539333789,0.4650474875115482,65,high-dim
AbstractAnomalyBatch,KNN_k200,local,-0.5294117647058824,0.9001715539333789,0.4650474875115482,65,high-dim
AbstractAnomalyBatch,KNN_k3,local,-0.38235294117647056,0.9001715539333789,0.4650474875115482,65,high-dim
AbstractAnomalyBatch,KNN_k35,local,-0.4411764705882352,0.9001715539333789,0.4650474875115482,65,high-dim
AbstractAnomalyBatch,KNN_k50,local,-0.4705882352941177,0.9001715539333789,0.4650474875115482,65,high-dim
AbstractAnomalyBatch,LODA,other,0.3529411764705882,0.9001715539333789,0.4650474875115482,65,high-dim
AbstractAnomalyBatch,LODA_b20,other,0.5588235294117647,0.9001715539333789,0.4650474875115482,65,high-dim
AbstractAnomalyBatch,LODA_b50,other,0.5588235294117647,0.9001715539333789,0.4650474875115482,65,high-dim
AbstractAnomalyBatch,LOF,local,-0.5294117647058824,0.9001715539333789,0.4650474875115482,65,high-dim
AbstractAnomalyBatch,LOF_k10,local,-0.4411764705882353,0.9001715539333789,0.4650474875115482,65,high-dim
AbstractAnomalyBatch,LOF_k100,local,-0.5294117647058824,0.9001715539333789,0.4650474875115482,65,high-dim
AbstractAnomalyBatch,LOF_k200,local,-0.5294117647058824,0.9001715539333789,0.4650474875115482,65,high-dim
AbstractAnomalyBatch,LOF_k3,local,-0.2941176470588235,0.9001715539333789,0.4650474875115482,65,high-dim
AbstractAnomalyBatch,LOF_k35,local,-0.49999999999999994,0.9001715539333789,0.4650474875115482,65,high-dim
AbstractAnomalyBatch,LOF_k50,local,-0.5294117647058822,0.9001715539333789,0.4650474875115482,65,high-dim
AbstractAnomalyBatch,PCA,global,0.5,0.9001715539333789,0.4650474875115482,65,high-dim
AbstractAnomalyBatch,PCA_c0.3,global,0.44117647058823534,0.9001715539333789,0.4650474875115482,65,high-dim
AbstractAnomalyBatch,PCA_c0.7,global,0.5882352941176471,0.9001715539333789,0.4650474875115482,65,high-dim
AbstractAnomalyBatch,PCA_c0.9,global,0.5588235294117647,0.9001715539333789,0.4650474875115482,65,high-dim
AbstractAnomalyBatch,PCA_c0.99,global,0.5294117647058824,0.9001715539333789,0.4650474875115482,65,high-dim
ArchaeologicalAnomalies,CBLOF,local,0.6666666666666666,0.4463509179200662,0.2170068165899595,3,low-dim
ArchaeologicalAnomalies,CBLOF_c16,local,0.05555555555555558,0.4463509179200662,0.2170068165899595,3,low-dim
ArchaeologicalAnomalies,CBLOF_c32,local,0.02777777777777779,0.4463509179200662,0.2170068165899595,3,low-dim
ArchaeologicalAnomalies,CBLOF_c4,local,-0.02777777777777779,0.4463509179200662,0.2170068165899595,3,low-dim
ArchaeologicalAnomalies,COPOD,global,-0.1388888888888889,0.4463509179200662,0.2170068165899595,3,low-dim
ArchaeologicalAnomalies,ECOD,global,-0.41666666666666663,0.4463509179200662,0.2170068165899595,3,low-dim
ArchaeologicalAnomalies,HBOS,global,0.027777777777777735,0.4463509179200662,0.2170068165899595,3,low-dim
ArchaeologicalAnomalies,HBOS_b100,global,0.36111111111111105,0.4463509179200662,0.2170068165899595,3,low-dim
ArchaeologicalAnomalies,HBOS_b20,global,0.05555555555555558,0.4463509179200662,0.2170068165899595,3,low-dim
ArchaeologicalAnomalies,HBOS_b5,global,-0.2777777777777778,0.4463509179200662,0.2170068165899595,3,low-dim
ArchaeologicalAnomalies,HBOS_b50,global,0.861111111111111,0.4463509179200662,0.2170068165899595,3,low-dim
ArchaeologicalAnomalies,IF_n300,other,0.5277777777777778,0.4463509179200662,0.2170068165899595,3,low-dim
ArchaeologicalAnomalies,IF_n50,other,0.3333333333333333,0.4463509179200662,0.2170068165899595,3,low-dim
ArchaeologicalAnomalies,IForest,other,0.38888888888888895,0.4463509179200662,0.2170068165899595,3,low-dim
ArchaeologicalAnomalies,KNN,local,0.02777777777777779,0.4463509179200662,0.2170068165899595,3,low-dim
ArchaeologicalAnomalies,KNN_k10,local,0.05555555555555547,0.4463509179200662,0.2170068165899595,3,low-dim
ArchaeologicalAnomalies,KNN_k100,local,0.16666666666666669,0.4463509179200662,0.2170068165899595,3,low-dim
ArchaeologicalAnomalies,KNN_k200,local,0.0,0.4463509179200662,0.2170068165899595,3,low-dim
ArchaeologicalAnomalies,KNN_k3,local,0.0,0.4463509179200662,0.2170068165899595,3,low-dim
ArchaeologicalAnomalies,KNN_k35,local,0.08333333333333337,0.4463509179200662,0.2170068165899595,3,low-dim
ArchaeologicalAnomalies,KNN_k50,local,0.11111111111111105,0.4463509179200662,0.2170068165899595,3,low-dim
ArchaeologicalAnomalies,LODA,other,-0.41666666666666663,0.4463509179200662,0.2170068165899595,3,low-dim
ArchaeologicalAnomalies,LODA_b20,other,-0.47222222222222227,0.4463509179200662,0.2170068165899595,3,low-dim
ArchaeologicalAnomalies,LODA_b50,other,-0.1111111111111111,0.4463509179200662,0.2170068165899595,3,low-dim
ArchaeologicalAnomalies,LOF,local,-0.7222222222222222,0.4463509179200662,0.2170068165899595,3,low-dim
ArchaeologicalAnomalies,LOF_k10,local,-0.5277777777777778,0.4463509179200662,0.2170068165899595,3,low-dim
ArchaeologicalAnomalies,LOF_k100,local,-0.05555555555555558,0.4463509179200662,0.2170068165899595,3,low-dim
ArchaeologicalAnomalies,LOF_k200,local,-0.11111111111111105,0.4463509179200662,0.2170068165899595,3,low-dim
ArchaeologicalAnomalies,LOF_k3,local,-0.861111111111111,0.4463509179200662,0.2170068165899595,3,low-dim
ArchaeologicalAnomalies,LOF_k35,local,0.02777777777777779,0.4463509179200662,0.2170068165899595,3,low-dim
ArchaeologicalAnomalies,LOF_k50,local,0.3055555555555555,0.4463509179200662,0.2170068165899595,3,low-dim
ArchaeologicalAnomalies,PCA,global,0.02777777777777779,0.4463509179200662,0.2170068165899595,3,low-dim
ArchaeologicalAnomalies,PCA_c0.3,global,-0.22222222222222215,0.4463509179200662,0.2170068165899595,3,low-dim
ArchaeologicalAnomalies,PCA_c0.7,global,0.02777777777777779,0.4463509179200662,0.2170068165899595,3,low-dim
ArchaeologicalAnomalies,PCA_c0.9,global,0.11111111111111112,0.4463509179200662,0.2170068165899595,3,low-dim
ArchaeologicalAnomalies,PCA_c0.99,global,0.11111111111111112,0.4463509179200662,0.2170068165899595,3,low-dim
ArtCollections,CBLOF,local,-0.08571428571428569,0.6758870502765444,0.7547908528290657,3,low-dim
ArtCollections,CBLOF_c16,local,0.02857142857142858,0.6758870502765444,0.7547908528290657,3,low-dim
ArtCollections,CBLOF_c32,local,0.0,0.6758870502765444,0.7547908528290657,3,low-dim
ArtCollections,COPOD,global,-0.42857142857142855,0.6758870502765444,0.7547908528290657,3,low-dim
ArtCollections,ECOD,global,-0.7714285714285715,0.6758870502765444,0.7547908528290657,3,low-dim
ArtCollections,HBOS,global,-0.028571428571428553,0.6758870502765444,0.7547908528290657,3,low-dim
ArtCollections,HBOS_b100,global,-0.08571428571428569,0.6758870502765444,0.7547908528290657,3,low-dim
ArtCollections,HBOS_b20,global,-0.028571428571428567,0.6758870502765444,0.7547908528290657,3,low-dim
ArtCollections,HBOS_b5,global,-0.2857142857142857,0.6758870502765444,0.7547908528290657,3,low-dim
ArtCollections,HBOS_b50,global,-0.05714285714285716,0.6758870502765444,0.7547908528290657,3,low-dim
ArtCollections,IF_n300,other,0.45714285714285713,0.6758870502765444,0.7547908528290657,3,low-dim
ArtCollections,IF_n50,other,0.39999999999999997,0.6758870502765444,0.7547908528290657,3,low-dim
ArtCollections,IForest,other,0.4285714285714286,0.6758870502765444,0.7547908528290657,3,low-dim
ArtCollections,KNN,local,0.3142857142857143,0.6758870502765444,0.7547908528290657,3,low-dim
ArtCollections,KNN_k10,local,0.3142857142857143,0.6758870502765444,0.7547908528290657,3,low-dim
ArtCollections,KNN_k100,local,0.1428571428571429,0.6758870502765444,0.7547908528290657,3,low-dim
ArtCollections,KNN_k200,local,-0.08571428571428569,0.6758870502765444,0.7547908528290657,3,low-dim
ArtCollections,KNN_k3,local,0.3142857142857143,0.6758870502765444,0.7547908528290657,3,low-dim
ArtCollections,KNN_k35,local,0.17142857142857137,0.6758870502765444,0.7547908528290657,3,low-dim
ArtCollections,KNN_k50,local,-0.02857142857142858,0.6758870502765444,0.7547908528290657,3,low-dim
ArtCollections,LODA,other,-0.057142857142857134,0.6758870502765444,0.7547908528290657,3,low-dim
ArtCollections,LODA_b20,other,0.28571428571428575,0.6758870502765444,0.7547908528290657,3,low-dim
ArtCollections,LODA_b50,other,0.3142857142857143,0.6758870502765444,0.7547908528290657,3,low-dim
ArtCollections,LOF,local,-0.3142857142857143,0.6758870502765444,0.7547908528290657,3,low-dim
ArtCollections,LOF_k10,local,-0.1428571428571428,0.6758870502765444,0.7547908528290657,3,low-dim
ArtCollections,LOF_k100,local,-0.4285714285714286,0.6758870502765444,0.7547908528290657,3,low-dim
ArtCollections,LOF_k200,local,-0.25714285714285723,0.6758870502765444,0.7547908528290657,3,low-dim
ArtCollections,LOF_k3,local,-0.34285714285714286,0.6758870502765444,0.7547908528290657,3,low-dim
ArtCollections,LOF_k35,local,-0.2857142857142857,0.6758870502765444,0.7547908528290657,3,low-dim
ArtCollections,LOF_k50,local,-0.19999999999999996,0.6758870502765444,0.7547908528290657,3,low-dim
ArtCollections,PCA,global,0.02857142857142858,0.6758870502765444,0.7547908528290657,3,low-dim
ArtCollections,PCA_c0.3,global,0.02857142857142858,0.6758870502765444,0.7547908528290657,3,low-dim
ArtCollections,PCA_c0.7,global,0.22857142857142856,0.6758870502765444,0.7547908528290657,3,low-dim
ArtCollections,PCA_c0.9,global,0.22857142857142856,0.6758870502765444,0.7547908528290657,3,low-dim
ArtCollections,PCA_c0.99,global,0.22857142857142856,0.6758870502765444,0.7547908528290657,3,low-dim
AustinCrime,CBLOF,local,0.22222222222222227,0.8766816698173434,1.0343791437836352,4,low-dim
AustinCrime,CBLOF_c16,local,-0.16666666666666674,0.8766816698173434,1.0343791437836352,4,low-dim
AustinCrime,CBLOF_c32,local,-0.11111111111111116,0.8766816698173434,1.0343791437836352,4,low-dim
AustinCrime,CBLOF_c4,local,0.36111111111111116,0.8766816698173434,1.0343791437836352,4,low-dim
AustinCrime,COPOD,global,-0.5694444444444445,0.8766816698173434,1.0343791437836352,4,low-dim
AustinCrime,ECOD,global,-0.4583333333333333,0.8766816698173434,1.0343791437836352,4,low-dim
AustinCrime,HBOS,global,-0.05555555555555555,0.8766816698173434,1.0343791437836352,4,low-dim
AustinCrime,HBOS_b100,global,-0.02777777777777779,0.8766816698173434,1.0343791437836352,4,low-dim
AustinCrime,HBOS_b20,global,-0.08333333333333334,0.8766816698173434,1.0343791437836352,4,low-dim
AustinCrime,HBOS_b5,global,-0.02777777777777779,0.8766816698173434,1.0343791437836352,4,low-dim
AustinCrime,HBOS_b50,global,0.0,0.8766816698173434,1.0343791437836352,4,low-dim
AustinCrime,IF_n300,other,-0.13888888888888884,0.8766816698173434,1.0343791437836352,4,low-dim
AustinCrime,IF_n50,other,-0.25,0.8766816698173434,1.0343791437836352,4,low-dim
AustinCrime,IForest,other,-0.25,0.8766816698173434,1.0343791437836352,4,low-dim
AustinCrime,KNN,local,-0.02777777777777779,0.8766816698173434,1.0343791437836352,4,low-dim
AustinCrime,KNN_k10,local,-0.11111111111111116,0.8766816698173434,1.0343791437836352,4,low-dim
AustinCrime,KNN_k100,local,-0.3055555555555556,0.8766816698173434,1.0343791437836352,4,low-dim
AustinCrime,KNN_k200,local,0.0,0.8766816698173434,1.0343791437836352,4,low-dim
AustinCrime,KNN_k3,local,0.13888888888888884,0.8766816698173434,1.0343791437836352,4,low-dim
AustinCrime,KNN_k35,local,-0.13888888888888884,0.8766816698173434,1.0343791437836352,4,low-dim
AustinCrime,KNN_k50,local,-0.13888888888888884,0.8766816698173434,1.0343791437836352,4,low-dim
AustinCrime,LODA,other,-0.6666666666666666,0.8766816698173434,1.0343791437836352,4,low-dim
AustinCrime,LODA_b20,other,-0.6388888888888888,0.8766816698173434,1.0343791437836352,4,low-dim
AustinCrime,LODA_b50,other,-0.24999999999999994,0.8766816698173434,1.0343791437836352,4,low-dim
AustinCrime,LOF,local,0.7777777777777778,0.8766816698173434,1.0343791437836352,4,low-dim
AustinCrime,LOF_k10,local,0.9444444444444444,0.8766816698173434,1.0343791437836352,4,low-dim
AustinCrime,LOF_k100,local,0.16666666666666663,0.8766816698173434,1.0343791437836352,4,low-dim
AustinCrime,LOF_k200,local,0.36111111111111116,0.8766816698173434,1.0343791437836352,4,low-dim
AustinCrime,LOF_k3,local,0.861111111111111,0.8766816698173434,1.0343791437836352,4,low-dim
AustinCrime,LOF_k35,local,0.7222222222222223,0.8766816698173434,1.0343791437836352,4,low-dim
AustinCrime,LOF_k50,local,0.5,0.8766816698173434,1.0343791437836352,4,low-dim
AustinCrime,PCA,global,-0.3055555555555556,0.8766816698173434,1.0343791437836352,4,low-dim
AustinCrime,PCA_c0.3,global,-0.13888888888888884,0.8766816698173434,1.0343791437836352,4,low-dim
AustinCrime,PCA_c0.7,global,-0.2222222222222222,0.8766816698173434,1.0343791437836352,4,low-dim
AustinCrime,PCA_c0.9,global,-0.055555555555555525,0.8766816698173434,1.0343791437836352,4,low-dim
AustinCrime,PCA_c0.99,global,0.08333333333333331,0.8766816698173434,1.0343791437836352,4,low-dim
BCellImmunity,CBLOF,local,0.13888888888888884,0.2435759890525191,0.1033892003014732,10,low-dim
BCellImmunity,CBLOF_c16,local,0.5833333333333333,0.2435759890525191,0.1033892003014732,10,low-dim
BCellImmunity,CBLOF_c32,local,0.41666666666666663,0.2435759890525191,0.1033892003014732,10,low-dim
BCellImmunity,CBLOF_c4,local,0.2777777777777778,0.2435759890525191,0.1033892003014732,10,low-dim
BCellImmunity,COPOD,global,-0.4444444444444444,0.2435759890525191,0.1033892003014732,10,low-dim
BCellImmunity,ECOD,global,-0.6388888888888888,0.2435759890525191,0.1033892003014732,10,low-dim
BCellImmunity,HBOS,global,-0.6111111111111112,0.2435759890525191,0.1033892003014732,10,low-dim
BCellImmunity,HBOS_b100,global,-0.38888888888888884,0.2435759890525191,0.1033892003014732,10,low-dim
BCellImmunity,HBOS_b20,global,-0.6388888888888888,0.2435759890525191,0.1033892003014732,10,low-dim
BCellImmunity,HBOS_b5,global,-0.611111111111111,0.2435759890525191,0.1033892003014732,10,low-dim
BCellImmunity,HBOS_b50,global,-0.5833333333333333,0.2435759890525191,0.1033892003014732,10,low-dim
BCellImmunity,IF_n300,other,0.30555555555555547,0.2435759890525191,0.1033892003014732,10,low-dim
BCellImmunity,IF_n50,other,0.25,0.2435759890525191,0.1033892003014732,10,low-dim
BCellImmunity,IForest,other,0.25,0.2435759890525191,0.1033892003014732,10,low-dim
BCellImmunity,KNN,local,0.25,0.2435759890525191,0.1033892003014732,10,low-dim
BCellImmunity,KNN_k10,local,0.38888888888888884,0.2435759890525191,0.1033892003014732,10,low-dim
BCellImmunity,KNN_k100,local,0.3888888888888889,0.2435759890525191,0.1033892003014732,10,low-dim
BCellImmunity,KNN_k200,local,0.16666666666666666,0.2435759890525191,0.1033892003014732,10,low-dim
BCellImmunity,KNN_k3,local,0.2222222222222222,0.2435759890525191,0.1033892003014732,10,low-dim
BCellImmunity,KNN_k35,local,0.5833333333333334,0.2435759890525191,0.1033892003014732,10,low-dim
BCellImmunity,KNN_k50,local,0.638888888888889,0.2435759890525191,0.1033892003014732,10,low-dim
BCellImmunity,LODA,other,0.16666666666666669,0.2435759890525191,0.1033892003014732,10,low-dim
BCellImmunity,LODA_b20,other,0.16666666666666666,0.2435759890525191,0.1033892003014732,10,low-dim
BCellImmunity,LODA_b50,other,-0.055555555555555525,0.2435759890525191,0.1033892003014732,10,low-dim
BCellImmunity,LOF,local,-0.6111111111111112,0.2435759890525191,0.1033892003014732,10,low-dim
BCellImmunity,LOF_k10,local,-0.13888888888888884,0.2435759890525191,0.1033892003014732,10,low-dim
BCellImmunity,LOF_k100,local,-0.5277777777777777,0.2435759890525191,0.1033892003014732,10,low-dim
BCellImmunity,LOF_k200,local,0.25,0.2435759890525191,0.1033892003014732,10,low-dim
BCellImmunity,LOF_k3,local,0.08333333333333326,0.2435759890525191,0.1033892003014732,10,low-dim
BCellImmunity,LOF_k35,local,-0.6666666666666667,0.2435759890525191,0.1033892003014732,10,low-dim
BCellImmunity,LOF_k50,local,-0.638888888888889,0.2435759890525191,0.1033892003014732,10,low-dim
BCellImmunity,PCA,global,0.2777777777777778,0.2435759890525191,0.1033892003014732,10,low-dim
BCellImmunity,PCA_c0.3,global,0.2777777777777778,0.2435759890525191,0.1033892003014732,10,low-dim
BCellImmunity,PCA_c0.7,global,0.22222222222222227,0.2435759890525191,0.1033892003014732,10,low-dim
BCellImmunity,PCA_c0.9,global,0.1111111111111111,0.2435759890525191,0.1033892003014732,10,low-dim
BCellImmunity,PCA_c0.99,global,0.13888888888888895,0.2435759890525191,0.1033892003014732,10,low-dim
BarExamPrediction,CBLOF_c16,local,0.14705882352941177,0.2315894717941514,0.0784205121705658,10,low-dim
BarExamPrediction,CBLOF_c32,local,0.08823529411764705,0.2315894717941514,0.0784205121705658,10,low-dim
BarExamPrediction,COPOD,global,-0.9558823529411765,0.2315894717941514,0.0784205121705658,10,low-dim
BarExamPrediction,ECOD,global,-0.5147058823529412,0.2315894717941514,0.0784205121705658,10,low-dim
BarExamPrediction,HBOS,global,-0.02941176470588236,0.2315894717941514,0.0784205121705658,10,low-dim
BarExamPrediction,HBOS_b100,global,0.6176470588235294,0.2315894717941514,0.0784205121705658,10,low-dim
BarExamPrediction,HBOS_b20,global,0.0,0.2315894717941514,0.0784205121705658,10,low-dim
BarExamPrediction,HBOS_b5,global,-0.08823529411764697,0.2315894717941514,0.0784205121705658,10,low-dim
BarExamPrediction,HBOS_b50,global,0.3823529411764706,0.2315894717941514,0.0784205121705658,10,low-dim
BarExamPrediction,IF_n300,other,0.2941176470588235,0.2315894717941514,0.0784205121705658,10,low-dim
BarExamPrediction,IF_n50,other,0.588235294117647,0.2315894717941514,0.0784205121705658,10,low-dim
BarExamPrediction,IForest,other,0.5588235294117647,0.2315894717941514,0.0784205121705658,10,low-dim
BarExamPrediction,KNN,local,-0.02941176470588236,0.2315894717941514,0.0784205121705658,10,low-dim
BarExamPrediction,KNN_k10,local,-0.02941176470588236,0.2315894717941514,0.0784205121705658,10,low-dim
BarExamPrediction,KNN_k100,local,-0.02941176470588236,0.2315894717941514,0.0784205121705658,10,low-dim
BarExamPrediction,KNN_k200,local,-0.029411764705882346,0.2315894717941514,0.0784205121705658,10,low-dim
BarExamPrediction,KNN_k3,local,-0.02941176470588236,0.2315894717941514,0.0784205121705658,10,low-dim
BarExamPrediction,KNN_k35,local,-0.05882352941176472,0.2315894717941514,0.0784205121705658,10,low-dim
BarExamPrediction,KNN_k50,local,0.02941176470588236,0.2315894717941514,0.0784205121705658,10,low-dim
BarExamPrediction,LODA,other,-0.32352941176470584,0.2315894717941514,0.0784205121705658,10,low-dim
BarExamPrediction,LODA_b20,other,-0.2647058823529411,0.2315894717941514,0.0784205121705658,10,low-dim
BarExamPrediction,LODA_b50,other,-0.2058823529411764,0.2315894717941514,0.0784205121705658,10,low-dim
BarExamPrediction,LOF,local,-0.1470588235294118,0.2315894717941514,0.0784205121705658,10,low-dim
BarExamPrediction,LOF_k10,local,-0.11764705882352938,0.2315894717941514,0.0784205121705658,10,low-dim
BarExamPrediction,LOF_k100,local,0.1176470588235294,0.2315894717941514,0.0784205121705658,10,low-dim
BarExamPrediction,LOF_k200,local,0.058823529411764705,0.2315894717941514,0.0784205121705658,10,low-dim
BarExamPrediction,LOF_k3,local,0.08823529411764708,0.2315894717941514,0.0784205121705658,10,low-dim
BarExamPrediction,LOF_k35,local,-0.1470588235294118,0.2315894717941514,0.0784205121705658,10,low-dim
BarExamPrediction,LOF_k50,local,0.05882352941176472,0.2315894717941514,0.0784205121705658,10,low-dim
BarExamPrediction,PCA,global,-0.17647058823529416,0.2315894717941514,0.0784205121705658,10,low-dim
BarExamPrediction,PCA_c0.3,global,-0.1470588235294118,0.2315894717941514,0.0784205121705658,10,low-dim
BarExamPrediction,PCA_c0.7,global,-0.11764705882352944,0.2315894717941514,0.0784205121705658,10,low-dim
BarExamPrediction,PCA_c0.9,global,0.1470588235294118,0.2315894717941514,0.0784205121705658,10,low-dim
BarExamPrediction,PCA_c0.99,global,0.2647058823529411,0.2315894717941514,0.0784205121705658,10,low-dim
BaseballBattedBall,CBLOF,local,0.2857142857142857,0.2312921602734703,0.042202166608279,8,low-dim
BaseballBattedBall,CBLOF_c16,local,0.22857142857142854,0.2312921602734703,0.042202166608279,8,low-dim
BaseballBattedBall,CBLOF_c32,local,-0.057142857142857106,0.2312921602734703,0.042202166608279,8,low-dim
BaseballBattedBall,COPOD,global,-0.6571428571428571,0.2312921602734703,0.042202166608279,8,low-dim
BaseballBattedBall,ECOD,global,-0.8,0.2312921602734703,0.042202166608279,8,low-dim
BaseballBattedBall,HBOS,global,-0.2857142857142857,0.2312921602734703,0.042202166608279,8,low-dim
BaseballBattedBall,HBOS_b100,global,0.0,0.2312921602734703,0.042202166608279,8,low-dim
BaseballBattedBall,HBOS_b20,global,-0.2571428571428572,0.2312921602734703,0.042202166608279,8,low-dim
BaseballBattedBall,HBOS_b5,global,-0.22857142857142854,0.2312921602734703,0.042202166608279,8,low-dim
BaseballBattedBall,HBOS_b50,global,-0.2571428571428572,0.2312921602734703,0.042202166608279,8,low-dim
BaseballBattedBall,IF_n300,other,0.1428571428571429,0.2312921602734703,0.042202166608279,8,low-dim
BaseballBattedBall,IF_n50,other,0.17142857142857137,0.2312921602734703,0.042202166608279,8,low-dim
BaseballBattedBall,IForest,other,0.17142857142857137,0.2312921602734703,0.042202166608279,8,low-dim
BaseballBattedBall,KNN,local,0.17142857142857149,0.2312921602734703,0.042202166608279,8,low-dim
BaseballBattedBall,KNN_k10,local,0.2285714285714286,0.2312921602734703,0.042202166608279,8,low-dim
BaseballBattedBall,KNN_k100,local,0.48571428571428565,0.2312921602734703,0.042202166608279,8,low-dim
BaseballBattedBall,KNN_k200,local,0.37142857142857144,0.2312921602734703,0.042202166608279,8,low-dim
BaseballBattedBall,KNN_k3,local,0.4,0.2312921602734703,0.042202166608279,8,low-dim
BaseballBattedBall,KNN_k35,local,0.6000000000000001,0.2312921602734703,0.042202166608279,8,low-dim
BaseballBattedBall,KNN_k50,local,0.6571428571428571,0.2312921602734703,0.042202166608279,8,low-dim
BaseballBattedBall,LODA,other,-0.4,0.2312921602734703,0.042202166608279,8,low-dim
BaseballBattedBall,LODA_b20,other,0.17142857142857137,0.2312921602734703,0.042202166608279,8,low-dim
BaseballBattedBall,LODA_b50,other,-0.08571428571428574,0.2312921602734703,0.042202166608279,8,low-dim
BaseballBattedBall,LOF,local,-0.2571428571428571,0.2312921602734703,0.042202166608279,8,low-dim
BaseballBattedBall,LOF_k10,local,-0.3142857142857143,0.2312921602734703,0.042202166608279,8,low-dim
BaseballBattedBall,LOF_k100,local,-0.2571428571428571,0.2312921602734703,0.042202166608279,8,low-dim
BaseballBattedBall,LOF_k200,local,0.22857142857142854,0.2312921602734703,0.042202166608279,8,low-dim
BaseballBattedBall,LOF_k3,local,-0.057142857142857134,0.2312921602734703,0.042202166608279,8,low-dim
BaseballBattedBall,LOF_k35,local,0.3142857142857143,0.2312921602734703,0.042202166608279,8,low-dim
BaseballBattedBall,LOF_k50,local,0.2857142857142857,0.2312921602734703,0.042202166608279,8,low-dim
BaseballBattedBall,PCA,global,-0.1428571428571428,0.2312921602734703,0.042202166608279,8,low-dim
BaseballBattedBall,PCA_c0.3,global,-0.6571428571428571,0.2312921602734703,0.042202166608279,8,low-dim
BaseballBattedBall,PCA_c0.7,global,-0.08571428571428574,0.2312921602734703,0.042202166608279,8,low-dim
BaseballBattedBall,PCA_c0.9,global,-0.11428571428571421,0.2312921602734703,0.042202166608279,8,low-dim
BaseballBattedBall,PCA_c0.99,global,0.0,0.2312921602734703,0.042202166608279,8,low-dim
BaseballPitchingAnomalies,CBLOF,local,0.2,0.1669363578680689,0.0,38,high-dim
BaseballPitchingAnomalies,CBLOF_c16,local,0.05714285714285716,0.1669363578680689,0.0,38,high-dim
BaseballPitchingAnomalies,CBLOF_c32,local,0.11428571428571427,0.1669363578680689,0.0,38,high-dim
BaseballPitchingAnomalies,COPOD,global,-0.9428571428571428,0.1669363578680689,0.0,38,high-dim
BaseballPitchingAnomalies,ECOD,global,-0.7428571428571429,0.1669363578680689,0.0,38,high-dim
BaseballPitchingAnomalies,HBOS,global,-0.3142857142857143,0.1669363578680689,0.0,38,high-dim
BaseballPitchingAnomalies,HBOS_b100,global,0.3142857142857143,0.1669363578680689,0.0,38,high-dim
BaseballPitchingAnomalies,HBOS_b20,global,-0.19999999999999996,0.1669363578680689,0.0,38,high-dim
BaseballPitchingAnomalies,HBOS_b5,global,-0.34285714285714286,0.1669363578680689,0.0,38,high-dim
BaseballPitchingAnomalies,HBOS_b50,global,0.11428571428571432,0.1669363578680689,0.0,38,high-dim
BaseballPitchingAnomalies,IF_n300,other,0.11428571428571421,0.1669363578680689,0.0,38,high-dim
BaseballPitchingAnomalies,IF_n50,other,0.0,0.1669363578680689,0.0,38,high-dim
BaseballPitchingAnomalies,IForest,other,-0.02857142857142858,0.1669363578680689,0.0,38,high-dim
BaseballPitchingAnomalies,KNN,local,0.2571428571428572,0.1669363578680689,0.0,38,high-dim
BaseballPitchingAnomalies,KNN_k10,local,0.2857142857142857,0.1669363578680689,0.0,38,high-dim
BaseballPitchingAnomalies,KNN_k100,local,0.19999999999999998,0.1669363578680689,0.0,38,high-dim
BaseballPitchingAnomalies,KNN_k200,local,0.19999999999999998,0.1669363578680689,0.0,38,high-dim
BaseballPitchingAnomalies,KNN_k3,local,0.3142857142857143,0.1669363578680689,0.0,38,high-dim
BaseballPitchingAnomalies,KNN_k35,local,0.3142857142857142,0.1669363578680689,0.0,38,high-dim
BaseballPitchingAnomalies,KNN_k50,local,0.2571428571428571,0.1669363578680689,0.0,38,high-dim
BaseballPitchingAnomalies,LODA,other,-0.5428571428571428,0.1669363578680689,0.0,38,high-dim
BaseballPitchingAnomalies,LODA_b20,other,0.17142857142857143,0.1669363578680689,0.0,38,high-dim
BaseballPitchingAnomalies,LODA_b50,other,-0.5428571428571429,0.1669363578680689,0.0,38,high-dim
BaseballPitchingAnomalies,LOF,local,0.11428571428571427,0.1669363578680689,0.0,38,high-dim
BaseballPitchingAnomalies,LOF_k10,local,0.05714285714285716,0.1669363578680689,0.0,38,high-dim
BaseballPitchingAnomalies,LOF_k100,local,0.2857142857142857,0.1669363578680689,0.0,38,high-dim
BaseballPitchingAnomalies,LOF_k200,local,0.2,0.1669363578680689,0.0,38,high-dim
BaseballPitchingAnomalies,LOF_k3,local,-0.3714285714285714,0.1669363578680689,0.0,38,high-dim
BaseballPitchingAnomalies,LOF_k35,local,0.2571428571428571,0.1669363578680689,0.0,38,high-dim
BaseballPitchingAnomalies,LOF_k50,local,0.2857142857142857,0.1669363578680689,0.0,38,high-dim
BaseballPitchingAnomalies,PCA,global,0.0,0.1669363578680689,0.0,38,high-dim
BaseballPitchingAnomalies,PCA_c0.3,global,-0.02857142857142847,0.1669363578680689,0.0,38,high-dim
BaseballPitchingAnomalies,PCA_c0.7,global,-0.05714285714285716,0.1669363578680689,0.0,38,high-dim
BaseballPitchingAnomalies,PCA_c0.9,global,0.0,0.1669363578680689,0.0,38,high-dim
BaseballPitchingAnomalies,PCA_c0.99,global,0.0,0.1669363578680689,0.0,38,high-dim
BatchProcessingEvents,CBLOF,local,-0.41666666666666663,0.6984877570761276,1.390422435211139,6,low-dim
BatchProcessingEvents,CBLOF_c16,local,-0.41666666666666663,0.6984877570761276,1.390422435211139,6,low-dim
BatchProcessingEvents,CBLOF_c32,local,-0.41666666666666663,0.6984877570761276,1.390422435211139,6,low-dim
BatchProcessingEvents,CBLOF_c4,local,-0.41666666666666663,0.6984877570761276,1.390422435211139,6,low-dim
BatchProcessingEvents,COPOD,global,-0.3888888888888889,0.6984877570761276,1.390422435211139,6,low-dim
BatchProcessingEvents,ECOD,global,-0.375,0.6984877570761276,1.390422435211139,6,low-dim
BatchProcessingEvents,HBOS,global,0.1111111111111111,0.6984877570761276,1.390422435211139,6,low-dim
BatchProcessingEvents,HBOS_b100,global,0.611111111111111,0.6984877570761276,1.390422435211139,6,low-dim
BatchProcessingEvents,HBOS_b20,global,0.4444444444444445,0.6984877570761276,1.390422435211139,6,low-dim
BatchProcessingEvents,HBOS_b5,global,0.1111111111111111,0.6984877570761276,1.390422435211139,6,low-dim
BatchProcessingEvents,HBOS_b50,global,0.41666666666666674,0.6984877570761276,1.390422435211139,6,low-dim
BatchProcessingEvents,IF_n300,other,0.75,0.6984877570761276,1.390422435211139,6,low-dim
BatchProcessingEvents,IF_n50,other,0.6666666666666666,0.6984877570761276,1.390422435211139,6,low-dim
BatchProcessingEvents,IForest,other,0.8055555555555556,0.6984877570761276,1.390422435211139,6,low-dim
BatchProcessingEvents,KNN,local,-0.19444444444444453,0.6984877570761276,1.390422435211139,6,low-dim
BatchProcessingEvents,KNN_k10,local,-0.13888888888888884,0.6984877570761276,1.390422435211139,6,low-dim
BatchProcessingEvents,KNN_k100,local,-0.47222222222222227,0.6984877570761276,1.390422435211139,6,low-dim
BatchProcessingEvents,KNN_k200,local,-0.7222222222222222,0.6984877570761276,1.390422435211139,6,low-dim
BatchProcessingEvents,KNN_k3,local,-0.05555555555555558,0.6984877570761276,1.390422435211139,6,low-dim
BatchProcessingEvents,KNN_k35,local,-0.25,0.6984877570761276,1.390422435211139,6,low-dim
BatchProcessingEvents,KNN_k50,local,-0.2777777777777778,0.6984877570761276,1.390422435211139,6,low-dim
BatchProcessingEvents,LODA,other,0.7222222222222223,0.6984877570761276,1.390422435211139,6,low-dim
BatchProcessingEvents,LODA_b20,other,0.8055555555555555,0.6984877570761276,1.390422435211139,6,low-dim
BatchProcessingEvents,LODA_b50,other,0.8888888888888888,0.6984877570761276,1.390422435211139,6,low-dim
BatchProcessingEvents,LOF,local,-0.6666666666666666,0.6984877570761276,1.390422435211139,6,low-dim
BatchProcessingEvents,LOF_k10,local,-0.5555555555555556,0.6984877570761276,1.390422435211139,6,low-dim
BatchProcessingEvents,LOF_k100,local,-0.513888888888889,0.6984877570761276,1.390422435211139,6,low-dim
BatchProcessingEvents,LOF_k200,local,-0.4027777777777778,0.6984877570761276,1.390422435211139,6,low-dim
BatchProcessingEvents,LOF_k3,local,-0.5,0.6984877570761276,1.390422435211139,6,low-dim
BatchProcessingEvents,LOF_k35,local,-0.44444444444444453,0.6984877570761276,1.390422435211139,6,low-dim
BatchProcessingEvents,LOF_k50,local,-0.5416666666666667,0.6984877570761276,1.390422435211139,6,low-dim
BatchProcessingEvents,PCA,global,0.3888888888888889,0.6984877570761276,1.390422435211139,6,low-dim
BatchProcessingEvents,PCA_c0.3,global,0.4166666666666667,0.6984877570761276,1.390422435211139,6,low-dim
BatchProcessingEvents,PCA_c0.7,global,0.3333333333333333,0.6984877570761276,1.390422435211139,6,low-dim
BatchProcessingEvents,PCA_c0.9,global,0.3888888888888889,0.6984877570761276,1.390422435211139,6,low-dim
BatchProcessingEvents,PCA_c0.99,global,0.3055555555555556,0.6984877570761276,1.390422435211139,6,low-dim
BrainEEGSignals,CBLOF,local,0.05555555555555558,0.6380746611602723,0.0635209771339278,14,high-dim
BrainEEGSignals,CBLOF_c16,local,0.08333333333333337,0.6380746611602723,0.0635209771339278,14,high-dim
BrainEEGSignals,CBLOF_c32,local,0.05555555555555547,0.6380746611602723,0.0635209771339278,14,high-dim
BrainEEGSignals,CBLOF_c4,local,0.08333333333333326,0.6380746611602723,0.0635209771339278,14,high-dim
BrainEEGSignals,COPOD,global,-0.20833333333333334,0.6380746611602723,0.0635209771339278,14,high-dim
BrainEEGSignals,ECOD,global,-0.3194444444444444,0.6380746611602723,0.0635209771339278,14,high-dim
BrainEEGSignals,HBOS,global,0.1111111111111111,0.6380746611602723,0.0635209771339278,14,high-dim
BrainEEGSignals,HBOS_b100,global,-0.3888888888888889,0.6380746611602723,0.0635209771339278,14,high-dim
BrainEEGSignals,HBOS_b20,global,-0.3055555555555555,0.6380746611602723,0.0635209771339278,14,high-dim
BrainEEGSignals,HBOS_b5,global,0.0,0.6380746611602723,0.0635209771339278,14,high-dim
BrainEEGSignals,HBOS_b50,global,-0.2777777777777778,0.6380746611602723,0.0635209771339278,14,high-dim
BrainEEGSignals,IF_n300,other,-0.08333333333333337,0.6380746611602723,0.0635209771339278,14,high-dim
BrainEEGSignals,IF_n50,other,0.1388888888888889,0.6380746611602723,0.0635209771339278,14,high-dim
BrainEEGSignals,IForest,other,-0.05555555555555558,0.6380746611602723,0.0635209771339278,14,high-dim
BrainEEGSignals,KNN,local,0.08333333333333337,0.6380746611602723,0.0635209771339278,14,high-dim
BrainEEGSignals,KNN_k10,local,0.13888888888888884,0.6380746611602723,0.0635209771339278,14,high-dim
BrainEEGSignals,KNN_k100,local,0.19444444444444445,0.6380746611602723,0.0635209771339278,14,high-dim
BrainEEGSignals,KNN_k200,local,0.08333333333333334,0.6380746611602723,0.0635209771339278,14,high-dim
BrainEEGSignals,KNN_k3,local,0.05555555555555558,0.6380746611602723,0.0635209771339278,14,high-dim
BrainEEGSignals,KNN_k35,local,0.16666666666666663,0.6380746611602723,0.0635209771339278,14,high-dim
BrainEEGSignals,KNN_k50,local,0.22222222222222215,0.6380746611602723,0.0635209771339278,14,high-dim
BrainEEGSignals,LODA,other,-0.08333333333333337,0.6380746611602723,0.0635209771339278,14,high-dim
BrainEEGSignals,LODA_b20,other,-0.3055555555555555,0.6380746611602723,0.0635209771339278,14,high-dim
BrainEEGSignals,LODA_b50,other,-0.08333333333333326,0.6380746611602723,0.0635209771339278,14,high-dim
BrainEEGSignals,LOF,local,-0.13888888888888884,0.6380746611602723,0.0635209771339278,14,high-dim
BrainEEGSignals,LOF_k10,local,-0.11111111111111105,0.6380746611602723,0.0635209771339278,14,high-dim
BrainEEGSignals,LOF_k100,local,0.16666666666666674,0.6380746611602723,0.0635209771339278,14,high-dim
BrainEEGSignals,LOF_k200,local,0.36111111111111116,0.6380746611602723,0.0635209771339278,14,high-dim
BrainEEGSignals,LOF_k3,local,-0.05555555555555558,0.6380746611602723,0.0635209771339278,14,high-dim
BrainEEGSignals,LOF_k35,local,-0.3055555555555556,0.6380746611602723,0.0635209771339278,14,high-dim
BrainEEGSignals,LOF_k50,local,-0.13888888888888895,0.6380746611602723,0.0635209771339278,14,high-dim
BrainEEGSignals,PCA,global,0.16666666666666669,0.6380746611602723,0.0635209771339278,14,high-dim
BrainEEGSignals,PCA_c0.3,global,0.16666666666666669,0.6380746611602723,0.0635209771339278,14,high-dim
BrainEEGSignals,PCA_c0.7,global,0.4444444444444444,0.6380746611602723,0.0635209771339278,14,high-dim
BrainEEGSignals,PCA_c0.9,global,0.055555555555555525,0.6380746611602723,0.0635209771339278,14,high-dim
BrainEEGSignals,PCA_c0.99,global,0.02777777777777779,0.6380746611602723,0.0635209771339278,14,high-dim
BuildingEnergyCompliance,CBLOF,local,0.4722222222222222,0.844024658368794,0.3680131281398002,25,high-dim
BuildingEnergyCompliance,CBLOF_c16,local,-0.25,0.844024658368794,0.3680131281398002,25,high-dim
BuildingEnergyCompliance,CBLOF_c32,local,0.25,0.844024658368794,0.3680131281398002,25,high-dim
BuildingEnergyCompliance,CBLOF_c4,local,0.33333333333333337,0.844024658368794,0.3680131281398002,25,high-dim
BuildingEnergyCompliance,COPOD,global,-0.06944444444444445,0.844024658368794,0.3680131281398002,25,high-dim
BuildingEnergyCompliance,ECOD,global,-0.041666666666666664,0.844024658368794,0.3680131281398002,25,high-dim
BuildingEnergyCompliance,HBOS,global,-0.7777777777777777,0.844024658368794,0.3680131281398002,25,high-dim
BuildingEnergyCompliance,HBOS_b100,global,-0.7777777777777778,0.844024658368794,0.3680131281398002,25,high-dim
BuildingEnergyCompliance,HBOS_b20,global,-0.7222222222222222,0.844024658368794,0.3680131281398002,25,high-dim
BuildingEnergyCompliance,HBOS_b5,global,-0.8611111111111112,0.844024658368794,0.3680131281398002,25,high-dim
BuildingEnergyCompliance,HBOS_b50,global,-0.75,0.844024658368794,0.3680131281398002,25,high-dim
BuildingEnergyCompliance,IF_n300,other,0.7222222222222222,0.844024658368794,0.3680131281398002,25,high-dim
BuildingEnergyCompliance,IF_n50,other,0.6666666666666666,0.844024658368794,0.3680131281398002,25,high-dim
BuildingEnergyCompliance,IForest,other,0.6388888888888888,0.844024658368794,0.3680131281398002,25,high-dim
BuildingEnergyCompliance,KNN,local,0.11111111111111105,0.844024658368794,0.3680131281398002,25,high-dim
BuildingEnergyCompliance,KNN_k10,local,-0.08333333333333337,0.844024658368794,0.3680131281398002,25,high-dim
BuildingEnergyCompliance,KNN_k100,local,-0.02777777777777779,0.844024658368794,0.3680131281398002,25,high-dim
BuildingEnergyCompliance,KNN_k200,local,-0.16666666666666674,0.844024658368794,0.3680131281398002,25,high-dim
BuildingEnergyCompliance,KNN_k3,local,0.2222222222222222,0.844024658368794,0.3680131281398002,25,high-dim
BuildingEnergyCompliance,KNN_k35,local,0.0,0.844024658368794,0.3680131281398002,25,high-dim
BuildingEnergyCompliance,KNN_k50,local,0.0,0.844024658368794,0.3680131281398002,25,high-dim
BuildingEnergyCompliance,LODA,other,-0.4722222222222222,0.844024658368794,0.3680131281398002,25,high-dim
BuildingEnergyCompliance,LODA_b20,other,-0.4444444444444445,0.844024658368794,0.3680131281398002,25,high-dim
BuildingEnergyCompliance,LODA_b50,other,0.44444444444444453,0.844024658368794,0.3680131281398002,25,high-dim
BuildingEnergyCompliance,LOF,local,-0.38888888888888884,0.844024658368794,0.3680131281398002,25,high-dim
BuildingEnergyCompliance,LOF_k10,local,-0.2222222222222222,0.844024658368794,0.3680131281398002,25,high-dim
BuildingEnergyCompliance,LOF_k100,local,0.2777777777777778,0.844024658368794,0.3680131281398002,25,high-dim
BuildingEnergyCompliance,LOF_k200,local,0.3055555555555556,0.844024658368794,0.3680131281398002,25,high-dim
BuildingEnergyCompliance,LOF_k3,local,-0.055555555555555566,0.844024658368794,0.3680131281398002,25,high-dim
BuildingEnergyCompliance,LOF_k35,local,-0.19444444444444448,0.844024658368794,0.3680131281398002,25,high-dim
BuildingEnergyCompliance,LOF_k50,local,0.055555555555555525,0.844024658368794,0.3680131281398002,25,high-dim
BuildingEnergyCompliance,PCA,global,0.3055555555555556,0.844024658368794,0.3680131281398002,25,high-dim
BuildingEnergyCompliance,PCA_c0.3,global,0.3333333333333333,0.844024658368794,0.3680131281398002,25,high-dim
BuildingEnergyCompliance,PCA_c0.7,global,0.2777777777777778,0.844024658368794,0.3680131281398002,25,high-dim
BuildingEnergyCompliance,PCA_c0.9,global,0.5,0.844024658368794,0.3680131281398002,25,high-dim
BuildingEnergyCompliance,PCA_c0.99,global,0.3888888888888889,0.844024658368794,0.3680131281398002,25,high-dim
BuildingInspections,CBLOF,local,0.2571428571428571,0.5814901834199666,1.3759878691035743,5,low-dim
BuildingInspections,CBLOF_c16,local,0.2571428571428572,0.5814901834199666,1.3759878691035743,5,low-dim
BuildingInspections,CBLOF_c32,local,0.45714285714285713,0.5814901834199666,1.3759878691035743,5,low-dim
BuildingInspections,COPOD,global,-0.8,0.5814901834199666,1.3759878691035743,5,low-dim
BuildingInspections,ECOD,global,-0.9428571428571428,0.5814901834199666,1.3759878691035743,5,low-dim
BuildingInspections,HBOS,global,-0.22857142857142854,0.5814901834199666,1.3759878691035743,5,low-dim
BuildingInspections,HBOS_b100,global,0.02857142857142858,0.5814901834199666,1.3759878691035743,5,low-dim
BuildingInspections,HBOS_b20,global,0.1428571428571428,0.5814901834199666,1.3759878691035743,5,low-dim
BuildingInspections,HBOS_b5,global,-0.2571428571428571,0.5814901834199666,1.3759878691035743,5,low-dim
BuildingInspections,HBOS_b50,global,0.11428571428571432,0.5814901834199666,1.3759878691035743,5,low-dim
BuildingInspections,IF_n300,other,-0.02857142857142858,0.5814901834199666,1.3759878691035743,5,low-dim
BuildingInspections,IF_n50,other,-0.17142857142857137,0.5814901834199666,1.3759878691035743,5,low-dim
BuildingInspections,IForest,other,-0.11428571428571421,0.5814901834199666,1.3759878691035743,5,low-dim
BuildingInspections,KNN,local,0.42857142857142855,0.5814901834199666,1.3759878691035743,5,low-dim
BuildingInspections,KNN_k10,local,0.4285714285714286,0.5814901834199666,1.3759878691035743,5,low-dim
BuildingInspections,KNN_k100,local,0.34285714285714286,0.5814901834199666,1.3759878691035743,5,low-dim
BuildingInspections,KNN_k200,local,0.22857142857142856,0.5814901834199666,1.3759878691035743,5,low-dim
BuildingInspections,KNN_k3,local,0.4,0.5814901834199666,1.3759878691035743,5,low-dim
BuildingInspections,KNN_k35,local,0.48571428571428577,0.5814901834199666,1.3759878691035743,5,low-dim
BuildingInspections,KNN_k50,local,0.48571428571428577,0.5814901834199666,1.3759878691035743,5,low-dim
BuildingInspections,LODA,other,-0.14285714285714285,0.5814901834199666,1.3759878691035743,5,low-dim
BuildingInspections,LODA_b20,other,-0.2,0.5814901834199666,1.3759878691035743,5,low-dim
BuildingInspections,LODA_b50,other,0.0,0.5814901834199666,1.3759878691035743,5,low-dim
BuildingInspections,LOF,local,-0.19999999999999996,0.5814901834199666,1.3759878691035743,5,low-dim
BuildingInspections,LOF_k10,local,-0.45714285714285713,0.5814901834199666,1.3759878691035743,5,low-dim
BuildingInspections,LOF_k100,local,0.45714285714285713,0.5814901834199666,1.3759878691035743,5,low-dim
BuildingInspections,LOF_k200,local,0.19999999999999998,0.5814901834199666,1.3759878691035743,5,low-dim
BuildingInspections,LOF_k3,local,-0.6857142857142857,0.5814901834199666,1.3759878691035743,5,low-dim
BuildingInspections,LOF_k35,local,0.08571428571428569,0.5814901834199666,1.3759878691035743,5,low-dim
BuildingInspections,LOF_k50,local,0.34285714285714286,0.5814901834199666,1.3759878691035743,5,low-dim
BuildingInspections,PCA,global,-0.08571428571428574,0.5814901834199666,1.3759878691035743,5,low-dim
BuildingInspections,PCA_c0.3,global,-0.2571428571428572,0.5814901834199666,1.3759878691035743,5,low-dim
BuildingInspections,PCA_c0.7,global,-0.11428571428571432,0.5814901834199666,1.3759878691035743,5,low-dim
BuildingInspections,PCA_c0.9,global,-0.2285714285714286,0.5814901834199666,1.3759878691035743,5,low-dim
BuildingInspections,PCA_c0.99,global,-0.2285714285714286,0.5814901834199666,1.3759878691035743,5,low-dim
BusTracking,CBLOF,local,-0.5142857142857142,0.8354435864365142,0.439381004051201,8,low-dim
BusTracking,CBLOF_c16,local,-0.6285714285714286,0.8354435864365142,0.439381004051201,8,low-dim
BusTracking,CBLOF_c32,local,-0.5142857142857143,0.8354435864365142,0.439381004051201,8,low-dim
BusTracking,COPOD,global,-0.08571428571428572,0.8354435864365142,0.439381004051201,8,low-dim
BusTracking,ECOD,global,0.0,0.8354435864365142,0.439381004051201,8,low-dim
BusTracking,HBOS,global,0.19999999999999996,0.8354435864365142,0.439381004051201,8,low-dim
BusTracking,HBOS_b100,global,0.48571428571428577,0.8354435864365142,0.439381004051201,8,low-dim
BusTracking,HBOS_b20,global,0.3428571428571429,0.8354435864365142,0.439381004051201,8,low-dim
BusTracking,HBOS_b5,global,0.02857142857142858,0.8354435864365142,0.439381004051201,8,low-dim
BusTracking,HBOS_b50,global,0.45714285714285713,0.8354435864365142,0.439381004051201,8,low-dim
BusTracking,IF_n300,other,0.37142857142857144,0.8354435864365142,0.439381004051201,8,low-dim
BusTracking,IF_n50,other,0.19999999999999996,0.8354435864365142,0.439381004051201,8,low-dim
BusTracking,IForest,other,0.2571428571428571,0.8354435864365142,0.439381004051201,8,low-dim
BusTracking,KNN,local,-0.4,0.8354435864365142,0.439381004051201,8,low-dim
BusTracking,KNN_k10,local,-0.4857142857142857,0.8354435864365142,0.439381004051201,8,low-dim
BusTracking,KNN_k100,local,-0.37142857142857144,0.8354435864365142,0.439381004051201,8,low-dim
BusTracking,KNN_k200,local,-0.42857142857142855,0.8354435864365142,0.439381004051201,8,low-dim
BusTracking,KNN_k3,local,-0.34285714285714286,0.8354435864365142,0.439381004051201,8,low-dim
BusTracking,KNN_k35,local,-0.4571428571428572,0.8354435864365142,0.439381004051201,8,low-dim
BusTracking,KNN_k50,local,-0.5142857142857142,0.8354435864365142,0.439381004051201,8,low-dim
BusTracking,LODA,other,0.6285714285714286,0.8354435864365142,0.439381004051201,8,low-dim
BusTracking,LODA_b20,other,0.6857142857142857,0.8354435864365142,0.439381004051201,8,low-dim
BusTracking,LODA_b50,other,0.8571428571428571,0.8354435864365142,0.439381004051201,8,low-dim
BusTracking,LOF,local,-0.48571428571428565,0.8354435864365142,0.439381004051201,8,low-dim
BusTracking,LOF_k10,local,-0.4000000000000001,0.8354435864365142,0.439381004051201,8,low-dim
BusTracking,LOF_k100,local,-0.22857142857142854,0.8354435864365142,0.439381004051201,8,low-dim
BusTracking,LOF_k200,local,-0.48571428571428565,0.8354435864365142,0.439381004051201,8,low-dim
BusTracking,LOF_k3,local,-0.4,0.8354435864365142,0.439381004051201,8,low-dim
BusTracking,LOF_k35,local,-0.48571428571428565,0.8354435864365142,0.439381004051201,8,low-dim
BusTracking,LOF_k50,local,-0.4285714285714286,0.8354435864365142,0.439381004051201,8,low-dim
BusTracking,PCA,global,0.7428571428571429,0.8354435864365142,0.439381004051201,8,low-dim
BusTracking,PCA_c0.3,global,0.657142857142857,0.8354435864365142,0.439381004051201,8,low-dim
BusTracking,PCA_c0.7,global,0.6285714285714286,0.8354435864365142,0.439381004051201,8,low-dim
BusTracking,PCA_c0.9,global,0.5428571428571429,0.8354435864365142,0.439381004051201,8,low-dim
BusTracking,PCA_c0.99,global,0.5714285714285715,0.8354435864365142,0.439381004051201,8,low-dim
BusinessAnomalies,CBLOF,local,0.3055555555555556,0.5343123746591111,0.5192968806434121,5,low-dim
BusinessAnomalies,CBLOF_c16,local,0.16666666666666663,0.5343123746591111,0.5192968806434121,5,low-dim
BusinessAnomalies,CBLOF_c32,local,0.11111111111111105,0.5343123746591111,0.5192968806434121,5,low-dim
BusinessAnomalies,CBLOF_c4,local,-0.02777777777777779,0.5343123746591111,0.5192968806434121,5,low-dim
BusinessAnomalies,COPOD,global,-0.8055555555555556,0.5343123746591111,0.5192968806434121,5,low-dim
BusinessAnomalies,ECOD,global,-0.1388888888888889,0.5343123746591111,0.5192968806434121,5,low-dim
BusinessAnomalies,HBOS,global,-0.19444444444444442,0.5343123746591111,0.5192968806434121,5,low-dim
BusinessAnomalies,HBOS_b100,global,0.02777777777777768,0.5343123746591111,0.5192968806434121,5,low-dim
BusinessAnomalies,HBOS_b20,global,0.05555555555555558,0.5343123746591111,0.5192968806434121,5,low-dim
BusinessAnomalies,HBOS_b5,global,-0.25,0.5343123746591111,0.5192968806434121,5,low-dim
BusinessAnomalies,HBOS_b50,global,-0.08333333333333326,0.5343123746591111,0.5192968806434121,5,low-dim
BusinessAnomalies,IF_n300,other,-0.11111111111111105,0.5343123746591111,0.5192968806434121,5,low-dim
BusinessAnomalies,IF_n50,other,0.08333333333333326,0.5343123746591111,0.5192968806434121,5,low-dim
BusinessAnomalies,IForest,other,0.0,0.5343123746591111,0.5192968806434121,5,low-dim
BusinessAnomalies,KNN,local,0.0,0.5343123746591111,0.5192968806434121,5,low-dim
BusinessAnomalies,KNN_k10,local,0.05555555555555558,0.5343123746591111,0.5192968806434121,5,low-dim
BusinessAnomalies,KNN_k100,local,0.02777777777777779,0.5343123746591111,0.5192968806434121,5,low-dim
BusinessAnomalies,KNN_k200,local,0.0,0.5343123746591111,0.5192968806434121,5,low-dim
BusinessAnomalies,KNN_k3,local,0.0,0.5343123746591111,0.5192968806434121,5,low-dim
BusinessAnomalies,KNN_k35,local,0.02777777777777779,0.5343123746591111,0.5192968806434121,5,low-dim
BusinessAnomalies,KNN_k50,local,0.02777777777777779,0.5343123746591111,0.5192968806434121,5,low-dim
BusinessAnomalies,LODA,other,0.16666666666666669,0.5343123746591111,0.5192968806434121,5,low-dim
BusinessAnomalies,LODA_b20,other,0.0,0.5343123746591111,0.5192968806434121,5,low-dim
BusinessAnomalies,LODA_b50,other,0.2222222222222222,0.5343123746591111,0.5192968806434121,5,low-dim
BusinessAnomalies,LOF,local,-0.6388888888888888,0.5343123746591111,0.5192968806434121,5,low-dim
BusinessAnomalies,LOF_k10,local,-0.4166666666666667,0.5343123746591111,0.5192968806434121,5,low-dim
BusinessAnomalies,LOF_k100,local,0.11111111111111112,0.5343123746591111,0.5192968806434121,5,low-dim
BusinessAnomalies,LOF_k200,local,0.1111111111111111,0.5343123746591111,0.5192968806434121,5,low-dim
BusinessAnomalies,LOF_k3,local,0.11111111111111112,0.5343123746591111,0.5192968806434121,5,low-dim
BusinessAnomalies,LOF_k35,local,0.47222222222222227,0.5343123746591111,0.5192968806434121,5,low-dim
BusinessAnomalies,LOF_k50,local,0.41666666666666674,0.5343123746591111,0.5192968806434121,5,low-dim
BusinessAnomalies,PCA,global,0.0,0.5343123746591111,0.5192968806434121,5,low-dim
BusinessAnomalies,PCA_c0.3,global,0.055555555555555525,0.5343123746591111,0.5192968806434121,5,low-dim
BusinessAnomalies,PCA_c0.7,global,0.05555555555555558,0.5343123746591111,0.5192968806434121,5,low-dim
BusinessAnomalies,PCA_c0.9,global,0.027777777777777735,0.5343123746591111,0.5192968806434121,5,low-dim
BusinessAnomalies,PCA_c0.99,global,0.027777777777777735,0.5343123746591111,0.5192968806434121,5,low-dim
BusinessProcessFraud,CBLOF,local,-0.3333333333333333,0.2505423856675304,0.2909005040914307,7,low-dim
BusinessProcessFraud,CBLOF_c16,local,-0.13888888888888895,0.2505423856675304,0.2909005040914307,7,low-dim
BusinessProcessFraud,CBLOF_c32,local,0.1111111111111111,0.2505423856675304,0.2909005040914307,7,low-dim
BusinessProcessFraud,CBLOF_c4,local,-0.4166666666666667,0.2505423856675304,0.2909005040914307,7,low-dim
BusinessProcessFraud,COPOD,global,-0.41666666666666663,0.2505423856675304,0.2909005040914307,7,low-dim
BusinessProcessFraud,ECOD,global,-0.8055555555555556,0.2505423856675304,0.2909005040914307,7,low-dim
BusinessProcessFraud,HBOS,global,-0.7222222222222222,0.2505423856675304,0.2909005040914307,7,low-dim
BusinessProcessFraud,HBOS_b100,global,-0.3055555555555556,0.2505423856675304,0.2909005040914307,7,low-dim
BusinessProcessFraud,HBOS_b20,global,-0.6111111111111112,0.2505423856675304,0.2909005040914307,7,low-dim
BusinessProcessFraud,HBOS_b5,global,-0.6666666666666666,0.2505423856675304,0.2909005040914307,7,low-dim
BusinessProcessFraud,HBOS_b50,global,-0.3055555555555556,0.2505423856675304,0.2909005040914307,7,low-dim
BusinessProcessFraud,IF_n300,other,0.6111111111111112,0.2505423856675304,0.2909005040914307,7,low-dim
BusinessProcessFraud,IF_n50,other,0.6944444444444444,0.2505423856675304,0.2909005040914307,7,low-dim
BusinessProcessFraud,IForest,other,0.7222222222222222,0.2505423856675304,0.2909005040914307,7,low-dim
BusinessProcessFraud,KNN,local,0.33333333333333337,0.2505423856675304,0.2909005040914307,7,low-dim
BusinessProcessFraud,KNN_k10,local,0.27777777777777785,0.2505423856675304,0.2909005040914307,7,low-dim
BusinessProcessFraud,KNN_k100,local,-0.19444444444444442,0.2505423856675304,0.2909005040914307,7,low-dim
BusinessProcessFraud,KNN_k200,local,-0.1388888888888889,0.2505423856675304,0.2909005040914307,7,low-dim
BusinessProcessFraud,KNN_k3,local,0.4722222222222222,0.2505423856675304,0.2909005040914307,7,low-dim
BusinessProcessFraud,KNN_k35,local,0.02777777777777779,0.2505423856675304,0.2909005040914307,7,low-dim
BusinessProcessFraud,KNN_k50,local,-0.11111111111111105,0.2505423856675304,0.2909005040914307,7,low-dim
BusinessProcessFraud,LODA,other,0.6944444444444444,0.2505423856675304,0.2909005040914307,7,low-dim
BusinessProcessFraud,LODA_b20,other,0.6944444444444444,0.2505423856675304,0.2909005040914307,7,low-dim
BusinessProcessFraud,LODA_b50,other,0.8055555555555556,0.2505423856675304,0.2909005040914307,7,low-dim
BusinessProcessFraud,LOF,local,0.05555555555555555,0.2505423856675304,0.2909005040914307,7,low-dim
BusinessProcessFraud,LOF_k10,local,-0.2777777777777778,0.2505423856675304,0.2909005040914307,7,low-dim
BusinessProcessFraud,LOF_k100,local,-0.5,0.2505423856675304,0.2909005040914307,7,low-dim
BusinessProcessFraud,LOF_k200,local,-0.5555555555555556,0.2505423856675304,0.2909005040914307,7,low-dim
BusinessProcessFraud,LOF_k3,local,0.0,0.2505423856675304,0.2909005040914307,7,low-dim
BusinessProcessFraud,LOF_k35,local,0.05555555555555555,0.2505423856675304,0.2909005040914307,7,low-dim
BusinessProcessFraud,LOF_k50,local,-0.05555555555555558,0.2505423856675304,0.2909005040914307,7,low-dim
BusinessProcessFraud,PCA,global,0.13888888888888895,0.2505423856675304,0.2909005040914307,7,low-dim
BusinessProcessFraud,PCA_c0.3,global,0.11111111111111116,0.2505423856675304,0.2909005040914307,7,low-dim
BusinessProcessFraud,PCA_c0.7,global,0.16666666666666663,0.2505423856675304,0.2909005040914307,7,low-dim
BusinessProcessFraud,PCA_c0.9,global,0.25,0.2505423856675304,0.2909005040914307,7,low-dim
BusinessProcessFraud,PCA_c0.99,global,0.33333333333333337,0.2505423856675304,0.2909005040914307,7,low-dim
CardiacHealth,CBLOF,local,0.08333333333333334,0.236235360914313,0.0440952157901472,5,low-dim
CardiacHealth,CBLOF_c16,local,-0.1111111111111111,0.236235360914313,0.0440952157901472,5,low-dim
CardiacHealth,CBLOF_c32,local,-0.16666666666666674,0.236235360914313,0.0440952157901472,5,low-dim
CardiacHealth,CBLOF_c4,local,0.16666666666666666,0.236235360914313,0.0440952157901472,5,low-dim
CardiacHealth,COPOD,global,-0.611111111111111,0.236235360914313,0.0440952157901472,5,low-dim
CardiacHealth,ECOD,global,-0.25,0.236235360914313,0.0440952157901472,5,low-dim
CardiacHealth,HBOS,global,-0.5555555555555556,0.236235360914313,0.0440952157901472,5,low-dim
CardiacHealth,HBOS_b100,global,0.05555555555555558,0.236235360914313,0.0440952157901472,5,low-dim
CardiacHealth,HBOS_b20,global,-0.6666666666666666,0.236235360914313,0.0440952157901472,5,low-dim
CardiacHealth,HBOS_b5,global,-0.6111111111111112,0.236235360914313,0.0440952157901472,5,low-dim
CardiacHealth,HBOS_b50,global,-0.6666666666666667,0.236235360914313,0.0440952157901472,5,low-dim
CardiacHealth,IF_n300,other,0.2777777777777778,0.236235360914313,0.0440952157901472,5,low-dim
CardiacHealth,IF_n50,other,0.16666666666666663,0.236235360914313,0.0440952157901472,5,low-dim
CardiacHealth,IForest,other,0.2777777777777778,0.236235360914313,0.0440952157901472,5,low-dim
CardiacHealth,KNN,local,0.02777777777777779,0.236235360914313,0.0440952157901472,5,low-dim
CardiacHealth,KNN_k10,local,0.0,0.236235360914313,0.0440952157901472,5,low-dim
CardiacHealth,KNN_k100,local,0.055555555555555525,0.236235360914313,0.0440952157901472,5,low-dim
CardiacHealth,KNN_k200,local,0.08333333333333337,0.236235360914313,0.0440952157901472,5,low-dim
CardiacHealth,KNN_k3,local,0.05555555555555558,0.236235360914313,0.0440952157901472,5,low-dim
CardiacHealth,KNN_k35,local,0.1111111111111111,0.236235360914313,0.0440952157901472,5,low-dim
CardiacHealth,KNN_k50,local,0.08333333333333337,0.236235360914313,0.0440952157901472,5,low-dim
CardiacHealth,LODA,other,0.2777777777777778,0.236235360914313,0.0440952157901472,5,low-dim
CardiacHealth,LODA_b20,other,0.2222222222222222,0.236235360914313,0.0440952157901472,5,low-dim
CardiacHealth,LODA_b50,other,0.11111111111111112,0.236235360914313,0.0440952157901472,5,low-dim
CardiacHealth,LOF,local,-0.05555555555555558,0.236235360914313,0.0440952157901472,5,low-dim
CardiacHealth,LOF_k10,local,-0.08333333333333337,0.236235360914313,0.0440952157901472,5,low-dim
CardiacHealth,LOF_k100,local,0.33333333333333337,0.236235360914313,0.0440952157901472,5,low-dim
CardiacHealth,LOF_k200,local,0.3055555555555556,0.236235360914313,0.0440952157901472,5,low-dim
CardiacHealth,LOF_k3,local,0.0,0.236235360914313,0.0440952157901472,5,low-dim
CardiacHealth,LOF_k35,local,-0.2777777777777778,0.236235360914313,0.0440952157901472,5,low-dim
CardiacHealth,LOF_k50,local,0.05555555555555558,0.236235360914313,0.0440952157901472,5,low-dim
CardiacHealth,PCA,global,0.22222222222222227,0.236235360914313,0.0440952157901472,5,low-dim
CardiacHealth,PCA_c0.3,global,0.5277777777777778,0.236235360914313,0.0440952157901472,5,low-dim
CardiacHealth,PCA_c0.7,global,0.16666666666666663,0.236235360914313,0.0440952157901472,5,low-dim
CardiacHealth,PCA_c0.9,global,0.2222222222222222,0.236235360914313,0.0440952157901472,5,low-dim
CardiacHealth,PCA_c0.99,global,0.16666666666666663,0.236235360914313,0.0440952157901472,5,low-dim
CelestialObjects2,CBLOF,local,-0.25,0.2825020416687738,0.0338501071241456,14,high-dim
CelestialObjects2,CBLOF_c16,local,-0.02777777777777779,0.2825020416687738,0.0338501071241456,14,high-dim
CelestialObjects2,CBLOF_c32,local,-0.1388888888888889,0.2825020416687738,0.0338501071241456,14,high-dim
CelestialObjects2,CBLOF_c4,local,-0.11111111111111112,0.2825020416687738,0.0338501071241456,14,high-dim
CelestialObjects2,COPOD,global,-0.861111111111111,0.2825020416687738,0.0338501071241456,14,high-dim
CelestialObjects2,ECOD,global,-0.6666666666666666,0.2825020416687738,0.0338501071241456,14,high-dim
CelestialObjects2,HBOS,global,0.5833333333333333,0.2825020416687738,0.0338501071241456,14,high-dim
CelestialObjects2,HBOS_b100,global,-0.16666666666666674,0.2825020416687738,0.0338501071241456,14,high-dim
CelestialObjects2,HBOS_b20,global,0.19444444444444442,0.2825020416687738,0.0338501071241456,14,high-dim
CelestialObjects2,HBOS_b5,global,0.6388888888888888,0.2825020416687738,0.0338501071241456,14,high-dim
CelestialObjects2,HBOS_b50,global,-0.2777777777777778,0.2825020416687738,0.0338501071241456,14,high-dim
CelestialObjects2,IF_n300,other,-0.02777777777777768,0.2825020416687738,0.0338501071241456,14,high-dim
CelestialObjects2,IF_n50,other,-0.11111111111111105,0.2825020416687738,0.0338501071241456,14,high-dim
CelestialObjects2,IForest,other,0.02777777777777779,0.2825020416687738,0.0338501071241456,14,high-dim
CelestialObjects2,KNN,local,-0.08333333333333326,0.2825020416687738,0.0338501071241456,14,high-dim
CelestialObjects2,KNN_k10,local,-0.13888888888888884,0.2825020416687738,0.0338501071241456,14,high-dim
CelestialObjects2,KNN_k100,local,-0.11111111111111113,0.2825020416687738,0.0338501071241456,14,high-dim
CelestialObjects2,KNN_k200,local,-0.16666666666666669,0.2825020416687738,0.0338501071241456,14,high-dim
CelestialObjects2,KNN_k3,local,0.0,0.2825020416687738,0.0338501071241456,14,high-dim
CelestialObjects2,KNN_k35,local,-0.05555555555555558,0.2825020416687738,0.0338501071241456,14,high-dim
CelestialObjects2,KNN_k50,local,-0.13888888888888895,0.2825020416687738,0.0338501071241456,14,high-dim
CelestialObjects2,LODA,other,0.08333333333333337,0.2825020416687738,0.0338501071241456,14,high-dim
CelestialObjects2,LODA_b20,other,-0.3055555555555556,0.2825020416687738,0.0338501071241456,14,high-dim
CelestialObjects2,LODA_b50,other,-0.5833333333333333,0.2825020416687738,0.0338501071241456,14,high-dim
CelestialObjects2,LOF,local,0.08333333333333337,0.2825020416687738,0.0338501071241456,14,high-dim
CelestialObjects2,LOF_k10,local,0.22222222222222224,0.2825020416687738,0.0338501071241456,14,high-dim
CelestialObjects2,LOF_k100,local,0.1111111111111111,0.2825020416687738,0.0338501071241456,14,high-dim
CelestialObjects2,LOF_k200,local,0.0,0.2825020416687738,0.0338501071241456,14,high-dim
CelestialObjects2,LOF_k3,local,0.08333333333333331,0.2825020416687738,0.0338501071241456,14,high-dim
CelestialObjects2,LOF_k35,local,0.3055555555555555,0.2825020416687738,0.0338501071241456,14,high-dim
CelestialObjects2,LOF_k50,local,0.16666666666666669,0.2825020416687738,0.0338501071241456,14,high-dim
CelestialObjects2,PCA,global,0.5,0.2825020416687738,0.0338501071241456,14,high-dim
CelestialObjects2,PCA_c0.3,global,0.2777777777777777,0.2825020416687738,0.0338501071241456,14,high-dim
CelestialObjects2,PCA_c0.7,global,0.36111111111111105,0.2825020416687738,0.0338501071241456,14,high-dim
CelestialObjects2,PCA_c0.9,global,0.2222222222222222,0.2825020416687738,0.0338501071241456,14,high-dim
CelestialObjects2,PCA_c0.99,global,0.36111111111111116,0.2825020416687738,0.0338501071241456,14,high-dim
CityTreeCondition,CBLOF,local,-0.17142857142857143,0.3388416069300384,0.3512779307675696,10,low-dim
CityTreeCondition,CBLOF_c16,local,-0.28571428571428575,0.3388416069300384,0.3512779307675696,10,low-dim
CityTreeCondition,CBLOF_c32,local,-0.08571428571428574,0.3388416069300384,0.3512779307675696,10,low-dim
CityTreeCondition,COPOD,global,0.0,0.3388416069300384,0.3512779307675696,10,low-dim
CityTreeCondition,ECOD,global,-0.5142857142857142,0.3388416069300384,0.3512779307675696,10,low-dim
CityTreeCondition,HBOS,global,0.3142857142857143,0.3388416069300384,0.3512779307675696,10,low-dim
CityTreeCondition,HBOS_b100,global,0.5714285714285714,0.3388416069300384,0.3512779307675696,10,low-dim
CityTreeCondition,HBOS_b20,global,0.2571428571428571,0.3388416069300384,0.3512779307675696,10,low-dim
CityTreeCondition,HBOS_b5,global,0.14285714285714288,0.3388416069300384,0.3512779307675696,10,low-dim
CityTreeCondition,HBOS_b50,global,0.37142857142857144,0.3388416069300384,0.3512779307675696,10,low-dim
CityTreeCondition,IF_n300,other,0.11428571428571432,0.3388416069300384,0.3512779307675696,10,low-dim
CityTreeCondition,IF_n50,other,-0.11428571428571421,0.3388416069300384,0.3512779307675696,10,low-dim
CityTreeCondition,IForest,other,0.1428571428571428,0.3388416069300384,0.3512779307675696,10,low-dim
CityTreeCondition,KNN,local,-0.19999999999999996,0.3388416069300384,0.3512779307675696,10,low-dim
CityTreeCondition,KNN_k10,local,-0.1428571428571429,0.3388416069300384,0.3512779307675696,10,low-dim
CityTreeCondition,KNN_k100,local,0.2285714285714286,0.3388416069300384,0.3512779307675696,10,low-dim
CityTreeCondition,KNN_k200,local,-0.2571428571428571,0.3388416069300384,0.3512779307675696,10,low-dim
CityTreeCondition,KNN_k3,local,-0.08571428571428574,0.3388416069300384,0.3512779307675696,10,low-dim
CityTreeCondition,KNN_k35,local,0.05714285714285716,0.3388416069300384,0.3512779307675696,10,low-dim
CityTreeCondition,KNN_k50,local,-0.11428571428571432,0.3388416069300384,0.3512779307675696,10,low-dim
CityTreeCondition,LODA,other,-0.3142857142857143,0.3388416069300384,0.3512779307675696,10,low-dim
CityTreeCondition,LODA_b20,other,-0.1142857142857143,0.3388416069300384,0.3512779307675696,10,low-dim
CityTreeCondition,LODA_b50,other,-0.7142857142857143,0.3388416069300384,0.3512779307675696,10,low-dim
CityTreeCondition,LOF,local,-0.14285714285714285,0.3388416069300384,0.3512779307675696,10,low-dim
CityTreeCondition,LOF_k10,local,-0.17142857142857137,0.3388416069300384,0.3512779307675696,10,low-dim
CityTreeCondition,LOF_k100,local,-0.6857142857142857,0.3388416069300384,0.3512779307675696,10,low-dim
CityTreeCondition,LOF_k200,local,0.05714285714285716,0.3388416069300384,0.3512779307675696,10,low-dim
CityTreeCondition,LOF_k3,local,-0.11428571428571432,0.3388416069300384,0.3512779307675696,10,low-dim
CityTreeCondition,LOF_k35,local,-0.37142857142857144,0.3388416069300384,0.3512779307675696,10,low-dim
CityTreeCondition,LOF_k50,local,-0.7714285714285714,0.3388416069300384,0.3512779307675696,10,low-dim
CityTreeCondition,PCA,global,0.5428571428571429,0.3388416069300384,0.3512779307675696,10,low-dim
CityTreeCondition,PCA_c0.3,global,0.37142857142857144,0.3388416069300384,0.3512779307675696,10,low-dim
CityTreeCondition,PCA_c0.7,global,0.6571428571428573,0.3388416069300384,0.3512779307675696,10,low-dim
CityTreeCondition,PCA_c0.9,global,0.7428571428571428,0.3388416069300384,0.3512779307675696,10,low-dim
CityTreeCondition,PCA_c0.99,global,0.7999999999999999,0.3388416069300384,0.3512779307675696,10,low-dim
CodeSmell,CBLOF,local,0.19999999999999998,0.7799537332405103,0.8702860787918217,6,low-dim
CodeSmell,CBLOF_c16,local,0.19999999999999998,0.7799537332405103,0.8702860787918217,6,low-dim
CodeSmell,CBLOF_c32,local,0.14285714285714285,0.7799537332405103,0.8702860787918217,6,low-dim
CodeSmell,COPOD,global,-0.8428571428571429,0.7799537332405103,0.8702860787918217,6,low-dim
CodeSmell,ECOD,global,-0.7571428571428572,0.7799537332405103,0.8702860787918217,6,low-dim
CodeSmell,HBOS,global,-0.4857142857142857,0.7799537332405103,0.8702860787918217,6,low-dim
CodeSmell,HBOS_b100,global,-0.34285714285714286,0.7799537332405103,0.8702860787918217,6,low-dim
CodeSmell,HBOS_b20,global,-0.4857142857142857,0.7799537332405103,0.8702860787918217,6,low-dim
CodeSmell,HBOS_b5,global,-0.2857142857142857,0.7799537332405103,0.8702860787918217,6,low-dim
CodeSmell,HBOS_b50,global,-0.4285714285714286,0.7799537332405103,0.8702860787918217,6,low-dim
CodeSmell,IF_n300,other,0.17142857142857137,0.7799537332405103,0.8702860787918217,6,low-dim
CodeSmell,IF_n50,other,0.19999999999999996,0.7799537332405103,0.8702860787918217,6,low-dim
CodeSmell,IForest,other,0.2571428571428571,0.7799537332405103,0.8702860787918217,6,low-dim
CodeSmell,KNN,local,0.3142857142857143,0.7799537332405103,0.8702860787918217,6,low-dim
CodeSmell,KNN_k10,local,0.2571428571428571,0.7799537332405103,0.8702860787918217,6,low-dim
CodeSmell,KNN_k100,local,-0.2571428571428571,0.7799537332405103,0.8702860787918217,6,low-dim
CodeSmell,KNN_k200,local,-0.14285714285714285,0.7799537332405103,0.8702860787918217,6,low-dim
CodeSmell,KNN_k3,local,0.2571428571428572,0.7799537332405103,0.8702860787918217,6,low-dim
CodeSmell,KNN_k35,local,0.19999999999999998,0.7799537332405103,0.8702860787918217,6,low-dim
CodeSmell,KNN_k50,local,0.02857142857142858,0.7799537332405103,0.8702860787918217,6,low-dim
CodeSmell,LODA,other,0.0,0.7799537332405103,0.8702860787918217,6,low-dim
CodeSmell,LODA_b20,other,0.02857142857142858,0.7799537332405103,0.8702860787918217,6,low-dim
CodeSmell,LODA_b50,other,0.1428571428571428,0.7799537332405103,0.8702860787918217,6,low-dim
CodeSmell,LOF,local,-0.028571428571428525,0.7799537332405103,0.8702860787918217,6,low-dim
CodeSmell,LOF_k10,local,-0.08571428571428574,0.7799537332405103,0.8702860787918217,6,low-dim
CodeSmell,LOF_k100,local,-0.057142857142857134,0.7799537332405103,0.8702860787918217,6,low-dim
CodeSmell,LOF_k200,local,-0.14285714285714285,0.7799537332405103,0.8702860787918217,6,low-dim
CodeSmell,LOF_k3,local,-0.02857142857142858,0.7799537332405103,0.8702860787918217,6,low-dim
CodeSmell,LOF_k35,local,0.2571428571428572,0.7799537332405103,0.8702860787918217,6,low-dim
CodeSmell,LOF_k50,local,0.2,0.7799537332405103,0.8702860787918217,6,low-dim
CodeSmell,PCA,global,0.2571428571428571,0.7799537332405103,0.8702860787918217,6,low-dim
CodeSmell,PCA_c0.3,global,0.1428571428571429,0.7799537332405103,0.8702860787918217,6,low-dim
CodeSmell,PCA_c0.7,global,0.4285714285714286,0.7799537332405103,0.8702860787918217,6,low-dim
CodeSmell,PCA_c0.9,global,0.3428571428571429,0.7799537332405103,0.8702860787918217,6,low-dim
CodeSmell,PCA_c0.99,global,0.3428571428571429,0.7799537332405103,0.8702860787918217,6,low-dim
CodeStrata,CBLOF,local,0.19999999999999996,0.3405457527445915,0.5298033387971489,4,low-dim
CodeStrata,CBLOF_c16,local,-0.05714285714285716,0.3405457527445915,0.5298033387971489,4,low-dim
CodeStrata,CBLOF_c32,local,-0.02857142857142858,0.3405457527445915,0.5298033387971489,4,low-dim
CodeStrata,COPOD,global,-0.5142857142857142,0.3405457527445915,0.5298033387971489,4,low-dim
CodeStrata,ECOD,global,-0.6285714285714286,0.3405457527445915,0.5298033387971489,4,low-dim
CodeStrata,HBOS,global,0.17142857142857149,0.3405457527445915,0.5298033387971489,4,low-dim
CodeStrata,HBOS_b100,global,-0.2857142857142857,0.3405457527445915,0.5298033387971489,4,low-dim
CodeStrata,HBOS_b20,global,-0.02857142857142858,0.3405457527445915,0.5298033387971489,4,low-dim
CodeStrata,HBOS_b5,global,0.19999999999999996,0.3405457527445915,0.5298033387971489,4,low-dim
CodeStrata,HBOS_b50,global,-0.1428571428571428,0.3405457527445915,0.5298033387971489,4,low-dim
CodeStrata,IF_n300,other,0.3142857142857143,0.3405457527445915,0.5298033387971489,4,low-dim
CodeStrata,IF_n50,other,0.19999999999999996,0.3405457527445915,0.5298033387971489,4,low-dim
CodeStrata,IForest,other,0.2571428571428571,0.3405457527445915,0.5298033387971489,4,low-dim
CodeStrata,KNN,local,-0.22857142857142854,0.3405457527445915,0.5298033387971489,4,low-dim
CodeStrata,KNN_k10,local,0.02857142857142858,0.3405457527445915,0.5298033387971489,4,low-dim
CodeStrata,KNN_k100,local,0.028571428571428567,0.3405457527445915,0.5298033387971489,4,low-dim
CodeStrata,KNN_k200,local,0.028571428571428574,0.3405457527445915,0.5298033387971489,4,low-dim
CodeStrata,KNN_k3,local,-0.08571428571428574,0.3405457527445915,0.5298033387971489,4,low-dim
CodeStrata,KNN_k35,local,0.1428571428571429,0.3405457527445915,0.5298033387971489,4,low-dim
CodeStrata,KNN_k50,local,0.11428571428571427,0.3405457527445915,0.5298033387971489,4,low-dim
CodeStrata,LODA,other,0.028571428571428567,0.3405457527445915,0.5298033387971489,4,low-dim
CodeStrata,LODA_b20,other,0.0,0.3405457527445915,0.5298033387971489,4,low-dim
CodeStrata,LODA_b50,other,0.19999999999999998,0.3405457527445915,0.5298033387971489,4,low-dim
CodeStrata,LOF,local,-0.5428571428571429,0.3405457527445915,0.5298033387971489,4,low-dim
CodeStrata,LOF_k10,local,-0.657142857142857,0.3405457527445915,0.5298033387971489,4,low-dim
CodeStrata,LOF_k100,local,0.1142857142857143,0.3405457527445915,0.5298033387971489,4,low-dim
CodeStrata,LOF_k200,local,0.11428571428571427,0.3405457527445915,0.5298033387971489,4,low-dim
CodeStrata,LOF_k3,local,-0.4857142857142857,0.3405457527445915,0.5298033387971489,4,low-dim
CodeStrata,LOF_k35,local,-0.4,0.3405457527445915,0.5298033387971489,4,low-dim
CodeStrata,LOF_k50,local,-0.2,0.3405457527445915,0.5298033387971489,4,low-dim
CodeStrata,PCA,global,0.37142857142857144,0.3405457527445915,0.5298033387971489,4,low-dim
CodeStrata,PCA_c0.3,global,0.3142857142857143,0.3405457527445915,0.5298033387971489,4,low-dim
CodeStrata,PCA_c0.7,global,0.37142857142857144,0.3405457527445915,0.5298033387971489,4,low-dim
CodeStrata,PCA_c0.9,global,0.48571428571428565,0.3405457527445915,0.5298033387971489,4,low-dim
CodeStrata,PCA_c0.99,global,0.6,0.3405457527445915,0.5298033387971489,4,low-dim
Contaminant-detection-in-packaged-cocoa-hazelnut-spread-jars-using-Microwaves-Sensing-and-Machine-Learning-10.5GHz(Urbinati),CBLOF,local,0.0,0.4840711743300782,0.151615721584427,30,high-dim
Contaminant-detection-in-packaged-cocoa-hazelnut-spread-jars-using-Microwaves-Sensing-and-Machine-Learning-10.5GHz(Urbinati),CBLOF_c16,local,0.0,0.4840711743300782,0.151615721584427,30,high-dim
Contaminant-detection-in-packaged-cocoa-hazelnut-spread-jars-using-Microwaves-Sensing-and-Machine-Learning-10.5GHz(Urbinati),CBLOF_c32,local,0.2857142857142857,0.4840711743300782,0.151615721584427,30,high-dim
Contaminant-detection-in-packaged-cocoa-hazelnut-spread-jars-using-Microwaves-Sensing-and-Machine-Learning-10.5GHz(Urbinati),COPOD,global,-0.014285714285714284,0.4840711743300782,0.151615721584427,30,high-dim
Contaminant-detection-in-packaged-cocoa-hazelnut-spread-jars-using-Microwaves-Sensing-and-Machine-Learning-10.5GHz(Urbinati),ECOD,global,-0.09999999999999999,0.4840711743300782,0.151615721584427,30,high-dim
Contaminant-detection-in-packaged-cocoa-hazelnut-spread-jars-using-Microwaves-Sensing-and-Machine-Learning-10.5GHz(Urbinati),HBOS,global,0.17142857142857143,0.4840711743300782,0.151615721584427,30,high-dim
Contaminant-detection-in-packaged-cocoa-hazelnut-spread-jars-using-Microwaves-Sensing-and-Machine-Learning-10.5GHz(Urbinati),HBOS_b100,global,0.08571428571428574,0.4840711743300782,0.151615721584427,30,high-dim
Contaminant-detection-in-packaged-cocoa-hazelnut-spread-jars-using-Microwaves-Sensing-and-Machine-Learning-10.5GHz(Urbinati),HBOS_b20,global,0.17142857142857143,0.4840711743300782,0.151615721584427,30,high-dim
Contaminant-detection-in-packaged-cocoa-hazelnut-spread-jars-using-Microwaves-Sensing-and-Machine-Learning-10.5GHz(Urbinati),HBOS_b5,global,0.1142857142857143,0.4840711743300782,0.151615721584427,30,high-dim
Contaminant-detection-in-packaged-cocoa-hazelnut-spread-jars-using-Microwaves-Sensing-and-Machine-Learning-10.5GHz(Urbinati),HBOS_b50,global,0.05714285714285716,0.4840711743300782,0.151615721584427,30,high-dim
Contaminant-detection-in-packaged-cocoa-hazelnut-spread-jars-using-Microwaves-Sensing-and-Machine-Learning-10.5GHz(Urbinati),IF_n300,other,0.17142857142857143,0.4840711743300782,0.151615721584427,30,high-dim
Contaminant-detection-in-packaged-cocoa-hazelnut-spread-jars-using-Microwaves-Sensing-and-Machine-Learning-10.5GHz(Urbinati),IF_n50,other,-0.05714285714285716,0.4840711743300782,0.151615721584427,30,high-dim
Contaminant-detection-in-packaged-cocoa-hazelnut-spread-jars-using-Microwaves-Sensing-and-Machine-Learning-10.5GHz(Urbinati),IForest,other,0.22857142857142854,0.4840711743300782,0.151615721584427,30,high-dim
Contaminant-detection-in-packaged-cocoa-hazelnut-spread-jars-using-Microwaves-Sensing-and-Machine-Learning-10.5GHz(Urbinati),KNN,local,0.5142857142857142,0.4840711743300782,0.151615721584427,30,high-dim
Contaminant-detection-in-packaged-cocoa-hazelnut-spread-jars-using-Microwaves-Sensing-and-Machine-Learning-10.5GHz(Urbinati),KNN_k10,local,0.37142857142857144,0.4840711743300782,0.151615721584427,30,high-dim
Contaminant-detection-in-packaged-cocoa-hazelnut-spread-jars-using-Microwaves-Sensing-and-Machine-Learning-10.5GHz(Urbinati),KNN_k100,local,-0.8571428571428572,0.4840711743300782,0.151615721584427,30,high-dim
Contaminant-detection-in-packaged-cocoa-hazelnut-spread-jars-using-Microwaves-Sensing-and-Machine-Learning-10.5GHz(Urbinati),KNN_k200,local,-0.8285714285714285,0.4840711743300782,0.151615721584427,30,high-dim
Contaminant-detection-in-packaged-cocoa-hazelnut-spread-jars-using-Microwaves-Sensing-and-Machine-Learning-10.5GHz(Urbinati),KNN_k3,local,0.6,0.4840711743300782,0.151615721584427,30,high-dim
Contaminant-detection-in-packaged-cocoa-hazelnut-spread-jars-using-Microwaves-Sensing-and-Machine-Learning-10.5GHz(Urbinati),KNN_k35,local,-0.02857142857142847,0.4840711743300782,0.151615721584427,30,high-dim
Contaminant-detection-in-packaged-cocoa-hazelnut-spread-jars-using-Microwaves-Sensing-and-Machine-Learning-10.5GHz(Urbinati),KNN_k50,local,-0.19999999999999996,0.4840711743300782,0.151615721584427,30,high-dim
Contaminant-detection-in-packaged-cocoa-hazelnut-spread-jars-using-Microwaves-Sensing-and-Machine-Learning-10.5GHz(Urbinati),LODA,other,-0.5714285714285715,0.4840711743300782,0.151615721584427,30,high-dim
Contaminant-detection-in-packaged-cocoa-hazelnut-spread-jars-using-Microwaves-Sensing-and-Machine-Learning-10.5GHz(Urbinati),LODA_b20,other,-0.20000000000000007,0.4840711743300782,0.151615721584427,30,high-dim
Contaminant-detection-in-packaged-cocoa-hazelnut-spread-jars-using-Microwaves-Sensing-and-Machine-Learning-10.5GHz(Urbinati),LODA_b50,other,-0.08571428571428574,0.4840711743300782,0.151615721584427,30,high-dim
Contaminant-detection-in-packaged-cocoa-hazelnut-spread-jars-using-Microwaves-Sensing-and-Machine-Learning-10.5GHz(Urbinati),LOF,local,0.3142857142857143,0.4840711743300782,0.151615721584427,30,high-dim
Contaminant-detection-in-packaged-cocoa-hazelnut-spread-jars-using-Microwaves-Sensing-and-Machine-Learning-10.5GHz(Urbinati),LOF_k10,local,0.19999999999999996,0.4840711743300782,0.151615721584427,30,high-dim
Contaminant-detection-in-packaged-cocoa-hazelnut-spread-jars-using-Microwaves-Sensing-and-Machine-Learning-10.5GHz(Urbinati),LOF_k100,local,-0.45714285714285713,0.4840711743300782,0.151615721584427,30,high-dim
Contaminant-detection-in-packaged-cocoa-hazelnut-spread-jars-using-Microwaves-Sensing-and-Machine-Learning-10.5GHz(Urbinati),LOF_k200,local,-0.8,0.4840711743300782,0.151615721584427,30,high-dim
Contaminant-detection-in-packaged-cocoa-hazelnut-spread-jars-using-Microwaves-Sensing-and-Machine-Learning-10.5GHz(Urbinati),LOF_k3,local,-0.20000000000000007,0.4840711743300782,0.151615721584427,30,high-dim
Contaminant-detection-in-packaged-cocoa-hazelnut-spread-jars-using-Microwaves-Sensing-and-Machine-Learning-10.5GHz(Urbinati),LOF_k35,local,0.2857142857142858,0.4840711743300782,0.151615721584427,30,high-dim
Contaminant-detection-in-packaged-cocoa-hazelnut-spread-jars-using-Microwaves-Sensing-and-Machine-Learning-10.5GHz(Urbinati),LOF_k50,local,0.28571428571428575,0.4840711743300782,0.151615721584427,30,high-dim
Contaminant-detection-in-packaged-cocoa-hazelnut-spread-jars-using-Microwaves-Sensing-and-Machine-Learning-10.5GHz(Urbinati),PCA,global,0.17142857142857143,0.4840711743300782,0.151615721584427,30,high-dim
Contaminant-detection-in-packaged-cocoa-hazelnut-spread-jars-using-Microwaves-Sensing-and-Machine-Learning-10.5GHz(Urbinati),PCA_c0.3,global,-0.1142857142857143,0.4840711743300782,0.151615721584427,30,high-dim
Contaminant-detection-in-packaged-cocoa-hazelnut-spread-jars-using-Microwaves-Sensing-and-Machine-Learning-10.5GHz(Urbinati),PCA_c0.7,global,0.08571428571428569,0.4840711743300782,0.151615721584427,30,high-dim
Contaminant-detection-in-packaged-cocoa-hazelnut-spread-jars-using-Microwaves-Sensing-and-Machine-Learning-10.5GHz(Urbinati),PCA_c0.9,global,0.2,0.4840711743300782,0.151615721584427,30,high-dim
Contaminant-detection-in-packaged-cocoa-hazelnut-spread-jars-using-Microwaves-Sensing-and-Machine-Learning-10.5GHz(Urbinati),PCA_c0.99,global,0.19999999999999998,0.4840711743300782,0.151615721584427,30,high-dim
CropWeedDetection,CBLOF,local,0.17142857142857149,0.480110509745609,0.2974962665742324,4,low-dim
CropWeedDetection,CBLOF_c16,local,0.1428571428571429,0.480110509745609,0.2974962665742324,4,low-dim
CropWeedDetection,CBLOF_c32,local,0.05714285714285716,0.480110509745609,0.2974962665742324,4,low-dim
CropWeedDetection,COPOD,global,0.08571428571428572,0.480110509745609,0.2974962665742324,4,low-dim
CropWeedDetection,ECOD,global,0.0,0.480110509745609,0.2974962665742324,4,low-dim
CropWeedDetection,HBOS,global,0.2571428571428571,0.480110509745609,0.2974962665742324,4,low-dim
CropWeedDetection,HBOS_b100,global,0.02857142857142858,0.480110509745609,0.2974962665742324,4,low-dim
CropWeedDetection,HBOS_b20,global,0.14285714285714288,0.480110509745609,0.2974962665742324,4,low-dim
CropWeedDetection,HBOS_b5,global,0.48571428571428565,0.480110509745609,0.2974962665742324,4,low-dim
CropWeedDetection,HBOS_b50,global,0.2,0.480110509745609,0.2974962665742324,4,low-dim
CropWeedDetection,IF_n300,other,0.08571428571428574,0.480110509745609,0.2974962665742324,4,low-dim
CropWeedDetection,IF_n50,other,0.08571428571428569,0.480110509745609,0.2974962665742324,4,low-dim
CropWeedDetection,IForest,other,-0.028571428571428525,0.480110509745609,0.2974962665742324,4,low-dim
CropWeedDetection,KNN,local,-0.02857142857142858,0.480110509745609,0.2974962665742324,4,low-dim
CropWeedDetection,KNN_k10,local,0.0,0.480110509745609,0.2974962665742324,4,low-dim
CropWeedDetection,KNN_k100,local,-0.3142857142857143,0.480110509745609,0.2974962665742324,4,low-dim
CropWeedDetection,KNN_k200,local,-0.2571428571428572,0.480110509745609,0.2974962665742324,4,low-dim
CropWeedDetection,KNN_k3,local,0.02857142857142858,0.480110509745609,0.2974962665742324,4,low-dim
CropWeedDetection,KNN_k35,local,0.05714285714285716,0.480110509745609,0.2974962665742324,4,low-dim
CropWeedDetection,KNN_k50,local,0.08571428571428574,0.480110509745609,0.2974962665742324,4,low-dim
CropWeedDetection,LODA,other,0.39999999999999997,0.480110509745609,0.2974962665742324,4,low-dim
CropWeedDetection,LODA_b20,other,0.2,0.480110509745609,0.2974962665742324,4,low-dim
CropWeedDetection,LODA_b50,other,-0.17142857142857143,0.480110509745609,0.2974962665742324,4,low-dim
CropWeedDetection,LOF,local,0.02857142857142847,0.480110509745609,0.2974962665742324,4,low-dim
CropWeedDetection,LOF_k10,local,0.02857142857142858,0.480110509745609,0.2974962665742324,4,low-dim
CropWeedDetection,LOF_k100,local,-0.7714285714285715,0.480110509745609,0.2974962665742324,4,low-dim
CropWeedDetection,LOF_k200,local,-0.5428571428571429,0.480110509745609,0.2974962665742324,4,low-dim
CropWeedDetection,LOF_k3,local,0.3142857142857143,0.480110509745609,0.2974962665742324,4,low-dim
CropWeedDetection,LOF_k35,local,-0.08571428571428574,0.480110509745609,0.2974962665742324,4,low-dim
CropWeedDetection,LOF_k50,local,-0.39999999999999997,0.480110509745609,0.2974962665742324,4,low-dim
CropWeedDetection,PCA,global,-0.14285714285714285,0.480110509745609,0.2974962665742324,4,low-dim
CropWeedDetection,PCA_c0.3,global,-0.2571428571428571,0.480110509745609,0.2974962665742324,4,low-dim
CropWeedDetection,PCA_c0.7,global,-0.14285714285714285,0.480110509745609,0.2974962665742324,4,low-dim
CropWeedDetection,PCA_c0.9,global,-0.1714285714285714,0.480110509745609,0.2974962665742324,4,low-dim
CropWeedDetection,PCA_c0.99,global,0.42857142857142855,0.480110509745609,0.2974962665742324,4,low-dim
CryptojackingSystem,CBLOF,local,0.22222222222222227,0.776998790668138,0.9070581297505802,14,high-dim
CryptojackingSystem,CBLOF_c16,local,0.25,0.776998790668138,0.9070581297505802,14,high-dim
CryptojackingSystem,CBLOF_c32,local,0.027777777777777735,0.776998790668138,0.9070581297505802,14,high-dim
CryptojackingSystem,CBLOF_c4,local,0.3055555555555555,0.776998790668138,0.9070581297505802,14,high-dim
CryptojackingSystem,COPOD,global,-0.2638888888888889,0.776998790668138,0.9070581297505802,14,high-dim
CryptojackingSystem,ECOD,global,-0.29166666666666663,0.776998790668138,0.9070581297505802,14,high-dim
CryptojackingSystem,HBOS,global,-0.19444444444444442,0.776998790668138,0.9070581297505802,14,high-dim
CryptojackingSystem,HBOS_b100,global,0.41666666666666663,0.776998790668138,0.9070581297505802,14,high-dim
CryptojackingSystem,HBOS_b20,global,-0.05555555555555558,0.776998790668138,0.9070581297505802,14,high-dim
CryptojackingSystem,HBOS_b5,global,0.11111111111111113,0.776998790668138,0.9070581297505802,14,high-dim
CryptojackingSystem,HBOS_b50,global,0.2222222222222222,0.776998790668138,0.9070581297505802,14,high-dim
CryptojackingSystem,IF_n300,other,0.5555555555555556,0.776998790668138,0.9070581297505802,14,high-dim
CryptojackingSystem,IF_n50,other,0.41666666666666663,0.776998790668138,0.9070581297505802,14,high-dim
CryptojackingSystem,IForest,other,0.38888888888888884,0.776998790668138,0.9070581297505802,14,high-dim
CryptojackingSystem,KNN,local,-0.16666666666666674,0.776998790668138,0.9070581297505802,14,high-dim
CryptojackingSystem,KNN_k10,local,-0.19444444444444442,0.776998790668138,0.9070581297505802,14,high-dim
CryptojackingSystem,KNN_k100,local,-0.22222222222222215,0.776998790668138,0.9070581297505802,14,high-dim
CryptojackingSystem,KNN_k200,local,-0.19444444444444448,0.776998790668138,0.9070581297505802,14,high-dim
CryptojackingSystem,KNN_k3,local,-0.16666666666666674,0.776998790668138,0.9070581297505802,14,high-dim
CryptojackingSystem,KNN_k35,local,-0.25,0.776998790668138,0.9070581297505802,14,high-dim
CryptojackingSystem,KNN_k50,local,-0.2222222222222222,0.776998790668138,0.9070581297505802,14,high-dim
CryptojackingSystem,LODA,other,0.5555555555555556,0.776998790668138,0.9070581297505802,14,high-dim
CryptojackingSystem,LODA_b20,other,0.4722222222222222,0.776998790668138,0.9070581297505802,14,high-dim
CryptojackingSystem,LODA_b50,other,0.6388888888888888,0.776998790668138,0.9070581297505802,14,high-dim
CryptojackingSystem,LOF,local,-0.75,0.776998790668138,0.9070581297505802,14,high-dim
CryptojackingSystem,LOF_k10,local,-0.7777777777777777,0.776998790668138,0.9070581297505802,14,high-dim
CryptojackingSystem,LOF_k100,local,-0.6944444444444445,0.776998790668138,0.9070581297505802,14,high-dim
CryptojackingSystem,LOF_k200,local,-0.41666666666666663,0.776998790668138,0.9070581297505802,14,high-dim
CryptojackingSystem,LOF_k3,local,-0.7777777777777777,0.776998790668138,0.9070581297505802,14,high-dim
CryptojackingSystem,LOF_k35,local,-0.75,0.776998790668138,0.9070581297505802,14,high-dim
CryptojackingSystem,LOF_k50,local,-0.9166666666666666,0.776998790668138,0.9070581297505802,14,high-dim
CryptojackingSystem,PCA,global,0.5,0.776998790668138,0.9070581297505802,14,high-dim
CryptojackingSystem,PCA_c0.3,global,0.4444444444444445,0.776998790668138,0.9070581297505802,14,high-dim
CryptojackingSystem,PCA_c0.7,global,0.5833333333333334,0.776998790668138,0.9070581297505802,14,high-dim
CryptojackingSystem,PCA_c0.9,global,0.611111111111111,0.776998790668138,0.9070581297505802,14,high-dim
CryptojackingSystem,PCA_c0.99,global,0.5833333333333334,0.776998790668138,0.9070581297505802,14,high-dim
CustomerChurn2,CBLOF,local,-0.6666666666666666,0.3107731821348616,1.1544970774287753,5,low-dim
CustomerChurn2,CBLOF_c16,local,-0.3888888888888889,0.3107731821348616,1.1544970774287753,5,low-dim
CustomerChurn2,CBLOF_c32,local,-0.19444444444444448,0.3107731821348616,1.1544970774287753,5,low-dim
CustomerChurn2,CBLOF_c4,local,-0.5555555555555556,0.3107731821348616,1.1544970774287753,5,low-dim
CustomerChurn2,COPOD,global,-0.611111111111111,0.3107731821348616,1.1544970774287753,5,low-dim
CustomerChurn2,ECOD,global,-0.25,0.3107731821348616,1.1544970774287753,5,low-dim
CustomerChurn2,HBOS,global,0.6388888888888888,0.3107731821348616,1.1544970774287753,5,low-dim
CustomerChurn2,HBOS_b100,global,0.8333333333333333,0.3107731821348616,1.1544970774287753,5,low-dim
CustomerChurn2,HBOS_b20,global,0.7222222222222222,0.3107731821348616,1.1544970774287753,5,low-dim
CustomerChurn2,HBOS_b5,global,0.5277777777777777,0.3107731821348616,1.1544970774287753,5,low-dim
CustomerChurn2,HBOS_b50,global,0.861111111111111,0.3107731821348616,1.1544970774287753,5,low-dim
CustomerChurn2,IF_n300,other,0.25,0.3107731821348616,1.1544970774287753,5,low-dim
CustomerChurn2,IF_n50,other,-0.05555555555555558,0.3107731821348616,1.1544970774287753,5,low-dim
CustomerChurn2,IForest,other,0.13888888888888895,0.3107731821348616,1.1544970774287753,5,low-dim
CustomerChurn2,KNN,local,0.25,0.3107731821348616,1.1544970774287753,5,low-dim
CustomerChurn2,KNN_k10,local,0.11111111111111105,0.3107731821348616,1.1544970774287753,5,low-dim
CustomerChurn2,KNN_k100,local,-0.6666666666666666,0.3107731821348616,1.1544970774287753,5,low-dim
CustomerChurn2,KNN_k200,local,-0.75,0.3107731821348616,1.1544970774287753,5,low-dim
CustomerChurn2,KNN_k3,local,0.33333333333333337,0.3107731821348616,1.1544970774287753,5,low-dim
CustomerChurn2,KNN_k35,local,-0.36111111111111105,0.3107731821348616,1.1544970774287753,5,low-dim
CustomerChurn2,KNN_k50,local,-0.49999999999999994,0.3107731821348616,1.1544970774287753,5,low-dim
CustomerChurn2,LODA,other,-0.33333333333333337,0.3107731821348616,1.1544970774287753,5,low-dim
CustomerChurn2,LODA_b20,other,0.1111111111111111,0.3107731821348616,1.1544970774287753,5,low-dim
CustomerChurn2,LODA_b50,other,-0.16666666666666674,0.3107731821348616,1.1544970774287753,5,low-dim
CustomerChurn2,LOF,local,0.05555555555555558,0.3107731821348616,1.1544970774287753,5,low-dim
CustomerChurn2,LOF_k10,local,0.19444444444444442,0.3107731821348616,1.1544970774287753,5,low-dim
CustomerChurn2,LOF_k100,local,-0.2777777777777778,0.3107731821348616,1.1544970774287753,5,low-dim
CustomerChurn2,LOF_k200,local,-0.3611111111111111,0.3107731821348616,1.1544970774287753,5,low-dim
CustomerChurn2,LOF_k3,local,0.1388888888888889,0.3107731821348616,1.1544970774287753,5,low-dim
CustomerChurn2,LOF_k35,local,-0.22222222222222224,0.3107731821348616,1.1544970774287753,5,low-dim
CustomerChurn2,LOF_k50,local,-0.1388888888888889,0.3107731821348616,1.1544970774287753,5,low-dim
CustomerChurn2,PCA,global,0.5277777777777778,0.3107731821348616,1.1544970774287753,5,low-dim
CustomerChurn2,PCA_c0.3,global,0.38888888888888895,0.3107731821348616,1.1544970774287753,5,low-dim
CustomerChurn2,PCA_c0.7,global,0.3055555555555555,0.3107731821348616,1.1544970774287753,5,low-dim
CustomerChurn2,PCA_c0.9,global,0.05555555555555558,0.3107731821348616,1.1544970774287753,5,low-dim
CustomerChurn2,PCA_c0.99,global,0.05555555555555558,0.3107731821348616,1.1544970774287753,5,low-dim
DiabetesMetrics,CBLOF,local,0.16666666666666666,0.5788480061706781,0.0796262563873988,12,high-dim
DiabetesMetrics,CBLOF_c16,local,0.02777777777777779,0.5788480061706781,0.0796262563873988,12,high-dim
DiabetesMetrics,CBLOF_c32,local,0.5555555555555556,0.5788480061706781,0.0796262563873988,12,high-dim
DiabetesMetrics,CBLOF_c4,local,0.2777777777777778,0.5788480061706781,0.0796262563873988,12,high-dim
DiabetesMetrics,COPOD,global,-0.08333333333333334,0.5788480061706781,0.0796262563873988,12,high-dim
DiabetesMetrics,ECOD,global,-0.8055555555555556,0.5788480061706781,0.0796262563873988,12,high-dim
DiabetesMetrics,HBOS,global,-0.3888888888888889,0.5788480061706781,0.0796262563873988,12,high-dim
DiabetesMetrics,HBOS_b100,global,-0.05555555555555558,0.5788480061706781,0.0796262563873988,12,high-dim
DiabetesMetrics,HBOS_b20,global,-0.13888888888888895,0.5788480061706781,0.0796262563873988,12,high-dim
DiabetesMetrics,HBOS_b5,global,-0.36111111111111116,0.5788480061706781,0.0796262563873988,12,high-dim
DiabetesMetrics,HBOS_b50,global,-0.22222222222222215,0.5788480061706781,0.0796262563873988,12,high-dim
DiabetesMetrics,IF_n300,other,0.02777777777777779,0.5788480061706781,0.0796262563873988,12,high-dim
DiabetesMetrics,IF_n50,other,0.19444444444444442,0.5788480061706781,0.0796262563873988,12,high-dim
DiabetesMetrics,IForest,other,0.02777777777777779,0.5788480061706781,0.0796262563873988,12,high-dim
DiabetesMetrics,KNN,local,0.5555555555555556,0.5788480061706781,0.0796262563873988,12,high-dim
DiabetesMetrics,KNN_k10,local,0.36111111111111105,0.5788480061706781,0.0796262563873988,12,high-dim
DiabetesMetrics,KNN_k100,local,0.375,0.5788480061706781,0.0796262563873988,12,high-dim
DiabetesMetrics,KNN_k200,local,0.4722222222222222,0.5788480061706781,0.0796262563873988,12,high-dim
DiabetesMetrics,KNN_k3,local,0.6666666666666666,0.5788480061706781,0.0796262563873988,12,high-dim
DiabetesMetrics,KNN_k35,local,0.08333333333333337,0.5788480061706781,0.0796262563873988,12,high-dim
DiabetesMetrics,KNN_k50,local,0.18055555555555558,0.5788480061706781,0.0796262563873988,12,high-dim
DiabetesMetrics,LODA,other,-0.19444444444444442,0.5788480061706781,0.0796262563873988,12,high-dim
DiabetesMetrics,LODA_b20,other,-0.22222222222222227,0.5788480061706781,0.0796262563873988,12,high-dim
DiabetesMetrics,LODA_b50,other,-0.41666666666666663,0.5788480061706781,0.0796262563873988,12,high-dim
DiabetesMetrics,LOF,local,-0.2777777777777778,0.5788480061706781,0.0796262563873988,12,high-dim
DiabetesMetrics,LOF_k10,local,-0.2777777777777778,0.5788480061706781,0.0796262563873988,12,high-dim
DiabetesMetrics,LOF_k100,local,-0.16666666666666669,0.5788480061706781,0.0796262563873988,12,high-dim
DiabetesMetrics,LOF_k200,local,0.2777777777777778,0.5788480061706781,0.0796262563873988,12,high-dim
DiabetesMetrics,LOF_k3,local,0.05555555555555555,0.5788480061706781,0.0796262563873988,12,high-dim
DiabetesMetrics,LOF_k35,local,-0.3888888888888889,0.5788480061706781,0.0796262563873988,12,high-dim
DiabetesMetrics,LOF_k50,local,-0.1111111111111111,0.5788480061706781,0.0796262563873988,12,high-dim
DiabetesMetrics,PCA,global,-0.13888888888888884,0.5788480061706781,0.0796262563873988,12,high-dim
DiabetesMetrics,PCA_c0.3,global,-0.05555555555555547,0.5788480061706781,0.0796262563873988,12,high-dim
DiabetesMetrics,PCA_c0.7,global,-0.02777777777777779,0.5788480061706781,0.0796262563873988,12,high-dim
DiabetesMetrics,PCA_c0.9,global,0.02777777777777768,0.5788480061706781,0.0796262563873988,12,high-dim
DiabetesMetrics,PCA_c0.99,global,0.0,0.5788480061706781,0.0796262563873988,12,high-dim
DiamondClarity,CBLOF,local,0.19444444444444445,0.2984095960850001,0.483579475049993,10,low-dim
DiamondClarity,CBLOF_c16,local,-0.25,0.2984095960850001,0.483579475049993,10,low-dim
DiamondClarity,CBLOF_c32,local,-0.19444444444444445,0.2984095960850001,0.483579475049993,10,low-dim
DiamondClarity,CBLOF_c4,local,0.0,0.2984095960850001,0.483579475049993,10,low-dim
DiamondClarity,COPOD,global,-0.18055555555555555,0.2984095960850001,0.483579475049993,10,low-dim
DiamondClarity,ECOD,global,-0.7361111111111112,0.2984095960850001,0.483579475049993,10,low-dim
DiamondClarity,HBOS,global,0.33333333333333337,0.2984095960850001,0.483579475049993,10,low-dim
DiamondClarity,HBOS_b100,global,0.6666666666666666,0.2984095960850001,0.483579475049993,10,low-dim
DiamondClarity,HBOS_b20,global,0.38888888888888884,0.2984095960850001,0.483579475049993,10,low-dim
DiamondClarity,HBOS_b5,global,0.27777777777777773,0.2984095960850001,0.483579475049993,10,low-dim
DiamondClarity,HBOS_b50,global,0.6111111111111112,0.2984095960850001,0.483579475049993,10,low-dim
DiamondClarity,IF_n300,other,0.38888888888888884,0.2984095960850001,0.483579475049993,10,low-dim
DiamondClarity,IF_n50,other,0.4444444444444444,0.2984095960850001,0.483579475049993,10,low-dim
DiamondClarity,IForest,other,0.41666666666666663,0.2984095960850001,0.483579475049993,10,low-dim
DiamondClarity,KNN,local,0.02777777777777779,0.2984095960850001,0.483579475049993,10,low-dim
DiamondClarity,KNN_k10,local,0.0,0.2984095960850001,0.483579475049993,10,low-dim
DiamondClarity,KNN_k100,local,0.08333333333333333,0.2984095960850001,0.483579475049993,10,low-dim
DiamondClarity,KNN_k200,local,0.08333333333333333,0.2984095960850001,0.483579475049993,10,low-dim
DiamondClarity,KNN_k3,local,-0.11111111111111105,0.2984095960850001,0.483579475049993,10,low-dim
DiamondClarity,KNN_k35,local,0.08333333333333334,0.2984095960850001,0.483579475049993,10,low-dim
DiamondClarity,KNN_k50,local,0.08333333333333331,0.2984095960850001,0.483579475049993,10,low-dim
DiamondClarity,LODA,other,-0.08333333333333326,0.2984095960850001,0.483579475049993,10,low-dim
DiamondClarity,LODA_b20,other,0.08333333333333326,0.2984095960850001,0.483579475049993,10,low-dim
DiamondClarity,LODA_b50,other,0.3888888888888889,0.2984095960850001,0.483579475049993,10,low-dim
DiamondClarity,LOF,local,-0.5277777777777777,0.2984095960850001,0.483579475049993,10,low-dim
DiamondClarity,LOF_k10,local,-0.5,0.2984095960850001,0.483579475049993,10,low-dim
DiamondClarity,LOF_k100,local,-0.5,0.2984095960850001,0.483579475049993,10,low-dim
DiamondClarity,LOF_k200,local,-0.4444444444444444,0.2984095960850001,0.483579475049993,10,low-dim
DiamondClarity,LOF_k3,local,-0.5,0.2984095960850001,0.483579475049993,10,low-dim
DiamondClarity,LOF_k35,local,-0.5277777777777777,0.2984095960850001,0.483579475049993,10,low-dim
DiamondClarity,LOF_k50,local,-0.4444444444444445,0.2984095960850001,0.483579475049993,10,low-dim
DiamondClarity,PCA,global,0.0,0.2984095960850001,0.483579475049993,10,low-dim
DiamondClarity,PCA_c0.3,global,0.0,0.2984095960850001,0.483579475049993,10,low-dim
DiamondClarity,PCA_c0.7,global,0.11111111111111116,0.2984095960850001,0.483579475049993,10,low-dim
DiamondClarity,PCA_c0.9,global,0.13888888888888895,0.2984095960850001,0.483579475049993,10,low-dim
DiamondClarity,PCA_c0.99,global,0.19444444444444442,0.2984095960850001,0.483579475049993,10,low-dim
DragonFlySystem,CBLOF,local,0.1111111111111111,0.712390632592922,1.7669508945517205,4,low-dim
DragonFlySystem,CBLOF_c16,local,0.6388888888888888,0.712390632592922,1.7669508945517205,4,low-dim
DragonFlySystem,CBLOF_c32,local,0.75,0.712390632592922,1.7669508945517205,4,low-dim
DragonFlySystem,CBLOF_c4,local,0.08333333333333337,0.712390632592922,1.7669508945517205,4,low-dim
DragonFlySystem,COPOD,global,-0.9166666666666666,0.712390632592922,1.7669508945517205,4,low-dim
DragonFlySystem,ECOD,global,-0.8055555555555556,0.712390632592922,1.7669508945517205,4,low-dim
DragonFlySystem,HBOS,global,-0.11111111111111112,0.712390632592922,1.7669508945517205,4,low-dim
DragonFlySystem,HBOS_b100,global,-0.5555555555555556,0.712390632592922,1.7669508945517205,4,low-dim
DragonFlySystem,HBOS_b20,global,-0.5833333333333333,0.712390632592922,1.7669508945517205,4,low-dim
DragonFlySystem,HBOS_b5,global,-0.38888888888888895,0.712390632592922,1.7669508945517205,4,low-dim
DragonFlySystem,HBOS_b50,global,-0.6944444444444445,0.712390632592922,1.7669508945517205,4,low-dim
DragonFlySystem,IF_n300,other,0.05555555555555547,0.712390632592922,1.7669508945517205,4,low-dim
DragonFlySystem,IF_n50,other,-0.2222222222222222,0.712390632592922,1.7669508945517205,4,low-dim
DragonFlySystem,IForest,other,0.05555555555555558,0.712390632592922,1.7669508945517205,4,low-dim
DragonFlySystem,KNN,local,0.6944444444444444,0.712390632592922,1.7669508945517205,4,low-dim
DragonFlySystem,KNN_k10,local,0.5277777777777778,0.712390632592922,1.7669508945517205,4,low-dim
DragonFlySystem,KNN_k100,local,0.2222222222222222,0.712390632592922,1.7669508945517205,4,low-dim
DragonFlySystem,KNN_k200,local,0.19444444444444442,0.712390632592922,1.7669508945517205,4,low-dim
DragonFlySystem,KNN_k3,local,0.8333333333333334,0.712390632592922,1.7669508945517205,4,low-dim
DragonFlySystem,KNN_k35,local,0.16666666666666674,0.712390632592922,1.7669508945517205,4,low-dim
DragonFlySystem,KNN_k50,local,0.22222222222222215,0.712390632592922,1.7669508945517205,4,low-dim
DragonFlySystem,LODA,other,0.19444444444444448,0.712390632592922,1.7669508945517205,4,low-dim
DragonFlySystem,LODA_b20,other,0.1111111111111111,0.712390632592922,1.7669508945517205,4,low-dim
DragonFlySystem,LODA_b50,other,0.7222222222222222,0.712390632592922,1.7669508945517205,4,low-dim
DragonFlySystem,LOF,local,0.3055555555555556,0.712390632592922,1.7669508945517205,4,low-dim
DragonFlySystem,LOF_k10,local,0.3611111111111111,0.712390632592922,1.7669508945517205,4,low-dim
DragonFlySystem,LOF_k100,local,0.5277777777777778,0.712390632592922,1.7669508945517205,4,low-dim
DragonFlySystem,LOF_k200,local,0.16666666666666663,0.712390632592922,1.7669508945517205,4,low-dim
DragonFlySystem,LOF_k3,local,0.08333333333333334,0.712390632592922,1.7669508945517205,4,low-dim
DragonFlySystem,LOF_k35,local,-0.11111111111111116,0.712390632592922,1.7669508945517205,4,low-dim
DragonFlySystem,LOF_k50,local,0.05555555555555558,0.712390632592922,1.7669508945517205,4,low-dim
DragonFlySystem,PCA,global,-0.6111111111111112,0.712390632592922,1.7669508945517205,4,low-dim
DragonFlySystem,PCA_c0.3,global,-0.6111111111111112,0.712390632592922,1.7669508945517205,4,low-dim
DragonFlySystem,PCA_c0.7,global,-0.5833333333333333,0.712390632592922,1.7669508945517205,4,low-dim
DragonFlySystem,PCA_c0.9,global,-0.4444444444444444,0.712390632592922,1.7669508945517205,4,low-dim
DragonFlySystem,PCA_c0.99,global,-0.4444444444444444,0.712390632592922,1.7669508945517205,4,low-dim
EEGEyeState,CBLOF,local,0.16666666666666663,0.9830770490069722,0.8305005350328092,14,high-dim
EEGEyeState,CBLOF_c16,local,0.08333333333333337,0.9830770490069722,0.8305005350328092,14,high-dim
EEGEyeState,CBLOF_c32,local,0.0,0.9830770490069722,0.8305005350328092,14,high-dim
EEGEyeState,CBLOF_c4,local,0.44444444444444453,0.9830770490069722,0.8305005350328092,14,high-dim
EEGEyeState,COPOD,global,-0.2638888888888889,0.9830770490069722,0.8305005350328092,14,high-dim
EEGEyeState,ECOD,global,-0.23611111111111113,0.9830770490069722,0.8305005350328092,14,high-dim
EEGEyeState,HBOS,global,-0.16666666666666666,0.9830770490069722,0.8305005350328092,14,high-dim
EEGEyeState,HBOS_b100,global,-0.4166666666666667,0.9830770490069722,0.8305005350328092,14,high-dim
EEGEyeState,HBOS_b20,global,-0.3888888888888889,0.9830770490069722,0.8305005350328092,14,high-dim
EEGEyeState,HBOS_b5,global,-0.36111111111111116,0.9830770490069722,0.8305005350328092,14,high-dim
EEGEyeState,HBOS_b50,global,-0.5,0.9830770490069722,0.8305005350328092,14,high-dim
EEGEyeState,IF_n300,other,0.055555555555555525,0.9830770490069722,0.8305005350328092,14,high-dim
EEGEyeState,IF_n50,other,0.05555555555555558,0.9830770490069722,0.8305005350328092,14,high-dim
EEGEyeState,IForest,other,0.02777777777777779,0.9830770490069722,0.8305005350328092,14,high-dim
EEGEyeState,KNN,local,0.11111111111111105,0.9830770490069722,0.8305005350328092,14,high-dim
EEGEyeState,KNN_k10,local,0.11111111111111105,0.9830770490069722,0.8305005350328092,14,high-dim
EEGEyeState,KNN_k100,local,0.11111111111111105,0.9830770490069722,0.8305005350328092,14,high-dim
EEGEyeState,KNN_k200,local,0.3888888888888889,0.9830770490069722,0.8305005350328092,14,high-dim
EEGEyeState,KNN_k3,local,0.05555555555555558,0.9830770490069722,0.8305005350328092,14,high-dim
EEGEyeState,KNN_k35,local,0.11111111111111116,0.9830770490069722,0.8305005350328092,14,high-dim
EEGEyeState,KNN_k50,local,0.11111111111111116,0.9830770490069722,0.8305005350328092,14,high-dim
EEGEyeState,LODA,other,0.25,0.9830770490069722,0.8305005350328092,14,high-dim
EEGEyeState,LODA_b20,other,-0.1388888888888889,0.9830770490069722,0.8305005350328092,14,high-dim
EEGEyeState,LODA_b50,other,-0.16666666666666663,0.9830770490069722,0.8305005350328092,14,high-dim
EEGEyeState,LOF,local,-0.08333333333333326,0.9830770490069722,0.8305005350328092,14,high-dim
EEGEyeState,LOF_k10,local,0.0,0.9830770490069722,0.8305005350328092,14,high-dim
EEGEyeState,LOF_k100,local,-0.33333333333333337,0.9830770490069722,0.8305005350328092,14,high-dim
EEGEyeState,LOF_k200,local,-0.4444444444444444,0.9830770490069722,0.8305005350328092,14,high-dim
EEGEyeState,LOF_k3,local,-0.11111111111111116,0.9830770490069722,0.8305005350328092,14,high-dim
EEGEyeState,LOF_k35,local,-0.08333333333333326,0.9830770490069722,0.8305005350328092,14,high-dim
EEGEyeState,LOF_k50,local,-0.16666666666666674,0.9830770490069722,0.8305005350328092,14,high-dim
EEGEyeState,PCA,global,0.2777777777777778,0.9830770490069722,0.8305005350328092,14,high-dim
EEGEyeState,PCA_c0.3,global,0.2777777777777778,0.9830770490069722,0.8305005350328092,14,high-dim
EEGEyeState,PCA_c0.7,global,0.5555555555555556,0.9830770490069722,0.8305005350328092,14,high-dim
EEGEyeState,PCA_c0.9,global,0.33333333333333337,0.9830770490069722,0.8305005350328092,14,high-dim
EEGEyeState,PCA_c0.99,global,0.33333333333333337,0.9830770490069722,0.8305005350328092,14,high-dim
ElectronicCommerceAnomalies,CBLOF,local,-0.20000000000000007,0.4745631571099996,0.080368443488038,73,high-dim
ElectronicCommerceAnomalies,CBLOF_c16,local,-0.3142857142857143,0.4745631571099996,0.080368443488038,73,high-dim
ElectronicCommerceAnomalies,CBLOF_c32,local,0.05714285714285716,0.4745631571099996,0.080368443488038,73,high-dim
ElectronicCommerceAnomalies,COPOD,global,-0.04285714285714286,0.4745631571099996,0.080368443488038,73,high-dim
ElectronicCommerceAnomalies,ECOD,global,-0.014285714285714284,0.4745631571099996,0.080368443488038,73,high-dim
ElectronicCommerceAnomalies,HBOS,global,0.7714285714285715,0.4745631571099996,0.080368443488038,73,high-dim
ElectronicCommerceAnomalies,HBOS_b100,global,0.5428571428571428,0.4745631571099996,0.080368443488038,73,high-dim
ElectronicCommerceAnomalies,HBOS_b20,global,0.4571428571428572,0.4745631571099996,0.080368443488038,73,high-dim
ElectronicCommerceAnomalies,HBOS_b5,global,0.3714285714285715,0.4745631571099996,0.080368443488038,73,high-dim
ElectronicCommerceAnomalies,HBOS_b50,global,0.4857142857142857,0.4745631571099996,0.080368443488038,73,high-dim
ElectronicCommerceAnomalies,IF_n300,other,0.6857142857142857,0.4745631571099996,0.080368443488038,73,high-dim
ElectronicCommerceAnomalies,IF_n50,other,0.17142857142857143,0.4745631571099996,0.080368443488038,73,high-dim
ElectronicCommerceAnomalies,IForest,other,0.31428571428571433,0.4745631571099996,0.080368443488038,73,high-dim
ElectronicCommerceAnomalies,KNN,local,-0.28571428571428575,0.4745631571099996,0.080368443488038,73,high-dim
ElectronicCommerceAnomalies,KNN_k10,local,-0.3142857142857143,0.4745631571099996,0.080368443488038,73,high-dim
ElectronicCommerceAnomalies,KNN_k100,local,-0.17142857142857137,0.4745631571099996,0.080368443488038,73,high-dim
ElectronicCommerceAnomalies,KNN_k200,local,-0.14285714285714285,0.4745631571099996,0.080368443488038,73,high-dim
ElectronicCommerceAnomalies,KNN_k3,local,-0.22857142857142865,0.4745631571099996,0.080368443488038,73,high-dim
ElectronicCommerceAnomalies,KNN_k35,local,-0.34285714285714286,0.4745631571099996,0.080368443488038,73,high-dim
ElectronicCommerceAnomalies,KNN_k50,local,-0.3142857142857143,0.4745631571099996,0.080368443488038,73,high-dim
ElectronicCommerceAnomalies,LODA,other,-0.3428571428571428,0.4745631571099996,0.080368443488038,73,high-dim
ElectronicCommerceAnomalies,LODA_b20,other,-0.6,0.4745631571099996,0.080368443488038,73,high-dim
ElectronicCommerceAnomalies,LODA_b50,other,-0.4857142857142857,0.4745631571099996,0.080368443488038,73,high-dim
ElectronicCommerceAnomalies,LOF,local,-0.7142857142857143,0.4745631571099996,0.080368443488038,73,high-dim
ElectronicCommerceAnomalies,LOF_k10,local,-0.8285714285714285,0.4745631571099996,0.080368443488038,73,high-dim
ElectronicCommerceAnomalies,LOF_k100,local,0.11428571428571427,0.4745631571099996,0.080368443488038,73,high-dim
ElectronicCommerceAnomalies,LOF_k200,local,0.39999999999999997,0.4745631571099996,0.080368443488038,73,high-dim
ElectronicCommerceAnomalies,LOF_k3,local,-0.8857142857142857,0.4745631571099996,0.080368443488038,73,high-dim
ElectronicCommerceAnomalies,LOF_k35,local,-0.5142857142857142,0.4745631571099996,0.080368443488038,73,high-dim
ElectronicCommerceAnomalies,LOF_k50,local,-0.22857142857142865,0.4745631571099996,0.080368443488038,73,high-dim
ElectronicCommerceAnomalies,PCA,global,0.48571428571428577,0.4745631571099996,0.080368443488038,73,high-dim
ElectronicCommerceAnomalies,PCA_c0.3,global,0.37142857142857144,0.4745631571099996,0.080368443488038,73,high-dim
ElectronicCommerceAnomalies,PCA_c0.7,global,0.6285714285714286,0.4745631571099996,0.080368443488038,73,high-dim
ElectronicCommerceAnomalies,PCA_c0.9,global,0.5428571428571428,0.4745631571099996,0.080368443488038,73,high-dim
ElectronicCommerceAnomalies,PCA_c0.99,global,0.5714285714285714,0.4745631571099996,0.080368443488038,73,high-dim
EmailSpamDetection,CBLOF,local,0.1111111111111111,0.5128480132860944,0.1395428483280519,72,high-dim
EmailSpamDetection,CBLOF_c16,local,0.22222222222222224,0.5128480132860944,0.1395428483280519,72,high-dim
EmailSpamDetection,CBLOF_c32,local,0.19444444444444442,0.5128480132860944,0.1395428483280519,72,high-dim
EmailSpamDetection,CBLOF_c4,local,0.16666666666666666,0.5128480132860944,0.1395428483280519,72,high-dim
EmailSpamDetection,COPOD,global,-0.4305555555555555,0.5128480132860944,0.1395428483280519,72,high-dim
EmailSpamDetection,ECOD,global,-0.4583333333333333,0.5128480132860944,0.1395428483280519,72,high-dim
EmailSpamDetection,HBOS,global,-0.11111111111111105,0.5128480132860944,0.1395428483280519,72,high-dim
EmailSpamDetection,HBOS_b100,global,0.0,0.5128480132860944,0.1395428483280519,72,high-dim
EmailSpamDetection,HBOS_b20,global,-0.02777777777777779,0.5128480132860944,0.1395428483280519,72,high-dim
EmailSpamDetection,HBOS_b5,global,-0.6388888888888888,0.5128480132860944,0.1395428483280519,72,high-dim
EmailSpamDetection,HBOS_b50,global,0.0,0.5128480132860944,0.1395428483280519,72,high-dim
EmailSpamDetection,IF_n300,other,0.13888888888888884,0.5128480132860944,0.1395428483280519,72,high-dim
EmailSpamDetection,IF_n50,other,0.0,0.5128480132860944,0.1395428483280519,72,high-dim
EmailSpamDetection,IForest,other,0.02777777777777779,0.5128480132860944,0.1395428483280519,72,high-dim
EmailSpamDetection,KNN,local,0.47222222222222227,0.5128480132860944,0.1395428483280519,72,high-dim
EmailSpamDetection,KNN_k10,local,0.27777777777777785,0.5128480132860944,0.1395428483280519,72,high-dim
EmailSpamDetection,KNN_k100,local,0.2222222222222222,0.5128480132860944,0.1395428483280519,72,high-dim
EmailSpamDetection,KNN_k200,local,0.1111111111111111,0.5128480132860944,0.1395428483280519,72,high-dim
EmailSpamDetection,KNN_k3,local,0.49999999999999994,0.5128480132860944,0.1395428483280519,72,high-dim
EmailSpamDetection,KNN_k35,local,0.3055555555555556,0.5128480132860944,0.1395428483280519,72,high-dim
EmailSpamDetection,KNN_k50,local,0.3055555555555556,0.5128480132860944,0.1395428483280519,72,high-dim
EmailSpamDetection,LODA,other,0.25,0.5128480132860944,0.1395428483280519,72,high-dim
EmailSpamDetection,LODA_b20,other,0.25,0.5128480132860944,0.1395428483280519,72,high-dim
EmailSpamDetection,LODA_b50,other,0.3888888888888889,0.5128480132860944,0.1395428483280519,72,high-dim
EmailSpamDetection,LOF,local,-0.38888888888888895,0.5128480132860944,0.1395428483280519,72,high-dim
EmailSpamDetection,LOF_k10,local,-0.11111111111111116,0.5128480132860944,0.1395428483280519,72,high-dim
EmailSpamDetection,LOF_k100,local,-0.36111111111111116,0.5128480132860944,0.1395428483280519,72,high-dim
EmailSpamDetection,LOF_k200,local,-0.3333333333333333,0.5128480132860944,0.1395428483280519,72,high-dim
EmailSpamDetection,LOF_k3,local,0.16666666666666669,0.5128480132860944,0.1395428483280519,72,high-dim
EmailSpamDetection,LOF_k35,local,-0.49999999999999994,0.5128480132860944,0.1395428483280519,72,high-dim
EmailSpamDetection,LOF_k50,local,-0.5277777777777778,0.5128480132860944,0.1395428483280519,72,high-dim
EmailSpamDetection,PCA,global,-0.08333333333333337,0.5128480132860944,0.1395428483280519,72,high-dim
EmailSpamDetection,PCA_c0.3,global,-0.13888888888888895,0.5128480132860944,0.1395428483280519,72,high-dim
EmailSpamDetection,PCA_c0.7,global,0.0,0.5128480132860944,0.1395428483280519,72,high-dim
EmailSpamDetection,PCA_c0.9,global,0.02777777777777779,0.5128480132860944,0.1395428483280519,72,high-dim
EmailSpamDetection,PCA_c0.99,global,-0.02777777777777779,0.5128480132860944,0.1395428483280519,72,high-dim
EmployeePerformance,CBLOF,local,-0.05714285714285716,0.309690864381512,0.0788260865754297,4,low-dim
EmployeePerformance,CBLOF_c16,local,-0.02857142857142858,0.309690864381512,0.0788260865754297,4,low-dim
EmployeePerformance,CBLOF_c32,local,0.0,0.309690864381512,0.0788260865754297,4,low-dim
EmployeePerformance,COPOD,global,-0.2857142857142857,0.309690864381512,0.0788260865754297,4,low-dim
EmployeePerformance,ECOD,global,-0.9142857142857143,0.309690864381512,0.0788260865754297,4,low-dim
EmployeePerformance,HBOS,global,0.1142857142857143,0.309690864381512,0.0788260865754297,4,low-dim
EmployeePerformance,HBOS_b100,global,0.5714285714285714,0.309690864381512,0.0788260865754297,4,low-dim
EmployeePerformance,HBOS_b20,global,0.17142857142857143,0.309690864381512,0.0788260865754297,4,low-dim
EmployeePerformance,HBOS_b5,global,0.14285714285714285,0.309690864381512,0.0788260865754297,4,low-dim
EmployeePerformance,HBOS_b50,global,-0.02857142857142858,0.309690864381512,0.0788260865754297,4,low-dim
EmployeePerformance,IF_n300,other,0.4,0.309690864381512,0.0788260865754297,4,low-dim
EmployeePerformance,IF_n50,other,0.4285714285714286,0.309690864381512,0.0788260865754297,4,low-dim
EmployeePerformance,IForest,other,0.31428571428571433,0.309690864381512,0.0788260865754297,4,low-dim
EmployeePerformance,KNN,local,0.17142857142857137,0.309690864381512,0.0788260865754297,4,low-dim
EmployeePerformance,KNN_k10,local,0.22857142857142854,0.309690864381512,0.0788260865754297,4,low-dim
EmployeePerformance,KNN_k100,local,0.2857142857142857,0.309690864381512,0.0788260865754297,4,low-dim
EmployeePerformance,KNN_k200,local,0.2571428571428571,0.309690864381512,0.0788260865754297,4,low-dim
EmployeePerformance,KNN_k3,local,0.02857142857142858,0.309690864381512,0.0788260865754297,4,low-dim
EmployeePerformance,KNN_k35,local,0.4,0.309690864381512,0.0788260865754297,4,low-dim
EmployeePerformance,KNN_k50,local,0.2857142857142857,0.309690864381512,0.0788260865754297,4,low-dim
EmployeePerformance,LODA,other,0.2571428571428571,0.309690864381512,0.0788260865754297,4,low-dim
EmployeePerformance,LODA_b20,other,0.0,0.309690864381512,0.0788260865754297,4,low-dim
EmployeePerformance,LODA_b50,other,0.4571428571428571,0.309690864381512,0.0788260865754297,4,low-dim
EmployeePerformance,LOF,local,-0.22857142857142854,0.309690864381512,0.0788260865754297,4,low-dim
EmployeePerformance,LOF_k10,local,-0.6571428571428571,0.309690864381512,0.0788260865754297,4,low-dim
EmployeePerformance,LOF_k100,local,-0.08571428571428574,0.309690864381512,0.0788260865754297,4,low-dim
EmployeePerformance,LOF_k200,local,-0.1428571428571428,0.309690864381512,0.0788260865754297,4,low-dim
EmployeePerformance,LOF_k3,local,-0.7142857142857143,0.309690864381512,0.0788260865754297,4,low-dim
EmployeePerformance,LOF_k35,local,-0.02857142857142858,0.309690864381512,0.0788260865754297,4,low-dim
EmployeePerformance,LOF_k50,local,-0.02857142857142847,0.309690864381512,0.0788260865754297,4,low-dim
EmployeePerformance,PCA,global,-0.3142857142857142,0.309690864381512,0.0788260865754297,4,low-dim
EmployeePerformance,PCA_c0.3,global,-0.6857142857142857,0.309690864381512,0.0788260865754297,4,low-dim
EmployeePerformance,PCA_c0.7,global,-0.3142857142857142,0.309690864381512,0.0788260865754297,4,low-dim
EmployeePerformance,PCA_c0.9,global,-0.02857142857142858,0.309690864381512,0.0788260865754297,4,low-dim
EmployeePerformance,PCA_c0.99,global,0.02857142857142858,0.309690864381512,0.0788260865754297,4,low-dim
EnvironmentalConcernSurvey,CBLOF,local,0.25,0.467054850672205,0.6945326016618069,5,low-dim
EnvironmentalConcernSurvey,CBLOF_c16,local,0.2222222222222222,0.467054850672205,0.6945326016618069,5,low-dim
EnvironmentalConcernSurvey,CBLOF_c32,local,0.75,0.467054850672205,0.6945326016618069,5,low-dim
EnvironmentalConcernSurvey,CBLOF_c4,local,-0.2222222222222222,0.467054850672205,0.6945326016618069,5,low-dim
EnvironmentalConcernSurvey,COPOD,global,-0.6666666666666667,0.467054850672205,0.6945326016618069,5,low-dim
EnvironmentalConcernSurvey,ECOD,global,-0.5555555555555556,0.467054850672205,0.6945326016618069,5,low-dim
EnvironmentalConcernSurvey,HBOS,global,-0.2777777777777778,0.467054850672205,0.6945326016618069,5,low-dim
EnvironmentalConcernSurvey,HBOS_b100,global,0.13888888888888884,0.467054850672205,0.6945326016618069,5,low-dim
EnvironmentalConcernSurvey,HBOS_b20,global,-0.19444444444444442,0.467054850672205,0.6945326016618069,5,low-dim
EnvironmentalConcernSurvey,HBOS_b5,global,-0.4444444444444444,0.467054850672205,0.6945326016618069,5,low-dim
EnvironmentalConcernSurvey,HBOS_b50,global,0.02777777777777779,0.467054850672205,0.6945326016618069,5,low-dim
EnvironmentalConcernSurvey,IF_n300,other,-0.05555555555555547,0.467054850672205,0.6945326016618069,5,low-dim
EnvironmentalConcernSurvey,IF_n50,other,0.02777777777777768,0.467054850672205,0.6945326016618069,5,low-dim
EnvironmentalConcernSurvey,IForest,other,-0.05555555555555547,0.467054850672205,0.6945326016618069,5,low-dim
EnvironmentalConcernSurvey,KNN,local,0.6388888888888888,0.467054850672205,0.6945326016618069,5,low-dim
EnvironmentalConcernSurvey,KNN_k10,local,0.47222222222222215,0.467054850672205,0.6945326016618069,5,low-dim
EnvironmentalConcernSurvey,KNN_k100,local,-0.125,0.467054850672205,0.6945326016618069,5,low-dim
EnvironmentalConcernSurvey,KNN_k200,local,0.0,0.467054850672205,0.6945326016618069,5,low-dim
EnvironmentalConcernSurvey,KNN_k3,local,0.6388888888888888,0.467054850672205,0.6945326016618069,5,low-dim
EnvironmentalConcernSurvey,KNN_k35,local,0.3055555555555556,0.467054850672205,0.6945326016618069,5,low-dim
EnvironmentalConcernSurvey,KNN_k50,local,0.0,0.467054850672205,0.6945326016618069,5,low-dim
EnvironmentalConcernSurvey,LODA,other,-0.13888888888888895,0.467054850672205,0.6945326016618069,5,low-dim
EnvironmentalConcernSurvey,LODA_b20,other,0.16666666666666669,0.467054850672205,0.6945326016618069,5,low-dim
EnvironmentalConcernSurvey,LODA_b50,other,0.1388888888888889,0.467054850672205,0.6945326016618069,5,low-dim
EnvironmentalConcernSurvey,LOF,local,0.19444444444444442,0.467054850672205,0.6945326016618069,5,low-dim
EnvironmentalConcernSurvey,LOF_k10,local,0.3055555555555556,0.467054850672205,0.6945326016618069,5,low-dim
EnvironmentalConcernSurvey,LOF_k100,local,0.1388888888888889,0.467054850672205,0.6945326016618069,5,low-dim
EnvironmentalConcernSurvey,LOF_k200,local,-0.06944444444444445,0.467054850672205,0.6945326016618069,5,low-dim
EnvironmentalConcernSurvey,LOF_k3,local,0.47222222222222227,0.467054850672205,0.6945326016618069,5,low-dim
EnvironmentalConcernSurvey,LOF_k35,local,0.02777777777777779,0.467054850672205,0.6945326016618069,5,low-dim
EnvironmentalConcernSurvey,LOF_k50,local,0.33333333333333337,0.467054850672205,0.6945326016618069,5,low-dim
EnvironmentalConcernSurvey,PCA,global,-0.47222222222222227,0.467054850672205,0.6945326016618069,5,low-dim
EnvironmentalConcernSurvey,PCA_c0.3,global,-0.5555555555555556,0.467054850672205,0.6945326016618069,5,low-dim
EnvironmentalConcernSurvey,PCA_c0.7,global,-0.47222222222222227,0.467054850672205,0.6945326016618069,5,low-dim
EnvironmentalConcernSurvey,PCA_c0.9,global,-0.4444444444444444,0.467054850672205,0.6945326016618069,5,low-dim
EnvironmentalConcernSurvey,PCA_c0.99,global,-0.5,0.467054850672205,0.6945326016618069,5,low-dim
FakeNewsPropagation,CBLOF,local,0.1388888888888889,0.7502240169929167,0.5787155600714754,11,low-dim
FakeNewsPropagation,CBLOF_c16,local,0.22222222222222224,0.7502240169929167,0.5787155600714754,11,low-dim
FakeNewsPropagation,CBLOF_c32,local,0.05555555555555558,0.7502240169929167,0.5787155600714754,11,low-dim
FakeNewsPropagation,CBLOF_c4,local,0.027777777777777776,0.7502240169929167,0.5787155600714754,11,low-dim
FakeNewsPropagation,COPOD,global,-0.09722222222222224,0.7502240169929167,0.5787155600714754,11,low-dim
FakeNewsPropagation,ECOD,global,-0.5694444444444445,0.7502240169929167,0.5787155600714754,11,low-dim
FakeNewsPropagation,HBOS,global,-0.7222222222222222,0.7502240169929167,0.5787155600714754,11,low-dim
FakeNewsPropagation,HBOS_b100,global,-0.6111111111111112,0.7502240169929167,0.5787155600714754,11,low-dim
FakeNewsPropagation,HBOS_b20,global,-0.6666666666666666,0.7502240169929167,0.5787155600714754,11,low-dim
FakeNewsPropagation,HBOS_b5,global,-0.6111111111111112,0.7502240169929167,0.5787155600714754,11,low-dim
FakeNewsPropagation,HBOS_b50,global,-0.638888888888889,0.7502240169929167,0.5787155600714754,11,low-dim
FakeNewsPropagation,IF_n300,other,0.05555555555555558,0.7502240169929167,0.5787155600714754,11,low-dim
FakeNewsPropagation,IF_n50,other,-0.05555555555555558,0.7502240169929167,0.5787155600714754,11,low-dim
FakeNewsPropagation,IForest,other,0.05555555555555558,0.7502240169929167,0.5787155600714754,11,low-dim
FakeNewsPropagation,KNN,local,-0.11111111111111116,0.7502240169929167,0.5787155600714754,11,low-dim
FakeNewsPropagation,KNN_k10,local,-0.02777777777777779,0.7502240169929167,0.5787155600714754,11,low-dim
FakeNewsPropagation,KNN_k100,local,0.13888888888888884,0.7502240169929167,0.5787155600714754,11,low-dim
FakeNewsPropagation,KNN_k200,local,0.0,0.7502240169929167,0.5787155600714754,11,low-dim
FakeNewsPropagation,KNN_k3,local,-0.16666666666666663,0.7502240169929167,0.5787155600714754,11,low-dim
FakeNewsPropagation,KNN_k35,local,0.19444444444444448,0.7502240169929167,0.5787155600714754,11,low-dim
FakeNewsPropagation,KNN_k50,local,0.16666666666666669,0.7502240169929167,0.5787155600714754,11,low-dim
FakeNewsPropagation,LODA,other,0.5,0.7502240169929167,0.5787155600714754,11,low-dim
FakeNewsPropagation,LODA_b20,other,0.7222222222222222,0.7502240169929167,0.5787155600714754,11,low-dim
FakeNewsPropagation,LODA_b50,other,0.5555555555555556,0.7502240169929167,0.5787155600714754,11,low-dim
FakeNewsPropagation,LOF,local,-0.05555555555555558,0.7502240169929167,0.5787155600714754,11,low-dim
FakeNewsPropagation,LOF_k10,local,-0.27777777777777773,0.7502240169929167,0.5787155600714754,11,low-dim
FakeNewsPropagation,LOF_k100,local,0.2222222222222222,0.7502240169929167,0.5787155600714754,11,low-dim
FakeNewsPropagation,LOF_k200,local,0.08333333333333331,0.7502240169929167,0.5787155600714754,11,low-dim
FakeNewsPropagation,LOF_k3,local,-0.6388888888888888,0.7502240169929167,0.5787155600714754,11,low-dim
FakeNewsPropagation,LOF_k35,local,0.05555555555555547,0.7502240169929167,0.5787155600714754,11,low-dim
FakeNewsPropagation,LOF_k50,local,0.02777777777777779,0.7502240169929167,0.5787155600714754,11,low-dim
FakeNewsPropagation,PCA,global,0.6111111111111112,0.7502240169929167,0.5787155600714754,11,low-dim
FakeNewsPropagation,PCA_c0.3,global,0.16666666666666674,0.7502240169929167,0.5787155600714754,11,low-dim
FakeNewsPropagation,PCA_c0.7,global,0.4722222222222222,0.7502240169929167,0.5787155600714754,11,low-dim
FakeNewsPropagation,PCA_c0.9,global,0.38888888888888895,0.7502240169929167,0.5787155600714754,11,low-dim
FakeNewsPropagation,PCA_c0.99,global,0.38888888888888884,0.7502240169929167,0.5787155600714754,11,low-dim
FinancialTransaction4,CBLOF,local,0.19444444444444442,0.3695664583896973,0.5989546724333873,7,low-dim
FinancialTransaction4,CBLOF_c16,local,0.19444444444444453,0.3695664583896973,0.5989546724333873,7,low-dim
FinancialTransaction4,CBLOF_c32,local,0.33333333333333326,0.3695664583896973,0.5989546724333873,7,low-dim
FinancialTransaction4,CBLOF_c4,local,-0.05555555555555558,0.3695664583896973,0.5989546724333873,7,low-dim
FinancialTransaction4,COPOD,global,-0.47222222222222227,0.3695664583896973,0.5989546724333873,7,low-dim
FinancialTransaction4,ECOD,global,-0.6388888888888888,0.3695664583896973,0.5989546724333873,7,low-dim
FinancialTransaction4,HBOS,global,0.1111111111111111,0.3695664583896973,0.5989546724333873,7,low-dim
FinancialTransaction4,HBOS_b100,global,0.3055555555555555,0.3695664583896973,0.5989546724333873,7,low-dim
FinancialTransaction4,HBOS_b20,global,0.16666666666666669,0.3695664583896973,0.5989546724333873,7,low-dim
FinancialTransaction4,HBOS_b5,global,0.05555555555555555,0.3695664583896973,0.5989546724333873,7,low-dim
FinancialTransaction4,HBOS_b50,global,0.22222222222222224,0.3695664583896973,0.5989546724333873,7,low-dim
FinancialTransaction4,IF_n300,other,0.47222222222222215,0.3695664583896973,0.5989546724333873,7,low-dim
FinancialTransaction4,IF_n50,other,0.4444444444444445,0.3695664583896973,0.5989546724333873,7,low-dim
FinancialTransaction4,IForest,other,0.41666666666666674,0.3695664583896973,0.5989546724333873,7,low-dim
FinancialTransaction4,KNN,local,0.13888888888888884,0.3695664583896973,0.5989546724333873,7,low-dim
FinancialTransaction4,KNN_k10,local,0.16666666666666663,0.3695664583896973,0.5989546724333873,7,low-dim
FinancialTransaction4,KNN_k100,local,0.41666666666666663,0.3695664583896973,0.5989546724333873,7,low-dim
FinancialTransaction4,KNN_k200,local,0.2777777777777778,0.3695664583896973,0.5989546724333873,7,low-dim
FinancialTransaction4,KNN_k3,local,0.08333333333333337,0.3695664583896973,0.5989546724333873,7,low-dim
FinancialTransaction4,KNN_k35,local,0.05555555555555558,0.3695664583896973,0.5989546724333873,7,low-dim
FinancialTransaction4,KNN_k50,local,0.05555555555555558,0.3695664583896973,0.5989546724333873,7,low-dim
FinancialTransaction4,LODA,other,0.36111111111111116,0.3695664583896973,0.5989546724333873,7,low-dim
FinancialTransaction4,LODA_b20,other,0.19444444444444445,0.3695664583896973,0.5989546724333873,7,low-dim
FinancialTransaction4,LODA_b50,other,-0.2222222222222222,0.3695664583896973,0.5989546724333873,7,low-dim
FinancialTransaction4,LOF,local,-0.9166666666666666,0.3695664583896973,0.5989546724333873,7,low-dim
FinancialTransaction4,LOF_k10,local,-0.8055555555555556,0.3695664583896973,0.5989546724333873,7,low-dim
FinancialTransaction4,LOF_k100,local,-0.5277777777777777,0.3695664583896973,0.5989546724333873,7,low-dim
FinancialTransaction4,LOF_k200,local,-0.19444444444444448,0.3695664583896973,0.5989546724333873,7,low-dim
FinancialTransaction4,LOF_k3,local,-0.6944444444444444,0.3695664583896973,0.5989546724333873,7,low-dim
FinancialTransaction4,LOF_k35,local,-0.8055555555555556,0.3695664583896973,0.5989546724333873,7,low-dim
FinancialTransaction4,LOF_k50,local,-0.6666666666666667,0.3695664583896973,0.5989546724333873,7,low-dim
FinancialTransaction4,PCA,global,0.22222222222222227,0.3695664583896973,0.5989546724333873,7,low-dim
FinancialTransaction4,PCA_c0.3,global,0.33333333333333337,0.3695664583896973,0.5989546724333873,7,low-dim
FinancialTransaction4,PCA_c0.7,global,0.16666666666666663,0.3695664583896973,0.5989546724333873,7,low-dim
FinancialTransaction4,PCA_c0.9,global,0.27777777777777773,0.3695664583896973,0.5989546724333873,7,low-dim
FinancialTransaction4,PCA_c0.99,global,0.33333333333333337,0.3695664583896973,0.5989546724333873,7,low-dim
FishingAnomalies,CBLOF,local,0.11428571428571432,0.5148097172092128,0.8862223527845887,3,low-dim
FishingAnomalies,CBLOF_c16,local,-0.08571428571428574,0.5148097172092128,0.8862223527845887,3,low-dim
FishingAnomalies,CBLOF_c32,local,-0.05714285714285716,0.5148097172092128,0.8862223527845887,3,low-dim
FishingAnomalies,COPOD,global,-0.14285714285714288,0.5148097172092128,0.8862223527845887,3,low-dim
FishingAnomalies,ECOD,global,-0.08571428571428572,0.5148097172092128,0.8862223527845887,3,low-dim
FishingAnomalies,HBOS,global,0.02857142857142858,0.5148097172092128,0.8862223527845887,3,low-dim
FishingAnomalies,HBOS_b100,global,0.5142857142857142,0.5148097172092128,0.8862223527845887,3,low-dim
FishingAnomalies,HBOS_b20,global,0.08571428571428569,0.5148097172092128,0.8862223527845887,3,low-dim
FishingAnomalies,HBOS_b5,global,-0.11428571428571427,0.5148097172092128,0.8862223527845887,3,low-dim
FishingAnomalies,HBOS_b50,global,0.3428571428571429,0.5148097172092128,0.8862223527845887,3,low-dim
FishingAnomalies,IF_n300,other,0.34285714285714286,0.5148097172092128,0.8862223527845887,3,low-dim
FishingAnomalies,IF_n50,other,0.22857142857142854,0.5148097172092128,0.8862223527845887,3,low-dim
FishingAnomalies,IForest,other,0.2857142857142857,0.5148097172092128,0.8862223527845887,3,low-dim
FishingAnomalies,KNN,local,0.05714285714285716,0.5148097172092128,0.8862223527845887,3,low-dim
FishingAnomalies,KNN_k10,local,0.05714285714285716,0.5148097172092128,0.8862223527845887,3,low-dim
FishingAnomalies,KNN_k100,local,0.05714285714285716,0.5148097172092128,0.8862223527845887,3,low-dim
FishingAnomalies,KNN_k200,local,-0.05714285714285716,0.5148097172092128,0.8862223527845887,3,low-dim
FishingAnomalies,KNN_k3,local,0.02857142857142858,0.5148097172092128,0.8862223527845887,3,low-dim
FishingAnomalies,KNN_k35,local,-0.08571428571428574,0.5148097172092128,0.8862223527845887,3,low-dim
FishingAnomalies,KNN_k50,local,0.02857142857142858,0.5148097172092128,0.8862223527845887,3,low-dim
FishingAnomalies,LODA,other,-0.057142857142857106,0.5148097172092128,0.8862223527845887,3,low-dim
FishingAnomalies,LODA_b20,other,-0.45714285714285713,0.5148097172092128,0.8862223527845887,3,low-dim
FishingAnomalies,LODA_b50,other,-0.14285714285714285,0.5148097172092128,0.8862223527845887,3,low-dim
FishingAnomalies,LOF,local,-0.11428571428571427,0.5148097172092128,0.8862223527845887,3,low-dim
FishingAnomalies,LOF_k10,local,0.0,0.5148097172092128,0.8862223527845887,3,low-dim
FishingAnomalies,LOF_k100,local,-0.2571428571428571,0.5148097172092128,0.8862223527845887,3,low-dim
FishingAnomalies,LOF_k200,local,0.08571428571428574,0.5148097172092128,0.8862223527845887,3,low-dim
FishingAnomalies,LOF_k3,local,-0.057142857142857106,0.5148097172092128,0.8862223527845887,3,low-dim
FishingAnomalies,LOF_k35,local,-0.4571428571428572,0.5148097172092128,0.8862223527845887,3,low-dim
FishingAnomalies,LOF_k50,local,-0.48571428571428577,0.5148097172092128,0.8862223527845887,3,low-dim
FishingAnomalies,PCA,global,0.11428571428571427,0.5148097172092128,0.8862223527845887,3,low-dim
FishingAnomalies,PCA_c0.3,global,0.11428571428571427,0.5148097172092128,0.8862223527845887,3,low-dim
FishingAnomalies,PCA_c0.7,global,0.05714285714285714,0.5148097172092128,0.8862223527845887,3,low-dim
FishingAnomalies,PCA_c0.9,global,0.05714285714285714,0.5148097172092128,0.8862223527845887,3,low-dim
FishingAnomalies,PCA_c0.99,global,0.05714285714285714,0.5148097172092128,0.8862223527845887,3,low-dim
FootballEfficiency,CBLOF,local,0.14285714285714285,0.1343450767263304,0.1762818266207161,6,low-dim
FootballEfficiency,CBLOF_c16,local,-0.6000000000000001,0.1343450767263304,0.1762818266207161,6,low-dim
FootballEfficiency,CBLOF_c32,local,-0.3428571428571428,0.1343450767263304,0.1762818266207161,6,low-dim
FootballEfficiency,COPOD,global,-0.028571428571428574,0.1343450767263304,0.1762818266207161,6,low-dim
FootballEfficiency,ECOD,global,-0.2571428571428571,0.1343450767263304,0.1762818266207161,6,low-dim
FootballEfficiency,HBOS,global,0.6285714285714286,0.1343450767263304,0.1762818266207161,6,low-dim
FootballEfficiency,HBOS_b100,global,0.4,0.1343450767263304,0.1762818266207161,6,low-dim
FootballEfficiency,HBOS_b20,global,0.6,0.1343450767263304,0.1762818266207161,6,low-dim
FootballEfficiency,HBOS_b5,global,0.6,0.1343450767263304,0.1762818266207161,6,low-dim
FootballEfficiency,HBOS_b50,global,0.34285714285714286,0.1343450767263304,0.1762818266207161,6,low-dim
FootballEfficiency,IF_n300,other,0.37142857142857144,0.1343450767263304,0.1762818266207161,6,low-dim
FootballEfficiency,IF_n50,other,0.7428571428571429,0.1343450767263304,0.1762818266207161,6,low-dim
FootballEfficiency,IForest,other,0.7142857142857143,0.1343450767263304,0.1762818266207161,6,low-dim
FootballEfficiency,KNN,local,-0.4571428571428572,0.1343450767263304,0.1762818266207161,6,low-dim
FootballEfficiency,KNN_k10,local,-0.20000000000000007,0.1343450767263304,0.1762818266207161,6,low-dim
FootballEfficiency,KNN_k100,local,-0.1142857142857143,0.1343450767263304,0.1762818266207161,6,low-dim
FootballEfficiency,KNN_k200,local,0.0,0.1343450767263304,0.1762818266207161,6,low-dim
FootballEfficiency,KNN_k3,local,-0.22857142857142865,0.1343450767263304,0.1762818266207161,6,low-dim
FootballEfficiency,KNN_k35,local,-0.22857142857142854,0.1343450767263304,0.1762818266207161,6,low-dim
FootballEfficiency,KNN_k50,local,-0.08571428571428569,0.1343450767263304,0.1762818266207161,6,low-dim
FootballEfficiency,LODA,other,0.0,0.1343450767263304,0.1762818266207161,6,low-dim
FootballEfficiency,LODA_b20,other,-0.05714285714285716,0.1343450767263304,0.1762818266207161,6,low-dim
FootballEfficiency,LODA_b50,other,0.4285714285714286,0.1343450767263304,0.1762818266207161,6,low-dim
FootballEfficiency,LOF,local,-0.6857142857142857,0.1343450767263304,0.1762818266207161,6,low-dim
FootballEfficiency,LOF_k10,local,-0.7714285714285714,0.1343450767263304,0.1762818266207161,6,low-dim
FootballEfficiency,LOF_k100,local,-0.42857142857142855,0.1343450767263304,0.1762818266207161,6,low-dim
FootballEfficiency,LOF_k200,local,-0.39999999999999997,0.1343450767263304,0.1762818266207161,6,low-dim
FootballEfficiency,LOF_k3,local,-0.4571428571428571,0.1343450767263304,0.1762818266207161,6,low-dim
FootballEfficiency,LOF_k35,local,-0.6,0.1343450767263304,0.1762818266207161,6,low-dim
FootballEfficiency,LOF_k50,local,-0.5428571428571429,0.1343450767263304,0.1762818266207161,6,low-dim
FootballEfficiency,PCA,global,0.19999999999999996,0.1343450767263304,0.1762818266207161,6,low-dim
FootballEfficiency,PCA_c0.3,global,0.08571428571428563,0.1343450767263304,0.1762818266207161,6,low-dim
FootballEfficiency,PCA_c0.7,global,0.5428571428571428,0.1343450767263304,0.1762818266207161,6,low-dim
FootballEfficiency,PCA_c0.9,global,0.34285714285714286,0.1343450767263304,0.1762818266207161,6,low-dim
FootballEfficiency,PCA_c0.99,global,0.34285714285714286,0.1343450767263304,0.1762818266207161,6,low-dim
FraudEventLog,CBLOF,local,0.08333333333333331,0.4199835016105845,0.2580874403541423,3,low-dim
FraudEventLog,CBLOF_c16,local,0.3888888888888889,0.4199835016105845,0.2580874403541423,3,low-dim
FraudEventLog,CBLOF_c32,local,0.3055555555555556,0.4199835016105845,0.2580874403541423,3,low-dim
FraudEventLog,CBLOF_c4,local,0.05555555555555555,0.4199835016105845,0.2580874403541423,3,low-dim
FraudEventLog,COPOD,global,-0.5,0.4199835016105845,0.2580874403541423,3,low-dim
FraudEventLog,ECOD,global,-0.9722222222222222,0.4199835016105845,0.2580874403541423,3,low-dim
FraudEventLog,HBOS,global,0.16666666666666669,0.4199835016105845,0.2580874403541423,3,low-dim
FraudEventLog,HBOS_b100,global,-0.611111111111111,0.4199835016105845,0.2580874403541423,3,low-dim
FraudEventLog,HBOS_b20,global,-0.4444444444444445,0.4199835016105845,0.2580874403541423,3,low-dim
FraudEventLog,HBOS_b5,global,0.16666666666666666,0.4199835016105845,0.2580874403541423,3,low-dim
FraudEventLog,HBOS_b50,global,-0.8055555555555556,0.4199835016105845,0.2580874403541423,3,low-dim
FraudEventLog,IF_n300,other,0.02777777777777779,0.4199835016105845,0.2580874403541423,3,low-dim
FraudEventLog,IF_n50,other,0.0,0.4199835016105845,0.2580874403541423,3,low-dim
FraudEventLog,IForest,other,-0.13888888888888884,0.4199835016105845,0.2580874403541423,3,low-dim
FraudEventLog,KNN,local,0.4444444444444444,0.4199835016105845,0.2580874403541423,3,low-dim
FraudEventLog,KNN_k10,local,0.6944444444444444,0.4199835016105845,0.2580874403541423,3,low-dim
FraudEventLog,KNN_k100,local,0.2777777777777778,0.4199835016105845,0.2580874403541423,3,low-dim
FraudEventLog,KNN_k200,local,0.19444444444444448,0.4199835016105845,0.2580874403541423,3,low-dim
FraudEventLog,KNN_k3,local,0.13888888888888884,0.4199835016105845,0.2580874403541423,3,low-dim
FraudEventLog,KNN_k35,local,0.4444444444444444,0.4199835016105845,0.2580874403541423,3,low-dim
FraudEventLog,KNN_k50,local,0.5277777777777778,0.4199835016105845,0.2580874403541423,3,low-dim
FraudEventLog,LODA,other,-0.2222222222222222,0.4199835016105845,0.2580874403541423,3,low-dim
FraudEventLog,LODA_b20,other,0.2222222222222222,0.4199835016105845,0.2580874403541423,3,low-dim
FraudEventLog,LODA_b50,other,0.05555555555555547,0.4199835016105845,0.2580874403541423,3,low-dim
FraudEventLog,LOF,local,-0.1388888888888889,0.4199835016105845,0.2580874403541423,3,low-dim
FraudEventLog,LOF_k10,local,-0.3888888888888889,0.4199835016105845,0.2580874403541423,3,low-dim
FraudEventLog,LOF_k100,local,0.02777777777777779,0.4199835016105845,0.2580874403541423,3,low-dim
FraudEventLog,LOF_k200,local,0.0,0.4199835016105845,0.2580874403541423,3,low-dim
FraudEventLog,LOF_k3,local,-0.8333333333333333,0.4199835016105845,0.2580874403541423,3,low-dim
FraudEventLog,LOF_k35,local,-0.36111111111111116,0.4199835016105845,0.2580874403541423,3,low-dim
FraudEventLog,LOF_k50,local,-0.02777777777777779,0.4199835016105845,0.2580874403541423,3,low-dim
FraudEventLog,PCA,global,0.0,0.4199835016105845,0.2580874403541423,3,low-dim
FraudEventLog,PCA_c0.3,global,-0.02777777777777768,0.4199835016105845,0.2580874403541423,3,low-dim
FraudEventLog,PCA_c0.7,global,0.4166666666666667,0.4199835016105845,0.2580874403541423,3,low-dim
FraudEventLog,PCA_c0.9,global,0.4166666666666667,0.4199835016105845,0.2580874403541423,3,low-dim
FraudEventLog,PCA_c0.99,global,0.4166666666666667,0.4199835016105845,0.2580874403541423,3,low-dim
GPUPowerProfile,CBLOF,local,-0.08333333333333337,0.6406736219444475,0.7195114131001062,7,low-dim
GPUPowerProfile,CBLOF_c16,local,0.08333333333333326,0.6406736219444475,0.7195114131001062,7,low-dim
GPUPowerProfile,CBLOF_c32,local,0.13888888888888895,0.6406736219444475,0.7195114131001062,7,low-dim
GPUPowerProfile,CBLOF_c4,local,-0.2777777777777778,0.6406736219444475,0.7195114131001062,7,low-dim
GPUPowerProfile,COPOD,global,0.16666666666666669,0.6406736219444475,0.7195114131001062,7,low-dim
GPUPowerProfile,ECOD,global,0.02777777777777779,0.6406736219444475,0.7195114131001062,7,low-dim
GPUPowerProfile,HBOS,global,0.3055555555555556,0.6406736219444475,0.7195114131001062,7,low-dim
GPUPowerProfile,HBOS_b100,global,0.05555555555555558,0.6406736219444475,0.7195114131001062,7,low-dim
GPUPowerProfile,HBOS_b20,global,0.5833333333333334,0.6406736219444475,0.7195114131001062,7,low-dim
GPUPowerProfile,HBOS_b5,global,0.1388888888888889,0.6406736219444475,0.7195114131001062,7,low-dim
GPUPowerProfile,HBOS_b50,global,0.6944444444444444,0.6406736219444475,0.7195114131001062,7,low-dim
GPUPowerProfile,IF_n300,other,0.11111111111111105,0.6406736219444475,0.7195114131001062,7,low-dim
GPUPowerProfile,IF_n50,other,-0.02777777777777768,0.6406736219444475,0.7195114131001062,7,low-dim
GPUPowerProfile,IForest,other,0.02777777777777779,0.6406736219444475,0.7195114131001062,7,low-dim
GPUPowerProfile,KNN,local,0.08333333333333326,0.6406736219444475,0.7195114131001062,7,low-dim
GPUPowerProfile,KNN_k10,local,0.08333333333333337,0.6406736219444475,0.7195114131001062,7,low-dim
GPUPowerProfile,KNN_k100,local,-0.19444444444444448,0.6406736219444475,0.7195114131001062,7,low-dim
GPUPowerProfile,KNN_k200,local,-0.1388888888888889,0.6406736219444475,0.7195114131001062,7,low-dim
GPUPowerProfile,KNN_k3,local,0.13888888888888884,0.6406736219444475,0.7195114131001062,7,low-dim
GPUPowerProfile,KNN_k35,local,-0.02777777777777779,0.6406736219444475,0.7195114131001062,7,low-dim
GPUPowerProfile,KNN_k50,local,-0.2222222222222222,0.6406736219444475,0.7195114131001062,7,low-dim
GPUPowerProfile,LODA,other,0.2777777777777778,0.6406736219444475,0.7195114131001062,7,low-dim
GPUPowerProfile,LODA_b20,other,0.2222222222222222,0.6406736219444475,0.7195114131001062,7,low-dim
GPUPowerProfile,LODA_b50,other,0.02777777777777779,0.6406736219444475,0.7195114131001062,7,low-dim
GPUPowerProfile,LOF,local,-0.2777777777777778,0.6406736219444475,0.7195114131001062,7,low-dim
GPUPowerProfile,LOF_k10,local,-0.41666666666666663,0.6406736219444475,0.7195114131001062,7,low-dim
GPUPowerProfile,LOF_k100,local,-0.19444444444444448,0.6406736219444475,0.7195114131001062,7,low-dim
GPUPowerProfile,LOF_k200,local,0.25,0.6406736219444475,0.7195114131001062,7,low-dim
GPUPowerProfile,LOF_k3,local,-0.4444444444444444,0.6406736219444475,0.7195114131001062,7,low-dim
GPUPowerProfile,LOF_k35,local,-0.25,0.6406736219444475,0.7195114131001062,7,low-dim
GPUPowerProfile,LOF_k50,local,0.0,0.6406736219444475,0.7195114131001062,7,low-dim
GPUPowerProfile,PCA,global,-0.25,0.6406736219444475,0.7195114131001062,7,low-dim
GPUPowerProfile,PCA_c0.3,global,-0.25,0.6406736219444475,0.7195114131001062,7,low-dim
GPUPowerProfile,PCA_c0.7,global,-0.25,0.6406736219444475,0.7195114131001062,7,low-dim
GPUPowerProfile,PCA_c0.9,global,-0.02777777777777779,0.6406736219444475,0.7195114131001062,7,low-dim
GPUPowerProfile,PCA_c0.99,global,-0.08333333333333334,0.6406736219444475,0.7195114131001062,7,low-dim
GPUResourceUsage,CBLOF,local,0.2222222222222222,0.8483937919398132,1.7646197146731566,4,low-dim
GPUResourceUsage,CBLOF_c16,local,0.3888888888888889,0.8483937919398132,1.7646197146731566,4,low-dim
GPUResourceUsage,CBLOF_c32,local,0.4166666666666667,0.8483937919398132,1.7646197146731566,4,low-dim
GPUResourceUsage,CBLOF_c4,local,0.0,0.8483937919398132,1.7646197146731566,4,low-dim
GPUResourceUsage,COPOD,global,-0.8055555555555556,0.8483937919398132,1.7646197146731566,4,low-dim
GPUResourceUsage,ECOD,global,-0.8888888888888888,0.8483937919398132,1.7646197146731566,4,low-dim
GPUResourceUsage,HBOS,global,-0.08333333333333326,0.8483937919398132,1.7646197146731566,4,low-dim
GPUResourceUsage,HBOS_b100,global,0.11111111111111105,0.8483937919398132,1.7646197146731566,4,low-dim
GPUResourceUsage,HBOS_b20,global,0.11111111111111116,0.8483937919398132,1.7646197146731566,4,low-dim
GPUResourceUsage,HBOS_b5,global,-0.3333333333333333,0.8483937919398132,1.7646197146731566,4,low-dim
GPUResourceUsage,HBOS_b50,global,0.4444444444444445,0.8483937919398132,1.7646197146731566,4,low-dim
GPUResourceUsage,IF_n300,other,0.38888888888888884,0.8483937919398132,1.7646197146731566,4,low-dim
GPUResourceUsage,IF_n50,other,0.41666666666666663,0.8483937919398132,1.7646197146731566,4,low-dim
GPUResourceUsage,IForest,other,0.2777777777777778,0.8483937919398132,1.7646197146731566,4,low-dim
GPUResourceUsage,KNN,local,0.5277777777777778,0.8483937919398132,1.7646197146731566,4,low-dim
GPUResourceUsage,KNN_k10,local,0.5555555555555556,0.8483937919398132,1.7646197146731566,4,low-dim
GPUResourceUsage,KNN_k100,local,0.38888888888888884,0.8483937919398132,1.7646197146731566,4,low-dim
GPUResourceUsage,KNN_k200,local,0.3611111111111111,0.8483937919398132,1.7646197146731566,4,low-dim
GPUResourceUsage,KNN_k3,local,0.5277777777777777,0.8483937919398132,1.7646197146731566,4,low-dim
GPUResourceUsage,KNN_k35,local,0.41666666666666663,0.8483937919398132,1.7646197146731566,4,low-dim
GPUResourceUsage,KNN_k50,local,0.41666666666666674,0.8483937919398132,1.7646197146731566,4,low-dim
GPUResourceUsage,LODA,other,-0.13888888888888884,0.8483937919398132,1.7646197146731566,4,low-dim
GPUResourceUsage,LODA_b20,other,0.08333333333333337,0.8483937919398132,1.7646197146731566,4,low-dim
GPUResourceUsage,LODA_b50,other,0.08333333333333331,0.8483937919398132,1.7646197146731566,4,low-dim
GPUResourceUsage,LOF,local,-0.8055555555555555,0.8483937919398132,1.7646197146731566,4,low-dim
GPUResourceUsage,LOF_k10,local,-0.6111111111111112,0.8483937919398132,1.7646197146731566,4,low-dim
GPUResourceUsage,LOF_k100,local,-0.6944444444444444,0.8483937919398132,1.7646197146731566,4,low-dim
GPUResourceUsage,LOF_k200,local,-0.5833333333333334,0.8483937919398132,1.7646197146731566,4,low-dim
GPUResourceUsage,LOF_k3,local,-0.5833333333333334,0.8483937919398132,1.7646197146731566,4,low-dim
GPUResourceUsage,LOF_k35,local,-0.8611111111111112,0.8483937919398132,1.7646197146731566,4,low-dim
GPUResourceUsage,LOF_k50,local,-0.8611111111111112,0.8483937919398132,1.7646197146731566,4,low-dim
GPUResourceUsage,PCA,global,0.19444444444444442,0.8483937919398132,1.7646197146731566,4,low-dim
GPUResourceUsage,PCA_c0.3,global,0.41666666666666674,0.8483937919398132,1.7646197146731566,4,low-dim
GPUResourceUsage,PCA_c0.7,global,0.19444444444444442,0.8483937919398132,1.7646197146731566,4,low-dim
GPUResourceUsage,PCA_c0.9,global,0.16666666666666663,0.8483937919398132,1.7646197146731566,4,low-dim
GPUResourceUsage,PCA_c0.99,global,0.13888888888888884,0.8483937919398132,1.7646197146731566,4,low-dim
GamingBehavior,CBLOF,local,-0.4166666666666667,0.5394051777834892,0.2356984889803441,23,high-dim
GamingBehavior,CBLOF_c16,local,-0.27777777777777773,0.5394051777834892,0.2356984889803441,23,high-dim
GamingBehavior,CBLOF_c32,local,-0.3055555555555555,0.5394051777834892,0.2356984889803441,23,high-dim
GamingBehavior,CBLOF_c4,local,-0.22222222222222224,0.5394051777834892,0.2356984889803441,23,high-dim
GamingBehavior,COPOD,global,-0.125,0.5394051777834892,0.2356984889803441,23,high-dim
GamingBehavior,ECOD,global,-0.1527777777777778,0.5394051777834892,0.2356984889803441,23,high-dim
GamingBehavior,HBOS,global,0.47222222222222227,0.5394051777834892,0.2356984889803441,23,high-dim
GamingBehavior,HBOS_b100,global,0.8888888888888888,0.5394051777834892,0.2356984889803441,23,high-dim
GamingBehavior,HBOS_b20,global,0.6388888888888888,0.5394051777834892,0.2356984889803441,23,high-dim
GamingBehavior,HBOS_b5,global,0.3888888888888889,0.5394051777834892,0.2356984889803441,23,high-dim
GamingBehavior,HBOS_b50,global,0.6944444444444444,0.5394051777834892,0.2356984889803441,23,high-dim
GamingBehavior,IF_n300,other,0.5,0.5394051777834892,0.2356984889803441,23,high-dim
GamingBehavior,IF_n50,other,0.41666666666666663,0.5394051777834892,0.2356984889803441,23,high-dim
GamingBehavior,IForest,other,0.5277777777777778,0.5394051777834892,0.2356984889803441,23,high-dim
GamingBehavior,KNN,local,-0.2777777777777777,0.5394051777834892,0.2356984889803441,23,high-dim
GamingBehavior,KNN_k10,local,-0.36111111111111105,0.5394051777834892,0.2356984889803441,23,high-dim
GamingBehavior,KNN_k100,local,-0.3333333333333333,0.5394051777834892,0.2356984889803441,23,high-dim
GamingBehavior,KNN_k200,local,-0.22222222222222224,0.5394051777834892,0.2356984889803441,23,high-dim
GamingBehavior,KNN_k3,local,-0.22222222222222232,0.5394051777834892,0.2356984889803441,23,high-dim
GamingBehavior,KNN_k35,local,-0.36111111111111116,0.5394051777834892,0.2356984889803441,23,high-dim
GamingBehavior,KNN_k50,local,-0.36111111111111116,0.5394051777834892,0.2356984889803441,23,high-dim
GamingBehavior,LODA,other,0.0,0.5394051777834892,0.2356984889803441,23,high-dim
GamingBehavior,LODA_b20,other,0.02777777777777779,0.5394051777834892,0.2356984889803441,23,high-dim
GamingBehavior,LODA_b50,other,0.11111111111111105,0.5394051777834892,0.2356984889803441,23,high-dim
GamingBehavior,LOF,local,-0.4722222222222222,0.5394051777834892,0.2356984889803441,23,high-dim
GamingBehavior,LOF_k10,local,-0.4166666666666667,0.5394051777834892,0.2356984889803441,23,high-dim
GamingBehavior,LOF_k100,local,-0.6944444444444444,0.5394051777834892,0.2356984889803441,23,high-dim
GamingBehavior,LOF_k200,local,-0.47222222222222227,0.5394051777834892,0.2356984889803441,23,high-dim
GamingBehavior,LOF_k3,local,-0.1388888888888889,0.5394051777834892,0.2356984889803441,23,high-dim
GamingBehavior,LOF_k35,local,-0.6944444444444444,0.5394051777834892,0.2356984889803441,23,high-dim
GamingBehavior,LOF_k50,local,-0.7777777777777778,0.5394051777834892,0.2356984889803441,23,high-dim
GamingBehavior,PCA,global,0.5555555555555556,0.5394051777834892,0.2356984889803441,23,high-dim
GamingBehavior,PCA_c0.3,global,0.4166666666666667,0.5394051777834892,0.2356984889803441,23,high-dim
GamingBehavior,PCA_c0.7,global,0.47222222222222227,0.5394051777834892,0.2356984889803441,23,high-dim
GamingBehavior,PCA_c0.9,global,0.5555555555555556,0.5394051777834892,0.2356984889803441,23,high-dim
GamingBehavior,PCA_c0.99,global,0.6388888888888888,0.5394051777834892,0.2356984889803441,23,high-dim
GeneticAnalysis,CBLOF,local,-0.22222222222222227,0.4916146008111777,0.7320317477441277,5,low-dim
GeneticAnalysis,CBLOF_c16,local,-0.08333333333333331,0.4916146008111777,0.7320317477441277,5,low-dim
GeneticAnalysis,CBLOF_c32,local,0.05555555555555558,0.4916146008111777,0.7320317477441277,5,low-dim
GeneticAnalysis,CBLOF_c4,local,-0.1388888888888889,0.4916146008111777,0.7320317477441277,5,low-dim
GeneticAnalysis,COPOD,global,-0.513888888888889,0.4916146008111777,0.7320317477441277,5,low-dim
GeneticAnalysis,ECOD,global,-0.8472222222222222,0.4916146008111777,0.7320317477441277,5,low-dim
GeneticAnalysis,HBOS,global,-0.6388888888888888,0.4916146008111777,0.7320317477441277,5,low-dim
GeneticAnalysis,HBOS_b100,global,-0.7777777777777778,0.4916146008111777,0.7320317477441277,5,low-dim
GeneticAnalysis,HBOS_b20,global,-0.6944444444444444,0.4916146008111777,0.7320317477441277,5,low-dim
GeneticAnalysis,HBOS_b5,global,-0.25,0.4916146008111777,0.7320317477441277,5,low-dim
GeneticAnalysis,HBOS_b50,global,-0.7777777777777778,0.4916146008111777,0.7320317477441277,5,low-dim
GeneticAnalysis,IF_n300,other,0.36111111111111105,0.4916146008111777,0.7320317477441277,5,low-dim
GeneticAnalysis,IF_n50,other,0.38888888888888895,0.4916146008111777,0.7320317477441277,5,low-dim
GeneticAnalysis,IForest,other,0.36111111111111116,0.4916146008111777,0.7320317477441277,5,low-dim
GeneticAnalysis,KNN,local,0.5833333333333333,0.4916146008111777,0.7320317477441277,5,low-dim
GeneticAnalysis,KNN_k10,local,0.6666666666666666,0.4916146008111777,0.7320317477441277,5,low-dim
GeneticAnalysis,KNN_k100,local,0.3055555555555556,0.4916146008111777,0.7320317477441277,5,low-dim
GeneticAnalysis,KNN_k200,local,0.08333333333333333,0.4916146008111777,0.7320317477441277,5,low-dim
GeneticAnalysis,KNN_k3,local,0.5833333333333333,0.4916146008111777,0.7320317477441277,5,low-dim
GeneticAnalysis,KNN_k35,local,0.49999999999999994,0.4916146008111777,0.7320317477441277,5,low-dim
GeneticAnalysis,KNN_k50,local,0.41666666666666674,0.4916146008111777,0.7320317477441277,5,low-dim
GeneticAnalysis,LODA,other,0.11111111111111113,0.4916146008111777,0.7320317477441277,5,low-dim
GeneticAnalysis,LODA_b20,other,0.3055555555555556,0.4916146008111777,0.7320317477441277,5,low-dim
GeneticAnalysis,LODA_b50,other,0.5277777777777778,0.4916146008111777,0.7320317477441277,5,low-dim
GeneticAnalysis,LOF,local,-0.2222222222222222,0.4916146008111777,0.7320317477441277,5,low-dim
GeneticAnalysis,LOF_k10,local,0.11111111111111116,0.4916146008111777,0.7320317477441277,5,low-dim
GeneticAnalysis,LOF_k100,local,-0.27777777777777785,0.4916146008111777,0.7320317477441277,5,low-dim
GeneticAnalysis,LOF_k200,local,0.08333333333333331,0.4916146008111777,0.7320317477441277,5,low-dim
GeneticAnalysis,LOF_k3,local,0.2777777777777778,0.4916146008111777,0.7320317477441277,5,low-dim
GeneticAnalysis,LOF_k35,local,-0.2222222222222222,0.4916146008111777,0.7320317477441277,5,low-dim
GeneticAnalysis,LOF_k50,local,-0.16666666666666663,0.4916146008111777,0.7320317477441277,5,low-dim
GeneticAnalysis,PCA,global,-0.02777777777777779,0.4916146008111777,0.7320317477441277,5,low-dim
GeneticAnalysis,PCA_c0.3,global,-0.19444444444444453,0.4916146008111777,0.7320317477441277,5,low-dim
GeneticAnalysis,PCA_c0.7,global,-0.02777777777777779,0.4916146008111777,0.7320317477441277,5,low-dim
GeneticAnalysis,PCA_c0.9,global,0.2222222222222222,0.4916146008111777,0.7320317477441277,5,low-dim
GeneticAnalysis,PCA_c0.99,global,0.13888888888888884,0.4916146008111777,0.7320317477441277,5,low-dim
GesturePhaseSegmentationProcessed,CBLOF,local,0.1111111111111111,0.8848674050864659,0.242998030188257,32,high-dim
GesturePhaseSegmentationProcessed,CBLOF_c16,local,0.08333333333333337,0.8848674050864659,0.242998030188257,32,high-dim
GesturePhaseSegmentationProcessed,CBLOF_c32,local,0.16666666666666669,0.8848674050864659,0.242998030188257,32,high-dim
GesturePhaseSegmentationProcessed,CBLOF_c4,local,-0.1388888888888889,0.8848674050864659,0.242998030188257,32,high-dim
GesturePhaseSegmentationProcessed,COPOD,global,-0.20833333333333334,0.8848674050864659,0.242998030188257,32,high-dim
GesturePhaseSegmentationProcessed,ECOD,global,-0.513888888888889,0.8848674050864659,0.242998030188257,32,high-dim
GesturePhaseSegmentationProcessed,HBOS,global,0.5277777777777777,0.8848674050864659,0.242998030188257,32,high-dim
GesturePhaseSegmentationProcessed,HBOS_b100,global,0.8055555555555555,0.8848674050864659,0.242998030188257,32,high-dim
GesturePhaseSegmentationProcessed,HBOS_b20,global,0.8055555555555556,0.8848674050864659,0.242998030188257,32,high-dim
GesturePhaseSegmentationProcessed,HBOS_b5,global,0.11111111111111116,0.8848674050864659,0.242998030188257,32,high-dim
GesturePhaseSegmentationProcessed,HBOS_b50,global,0.8333333333333333,0.8848674050864659,0.242998030188257,32,high-dim
GesturePhaseSegmentationProcessed,IF_n300,other,0.6388888888888888,0.8848674050864659,0.242998030188257,32,high-dim
GesturePhaseSegmentationProcessed,IF_n50,other,0.11111111111111116,0.8848674050864659,0.242998030188257,32,high-dim
GesturePhaseSegmentationProcessed,IForest,other,0.36111111111111116,0.8848674050864659,0.242998030188257,32,high-dim
GesturePhaseSegmentationProcessed,KNN,local,0.4444444444444445,0.8848674050864659,0.242998030188257,32,high-dim
GesturePhaseSegmentationProcessed,KNN_k10,local,0.36111111111111116,0.8848674050864659,0.242998030188257,32,high-dim
GesturePhaseSegmentationProcessed,KNN_k100,local,0.36111111111111116,0.8848674050864659,0.242998030188257,32,high-dim
GesturePhaseSegmentationProcessed,KNN_k200,local,0.3055555555555555,0.8848674050864659,0.242998030188257,32,high-dim
GesturePhaseSegmentationProcessed,KNN_k3,local,0.33333333333333337,0.8848674050864659,0.242998030188257,32,high-dim
GesturePhaseSegmentationProcessed,KNN_k35,local,0.38888888888888895,0.8848674050864659,0.242998030188257,32,high-dim
GesturePhaseSegmentationProcessed,KNN_k50,local,0.3611111111111111,0.8848674050864659,0.242998030188257,32,high-dim
GesturePhaseSegmentationProcessed,LODA,other,-0.6111111111111112,0.8848674050864659,0.242998030188257,32,high-dim
GesturePhaseSegmentationProcessed,LODA_b20,other,-0.4444444444444445,0.8848674050864659,0.242998030188257,32,high-dim
GesturePhaseSegmentationProcessed,LODA_b50,other,-0.13888888888888895,0.8848674050864659,0.242998030188257,32,high-dim
GesturePhaseSegmentationProcessed,LOF,local,-0.8055555555555556,0.8848674050864659,0.242998030188257,32,high-dim
GesturePhaseSegmentationProcessed,LOF_k10,local,-0.8888888888888888,0.8848674050864659,0.242998030188257,32,high-dim
GesturePhaseSegmentationProcessed,LOF_k100,local,-0.6111111111111112,0.8848674050864659,0.242998030188257,32,high-dim
GesturePhaseSegmentationProcessed,LOF_k200,local,-0.4722222222222222,0.8848674050864659,0.242998030188257,32,high-dim
GesturePhaseSegmentationProcessed,LOF_k3,local,-0.8888888888888888,0.8848674050864659,0.242998030188257,32,high-dim
GesturePhaseSegmentationProcessed,LOF_k35,local,-0.7222222222222222,0.8848674050864659,0.242998030188257,32,high-dim
GesturePhaseSegmentationProcessed,LOF_k50,local,-0.7222222222222222,0.8848674050864659,0.242998030188257,32,high-dim
GesturePhaseSegmentationProcessed,PCA,global,0.0,0.8848674050864659,0.242998030188257,32,high-dim
GesturePhaseSegmentationProcessed,PCA_c0.3,global,0.0,0.8848674050864659,0.242998030188257,32,high-dim
GesturePhaseSegmentationProcessed,PCA_c0.7,global,-0.05555555555555558,0.8848674050864659,0.242998030188257,32,high-dim
GesturePhaseSegmentationProcessed,PCA_c0.9,global,0.02777777777777779,0.8848674050864659,0.242998030188257,32,high-dim
GesturePhaseSegmentationProcessed,PCA_c0.99,global,0.08333333333333326,0.8848674050864659,0.242998030188257,32,high-dim
GlobalTerrorismAttack,CBLOF,local,-0.13888888888888884,0.8590029852823827,0.3851310831954795,5,low-dim
GlobalTerrorismAttack,CBLOF_c16,local,-0.11111111111111116,0.8590029852823827,0.3851310831954795,5,low-dim
GlobalTerrorismAttack,CBLOF_c32,local,0.19444444444444442,0.8590029852823827,0.3851310831954795,5,low-dim
GlobalTerrorismAttack,CBLOF_c4,local,-0.16666666666666663,0.8590029852823827,0.3851310831954795,5,low-dim
GlobalTerrorismAttack,COPOD,global,-0.08333333333333334,0.8590029852823827,0.3851310831954795,5,low-dim
GlobalTerrorismAttack,ECOD,global,-0.7222222222222222,0.8590029852823827,0.3851310831954795,5,low-dim
GlobalTerrorismAttack,HBOS,global,-0.8055555555555556,0.8590029852823827,0.3851310831954795,5,low-dim
GlobalTerrorismAttack,HBOS_b100,global,0.8055555555555556,0.8590029852823827,0.3851310831954795,5,low-dim
GlobalTerrorismAttack,HBOS_b20,global,-0.5833333333333334,0.8590029852823827,0.3851310831954795,5,low-dim
GlobalTerrorismAttack,HBOS_b5,global,-0.8888888888888888,0.8590029852823827,0.3851310831954795,5,low-dim
GlobalTerrorismAttack,HBOS_b50,global,0.25,0.8590029852823827,0.3851310831954795,5,low-dim
GlobalTerrorismAttack,IF_n300,other,0.2777777777777778,0.8590029852823827,0.3851310831954795,5,low-dim
GlobalTerrorismAttack,IF_n50,other,0.36111111111111116,0.8590029852823827,0.3851310831954795,5,low-dim
GlobalTerrorismAttack,IForest,other,0.3055555555555556,0.8590029852823827,0.3851310831954795,5,low-dim
GlobalTerrorismAttack,KNN,local,0.861111111111111,0.8590029852823827,0.3851310831954795,5,low-dim
GlobalTerrorismAttack,KNN_k10,local,0.7777777777777777,0.8590029852823827,0.3851310831954795,5,low-dim
GlobalTerrorismAttack,KNN_k100,local,0.3055555555555555,0.8590029852823827,0.3851310831954795,5,low-dim
GlobalTerrorismAttack,KNN_k200,local,0.08333333333333326,0.8590029852823827,0.3851310831954795,5,low-dim
GlobalTerrorismAttack,KNN_k3,local,0.861111111111111,0.8590029852823827,0.3851310831954795,5,low-dim
GlobalTerrorismAttack,KNN_k35,local,0.5555555555555556,0.8590029852823827,0.3851310831954795,5,low-dim
GlobalTerrorismAttack,KNN_k50,local,0.4444444444444444,0.8590029852823827,0.3851310831954795,5,low-dim
GlobalTerrorismAttack,LODA,other,-0.4722222222222222,0.8590029852823827,0.3851310831954795,5,low-dim
GlobalTerrorismAttack,LODA_b20,other,0.4444444444444444,0.8590029852823827,0.3851310831954795,5,low-dim
GlobalTerrorismAttack,LODA_b50,other,0.36111111111111116,0.8590029852823827,0.3851310831954795,5,low-dim
GlobalTerrorismAttack,LOF,local,-0.1388888888888889,0.8590029852823827,0.3851310831954795,5,low-dim
GlobalTerrorismAttack,LOF_k10,local,-0.3055555555555556,0.8590029852823827,0.3851310831954795,5,low-dim
GlobalTerrorismAttack,LOF_k100,local,0.3055555555555556,0.8590029852823827,0.3851310831954795,5,low-dim
GlobalTerrorismAttack,LOF_k200,local,0.3055555555555555,0.8590029852823827,0.3851310831954795,5,low-dim
GlobalTerrorismAttack,LOF_k3,local,-0.5555555555555556,0.8590029852823827,0.3851310831954795,5,low-dim
GlobalTerrorismAttack,LOF_k35,local,-0.055555555555555525,0.8590029852823827,0.3851310831954795,5,low-dim
GlobalTerrorismAttack,LOF_k50,local,0.1388888888888889,0.8590029852823827,0.3851310831954795,5,low-dim
GlobalTerrorismAttack,PCA,global,-0.5555555555555556,0.8590029852823827,0.3851310831954795,5,low-dim
GlobalTerrorismAttack,PCA_c0.3,global,-0.6944444444444444,0.8590029852823827,0.3851310831954795,5,low-dim
GlobalTerrorismAttack,PCA_c0.7,global,-0.4444444444444445,0.8590029852823827,0.3851310831954795,5,low-dim
GlobalTerrorismAttack,PCA_c0.9,global,-0.49999999999999994,0.8590029852823827,0.3851310831954795,5,low-dim
GlobalTerrorismAttack,PCA_c0.99,global,-0.41666666666666674,0.8590029852823827,0.3851310831954795,5,low-dim
GroceryErrorDept,CBLOF,local,0.4722222222222222,0.9440817856119644,1.1058179160209065,3,low-dim
GroceryErrorDept,CBLOF_c16,local,0.47222222222222227,0.9440817856119644,1.1058179160209065,3,low-dim
GroceryErrorDept,CBLOF_c32,local,0.4444444444444444,0.9440817856119644,1.1058179160209065,3,low-dim
GroceryErrorDept,CBLOF_c4,local,0.4166666666666667,0.9440817856119644,1.1058179160209065,3,low-dim
GroceryErrorDept,COPOD,global,-0.4861111111111111,0.9440817856119644,1.1058179160209065,3,low-dim
GroceryErrorDept,ECOD,global,-0.4583333333333333,0.9440817856119644,1.1058179160209065,3,low-dim
GroceryErrorDept,HBOS,global,-0.02777777777777779,0.9440817856119644,1.1058179160209065,3,low-dim
GroceryErrorDept,HBOS_b100,global,-0.8333333333333334,0.9440817856119644,1.1058179160209065,3,low-dim
GroceryErrorDept,HBOS_b20,global,-0.2222222222222222,0.9440817856119644,1.1058179160209065,3,low-dim
GroceryErrorDept,HBOS_b5,global,0.16666666666666669,0.9440817856119644,1.1058179160209065,3,low-dim
GroceryErrorDept,HBOS_b50,global,-0.8055555555555556,0.9440817856119644,1.1058179160209065,3,low-dim
GroceryErrorDept,IF_n300,other,-0.05555555555555547,0.9440817856119644,1.1058179160209065,3,low-dim
GroceryErrorDept,IF_n50,other,-0.11111111111111105,0.9440817856119644,1.1058179160209065,3,low-dim
GroceryErrorDept,IForest,other,-0.05555555555555558,0.9440817856119644,1.1058179160209065,3,low-dim
GroceryErrorDept,KNN,local,0.11111111111111105,0.9440817856119644,1.1058179160209065,3,low-dim
GroceryErrorDept,KNN_k10,local,0.25,0.9440817856119644,1.1058179160209065,3,low-dim
GroceryErrorDept,KNN_k100,local,0.3888888888888889,0.9440817856119644,1.1058179160209065,3,low-dim
GroceryErrorDept,KNN_k200,local,0.4444444444444444,0.9440817856119644,1.1058179160209065,3,low-dim
GroceryErrorDept,KNN_k3,local,0.25,0.9440817856119644,1.1058179160209065,3,low-dim
GroceryErrorDept,KNN_k35,local,0.30555555555555547,0.9440817856119644,1.1058179160209065,3,low-dim
GroceryErrorDept,KNN_k50,local,0.33333333333333326,0.9440817856119644,1.1058179160209065,3,low-dim
GroceryErrorDept,LODA,other,0.16666666666666666,0.9440817856119644,1.1058179160209065,3,low-dim
GroceryErrorDept,LODA_b20,other,0.25,0.9440817856119644,1.1058179160209065,3,low-dim
GroceryErrorDept,LODA_b50,other,0.44444444444444453,0.9440817856119644,1.1058179160209065,3,low-dim
GroceryErrorDept,LOF,local,-0.5277777777777778,0.9440817856119644,1.1058179160209065,3,low-dim
GroceryErrorDept,LOF_k10,local,-0.5555555555555555,0.9440817856119644,1.1058179160209065,3,low-dim
GroceryErrorDept,LOF_k100,local,-0.19444444444444442,0.9440817856119644,1.1058179160209065,3,low-dim
GroceryErrorDept,LOF_k200,local,0.0,0.9440817856119644,1.1058179160209065,3,low-dim
GroceryErrorDept,LOF_k3,local,0.027777777777777776,0.9440817856119644,1.1058179160209065,3,low-dim
GroceryErrorDept,LOF_k35,local,-0.25,0.9440817856119644,1.1058179160209065,3,low-dim
GroceryErrorDept,LOF_k50,local,-0.3055555555555556,0.9440817856119644,1.1058179160209065,3,low-dim
GroceryErrorDept,PCA,global,-0.1388888888888889,0.9440817856119644,1.1058179160209065,3,low-dim
GroceryErrorDept,PCA_c0.3,global,-0.1388888888888889,0.9440817856119644,1.1058179160209065,3,low-dim
GroceryErrorDept,PCA_c0.7,global,0.1388888888888889,0.9440817856119644,1.1058179160209065,3,low-dim
GroceryErrorDept,PCA_c0.9,global,0.1388888888888889,0.9440817856119644,1.1058179160209065,3,low-dim
GroceryErrorDept,PCA_c0.99,global,-0.05555555555555558,0.9440817856119644,1.1058179160209065,3,low-dim
HeadingDetection,CBLOF,local,-0.8,0.4756344327404063,0.1806156419070432,7,low-dim
HeadingDetection,CBLOF_c16,local,-0.5714285714285715,0.4756344327404063,0.1806156419070432,7,low-dim
HeadingDetection,CBLOF_c32,local,-0.3714285714285714,0.4756344327404063,0.1806156419070432,7,low-dim
HeadingDetection,COPOD,global,0.014285714285714287,0.4756344327404063,0.1806156419070432,7,low-dim
HeadingDetection,ECOD,global,-0.5285714285714286,0.4756344327404063,0.1806156419070432,7,low-dim
HeadingDetection,HBOS,global,0.14285714285714285,0.4756344327404063,0.1806156419070432,7,low-dim
HeadingDetection,HBOS_b100,global,0.9428571428571428,0.4756344327404063,0.1806156419070432,7,low-dim
HeadingDetection,HBOS_b20,global,0.05714285714285716,0.4756344327404063,0.1806156419070432,7,low-dim
HeadingDetection,HBOS_b5,global,-0.20000000000000007,0.4756344327404063,0.1806156419070432,7,low-dim
HeadingDetection,HBOS_b50,global,0.8571428571428571,0.4756344327404063,0.1806156419070432,7,low-dim
HeadingDetection,IF_n300,other,0.6285714285714286,0.4756344327404063,0.1806156419070432,7,low-dim
HeadingDetection,IF_n50,other,0.48571428571428565,0.4756344327404063,0.1806156419070432,7,low-dim
HeadingDetection,IForest,other,0.6857142857142857,0.4756344327404063,0.1806156419070432,7,low-dim
HeadingDetection,KNN,local,0.3142857142857142,0.4756344327404063,0.1806156419070432,7,low-dim
HeadingDetection,KNN_k10,local,0.17142857142857143,0.4756344327404063,0.1806156419070432,7,low-dim
HeadingDetection,KNN_k100,local,-0.7142857142857142,0.4756344327404063,0.1806156419070432,7,low-dim
HeadingDetection,KNN_k200,local,-0.8857142857142857,0.4756344327404063,0.1806156419070432,7,low-dim
HeadingDetection,KNN_k3,local,0.3714285714285714,0.4756344327404063,0.1806156419070432,7,low-dim
HeadingDetection,KNN_k35,local,-0.3142857142857143,0.4756344327404063,0.1806156419070432,7,low-dim
HeadingDetection,KNN_k50,local,-0.37142857142857144,0.4756344327404063,0.1806156419070432,7,low-dim
HeadingDetection,LODA,other,0.4,0.4756344327404063,0.1806156419070432,7,low-dim
HeadingDetection,LODA_b20,other,0.5428571428571429,0.4756344327404063,0.1806156419070432,7,low-dim
HeadingDetection,LODA_b50,other,0.6,0.4756344327404063,0.1806156419070432,7,low-dim
HeadingDetection,LOF,local,0.057142857142857106,0.4756344327404063,0.1806156419070432,7,low-dim
HeadingDetection,LOF_k10,local,0.17142857142857143,0.4756344327404063,0.1806156419070432,7,low-dim
HeadingDetection,LOF_k100,local,-0.5142857142857143,0.4756344327404063,0.1806156419070432,7,low-dim
HeadingDetection,LOF_k200,local,-0.8285714285714285,0.4756344327404063,0.1806156419070432,7,low-dim
HeadingDetection,LOF_k3,local,-0.3142857142857143,0.4756344327404063,0.1806156419070432,7,low-dim
HeadingDetection,LOF_k35,local,-0.028571428571428525,0.4756344327404063,0.1806156419070432,7,low-dim
HeadingDetection,LOF_k50,local,-0.14285714285714285,0.4756344327404063,0.1806156419070432,7,low-dim
HeadingDetection,PCA,global,-0.08571428571428563,0.4756344327404063,0.1806156419070432,7,low-dim
HeadingDetection,PCA_c0.3,global,-0.08571428571428563,0.4756344327404063,0.1806156419070432,7,low-dim
HeadingDetection,PCA_c0.7,global,0.02857142857142858,0.4756344327404063,0.1806156419070432,7,low-dim
HeadingDetection,PCA_c0.9,global,0.02857142857142858,0.4756344327404063,0.1806156419070432,7,low-dim
HeadingDetection,PCA_c0.99,global,0.2571428571428571,0.4756344327404063,0.1806156419070432,7,low-dim
HeatVulnerability,CBLOF,local,0.19444444444444448,0.3074855715094557,0.2258553843594103,6,low-dim
HeatVulnerability,CBLOF_c16,local,0.25,0.3074855715094557,0.2258553843594103,6,low-dim
HeatVulnerability,CBLOF_c32,local,0.11111111111111116,0.3074855715094557,0.2258553843594103,6,low-dim
HeatVulnerability,CBLOF_c4,local,0.6388888888888888,0.3074855715094557,0.2258553843594103,6,low-dim
HeatVulnerability,COPOD,global,-0.7222222222222222,0.3074855715094557,0.2258553843594103,6,low-dim
HeatVulnerability,ECOD,global,-0.3888888888888889,0.3074855715094557,0.2258553843594103,6,low-dim
HeatVulnerability,HBOS,global,-0.36111111111111105,0.3074855715094557,0.2258553843594103,6,low-dim
HeatVulnerability,HBOS_b100,global,-0.611111111111111,0.3074855715094557,0.2258553843594103,6,low-dim
HeatVulnerability,HBOS_b20,global,-0.25,0.3074855715094557,0.2258553843594103,6,low-dim
HeatVulnerability,HBOS_b5,global,-0.19444444444444442,0.3074855715094557,0.2258553843594103,6,low-dim
HeatVulnerability,HBOS_b50,global,-0.4444444444444444,0.3074855715094557,0.2258553843594103,6,low-dim
HeatVulnerability,IF_n300,other,0.02777777777777768,0.3074855715094557,0.2258553843594103,6,low-dim
HeatVulnerability,IF_n50,other,-0.33333333333333337,0.3074855715094557,0.2258553843594103,6,low-dim
HeatVulnerability,IForest,other,-0.2222222222222222,0.3074855715094557,0.2258553843594103,6,low-dim
HeatVulnerability,KNN,local,0.4444444444444444,0.3074855715094557,0.2258553843594103,6,low-dim
HeatVulnerability,KNN_k10,local,0.6111111111111112,0.3074855715094557,0.2258553843594103,6,low-dim
HeatVulnerability,KNN_k100,local,0.08333333333333334,0.3074855715094557,0.2258553843594103,6,low-dim
HeatVulnerability,KNN_k200,local,-0.3055555555555555,0.3074855715094557,0.2258553843594103,6,low-dim
HeatVulnerability,KNN_k3,local,0.38888888888888884,0.3074855715094557,0.2258553843594103,6,low-dim
HeatVulnerability,KNN_k35,local,0.33333333333333337,0.3074855715094557,0.2258553843594103,6,low-dim
HeatVulnerability,KNN_k50,local,0.16666666666666669,0.3074855715094557,0.2258553843594103,6,low-dim
HeatVulnerability,LODA,other,-0.05555555555555555,0.3074855715094557,0.2258553843594103,6,low-dim
HeatVulnerability,LODA_b20,other,-0.13888888888888892,0.3074855715094557,0.2258553843594103,6,low-dim
HeatVulnerability,LODA_b50,other,-0.1388888888888889,0.3074855715094557,0.2258553843594103,6,low-dim
HeatVulnerability,LOF,local,0.5277777777777778,0.3074855715094557,0.2258553843594103,6,low-dim
HeatVulnerability,LOF_k10,local,0.2777777777777778,0.3074855715094557,0.2258553843594103,6,low-dim
HeatVulnerability,LOF_k100,local,0.1388888888888889,0.3074855715094557,0.2258553843594103,6,low-dim
HeatVulnerability,LOF_k200,local,-0.3055555555555556,0.3074855715094557,0.2258553843594103,6,low-dim
HeatVulnerability,LOF_k3,local,0.30555555555555547,0.3074855715094557,0.2258553843594103,6,low-dim
HeatVulnerability,LOF_k35,local,0.5277777777777778,0.3074855715094557,0.2258553843594103,6,low-dim
HeatVulnerability,LOF_k50,local,0.49999999999999994,0.3074855715094557,0.2258553843594103,6,low-dim
HeatVulnerability,PCA,global,-0.25,0.3074855715094557,0.2258553843594103,6,low-dim
HeatVulnerability,PCA_c0.3,global,-0.3055555555555555,0.3074855715094557,0.2258553843594103,6,low-dim
HeatVulnerability,PCA_c0.7,global,-0.08333333333333331,0.3074855715094557,0.2258553843594103,6,low-dim
HeatVulnerability,PCA_c0.9,global,-0.1388888888888889,0.3074855715094557,0.2258553843594103,6,low-dim
HeatVulnerability,PCA_c0.99,global,-0.27777777777777773,0.3074855715094557,0.2258553843594103,6,low-dim
HomicideCircumstance,CBLOF,local,-0.057142857142857106,0.3581321769940462,1.06618651625963,7,low-dim
HomicideCircumstance,CBLOF_c16,local,-0.2571428571428571,0.3581321769940462,1.06618651625963,7,low-dim
HomicideCircumstance,CBLOF_c32,local,-0.14285714285714285,0.3581321769940462,1.06618651625963,7,low-dim
HomicideCircumstance,COPOD,global,-0.8,0.3581321769940462,1.06618651625963,7,low-dim
HomicideCircumstance,ECOD,global,-0.15714285714285717,0.3581321769940462,1.06618651625963,7,low-dim
HomicideCircumstance,HBOS,global,0.37142857142857144,0.3581321769940462,1.06618651625963,7,low-dim
HomicideCircumstance,HBOS_b100,global,0.48571428571428577,0.3581321769940462,1.06618651625963,7,low-dim
HomicideCircumstance,HBOS_b20,global,0.2857142857142857,0.3581321769940462,1.06618651625963,7,low-dim
HomicideCircumstance,HBOS_b5,global,0.4,0.3581321769940462,1.06618651625963,7,low-dim
HomicideCircumstance,HBOS_b50,global,0.1428571428571428,0.3581321769940462,1.06618651625963,7,low-dim
HomicideCircumstance,IF_n300,other,-0.5142857142857143,0.3581321769940462,1.06618651625963,7,low-dim
HomicideCircumstance,IF_n50,other,-0.6,0.3581321769940462,1.06618651625963,7,low-dim
HomicideCircumstance,IForest,other,-0.2857142857142857,0.3581321769940462,1.06618651625963,7,low-dim
HomicideCircumstance,KNN,local,-0.02857142857142858,0.3581321769940462,1.06618651625963,7,low-dim
HomicideCircumstance,KNN_k10,local,-0.17142857142857149,0.3581321769940462,1.06618651625963,7,low-dim
HomicideCircumstance,KNN_k100,local,-0.7142857142857143,0.3581321769940462,1.06618651625963,7,low-dim
HomicideCircumstance,KNN_k200,local,-0.9142857142857143,0.3581321769940462,1.06618651625963,7,low-dim
HomicideCircumstance,KNN_k3,local,0.17142857142857143,0.3581321769940462,1.06618651625963,7,low-dim
HomicideCircumstance,KNN_k35,local,-0.4571428571428571,0.3581321769940462,1.06618651625963,7,low-dim
HomicideCircumstance,KNN_k50,local,-0.6285714285714286,0.3581321769940462,1.06618651625963,7,low-dim
HomicideCircumstance,LODA,other,0.11428571428571432,0.3581321769940462,1.06618651625963,7,low-dim
HomicideCircumstance,LODA_b20,other,0.3142857142857143,0.3581321769940462,1.06618651625963,7,low-dim
HomicideCircumstance,LODA_b50,other,0.2857142857142857,0.3581321769940462,1.06618651625963,7,low-dim
HomicideCircumstance,LOF,local,0.014285714285714263,0.3581321769940462,1.06618651625963,7,low-dim
HomicideCircumstance,LOF_k10,local,0.34285714285714286,0.3581321769940462,1.06618651625963,7,low-dim
HomicideCircumstance,LOF_k100,local,0.37142857142857144,0.3581321769940462,1.06618651625963,7,low-dim
HomicideCircumstance,LOF_k200,local,0.3428571428571428,0.3581321769940462,1.06618651625963,7,low-dim
HomicideCircumstance,LOF_k3,local,0.2571428571428571,0.3581321769940462,1.06618651625963,7,low-dim
HomicideCircumstance,LOF_k35,local,0.17142857142857143,0.3581321769940462,1.06618651625963,7,low-dim
HomicideCircumstance,LOF_k50,local,0.3142857142857143,0.3581321769940462,1.06618651625963,7,low-dim
HomicideCircumstance,PCA,global,0.8285714285714286,0.3581321769940462,1.06618651625963,7,low-dim
HomicideCircumstance,PCA_c0.3,global,0.8285714285714286,0.3581321769940462,1.06618651625963,7,low-dim
HomicideCircumstance,PCA_c0.7,global,-0.02857142857142847,0.3581321769940462,1.06618651625963,7,low-dim
HomicideCircumstance,PCA_c0.9,global,-0.1428571428571429,0.3581321769940462,1.06618651625963,7,low-dim
HomicideCircumstance,PCA_c0.99,global,-0.1428571428571429,0.3581321769940462,1.06618651625963,7,low-dim
HospitalReadmissions,CBLOF,local,-0.4857142857142857,0.2620402913565045,0.8709171050217887,7,low-dim
HospitalReadmissions,CBLOF_c16,local,-0.5142857142857142,0.2620402913565045,0.8709171050217887,7,low-dim
HospitalReadmissions,CBLOF_c32,local,-0.6,0.2620402913565045,0.8709171050217887,7,low-dim
HospitalReadmissions,COPOD,global,-0.39999999999999997,0.2620402913565045,0.8709171050217887,7,low-dim
HospitalReadmissions,ECOD,global,-0.14285714285714288,0.2620402913565045,0.8709171050217887,7,low-dim
HospitalReadmissions,HBOS,global,0.4857142857142857,0.2620402913565045,0.8709171050217887,7,low-dim
HospitalReadmissions,HBOS_b100,global,0.9142857142857143,0.2620402913565045,0.8709171050217887,7,low-dim
HospitalReadmissions,HBOS_b20,global,0.6571428571428571,0.2620402913565045,0.8709171050217887,7,low-dim
HospitalReadmissions,HBOS_b5,global,0.05714285714285716,0.2620402913565045,0.8709171050217887,7,low-dim
HospitalReadmissions,HBOS_b50,global,0.9428571428571428,0.2620402913565045,0.8709171050217887,7,low-dim
HospitalReadmissions,IF_n300,other,0.6857142857142857,0.2620402913565045,0.8709171050217887,7,low-dim
HospitalReadmissions,IF_n50,other,0.8,0.2620402913565045,0.8709171050217887,7,low-dim
HospitalReadmissions,IForest,other,0.7142857142857142,0.2620402913565045,0.8709171050217887,7,low-dim
HospitalReadmissions,KNN,local,-0.2857142857142857,0.2620402913565045,0.8709171050217887,7,low-dim
HospitalReadmissions,KNN_k10,local,-0.20000000000000007,0.2620402913565045,0.8709171050217887,7,low-dim
HospitalReadmissions,KNN_k100,local,-0.5142857142857143,0.2620402913565045,0.8709171050217887,7,low-dim
HospitalReadmissions,KNN_k200,local,-0.4857142857142857,0.2620402913565045,0.8709171050217887,7,low-dim
HospitalReadmissions,KNN_k3,local,-0.2857142857142857,0.2620402913565045,0.8709171050217887,7,low-dim
HospitalReadmissions,KNN_k35,local,-0.45714285714285713,0.2620402913565045,0.8709171050217887,7,low-dim
HospitalReadmissions,KNN_k50,local,-0.4571428571428572,0.2620402913565045,0.8709171050217887,7,low-dim
HospitalReadmissions,LODA,other,0.02857142857142858,0.2620402913565045,0.8709171050217887,7,low-dim
HospitalReadmissions,LODA_b20,other,-0.08571428571428569,0.2620402913565045,0.8709171050217887,7,low-dim
HospitalReadmissions,LODA_b50,other,-0.4285714285714285,0.2620402913565045,0.8709171050217887,7,low-dim
HospitalReadmissions,LOF,local,-0.08571428571428574,0.2620402913565045,0.8709171050217887,7,low-dim
HospitalReadmissions,LOF_k10,local,-0.2571428571428571,0.2620402913565045,0.8709171050217887,7,low-dim
HospitalReadmissions,LOF_k100,local,-0.42857142857142855,0.2620402913565045,0.8709171050217887,7,low-dim
HospitalReadmissions,LOF_k200,local,-0.7714285714285715,0.2620402913565045,0.8709171050217887,7,low-dim
HospitalReadmissions,LOF_k3,local,-0.3142857142857143,0.2620402913565045,0.8709171050217887,7,low-dim
HospitalReadmissions,LOF_k35,local,-0.17142857142857149,0.2620402913565045,0.8709171050217887,7,low-dim
HospitalReadmissions,LOF_k50,local,-0.2571428571428572,0.2620402913565045,0.8709171050217887,7,low-dim
HospitalReadmissions,PCA,global,0.5142857142857142,0.2620402913565045,0.8709171050217887,7,low-dim
HospitalReadmissions,PCA_c0.3,global,0.34285714285714286,0.2620402913565045,0.8709171050217887,7,low-dim
HospitalReadmissions,PCA_c0.7,global,0.4,0.2620402913565045,0.8709171050217887,7,low-dim
HospitalReadmissions,PCA_c0.9,global,0.5142857142857143,0.2620402913565045,0.8709171050217887,7,low-dim
HospitalReadmissions,PCA_c0.99,global,0.5714285714285715,0.2620402913565045,0.8709171050217887,7,low-dim
HumanRobotCollaboration,CBLOF,local,-0.48571428571428565,0.301801406570489,0.2267993264463444,3,low-dim
HumanRobotCollaboration,CBLOF_c16,local,-0.11428571428571432,0.301801406570489,0.2267993264463444,3,low-dim
HumanRobotCollaboration,CBLOF_c32,local,-0.7142857142857142,0.301801406570489,0.2267993264463444,3,low-dim
HumanRobotCollaboration,COPOD,global,-0.08571428571428572,0.301801406570489,0.2267993264463444,3,low-dim
HumanRobotCollaboration,ECOD,global,0.11428571428571427,0.301801406570489,0.2267993264463444,3,low-dim
HumanRobotCollaboration,HBOS,global,0.9142857142857143,0.301801406570489,0.2267993264463444,3,low-dim
HumanRobotCollaboration,HBOS_b100,global,-0.8285714285714285,0.301801406570489,0.2267993264463444,3,low-dim
HumanRobotCollaboration,HBOS_b20,global,-0.39999999999999997,0.301801406570489,0.2267993264463444,3,low-dim
HumanRobotCollaboration,HBOS_b5,global,0.17142857142857137,0.301801406570489,0.2267993264463444,3,low-dim
HumanRobotCollaboration,HBOS_b50,global,-0.3142857142857143,0.301801406570489,0.2267993264463444,3,low-dim
HumanRobotCollaboration,IF_n300,other,0.6285714285714286,0.301801406570489,0.2267993264463444,3,low-dim
HumanRobotCollaboration,IF_n50,other,0.4,0.301801406570489,0.2267993264463444,3,low-dim
HumanRobotCollaboration,IForest,other,0.5428571428571429,0.301801406570489,0.2267993264463444,3,low-dim
HumanRobotCollaboration,KNN,local,-0.17142857142857149,0.301801406570489,0.2267993264463444,3,low-dim
HumanRobotCollaboration,KNN_k10,local,-0.34285714285714286,0.301801406570489,0.2267993264463444,3,low-dim
HumanRobotCollaboration,KNN_k100,local,-0.14285714285714285,0.301801406570489,0.2267993264463444,3,low-dim
HumanRobotCollaboration,KNN_k200,local,-0.3142857142857143,0.301801406570489,0.2267993264463444,3,low-dim
HumanRobotCollaboration,KNN_k3,local,-0.42857142857142855,0.301801406570489,0.2267993264463444,3,low-dim
HumanRobotCollaboration,KNN_k35,local,-0.4571428571428572,0.301801406570489,0.2267993264463444,3,low-dim
HumanRobotCollaboration,KNN_k50,local,-0.37142857142857144,0.301801406570489,0.2267993264463444,3,low-dim
HumanRobotCollaboration,LODA,other,-0.08571428571428574,0.301801406570489,0.2267993264463444,3,low-dim
HumanRobotCollaboration,LODA_b20,other,-0.02857142857142858,0.301801406570489,0.2267993264463444,3,low-dim
HumanRobotCollaboration,LODA_b50,other,0.6571428571428571,0.301801406570489,0.2267993264463444,3,low-dim
HumanRobotCollaboration,LOF,local,-0.4,0.301801406570489,0.2267993264463444,3,low-dim
HumanRobotCollaboration,LOF_k10,local,-0.2142857142857143,0.301801406570489,0.2267993264463444,3,low-dim
HumanRobotCollaboration,LOF_k100,local,0.08571428571428574,0.301801406570489,0.2267993264463444,3,low-dim
HumanRobotCollaboration,LOF_k200,local,-0.2285714285714286,0.301801406570489,0.2267993264463444,3,low-dim
HumanRobotCollaboration,LOF_k3,local,-0.3142857142857143,0.301801406570489,0.2267993264463444,3,low-dim
HumanRobotCollaboration,LOF_k35,local,-0.3,0.301801406570489,0.2267993264463444,3,low-dim
HumanRobotCollaboration,LOF_k50,local,0.11428571428571421,0.301801406570489,0.2267993264463444,3,low-dim
HumanRobotCollaboration,PCA,global,0.6857142857142857,0.301801406570489,0.2267993264463444,3,low-dim
HumanRobotCollaboration,PCA_c0.3,global,0.48571428571428577,0.301801406570489,0.2267993264463444,3,low-dim
HumanRobotCollaboration,PCA_c0.7,global,0.6857142857142857,0.301801406570489,0.2267993264463444,3,low-dim
HumanRobotCollaboration,PCA_c0.9,global,0.6285714285714286,0.301801406570489,0.2267993264463444,3,low-dim
HumanRobotCollaboration,PCA_c0.99,global,0.6285714285714286,0.301801406570489,0.2267993264463444,3,low-dim
ImageSegmentation,CBLOF,local,-0.4722222222222222,0.3603540170012939,0.0493727590202641,59,high-dim
ImageSegmentation,CBLOF_c16,local,-0.25,0.3603540170012939,0.0493727590202641,59,high-dim
ImageSegmentation,CBLOF_c32,local,-0.25,0.3603540170012939,0.0493727590202641,59,high-dim
ImageSegmentation,CBLOF_c4,local,-0.2777777777777778,0.3603540170012939,0.0493727590202641,59,high-dim
ImageSegmentation,COPOD,global,-0.18055555555555555,0.3603540170012939,0.0493727590202641,59,high-dim
ImageSegmentation,ECOD,global,-0.20833333333333334,0.3603540170012939,0.0493727590202641,59,high-dim
ImageSegmentation,HBOS,global,0.6388888888888888,0.3603540170012939,0.0493727590202641,59,high-dim
ImageSegmentation,HBOS_b100,global,0.6388888888888888,0.3603540170012939,0.0493727590202641,59,high-dim
ImageSegmentation,HBOS_b20,global,0.6388888888888888,0.3603540170012939,0.0493727590202641,59,high-dim
ImageSegmentation,HBOS_b5,global,0.6388888888888888,0.3603540170012939,0.0493727590202641,59,high-dim
ImageSegmentation,HBOS_b50,global,0.6388888888888888,0.3603540170012939,0.0493727590202641,59,high-dim
ImageSegmentation,IF_n300,other,0.5555555555555556,0.3603540170012939,0.0493727590202641,59,high-dim
ImageSegmentation,IF_n50,other,0.5555555555555556,0.3603540170012939,0.0493727590202641,59,high-dim
ImageSegmentation,IForest,other,0.5555555555555556,0.3603540170012939,0.0493727590202641,59,high-dim
ImageSegmentation,KNN,local,-0.38888888888888884,0.3603540170012939,0.0493727590202641,59,high-dim
ImageSegmentation,KNN_k10,local,-0.4444444444444444,0.3603540170012939,0.0493727590202641,59,high-dim
ImageSegmentation,KNN_k100,local,-0.5277777777777778,0.3603540170012939,0.0493727590202641,59,high-dim
ImageSegmentation,KNN_k200,local,-0.5277777777777778,0.3603540170012939,0.0493727590202641,59,high-dim
ImageSegmentation,KNN_k3,local,-0.33333333333333326,0.3603540170012939,0.0493727590202641,59,high-dim
ImageSegmentation,KNN_k35,local,-0.47222222222222215,0.3603540170012939,0.0493727590202641,59,high-dim
ImageSegmentation,KNN_k50,local,-0.5,0.3603540170012939,0.0493727590202641,59,high-dim
ImageSegmentation,LODA,other,-0.47222222222222227,0.3603540170012939,0.0493727590202641,59,high-dim
ImageSegmentation,LODA_b20,other,0.0,0.3603540170012939,0.0493727590202641,59,high-dim
ImageSegmentation,LODA_b50,other,0.16666666666666663,0.3603540170012939,0.0493727590202641,59,high-dim
ImageSegmentation,LOF,local,-0.5,0.3603540170012939,0.0493727590202641,59,high-dim
ImageSegmentation,LOF_k10,local,-0.41666666666666674,0.3603540170012939,0.0493727590202641,59,high-dim
ImageSegmentation,LOF_k100,local,-0.4166666666666667,0.3603540170012939,0.0493727590202641,59,high-dim
ImageSegmentation,LOF_k200,local,-0.3055555555555555,0.3603540170012939,0.0493727590202641,59,high-dim
ImageSegmentation,LOF_k3,local,-0.027777777777777762,0.3603540170012939,0.0493727590202641,59,high-dim
ImageSegmentation,LOF_k35,local,-0.4444444444444444,0.3603540170012939,0.0493727590202641,59,high-dim
ImageSegmentation,LOF_k50,local,-0.4444444444444444,0.3603540170012939,0.0493727590202641,59,high-dim
ImageSegmentation,PCA,global,0.5833333333333334,0.3603540170012939,0.0493727590202641,59,high-dim
ImageSegmentation,PCA_c0.3,global,0.6111111111111112,0.3603540170012939,0.0493727590202641,59,high-dim
ImageSegmentation,PCA_c0.7,global,0.5277777777777778,0.3603540170012939,0.0493727590202641,59,high-dim
ImageSegmentation,PCA_c0.9,global,0.5555555555555556,0.3603540170012939,0.0493727590202641,59,high-dim
ImageSegmentation,PCA_c0.99,global,0.5555555555555556,0.3603540170012939,0.0493727590202641,59,high-dim
JobChangePatterns,CBLOF,local,0.19444444444444442,0.4619150979248506,0.3747186423670614,3,low-dim
JobChangePatterns,CBLOF_c16,local,0.19444444444444448,0.4619150979248506,0.3747186423670614,3,low-dim
JobChangePatterns,CBLOF_c32,local,0.19444444444444445,0.4619150979248506,0.3747186423670614,3,low-dim
JobChangePatterns,CBLOF_c4,local,0.19444444444444442,0.4619150979248506,0.3747186423670614,3,low-dim
JobChangePatterns,COPOD,global,-0.5555555555555556,0.4619150979248506,0.3747186423670614,3,low-dim
JobChangePatterns,ECOD,global,-0.5277777777777778,0.4619150979248506,0.3747186423670614,3,low-dim
JobChangePatterns,HBOS,global,-0.16666666666666674,0.4619150979248506,0.3747186423670614,3,low-dim
JobChangePatterns,HBOS_b100,global,0.4722222222222222,0.4619150979248506,0.3747186423670614,3,low-dim
JobChangePatterns,HBOS_b20,global,0.08333333333333337,0.4619150979248506,0.3747186423670614,3,low-dim
JobChangePatterns,HBOS_b5,global,-0.19444444444444442,0.4619150979248506,0.3747186423670614,3,low-dim
JobChangePatterns,HBOS_b50,global,0.38888888888888884,0.4619150979248506,0.3747186423670614,3,low-dim
JobChangePatterns,IF_n300,other,0.16666666666666674,0.4619150979248506,0.3747186423670614,3,low-dim
JobChangePatterns,IF_n50,other,0.36111111111111105,0.4619150979248506,0.3747186423670614,3,low-dim
JobChangePatterns,IForest,other,0.25,0.4619150979248506,0.3747186423670614,3,low-dim
JobChangePatterns,KNN,local,0.3333333333333333,0.4619150979248506,0.3747186423670614,3,low-dim
JobChangePatterns,KNN_k10,local,0.0,0.4619150979248506,0.3747186423670614,3,low-dim
JobChangePatterns,KNN_k100,local,0.4722222222222222,0.4619150979248506,0.3747186423670614,3,low-dim
JobChangePatterns,KNN_k200,local,0.33333333333333337,0.4619150979248506,0.3747186423670614,3,low-dim
JobChangePatterns,KNN_k3,local,0.2777777777777778,0.4619150979248506,0.3747186423670614,3,low-dim
JobChangePatterns,KNN_k35,local,0.1111111111111111,0.4619150979248506,0.3747186423670614,3,low-dim
JobChangePatterns,KNN_k50,local,0.16666666666666669,0.4619150979248506,0.3747186423670614,3,low-dim
JobChangePatterns,LODA,other,0.2222222222222222,0.4619150979248506,0.3747186423670614,3,low-dim
JobChangePatterns,LODA_b20,other,-0.19444444444444442,0.4619150979248506,0.3747186423670614,3,low-dim
JobChangePatterns,LODA_b50,other,-0.5555555555555556,0.4619150979248506,0.3747186423670614,3,low-dim
JobChangePatterns,LOF,local,-0.3333333333333333,0.4619150979248506,0.3747186423670614,3,low-dim
JobChangePatterns,LOF_k10,local,-0.08333333333333331,0.4619150979248506,0.3747186423670614,3,low-dim
JobChangePatterns,LOF_k100,local,0.16666666666666669,0.4619150979248506,0.3747186423670614,3,low-dim
JobChangePatterns,LOF_k200,local,0.22222222222222227,0.4619150979248506,0.3747186423670614,3,low-dim
JobChangePatterns,LOF_k3,local,-0.25,0.4619150979248506,0.3747186423670614,3,low-dim
JobChangePatterns,LOF_k35,local,-0.3055555555555556,0.4619150979248506,0.3747186423670614,3,low-dim
JobChangePatterns,LOF_k50,local,-0.2777777777777778,0.4619150979248506,0.3747186423670614,3,low-dim
JobChangePatterns,PCA,global,-0.33333333333333337,0.4619150979248506,0.3747186423670614,3,low-dim
JobChangePatterns,PCA_c0.3,global,-0.36111111111111105,0.4619150979248506,0.3747186423670614,3,low-dim
JobChangePatterns,PCA_c0.7,global,-0.33333333333333337,0.4619150979248506,0.3747186423670614,3,low-dim
JobChangePatterns,PCA_c0.9,global,-0.16666666666666663,0.4619150979248506,0.3747186423670614,3,low-dim
JobChangePatterns,PCA_c0.99,global,-0.16666666666666663,0.4619150979248506,0.3747186423670614,3,low-dim
JobMarket,CBLOF,local,0.014285714285714284,0.2857243880640167,0.1683598370517115,5,low-dim
JobMarket,CBLOF_c16,local,0.11428571428571432,0.2857243880640167,0.1683598370517115,5,low-dim
JobMarket,CBLOF_c32,local,-0.14285714285714285,0.2857243880640167,0.1683598370517115,5,low-dim
JobMarket,COPOD,global,0.14285714285714285,0.2857243880640167,0.1683598370517115,5,low-dim
JobMarket,ECOD,global,-0.3142857142857143,0.2857243880640167,0.1683598370517115,5,low-dim
JobMarket,HBOS,global,0.057142857142857106,0.2857243880640167,0.1683598370517115,5,low-dim
JobMarket,HBOS_b100,global,0.8857142857142857,0.2857243880640167,0.1683598370517115,5,low-dim
JobMarket,HBOS_b20,global,0.17142857142857149,0.2857243880640167,0.1683598370517115,5,low-dim
JobMarket,HBOS_b5,global,0.3142857142857143,0.2857243880640167,0.1683598370517115,5,low-dim
JobMarket,HBOS_b50,global,0.6,0.2857243880640167,0.1683598370517115,5,low-dim
JobMarket,IF_n300,other,0.05714285714285716,0.2857243880640167,0.1683598370517115,5,low-dim
JobMarket,IF_n50,other,0.05714285714285716,0.2857243880640167,0.1683598370517115,5,low-dim
JobMarket,IForest,other,0.08571428571428574,0.2857243880640167,0.1683598370517115,5,low-dim
JobMarket,KNN,local,-0.45714285714285713,0.2857243880640167,0.1683598370517115,5,low-dim
JobMarket,KNN_k10,local,-0.45714285714285713,0.2857243880640167,0.1683598370517115,5,low-dim
JobMarket,KNN_k100,local,0.17142857142857143,0.2857243880640167,0.1683598370517115,5,low-dim
JobMarket,KNN_k200,local,-0.01428571428571429,0.2857243880640167,0.1683598370517115,5,low-dim
JobMarket,KNN_k3,local,-0.4285714285714286,0.2857243880640167,0.1683598370517115,5,low-dim
JobMarket,KNN_k35,local,-0.08571428571428569,0.2857243880640167,0.1683598370517115,5,low-dim
JobMarket,KNN_k50,local,-0.1,0.2857243880640167,0.1683598370517115,5,low-dim
JobMarket,LODA,other,0.5714285714285714,0.2857243880640167,0.1683598370517115,5,low-dim
JobMarket,LODA_b20,other,0.42857142857142855,0.2857243880640167,0.1683598370517115,5,low-dim
JobMarket,LODA_b50,other,0.5428571428571428,0.2857243880640167,0.1683598370517115,5,low-dim
JobMarket,LOF,local,-0.4285714285714286,0.2857243880640167,0.1683598370517115,5,low-dim
JobMarket,LOF_k10,local,-0.45714285714285713,0.2857243880640167,0.1683598370517115,5,low-dim
JobMarket,LOF_k100,local,-0.14285714285714285,0.2857243880640167,0.1683598370517115,5,low-dim
JobMarket,LOF_k200,local,-0.07142857142857142,0.2857243880640167,0.1683598370517115,5,low-dim
JobMarket,LOF_k3,local,-0.34285714285714286,0.2857243880640167,0.1683598370517115,5,low-dim
JobMarket,LOF_k35,local,-0.39999999999999997,0.2857243880640167,0.1683598370517115,5,low-dim
JobMarket,LOF_k50,local,-0.5428571428571429,0.2857243880640167,0.1683598370517115,5,low-dim
JobMarket,PCA,global,0.0,0.2857243880640167,0.1683598370517115,5,low-dim
JobMarket,PCA_c0.3,global,-0.11428571428571421,0.2857243880640167,0.1683598370517115,5,low-dim
JobMarket,PCA_c0.7,global,0.0,0.2857243880640167,0.1683598370517115,5,low-dim
JobMarket,PCA_c0.9,global,0.1428571428571429,0.2857243880640167,0.1683598370517115,5,low-dim
JobMarket,PCA_c0.99,global,0.1428571428571429,0.2857243880640167,0.1683598370517115,5,low-dim
KickstarterCampaigns,CBLOF_c16,local,-0.3235294117647059,0.9375424795208568,1.153675504646741,5,low-dim
KickstarterCampaigns,CBLOF_c32,local,-0.1470588235294118,0.9375424795208568,1.153675504646741,5,low-dim
KickstarterCampaigns,COPOD,global,-0.8529411764705882,0.9375424795208568,1.153675504646741,5,low-dim
KickstarterCampaigns,ECOD,global,-0.8823529411764706,0.9375424795208568,1.153675504646741,5,low-dim
KickstarterCampaigns,HBOS,global,-0.08823529411764708,0.9375424795208568,1.153675504646741,5,low-dim
KickstarterCampaigns,HBOS_b100,global,0.5882352941176471,0.9375424795208568,1.153675504646741,5,low-dim
KickstarterCampaigns,HBOS_b20,global,0.4411764705882353,0.9375424795208568,1.153675504646741,5,low-dim
KickstarterCampaigns,HBOS_b5,global,-0.17647058823529416,0.9375424795208568,1.153675504646741,5,low-dim
KickstarterCampaigns,HBOS_b50,global,0.5294117647058824,0.9375424795208568,1.153675504646741,5,low-dim
KickstarterCampaigns,IF_n300,other,0.20588235294117652,0.9375424795208568,1.153675504646741,5,low-dim
KickstarterCampaigns,IF_n50,other,0.08823529411764708,0.9375424795208568,1.153675504646741,5,low-dim
KickstarterCampaigns,IForest,other,0.08823529411764708,0.9375424795208568,1.153675504646741,5,low-dim
KickstarterCampaigns,KNN,local,-0.20588235294117652,0.9375424795208568,1.153675504646741,5,low-dim
KickstarterCampaigns,KNN_k10,local,-0.08823529411764708,0.9375424795208568,1.153675504646741,5,low-dim
KickstarterCampaigns,KNN_k100,local,-0.38235294117647056,0.9375424795208568,1.153675504646741,5,low-dim
KickstarterCampaigns,KNN_k200,local,-0.17647058823529413,0.9375424795208568,1.153675504646741,5,low-dim
KickstarterCampaigns,KNN_k3,local,0.0,0.9375424795208568,1.153675504646741,5,low-dim
KickstarterCampaigns,KNN_k35,local,-0.10294117647058826,0.9375424795208568,1.153675504646741,5,low-dim
KickstarterCampaigns,KNN_k50,local,-0.3529411764705882,0.9375424795208568,1.153675504646741,5,low-dim
KickstarterCampaigns,LODA,other,0.7352941176470588,0.9375424795208568,1.153675504646741,5,low-dim
KickstarterCampaigns,LODA_b20,other,0.6470588235294118,0.9375424795208568,1.153675504646741,5,low-dim
KickstarterCampaigns,LODA_b50,other,0.6470588235294117,0.9375424795208568,1.153675504646741,5,low-dim
KickstarterCampaigns,LOF,local,-0.20588235294117646,0.9375424795208568,1.153675504646741,5,low-dim
KickstarterCampaigns,LOF_k10,local,0.08823529411764702,0.9375424795208568,1.153675504646741,5,low-dim
KickstarterCampaigns,LOF_k100,local,-0.2647058823529411,0.9375424795208568,1.153675504646741,5,low-dim
KickstarterCampaigns,LOF_k200,local,-0.14705882352941177,0.9375424795208568,1.153675504646741,5,low-dim
KickstarterCampaigns,LOF_k3,local,0.3235294117647059,0.9375424795208568,1.153675504646741,5,low-dim
KickstarterCampaigns,LOF_k35,local,0.11764705882352944,0.9375424795208568,1.153675504646741,5,low-dim
KickstarterCampaigns,LOF_k50,local,-0.16176470588235292,0.9375424795208568,1.153675504646741,5,low-dim
KickstarterCampaigns,PCA,global,0.11764705882352933,0.9375424795208568,1.153675504646741,5,low-dim
KickstarterCampaigns,PCA_c0.3,global,-0.2058823529411764,0.9375424795208568,1.153675504646741,5,low-dim
KickstarterCampaigns,PCA_c0.7,global,0.02941176470588236,0.9375424795208568,1.153675504646741,5,low-dim
KickstarterCampaigns,PCA_c0.9,global,0.11764705882352944,0.9375424795208568,1.153675504646741,5,low-dim
KickstarterCampaigns,PCA_c0.99,global,0.0,0.9375424795208568,1.153675504646741,5,low-dim
LandRarity,CBLOF,local,-0.09722222222222221,0.2467040948737507,0.1264146440585682,7,low-dim
LandRarity,CBLOF_c16,local,-0.05555555555555555,0.2467040948737507,0.1264146440585682,7,low-dim
LandRarity,CBLOF_c32,local,0.08333333333333331,0.2467040948737507,0.1264146440585682,7,low-dim
LandRarity,CBLOF_c4,local,-0.375,0.2467040948737507,0.1264146440585682,7,low-dim
LandRarity,COPOD,global,-0.08333333333333337,0.2467040948737507,0.1264146440585682,7,low-dim
LandRarity,ECOD,global,-0.3055555555555556,0.2467040948737507,0.1264146440585682,7,low-dim
LandRarity,HBOS,global,0.0,0.2467040948737507,0.1264146440585682,7,low-dim
LandRarity,HBOS_b100,global,0.02777777777777779,0.2467040948737507,0.1264146440585682,7,low-dim
LandRarity,HBOS_b20,global,0.0,0.2467040948737507,0.1264146440585682,7,low-dim
LandRarity,HBOS_b5,global,0.05555555555555547,0.2467040948737507,0.1264146440585682,7,low-dim
LandRarity,HBOS_b50,global,-0.02777777777777779,0.2467040948737507,0.1264146440585682,7,low-dim
LandRarity,IF_n300,other,0.13888888888888884,0.2467040948737507,0.1264146440585682,7,low-dim
LandRarity,IF_n50,other,0.05555555555555547,0.2467040948737507,0.1264146440585682,7,low-dim
LandRarity,IForest,other,0.02777777777777779,0.2467040948737507,0.1264146440585682,7,low-dim
LandRarity,KNN,local,0.49999999999999994,0.2467040948737507,0.1264146440585682,7,low-dim
LandRarity,KNN_k10,local,0.16666666666666669,0.2467040948737507,0.1264146440585682,7,low-dim
LandRarity,KNN_k100,local,0.05555555555555555,0.2467040948737507,0.1264146440585682,7,low-dim
LandRarity,KNN_k200,local,-0.19444444444444442,0.2467040948737507,0.1264146440585682,7,low-dim
LandRarity,KNN_k3,local,0.36111111111111116,0.2467040948737507,0.1264146440585682,7,low-dim
LandRarity,KNN_k35,local,0.2638888888888889,0.2467040948737507,0.1264146440585682,7,low-dim
LandRarity,KNN_k50,local,0.23611111111111113,0.2467040948737507,0.1264146440585682,7,low-dim
LandRarity,LODA,other,0.5,0.2467040948737507,0.1264146440585682,7,low-dim
LandRarity,LODA_b20,other,0.5555555555555556,0.2467040948737507,0.1264146440585682,7,low-dim
LandRarity,LODA_b50,other,0.4166666666666667,0.2467040948737507,0.1264146440585682,7,low-dim
LandRarity,LOF,local,-0.3055555555555556,0.2467040948737507,0.1264146440585682,7,low-dim
LandRarity,LOF_k10,local,-0.27777777777777773,0.2467040948737507,0.1264146440585682,7,low-dim
LandRarity,LOF_k100,local,-0.5277777777777778,0.2467040948737507,0.1264146440585682,7,low-dim
LandRarity,LOF_k200,local,-0.4166666666666667,0.2467040948737507,0.1264146440585682,7,low-dim
LandRarity,LOF_k3,local,-0.33333333333333337,0.2467040948737507,0.1264146440585682,7,low-dim
LandRarity,LOF_k35,local,-0.49999999999999994,0.2467040948737507,0.1264146440585682,7,low-dim
LandRarity,LOF_k50,local,-0.41666666666666674,0.2467040948737507,0.1264146440585682,7,low-dim
LandRarity,PCA,global,0.11111111111111116,0.2467040948737507,0.1264146440585682,7,low-dim
LandRarity,PCA_c0.3,global,-0.16666666666666663,0.2467040948737507,0.1264146440585682,7,low-dim
LandRarity,PCA_c0.7,global,0.33333333333333337,0.2467040948737507,0.1264146440585682,7,low-dim
LandRarity,PCA_c0.9,global,0.05555555555555558,0.2467040948737507,0.1264146440585682,7,low-dim
LandRarity,PCA_c0.99,global,0.1388888888888889,0.2467040948737507,0.1264146440585682,7,low-dim
LandShapeAnomaly,CBLOF,local,0.25,0.288278949101002,0.2900931407297421,11,low-dim
LandShapeAnomaly,CBLOF_c16,local,0.38888888888888895,0.288278949101002,0.2900931407297421,11,low-dim
LandShapeAnomaly,CBLOF_c32,local,0.5277777777777777,0.288278949101002,0.2900931407297421,11,low-dim
LandShapeAnomaly,CBLOF_c4,local,0.08333333333333331,0.288278949101002,0.2900931407297421,11,low-dim
LandShapeAnomaly,COPOD,global,-0.875,0.288278949101002,0.2900931407297421,11,low-dim
LandShapeAnomaly,ECOD,global,-0.8472222222222222,0.288278949101002,0.2900931407297421,11,low-dim
LandShapeAnomaly,HBOS,global,0.1111111111111111,0.288278949101002,0.2900931407297421,11,low-dim
LandShapeAnomaly,HBOS_b100,global,-0.5,0.288278949101002,0.2900931407297421,11,low-dim
LandShapeAnomaly,HBOS_b20,global,-0.3611111111111111,0.288278949101002,0.2900931407297421,11,low-dim
LandShapeAnomaly,HBOS_b5,global,-0.11111111111111113,0.288278949101002,0.2900931407297421,11,low-dim
LandShapeAnomaly,HBOS_b50,global,-0.38888888888888895,0.288278949101002,0.2900931407297421,11,low-dim
LandShapeAnomaly,IF_n300,other,0.05555555555555558,0.288278949101002,0.2900931407297421,11,low-dim
LandShapeAnomaly,IF_n50,other,-0.05555555555555558,0.288278949101002,0.2900931407297421,11,low-dim
LandShapeAnomaly,IForest,other,0.0,0.288278949101002,0.2900931407297421,11,low-dim
LandShapeAnomaly,KNN,local,0.41666666666666663,0.288278949101002,0.2900931407297421,11,low-dim
LandShapeAnomaly,KNN_k10,local,0.2777777777777778,0.288278949101002,0.2900931407297421,11,low-dim
LandShapeAnomaly,KNN_k100,local,0.4444444444444445,0.288278949101002,0.2900931407297421,11,low-dim
LandShapeAnomaly,KNN_k200,local,0.3888888888888889,0.288278949101002,0.2900931407297421,11,low-dim
LandShapeAnomaly,KNN_k3,local,0.36111111111111105,0.288278949101002,0.2900931407297421,11,low-dim
LandShapeAnomaly,KNN_k35,local,0.41666666666666663,0.288278949101002,0.2900931407297421,11,low-dim
LandShapeAnomaly,KNN_k50,local,0.4444444444444444,0.288278949101002,0.2900931407297421,11,low-dim
LandShapeAnomaly,LODA,other,-0.2222222222222222,0.288278949101002,0.2900931407297421,11,low-dim
LandShapeAnomaly,LODA_b20,other,0.3055555555555555,0.288278949101002,0.2900931407297421,11,low-dim
LandShapeAnomaly,LODA_b50,other,0.02777777777777779,0.288278949101002,0.2900931407297421,11,low-dim
LandShapeAnomaly,LOF,local,-0.5555555555555556,0.288278949101002,0.2900931407297421,11,low-dim
LandShapeAnomaly,LOF_k10,local,-0.5277777777777777,0.288278949101002,0.2900931407297421,11,low-dim
LandShapeAnomaly,LOF_k100,local,0.22222222222222227,0.288278949101002,0.2900931407297421,11,low-dim
LandShapeAnomaly,LOF_k200,local,0.33333333333333337,0.288278949101002,0.2900931407297421,11,low-dim
LandShapeAnomaly,LOF_k3,local,-0.33333333333333337,0.288278949101002,0.2900931407297421,11,low-dim
LandShapeAnomaly,LOF_k35,local,-0.3055555555555555,0.288278949101002,0.2900931407297421,11,low-dim
LandShapeAnomaly,LOF_k50,local,-0.16666666666666669,0.288278949101002,0.2900931407297421,11,low-dim
LandShapeAnomaly,PCA,global,0.05555555555555558,0.288278949101002,0.2900931407297421,11,low-dim
LandShapeAnomaly,PCA_c0.3,global,0.08333333333333337,0.288278949101002,0.2900931407297421,11,low-dim
LandShapeAnomaly,PCA_c0.7,global,0.0,0.288278949101002,0.2900931407297421,11,low-dim
LandShapeAnomaly,PCA_c0.9,global,0.08333333333333337,0.288278949101002,0.2900931407297421,11,low-dim
LandShapeAnomaly,PCA_c0.99,global,-0.02777777777777779,0.288278949101002,0.2900931407297421,11,low-dim
MalariaDetection,CBLOF,local,0.0,0.6104361431399018,1.5730839774618055,5,low-dim
MalariaDetection,CBLOF_c16,local,0.02777777777777779,0.6104361431399018,1.5730839774618055,5,low-dim
MalariaDetection,CBLOF_c32,local,0.3055555555555556,0.6104361431399018,1.5730839774618055,5,low-dim
MalariaDetection,CBLOF_c4,local,-0.6666666666666666,0.6104361431399018,1.5730839774618055,5,low-dim
MalariaDetection,COPOD,global,-0.19444444444444445,0.6104361431399018,1.5730839774618055,5,low-dim
MalariaDetection,ECOD,global,-0.3611111111111111,0.6104361431399018,1.5730839774618055,5,low-dim
MalariaDetection,HBOS,global,-0.4722222222222222,0.6104361431399018,1.5730839774618055,5,low-dim
MalariaDetection,HBOS_b100,global,0.36111111111111105,0.6104361431399018,1.5730839774618055,5,low-dim
MalariaDetection,HBOS_b20,global,-0.16666666666666663,0.6104361431399018,1.5730839774618055,5,low-dim
MalariaDetection,HBOS_b5,global,-0.6666666666666667,0.6104361431399018,1.5730839774618055,5,low-dim
MalariaDetection,HBOS_b50,global,0.11111111111111116,0.6104361431399018,1.5730839774618055,5,low-dim
MalariaDetection,IF_n300,other,0.19444444444444442,0.6104361431399018,1.5730839774618055,5,low-dim
MalariaDetection,IF_n50,other,0.16666666666666674,0.6104361431399018,1.5730839774618055,5,low-dim
MalariaDetection,IForest,other,0.13888888888888884,0.6104361431399018,1.5730839774618055,5,low-dim
MalariaDetection,KNN,local,0.7222222222222223,0.6104361431399018,1.5730839774618055,5,low-dim
MalariaDetection,KNN_k10,local,0.3888888888888889,0.6104361431399018,1.5730839774618055,5,low-dim
MalariaDetection,KNN_k100,local,-0.08333333333333337,0.6104361431399018,1.5730839774618055,5,low-dim
MalariaDetection,KNN_k200,local,-0.24999999999999994,0.6104361431399018,1.5730839774618055,5,low-dim
MalariaDetection,KNN_k3,local,0.8888888888888888,0.6104361431399018,1.5730839774618055,5,low-dim
MalariaDetection,KNN_k35,local,0.2222222222222222,0.6104361431399018,1.5730839774618055,5,low-dim
MalariaDetection,KNN_k50,local,0.11111111111111105,0.6104361431399018,1.5730839774618055,5,low-dim
MalariaDetection,LODA,other,0.19444444444444448,0.6104361431399018,1.5730839774618055,5,low-dim
MalariaDetection,LODA_b20,other,0.25,0.6104361431399018,1.5730839774618055,5,low-dim
MalariaDetection,LODA_b50,other,0.36111111111111105,0.6104361431399018,1.5730839774618055,5,low-dim
MalariaDetection,LOF,local,0.41666666666666674,0.6104361431399018,1.5730839774618055,5,low-dim
MalariaDetection,LOF_k10,local,0.2222222222222222,0.6104361431399018,1.5730839774618055,5,low-dim
MalariaDetection,LOF_k100,local,-0.055555555555555525,0.6104361431399018,1.5730839774618055,5,low-dim
MalariaDetection,LOF_k200,local,0.05555555555555555,0.6104361431399018,1.5730839774618055,5,low-dim
MalariaDetection,LOF_k3,local,0.08333333333333337,0.6104361431399018,1.5730839774618055,5,low-dim
MalariaDetection,LOF_k35,local,0.4722222222222222,0.6104361431399018,1.5730839774618055,5,low-dim
MalariaDetection,LOF_k50,local,0.3055555555555556,0.6104361431399018,1.5730839774618055,5,low-dim
MalariaDetection,PCA,global,-0.5555555555555556,0.6104361431399018,1.5730839774618055,5,low-dim
MalariaDetection,PCA_c0.3,global,-0.5555555555555556,0.6104361431399018,1.5730839774618055,5,low-dim
MalariaDetection,PCA_c0.7,global,-0.638888888888889,0.6104361431399018,1.5730839774618055,5,low-dim
MalariaDetection,PCA_c0.9,global,-0.638888888888889,0.6104361431399018,1.5730839774618055,5,low-dim
MalariaDetection,PCA_c0.99,global,-0.6944444444444444,0.6104361431399018,1.5730839774618055,5,low-dim
MalwareHardwareMetrics,CBLOF,local,-0.33333333333333326,0.6057681300201866,0.9107668143798,16,high-dim
MalwareHardwareMetrics,CBLOF_c16,local,-0.3333333333333333,0.6057681300201866,0.9107668143798,16,high-dim
MalwareHardwareMetrics,CBLOF_c32,local,-0.19444444444444442,0.6057681300201866,0.9107668143798,16,high-dim
MalwareHardwareMetrics,CBLOF_c4,local,-0.25,0.6057681300201866,0.9107668143798,16,high-dim
MalwareHardwareMetrics,COPOD,global,-0.125,0.6057681300201866,0.9107668143798,16,high-dim
MalwareHardwareMetrics,ECOD,global,-0.09722222222222221,0.6057681300201866,0.9107668143798,16,high-dim
MalwareHardwareMetrics,HBOS,global,0.5,0.6057681300201866,0.9107668143798,16,high-dim
MalwareHardwareMetrics,HBOS_b100,global,0.25,0.6057681300201866,0.9107668143798,16,high-dim
MalwareHardwareMetrics,HBOS_b20,global,0.5833333333333334,0.6057681300201866,0.9107668143798,16,high-dim
MalwareHardwareMetrics,HBOS_b5,global,0.4444444444444445,0.6057681300201866,0.9107668143798,16,high-dim
MalwareHardwareMetrics,HBOS_b50,global,0.36111111111111116,0.6057681300201866,0.9107668143798,16,high-dim
MalwareHardwareMetrics,IF_n300,other,0.41666666666666663,0.6057681300201866,0.9107668143798,16,high-dim
MalwareHardwareMetrics,IF_n50,other,0.38888888888888884,0.6057681300201866,0.9107668143798,16,high-dim
MalwareHardwareMetrics,IForest,other,0.36111111111111105,0.6057681300201866,0.9107668143798,16,high-dim
MalwareHardwareMetrics,KNN,local,-0.25,0.6057681300201866,0.9107668143798,16,high-dim
MalwareHardwareMetrics,KNN_k10,local,-0.2777777777777778,0.6057681300201866,0.9107668143798,16,high-dim
MalwareHardwareMetrics,KNN_k100,local,-0.33333333333333337,0.6057681300201866,0.9107668143798,16,high-dim
MalwareHardwareMetrics,KNN_k200,local,-0.5,0.6057681300201866,0.9107668143798,16,high-dim
MalwareHardwareMetrics,KNN_k3,local,-0.2222222222222222,0.6057681300201866,0.9107668143798,16,high-dim
MalwareHardwareMetrics,KNN_k35,local,-0.16666666666666674,0.6057681300201866,0.9107668143798,16,high-dim
MalwareHardwareMetrics,KNN_k50,local,-0.25,0.6057681300201866,0.9107668143798,16,high-dim
MalwareHardwareMetrics,LODA,other,-0.4444444444444444,0.6057681300201866,0.9107668143798,16,high-dim
MalwareHardwareMetrics,LODA_b20,other,-0.19444444444444442,0.6057681300201866,0.9107668143798,16,high-dim
MalwareHardwareMetrics,LODA_b50,other,-0.11111111111111116,0.6057681300201866,0.9107668143798,16,high-dim
MalwareHardwareMetrics,LOF,local,-0.3472222222222222,0.6057681300201866,0.9107668143798,16,high-dim
MalwareHardwareMetrics,LOF_k10,local,-0.5416666666666666,0.6057681300201866,0.9107668143798,16,high-dim
MalwareHardwareMetrics,LOF_k100,local,-0.06944444444444445,0.6057681300201866,0.9107668143798,16,high-dim
MalwareHardwareMetrics,LOF_k200,local,-0.04166666666666666,0.6057681300201866,0.9107668143798,16,high-dim
MalwareHardwareMetrics,LOF_k3,local,-0.25,0.6057681300201866,0.9107668143798,16,high-dim
MalwareHardwareMetrics,LOF_k35,local,-0.2361111111111111,0.6057681300201866,0.9107668143798,16,high-dim
MalwareHardwareMetrics,LOF_k50,local,-0.1527777777777778,0.6057681300201866,0.9107668143798,16,high-dim
MalwareHardwareMetrics,PCA,global,0.4722222222222222,0.6057681300201866,0.9107668143798,16,high-dim
MalwareHardwareMetrics,PCA_c0.3,global,0.4722222222222222,0.6057681300201866,0.9107668143798,16,high-dim
MalwareHardwareMetrics,PCA_c0.7,global,0.4166666666666667,0.6057681300201866,0.9107668143798,16,high-dim
MalwareHardwareMetrics,PCA_c0.9,global,0.5,0.6057681300201866,0.9107668143798,16,high-dim
MalwareHardwareMetrics,PCA_c0.99,global,0.5555555555555556,0.6057681300201866,0.9107668143798,16,high-dim
MissingInformation1,CBLOF,local,-0.22857142857142856,0.1974115055109448,0.0311429346021391,20,high-dim
MissingInformation1,CBLOF_c16,local,-0.34285714285714286,0.1974115055109448,0.0311429346021391,20,high-dim
MissingInformation1,CBLOF_c32,local,-0.3428571428571428,0.1974115055109448,0.0311429346021391,20,high-dim
MissingInformation1,COPOD,global,-0.2571428571428571,0.1974115055109448,0.0311429346021391,20,high-dim
MissingInformation1,ECOD,global,-0.2857142857142857,0.1974115055109448,0.0311429346021391,20,high-dim
MissingInformation1,HBOS,global,0.6857142857142857,0.1974115055109448,0.0311429346021391,20,high-dim
MissingInformation1,HBOS_b100,global,0.6857142857142857,0.1974115055109448,0.0311429346021391,20,high-dim
MissingInformation1,HBOS_b20,global,0.6857142857142857,0.1974115055109448,0.0311429346021391,20,high-dim
MissingInformation1,HBOS_b5,global,0.5142857142857142,0.1974115055109448,0.0311429346021391,20,high-dim
MissingInformation1,HBOS_b50,global,0.5714285714285714,0.1974115055109448,0.0311429346021391,20,high-dim
MissingInformation1,IF_n300,other,0.7714285714285715,0.1974115055109448,0.0311429346021391,20,high-dim
MissingInformation1,IF_n50,other,0.7142857142857142,0.1974115055109448,0.0311429346021391,20,high-dim
MissingInformation1,IForest,other,0.7714285714285714,0.1974115055109448,0.0311429346021391,20,high-dim
MissingInformation1,KNN,local,-0.22857142857142865,0.1974115055109448,0.0311429346021391,20,high-dim
MissingInformation1,KNN_k10,local,-0.17142857142857143,0.1974115055109448,0.0311429346021391,20,high-dim
MissingInformation1,KNN_k100,local,-0.14285714285714288,0.1974115055109448,0.0311429346021391,20,high-dim
MissingInformation1,KNN_k200,local,-0.11428571428571427,0.1974115055109448,0.0311429346021391,20,high-dim
MissingInformation1,KNN_k3,local,-0.25714285714285723,0.1974115055109448,0.0311429346021391,20,high-dim
MissingInformation1,KNN_k35,local,-0.17142857142857143,0.1974115055109448,0.0311429346021391,20,high-dim
MissingInformation1,KNN_k50,local,-0.11428571428571432,0.1974115055109448,0.0311429346021391,20,high-dim
MissingInformation1,LODA,other,0.02857142857142858,0.1974115055109448,0.0311429346021391,20,high-dim
MissingInformation1,LODA_b20,other,-0.2571428571428571,0.1974115055109448,0.0311429346021391,20,high-dim
MissingInformation1,LODA_b50,other,-0.37142857142857144,0.1974115055109448,0.0311429346021391,20,high-dim
MissingInformation1,LOF,local,-0.45714285714285713,0.1974115055109448,0.0311429346021391,20,high-dim
MissingInformation1,LOF_k10,local,-0.5428571428571429,0.1974115055109448,0.0311429346021391,20,high-dim
MissingInformation1,LOF_k100,local,-0.34285714285714286,0.1974115055109448,0.0311429346021391,20,high-dim
MissingInformation1,LOF_k200,local,-0.22857142857142854,0.1974115055109448,0.0311429346021391,20,high-dim
MissingInformation1,LOF_k3,local,-0.6857142857142857,0.1974115055109448,0.0311429346021391,20,high-dim
MissingInformation1,LOF_k35,local,-0.48571428571428565,0.1974115055109448,0.0311429346021391,20,high-dim
MissingInformation1,LOF_k50,local,-0.4571428571428572,0.1974115055109448,0.0311429346021391,20,high-dim
MissingInformation1,PCA,global,0.11428571428571432,0.1974115055109448,0.0311429346021391,20,high-dim
MissingInformation1,PCA_c0.3,global,0.08571428571428563,0.1974115055109448,0.0311429346021391,20,high-dim
MissingInformation1,PCA_c0.7,global,0.20000000000000007,0.1974115055109448,0.0311429346021391,20,high-dim
MissingInformation1,PCA_c0.9,global,0.2857142857142857,0.1974115055109448,0.0311429346021391,20,high-dim
MissingInformation1,PCA_c0.99,global,0.37142857142857144,0.1974115055109448,0.0311429346021391,20,high-dim
MolecularAnomalies1,CBLOF,local,0.16666666666666669,0.3667942577950946,0.044886400650035,106,high-dim
MolecularAnomalies1,CBLOF_c16,local,0.2777777777777778,0.3667942577950946,0.044886400650035,106,high-dim
MolecularAnomalies1,CBLOF_c32,local,0.0,0.3667942577950946,0.044886400650035,106,high-dim
MolecularAnomalies1,CBLOF_c4,local,0.41666666666666663,0.3667942577950946,0.044886400650035,106,high-dim
MolecularAnomalies1,COPOD,global,-0.513888888888889,0.3667942577950946,0.044886400650035,106,high-dim
MolecularAnomalies1,ECOD,global,-0.5694444444444445,0.3667942577950946,0.044886400650035,106,high-dim
MolecularAnomalies1,HBOS,global,-0.02777777777777779,0.3667942577950946,0.044886400650035,106,high-dim
MolecularAnomalies1,HBOS_b100,global,-0.01388888888888884,0.3667942577950946,0.044886400650035,106,high-dim
MolecularAnomalies1,HBOS_b20,global,0.0,0.3667942577950946,0.044886400650035,106,high-dim
MolecularAnomalies1,HBOS_b5,global,-0.2222222222222222,0.3667942577950946,0.044886400650035,106,high-dim
MolecularAnomalies1,HBOS_b50,global,0.01388888888888895,0.3667942577950946,0.044886400650035,106,high-dim
MolecularAnomalies1,IF_n300,other,0.11111111111111105,0.3667942577950946,0.044886400650035,106,high-dim
MolecularAnomalies1,IF_n50,other,-0.16666666666666674,0.3667942577950946,0.044886400650035,106,high-dim
MolecularAnomalies1,IForest,other,0.02777777777777779,0.3667942577950946,0.044886400650035,106,high-dim
MolecularAnomalies1,KNN,local,0.25,0.3667942577950946,0.044886400650035,106,high-dim
MolecularAnomalies1,KNN_k10,local,0.36111111111111116,0.3667942577950946,0.044886400650035,106,high-dim
MolecularAnomalies1,KNN_k100,local,0.3888888888888889,0.3667942577950946,0.044886400650035,106,high-dim
MolecularAnomalies1,KNN_k200,local,0.3055555555555555,0.3667942577950946,0.044886400650035,106,high-dim
MolecularAnomalies1,KNN_k3,local,-0.16666666666666666,0.3667942577950946,0.044886400650035,106,high-dim
MolecularAnomalies1,KNN_k35,local,0.2777777777777778,0.3667942577950946,0.044886400650035,106,high-dim
MolecularAnomalies1,KNN_k50,local,0.2777777777777778,0.3667942577950946,0.044886400650035,106,high-dim
MolecularAnomalies1,LODA,other,0.05555555555555558,0.3667942577950946,0.044886400650035,106,high-dim
MolecularAnomalies1,LODA_b20,other,0.02777777777777779,0.3667942577950946,0.044886400650035,106,high-dim
MolecularAnomalies1,LODA_b50,other,0.0,0.3667942577950946,0.044886400650035,106,high-dim
MolecularAnomalies1,LOF,local,-0.1111111111111111,0.3667942577950946,0.044886400650035,106,high-dim
MolecularAnomalies1,LOF_k10,local,-0.4166666666666667,0.3667942577950946,0.044886400650035,106,high-dim
MolecularAnomalies1,LOF_k100,local,-0.19444444444444442,0.3667942577950946,0.044886400650035,106,high-dim
MolecularAnomalies1,LOF_k200,local,-0.055555555555555525,0.3667942577950946,0.044886400650035,106,high-dim
MolecularAnomalies1,LOF_k3,local,-0.3611111111111111,0.3667942577950946,0.044886400650035,106,high-dim
MolecularAnomalies1,LOF_k35,local,-0.25,0.3667942577950946,0.044886400650035,106,high-dim
MolecularAnomalies1,LOF_k50,local,-0.16666666666666669,0.3667942577950946,0.044886400650035,106,high-dim
MolecularAnomalies1,PCA,global,-0.02777777777777779,0.3667942577950946,0.044886400650035,106,high-dim
MolecularAnomalies1,PCA_c0.3,global,0.05555555555555558,0.3667942577950946,0.044886400650035,106,high-dim
MolecularAnomalies1,PCA_c0.7,global,0.02777777777777779,0.3667942577950946,0.044886400650035,106,high-dim
MolecularAnomalies1,PCA_c0.9,global,0.13888888888888895,0.3667942577950946,0.044886400650035,106,high-dim
MolecularAnomalies1,PCA_c0.99,global,0.08333333333333337,0.3667942577950946,0.044886400650035,106,high-dim
MusicGenreAnomaly,CBLOF,local,0.1388888888888889,0.442282469296036,0.5083471641096571,13,high-dim
MusicGenreAnomaly,CBLOF_c16,local,0.3611111111111111,0.442282469296036,0.5083471641096571,13,high-dim
MusicGenreAnomaly,CBLOF_c32,local,0.02777777777777779,0.442282469296036,0.5083471641096571,13,high-dim
MusicGenreAnomaly,CBLOF_c4,local,-0.38888888888888895,0.442282469296036,0.5083471641096571,13,high-dim
MusicGenreAnomaly,COPOD,global,-0.25,0.442282469296036,0.5083471641096571,13,high-dim
MusicGenreAnomaly,ECOD,global,-0.08333333333333333,0.442282469296036,0.5083471641096571,13,high-dim
MusicGenreAnomaly,HBOS,global,-0.3055555555555556,0.442282469296036,0.5083471641096571,13,high-dim
MusicGenreAnomaly,HBOS_b100,global,0.16666666666666663,0.442282469296036,0.5083471641096571,13,high-dim
MusicGenreAnomaly,HBOS_b20,global,-0.49999999999999994,0.442282469296036,0.5083471641096571,13,high-dim
MusicGenreAnomaly,HBOS_b5,global,-0.02777777777777779,0.442282469296036,0.5083471641096571,13,high-dim
MusicGenreAnomaly,HBOS_b50,global,0.5555555555555556,0.442282469296036,0.5083471641096571,13,high-dim
MusicGenreAnomaly,IF_n300,other,0.5277777777777777,0.442282469296036,0.5083471641096571,13,high-dim
MusicGenreAnomaly,IF_n50,other,0.36111111111111116,0.442282469296036,0.5083471641096571,13,high-dim
MusicGenreAnomaly,IForest,other,0.5833333333333334,0.442282469296036,0.5083471641096571,13,high-dim
MusicGenreAnomaly,KNN,local,0.05555555555555558,0.442282469296036,0.5083471641096571,13,high-dim
MusicGenreAnomaly,KNN_k10,local,0.16666666666666663,0.442282469296036,0.5083471641096571,13,high-dim
MusicGenreAnomaly,KNN_k100,local,-0.4444444444444445,0.442282469296036,0.5083471641096571,13,high-dim
MusicGenreAnomaly,KNN_k200,local,0.22222222222222227,0.442282469296036,0.5083471641096571,13,high-dim
MusicGenreAnomaly,KNN_k3,local,0.02777777777777779,0.442282469296036,0.5083471641096571,13,high-dim
MusicGenreAnomaly,KNN_k35,local,0.24999999999999994,0.442282469296036,0.5083471641096571,13,high-dim
MusicGenreAnomaly,KNN_k50,local,0.33333333333333337,0.442282469296036,0.5083471641096571,13,high-dim
MusicGenreAnomaly,LODA,other,0.0,0.442282469296036,0.5083471641096571,13,high-dim
MusicGenreAnomaly,LODA_b20,other,-0.5833333333333334,0.442282469296036,0.5083471641096571,13,high-dim
MusicGenreAnomaly,LODA_b50,other,0.8888888888888888,0.442282469296036,0.5083471641096571,13,high-dim
MusicGenreAnomaly,LOF,local,-0.7222222222222222,0.442282469296036,0.5083471641096571,13,high-dim
MusicGenreAnomaly,LOF_k10,local,-0.6666666666666666,0.442282469296036,0.5083471641096571,13,high-dim
MusicGenreAnomaly,LOF_k100,local,-0.3055555555555556,0.442282469296036,0.5083471641096571,13,high-dim
MusicGenreAnomaly,LOF_k200,local,0.19444444444444442,0.442282469296036,0.5083471641096571,13,high-dim
MusicGenreAnomaly,LOF_k3,local,-0.16666666666666663,0.442282469296036,0.5083471641096571,13,high-dim
MusicGenreAnomaly,LOF_k35,local,-0.47222222222222227,0.442282469296036,0.5083471641096571,13,high-dim
MusicGenreAnomaly,LOF_k50,local,0.19444444444444445,0.442282469296036,0.5083471641096571,13,high-dim
MusicGenreAnomaly,PCA,global,-0.19444444444444442,0.442282469296036,0.5083471641096571,13,high-dim
MusicGenreAnomaly,PCA_c0.3,global,-0.2222222222222222,0.442282469296036,0.5083471641096571,13,high-dim
MusicGenreAnomaly,PCA_c0.7,global,0.0,0.442282469296036,0.5083471641096571,13,high-dim
MusicGenreAnomaly,PCA_c0.9,global,0.16666666666666663,0.442282469296036,0.5083471641096571,13,high-dim
MusicGenreAnomaly,PCA_c0.99,global,0.11111111111111116,0.442282469296036,0.5083471641096571,13,high-dim
NetworkHealthMonitor,CBLOF,local,-0.08333333333333331,0.8768091256420265,0.5546200927794701,22,high-dim
NetworkHealthMonitor,CBLOF_c16,local,0.05555555555555555,0.8768091256420265,0.5546200927794701,22,high-dim
NetworkHealthMonitor,CBLOF_c32,local,0.22222222222222224,0.8768091256420265,0.5546200927794701,22,high-dim
NetworkHealthMonitor,CBLOF_c4,local,-0.19444444444444448,0.8768091256420265,0.5546200927794701,22,high-dim
NetworkHealthMonitor,COPOD,global,-0.9027777777777778,0.8768091256420265,0.5546200927794701,22,high-dim
NetworkHealthMonitor,ECOD,global,-0.40277777777777773,0.8768091256420265,0.5546200927794701,22,high-dim
NetworkHealthMonitor,HBOS,global,0.5555555555555555,0.8768091256420265,0.5546200927794701,22,high-dim
NetworkHealthMonitor,HBOS_b100,global,0.5277777777777778,0.8768091256420265,0.5546200927794701,22,high-dim
NetworkHealthMonitor,HBOS_b20,global,0.5833333333333333,0.8768091256420265,0.5546200927794701,22,high-dim
NetworkHealthMonitor,HBOS_b5,global,0.3611111111111111,0.8768091256420265,0.5546200927794701,22,high-dim
NetworkHealthMonitor,HBOS_b50,global,0.25,0.8768091256420265,0.5546200927794701,22,high-dim
NetworkHealthMonitor,IF_n300,other,0.08333333333333326,0.8768091256420265,0.5546200927794701,22,high-dim
NetworkHealthMonitor,IF_n50,other,-0.13888888888888884,0.8768091256420265,0.5546200927794701,22,high-dim
NetworkHealthMonitor,IForest,other,-0.08333333333333326,0.8768091256420265,0.5546200927794701,22,high-dim
NetworkHealthMonitor,KNN,local,-0.2222222222222222,0.8768091256420265,0.5546200927794701,22,high-dim
NetworkHealthMonitor,KNN_k10,local,-0.19444444444444442,0.8768091256420265,0.5546200927794701,22,high-dim
NetworkHealthMonitor,KNN_k100,local,-0.1111111111111111,0.8768091256420265,0.5546200927794701,22,high-dim
NetworkHealthMonitor,KNN_k200,local,-0.4444444444444445,0.8768091256420265,0.5546200927794701,22,high-dim
NetworkHealthMonitor,KNN_k3,local,-0.3055555555555556,0.8768091256420265,0.5546200927794701,22,high-dim
NetworkHealthMonitor,KNN_k35,local,0.027777777777777735,0.8768091256420265,0.5546200927794701,22,high-dim
NetworkHealthMonitor,KNN_k50,local,0.02777777777777779,0.8768091256420265,0.5546200927794701,22,high-dim
NetworkHealthMonitor,LODA,other,0.1388888888888889,0.8768091256420265,0.5546200927794701,22,high-dim
NetworkHealthMonitor,LODA_b20,other,0.16666666666666669,0.8768091256420265,0.5546200927794701,22,high-dim
NetworkHealthMonitor,LODA_b50,other,0.16666666666666663,0.8768091256420265,0.5546200927794701,22,high-dim
NetworkHealthMonitor,LOF,local,-0.5,0.8768091256420265,0.5546200927794701,22,high-dim
NetworkHealthMonitor,LOF_k10,local,-0.36111111111111116,0.8768091256420265,0.5546200927794701,22,high-dim
NetworkHealthMonitor,LOF_k100,local,-0.1111111111111111,0.8768091256420265,0.5546200927794701,22,high-dim
NetworkHealthMonitor,LOF_k200,local,0.1388888888888889,0.8768091256420265,0.5546200927794701,22,high-dim
NetworkHealthMonitor,LOF_k3,local,0.19444444444444448,0.8768091256420265,0.5546200927794701,22,high-dim
NetworkHealthMonitor,LOF_k35,local,-0.3611111111111111,0.8768091256420265,0.5546200927794701,22,high-dim
NetworkHealthMonitor,LOF_k50,local,-0.3055555555555555,0.8768091256420265,0.5546200927794701,22,high-dim
NetworkHealthMonitor,PCA,global,0.11111111111111116,0.8768091256420265,0.5546200927794701,22,high-dim
NetworkHealthMonitor,PCA_c0.3,global,0.2777777777777778,0.8768091256420265,0.5546200927794701,22,high-dim
NetworkHealthMonitor,PCA_c0.7,global,0.22222222222222232,0.8768091256420265,0.5546200927794701,22,high-dim
NetworkHealthMonitor,PCA_c0.9,global,0.2777777777777777,0.8768091256420265,0.5546200927794701,22,high-dim
NetworkHealthMonitor,PCA_c0.99,global,0.33333333333333326,0.8768091256420265,0.5546200927794701,22,high-dim
NeuroSignalEEG,CBLOF_c16,local,0.05882352941176472,0.121600336765425,0.0,12,high-dim
NeuroSignalEEG,CBLOF_c32,local,-0.5294117647058824,0.121600336765425,0.0,12,high-dim
NeuroSignalEEG,COPOD,global,0.49999999999999994,0.121600336765425,0.0,12,high-dim
NeuroSignalEEG,ECOD,global,0.2647058823529411,0.121600336765425,0.0,12,high-dim
NeuroSignalEEG,HBOS,global,0.0,0.121600336765425,0.0,12,high-dim
NeuroSignalEEG,HBOS_b100,global,0.0,0.121600336765425,0.0,12,high-dim
NeuroSignalEEG,HBOS_b20,global,0.0,0.121600336765425,0.0,12,high-dim
NeuroSignalEEG,HBOS_b5,global,-0.8382352941176471,0.121600336765425,0.0,12,high-dim
NeuroSignalEEG,HBOS_b50,global,0.0,0.121600336765425,0.0,12,high-dim
NeuroSignalEEG,IF_n300,other,-0.02941176470588236,0.121600336765425,0.0,12,high-dim
NeuroSignalEEG,IF_n50,other,-0.04411764705882353,0.121600336765425,0.0,12,high-dim
NeuroSignalEEG,IForest,other,-0.17647058823529413,0.121600336765425,0.0,12,high-dim
NeuroSignalEEG,KNN,local,-0.2058823529411764,0.121600336765425,0.0,12,high-dim
NeuroSignalEEG,KNN_k10,local,-0.5294117647058822,0.121600336765425,0.0,12,high-dim
NeuroSignalEEG,KNN_k100,local,0.14705882352941174,0.121600336765425,0.0,12,high-dim
NeuroSignalEEG,KNN_k200,local,-0.02941176470588236,0.121600336765425,0.0,12,high-dim
NeuroSignalEEG,KNN_k3,local,-0.08823529411764708,0.121600336765425,0.0,12,high-dim
NeuroSignalEEG,KNN_k35,local,-0.05882352941176472,0.121600336765425,0.0,12,high-dim
NeuroSignalEEG,KNN_k50,local,0.05882352941176472,0.121600336765425,0.0,12,high-dim
NeuroSignalEEG,LODA,other,0.23529411764705876,0.121600336765425,0.0,12,high-dim
NeuroSignalEEG,LODA_b20,other,0.05882352941176471,0.121600336765425,0.0,12,high-dim
NeuroSignalEEG,LODA_b50,other,0.08823529411764706,0.121600336765425,0.0,12,high-dim
NeuroSignalEEG,LOF,local,0.02941176470588236,0.121600336765425,0.0,12,high-dim
NeuroSignalEEG,LOF_k10,local,-0.11764705882352933,0.121600336765425,0.0,12,high-dim
NeuroSignalEEG,LOF_k100,local,0.32352941176470595,0.121600336765425,0.0,12,high-dim
NeuroSignalEEG,LOF_k200,local,0.2647058823529412,0.121600336765425,0.0,12,high-dim
NeuroSignalEEG,LOF_k3,local,0.1470588235294117,0.121600336765425,0.0,12,high-dim
NeuroSignalEEG,LOF_k35,local,-0.11764705882352944,0.121600336765425,0.0,12,high-dim
NeuroSignalEEG,LOF_k50,local,0.02941176470588236,0.121600336765425,0.0,12,high-dim
NeuroSignalEEG,PCA,global,0.23529411764705885,0.121600336765425,0.0,12,high-dim
NeuroSignalEEG,PCA_c0.3,global,0.14705882352941177,0.121600336765425,0.0,12,high-dim
NeuroSignalEEG,PCA_c0.7,global,0.05882352941176469,0.121600336765425,0.0,12,high-dim
NeuroSignalEEG,PCA_c0.9,global,0.04411764705882354,0.121600336765425,0.0,12,high-dim
NeuroSignalEEG,PCA_c0.99,global,0.0735294117647059,0.121600336765425,0.0,12,high-dim
OrbitalAnomalies,CBLOF,local,0.05714285714285715,0.2324814161354402,0.0,11,low-dim
OrbitalAnomalies,CBLOF_c16,local,-0.3142857142857143,0.2324814161354402,0.0,11,low-dim
OrbitalAnomalies,CBLOF_c32,local,-0.17142857142857143,0.2324814161354402,0.0,11,low-dim
OrbitalAnomalies,COPOD,global,-0.5714285714285714,0.2324814161354402,0.0,11,low-dim
OrbitalAnomalies,ECOD,global,-0.7999999999999999,0.2324814161354402,0.0,11,low-dim
OrbitalAnomalies,HBOS,global,-0.11428571428571432,0.2324814161354402,0.0,11,low-dim
OrbitalAnomalies,HBOS_b100,global,-0.4,0.2324814161354402,0.0,11,low-dim
OrbitalAnomalies,HBOS_b20,global,-0.2857142857142857,0.2324814161354402,0.0,11,low-dim
OrbitalAnomalies,HBOS_b5,global,0.05714285714285716,0.2324814161354402,0.0,11,low-dim
OrbitalAnomalies,HBOS_b50,global,-0.2571428571428571,0.2324814161354402,0.0,11,low-dim
OrbitalAnomalies,IF_n300,other,-0.11428571428571421,0.2324814161354402,0.0,11,low-dim
OrbitalAnomalies,IF_n50,other,0.05714285714285716,0.2324814161354402,0.0,11,low-dim
OrbitalAnomalies,IForest,other,-0.02857142857142858,0.2324814161354402,0.0,11,low-dim
OrbitalAnomalies,KNN,local,0.0,0.2324814161354402,0.0,11,low-dim
OrbitalAnomalies,KNN_k10,local,0.057142857142857106,0.2324814161354402,0.0,11,low-dim
OrbitalAnomalies,KNN_k100,local,-0.028571428571428553,0.2324814161354402,0.0,11,low-dim
OrbitalAnomalies,KNN_k200,local,-0.02857142857142858,0.2324814161354402,0.0,11,low-dim
OrbitalAnomalies,KNN_k3,local,0.22857142857142854,0.2324814161354402,0.0,11,low-dim
OrbitalAnomalies,KNN_k35,local,0.14285714285714285,0.2324814161354402,0.0,11,low-dim
OrbitalAnomalies,KNN_k50,local,0.14285714285714285,0.2324814161354402,0.0,11,low-dim
OrbitalAnomalies,LODA,other,0.4285714285714286,0.2324814161354402,0.0,11,low-dim
OrbitalAnomalies,LODA_b20,other,0.3142857142857143,0.2324814161354402,0.0,11,low-dim
OrbitalAnomalies,LODA_b50,other,0.0,0.2324814161354402,0.0,11,low-dim
OrbitalAnomalies,LOF,local,-0.11428571428571421,0.2324814161354402,0.0,11,low-dim
OrbitalAnomalies,LOF_k10,local,0.057142857142857106,0.2324814161354402,0.0,11,low-dim
OrbitalAnomalies,LOF_k100,local,0.22857142857142856,0.2324814161354402,0.0,11,low-dim
OrbitalAnomalies,LOF_k200,local,0.14285714285714285,0.2324814161354402,0.0,11,low-dim
OrbitalAnomalies,LOF_k3,local,0.34285714285714286,0.2324814161354402,0.0,11,low-dim
OrbitalAnomalies,LOF_k35,local,0.02857142857142858,0.2324814161354402,0.0,11,low-dim
OrbitalAnomalies,LOF_k50,local,0.08571428571428574,0.2324814161354402,0.0,11,low-dim
OrbitalAnomalies,PCA,global,0.1428571428571428,0.2324814161354402,0.0,11,low-dim
OrbitalAnomalies,PCA_c0.3,global,-0.05714285714285716,0.2324814161354402,0.0,11,low-dim
OrbitalAnomalies,PCA_c0.7,global,0.17142857142857137,0.2324814161354402,0.0,11,low-dim
OrbitalAnomalies,PCA_c0.9,global,0.3142857142857143,0.2324814161354402,0.0,11,low-dim
OrbitalAnomalies,PCA_c0.99,global,0.2857142857142857,0.2324814161354402,0.0,11,low-dim
PatientSurvival1,CBLOF,local,0.1111111111111111,0.269738563213149,0.0634946153000795,9,low-dim
PatientSurvival1,CBLOF_c16,local,0.16666666666666663,0.269738563213149,0.0634946153000795,9,low-dim
PatientSurvival1,CBLOF_c32,local,0.05555555555555558,0.269738563213149,0.0634946153000795,9,low-dim
PatientSurvival1,CBLOF_c4,local,0.19444444444444442,0.269738563213149,0.0634946153000795,9,low-dim
PatientSurvival1,COPOD,global,-0.8333333333333333,0.269738563213149,0.0634946153000795,9,low-dim
PatientSurvival1,ECOD,global,-0.611111111111111,0.269738563213149,0.0634946153000795,9,low-dim
PatientSurvival1,HBOS,global,-0.11111111111111116,0.269738563213149,0.0634946153000795,9,low-dim
PatientSurvival1,HBOS_b100,global,-0.36111111111111116,0.269738563213149,0.0634946153000795,9,low-dim
PatientSurvival1,HBOS_b20,global,-0.2777777777777778,0.269738563213149,0.0634946153000795,9,low-dim
PatientSurvival1,HBOS_b5,global,0.4444444444444445,0.269738563213149,0.0634946153000795,9,low-dim
PatientSurvival1,HBOS_b50,global,-0.36111111111111105,0.269738563213149,0.0634946153000795,9,low-dim
PatientSurvival1,IF_n300,other,0.05555555555555558,0.269738563213149,0.0634946153000795,9,low-dim
PatientSurvival1,IF_n50,other,0.08333333333333326,0.269738563213149,0.0634946153000795,9,low-dim
PatientSurvival1,IForest,other,0.05555555555555558,0.269738563213149,0.0634946153000795,9,low-dim
PatientSurvival1,KNN,local,0.3055555555555555,0.269738563213149,0.0634946153000795,9,low-dim
PatientSurvival1,KNN_k10,local,0.2777777777777778,0.269738563213149,0.0634946153000795,9,low-dim
PatientSurvival1,KNN_k100,local,0.0,0.269738563213149,0.0634946153000795,9,low-dim
PatientSurvival1,KNN_k200,local,-0.027777777777777776,0.269738563213149,0.0634946153000795,9,low-dim
PatientSurvival1,KNN_k3,local,0.25,0.269738563213149,0.0634946153000795,9,low-dim
PatientSurvival1,KNN_k35,local,0.08333333333333337,0.269738563213149,0.0634946153000795,9,low-dim
PatientSurvival1,KNN_k50,local,0.02777777777777779,0.269738563213149,0.0634946153000795,9,low-dim
PatientSurvival1,LODA,other,-0.08333333333333337,0.269738563213149,0.0634946153000795,9,low-dim
PatientSurvival1,LODA_b20,other,0.05555555555555547,0.269738563213149,0.0634946153000795,9,low-dim
PatientSurvival1,LODA_b50,other,0.0,0.269738563213149,0.0634946153000795,9,low-dim
PatientSurvival1,LOF,local,-0.1388888888888889,0.269738563213149,0.0634946153000795,9,low-dim
PatientSurvival1,LOF_k10,local,-0.1388888888888889,0.269738563213149,0.0634946153000795,9,low-dim
PatientSurvival1,LOF_k100,local,0.19444444444444448,0.269738563213149,0.0634946153000795,9,low-dim
PatientSurvival1,LOF_k200,local,0.05555555555555555,0.269738563213149,0.0634946153000795,9,low-dim
PatientSurvival1,LOF_k3,local,-0.41666666666666674,0.269738563213149,0.0634946153000795,9,low-dim
PatientSurvival1,LOF_k35,local,0.02777777777777779,0.269738563213149,0.0634946153000795,9,low-dim
PatientSurvival1,LOF_k50,local,0.22222222222222224,0.269738563213149,0.0634946153000795,9,low-dim
PatientSurvival1,PCA,global,0.08333333333333337,0.269738563213149,0.0634946153000795,9,low-dim
PatientSurvival1,PCA_c0.3,global,0.13888888888888895,0.269738563213149,0.0634946153000795,9,low-dim
PatientSurvival1,PCA_c0.7,global,0.13888888888888884,0.269738563213149,0.0634946153000795,9,low-dim
PatientSurvival1,PCA_c0.9,global,0.11111111111111116,0.269738563213149,0.0634946153000795,9,low-dim
PatientSurvival1,PCA_c0.99,global,0.2222222222222222,0.269738563213149,0.0634946153000795,9,low-dim
PerformanceBenchmark,CBLOF,local,-0.08333333333333337,0.6916523104844616,1.438579356514656,4,low-dim
PerformanceBenchmark,CBLOF_c16,local,0.25,0.6916523104844616,1.438579356514656,4,low-dim
PerformanceBenchmark,CBLOF_c32,local,0.4166666666666667,0.6916523104844616,1.438579356514656,4,low-dim
PerformanceBenchmark,CBLOF_c4,local,-0.19444444444444448,0.6916523104844616,1.438579356514656,4,low-dim
PerformanceBenchmark,COPOD,global,-0.611111111111111,0.6916523104844616,1.438579356514656,4,low-dim
PerformanceBenchmark,ECOD,global,-0.2777777777777778,0.6916523104844616,1.438579356514656,4,low-dim
PerformanceBenchmark,HBOS,global,-0.05555555555555555,0.6916523104844616,1.438579356514656,4,low-dim
PerformanceBenchmark,HBOS_b100,global,-0.16666666666666663,0.6916523104844616,1.438579356514656,4,low-dim
PerformanceBenchmark,HBOS_b20,global,-0.22222222222222227,0.6916523104844616,1.438579356514656,4,low-dim
PerformanceBenchmark,HBOS_b5,global,0.0,0.6916523104844616,1.438579356514656,4,low-dim
PerformanceBenchmark,HBOS_b50,global,-0.25,0.6916523104844616,1.438579356514656,4,low-dim
PerformanceBenchmark,IF_n300,other,0.11111111111111116,0.6916523104844616,1.438579356514656,4,low-dim
PerformanceBenchmark,IF_n50,other,0.16666666666666663,0.6916523104844616,1.438579356514656,4,low-dim
PerformanceBenchmark,IForest,other,0.11111111111111105,0.6916523104844616,1.438579356514656,4,low-dim
PerformanceBenchmark,KNN,local,0.13888888888888895,0.6916523104844616,1.438579356514656,4,low-dim
PerformanceBenchmark,KNN_k10,local,0.2777777777777778,0.6916523104844616,1.438579356514656,4,low-dim
PerformanceBenchmark,KNN_k100,local,-0.2222222222222222,0.6916523104844616,1.438579356514656,4,low-dim
PerformanceBenchmark,KNN_k200,local,-0.2777777777777778,0.6916523104844616,1.438579356514656,4,low-dim
PerformanceBenchmark,KNN_k3,local,0.11111111111111105,0.6916523104844616,1.438579356514656,4,low-dim
PerformanceBenchmark,KNN_k35,local,0.05555555555555558,0.6916523104844616,1.438579356514656,4,low-dim
PerformanceBenchmark,KNN_k50,local,0.05555555555555555,0.6916523104844616,1.438579356514656,4,low-dim
PerformanceBenchmark,LODA,other,0.13888888888888884,0.6916523104844616,1.438579356514656,4,low-dim
PerformanceBenchmark,LODA_b20,other,0.33333333333333337,0.6916523104844616,1.438579356514656,4,low-dim
PerformanceBenchmark,LODA_b50,other,0.2222222222222222,0.6916523104844616,1.438579356514656,4,low-dim
PerformanceBenchmark,LOF,local,-0.4444444444444444,0.6916523104844616,1.438579356514656,4,low-dim
PerformanceBenchmark,LOF_k10,local,-0.5833333333333333,0.6916523104844616,1.438579356514656,4,low-dim
PerformanceBenchmark,LOF_k100,local,-0.3055555555555555,0.6916523104844616,1.438579356514656,4,low-dim
PerformanceBenchmark,LOF_k200,local,-0.47222222222222227,0.6916523104844616,1.438579356514656,4,low-dim
PerformanceBenchmark,LOF_k3,local,-0.3333333333333333,0.6916523104844616,1.438579356514656,4,low-dim
PerformanceBenchmark,LOF_k35,local,-0.5555555555555556,0.6916523104844616,1.438579356514656,4,low-dim
PerformanceBenchmark,LOF_k50,local,0.0,0.6916523104844616,1.438579356514656,4,low-dim
PerformanceBenchmark,PCA,global,0.4722222222222222,0.6916523104844616,1.438579356514656,4,low-dim
PerformanceBenchmark,PCA_c0.3,global,0.4722222222222222,0.6916523104844616,1.438579356514656,4,low-dim
PerformanceBenchmark,PCA_c0.7,global,0.5,0.6916523104844616,1.438579356514656,4,low-dim
PerformanceBenchmark,PCA_c0.9,global,0.611111111111111,0.6916523104844616,1.438579356514656,4,low-dim
PerformanceBenchmark,PCA_c0.99,global,0.611111111111111,0.6916523104844616,1.438579356514656,4,low-dim
PokemonBattle,CBLOF,local,0.48571428571428565,0.1932574917852277,0.0144421872499878,12,high-dim
PokemonBattle,CBLOF_c16,local,0.4857142857142857,0.1932574917852277,0.0144421872499878,12,high-dim
PokemonBattle,CBLOF_c32,local,0.2,0.1932574917852277,0.0144421872499878,12,high-dim
PokemonBattle,COPOD,global,-0.04285714285714286,0.1932574917852277,0.0144421872499878,12,high-dim
PokemonBattle,ECOD,global,-0.35714285714285715,0.1932574917852277,0.0144421872499878,12,high-dim
PokemonBattle,HBOS,global,-0.4857142857142857,0.1932574917852277,0.0144421872499878,12,high-dim
PokemonBattle,HBOS_b100,global,-0.20000000000000007,0.1932574917852277,0.0144421872499878,12,high-dim
PokemonBattle,HBOS_b20,global,-0.6285714285714286,0.1932574917852277,0.0144421872499878,12,high-dim
PokemonBattle,HBOS_b5,global,-0.4285714285714285,0.1932574917852277,0.0144421872499878,12,high-dim
PokemonBattle,HBOS_b50,global,-0.7428571428571429,0.1932574917852277,0.0144421872499878,12,high-dim
PokemonBattle,IF_n300,other,-0.17142857142857143,0.1932574917852277,0.0144421872499878,12,high-dim
PokemonBattle,IF_n50,other,-0.17142857142857137,0.1932574917852277,0.0144421872499878,12,high-dim
PokemonBattle,IForest,other,-0.2571428571428572,0.1932574917852277,0.0144421872499878,12,high-dim
PokemonBattle,KNN,local,0.17142857142857137,0.1932574917852277,0.0144421872499878,12,high-dim
PokemonBattle,KNN_k10,local,0.2571428571428571,0.1932574917852277,0.0144421872499878,12,high-dim
PokemonBattle,KNN_k100,local,0.4,0.1932574917852277,0.0144421872499878,12,high-dim
PokemonBattle,KNN_k200,local,0.3428571428571428,0.1932574917852277,0.0144421872499878,12,high-dim
PokemonBattle,KNN_k3,local,0.11428571428571432,0.1932574917852277,0.0144421872499878,12,high-dim
PokemonBattle,KNN_k35,local,0.4285714285714286,0.1932574917852277,0.0144421872499878,12,high-dim
PokemonBattle,KNN_k50,local,0.4571428571428572,0.1932574917852277,0.0144421872499878,12,high-dim
PokemonBattle,LODA,other,-0.3428571428571428,0.1932574917852277,0.0144421872499878,12,high-dim
PokemonBattle,LODA_b20,other,-0.22857142857142856,0.1932574917852277,0.0144421872499878,12,high-dim
PokemonBattle,LODA_b50,other,0.11428571428571427,0.1932574917852277,0.0144421872499878,12,high-dim
PokemonBattle,LOF,local,-0.11428571428571421,0.1932574917852277,0.0144421872499878,12,high-dim
PokemonBattle,LOF_k10,local,-0.05714285714285716,0.1932574917852277,0.0144421872499878,12,high-dim
PokemonBattle,LOF_k100,local,0.20000000000000007,0.1932574917852277,0.0144421872499878,12,high-dim
PokemonBattle,LOF_k200,local,0.37142857142857144,0.1932574917852277,0.0144421872499878,12,high-dim
PokemonBattle,LOF_k3,local,-0.4,0.1932574917852277,0.0144421872499878,12,high-dim
PokemonBattle,LOF_k35,local,0.02857142857142858,0.1932574917852277,0.0144421872499878,12,high-dim
PokemonBattle,LOF_k50,local,0.02857142857142847,0.1932574917852277,0.0144421872499878,12,high-dim
PokemonBattle,PCA,global,0.17142857142857143,0.1932574917852277,0.0144421872499878,12,high-dim
PokemonBattle,PCA_c0.3,global,0.2571428571428571,0.1932574917852277,0.0144421872499878,12,high-dim
PokemonBattle,PCA_c0.7,global,0.02857142857142858,0.1932574917852277,0.0144421872499878,12,high-dim
PokemonBattle,PCA_c0.9,global,-0.057142857142857106,0.1932574917852277,0.0144421872499878,12,high-dim
PokemonBattle,PCA_c0.99,global,0.14285714285714285,0.1932574917852277,0.0144421872499878,12,high-dim
PoliceArrestFraud,CBLOF,local,0.2222222222222222,0.4786740922569362,0.271512465435282,3,low-dim
PoliceArrestFraud,CBLOF_c16,local,0.0,0.4786740922569362,0.271512465435282,3,low-dim
PoliceArrestFraud,CBLOF_c32,local,-0.05555555555555558,0.4786740922569362,0.271512465435282,3,low-dim
PoliceArrestFraud,CBLOF_c4,local,-0.38888888888888884,0.4786740922569362,0.271512465435282,3,low-dim
PoliceArrestFraud,COPOD,global,-0.25,0.4786740922569362,0.271512465435282,3,low-dim
PoliceArrestFraud,ECOD,global,-0.1111111111111111,0.4786740922569362,0.271512465435282,3,low-dim
PoliceArrestFraud,HBOS,global,-0.7222222222222222,0.4786740922569362,0.271512465435282,3,low-dim
PoliceArrestFraud,HBOS_b100,global,0.08333333333333337,0.4786740922569362,0.271512465435282,3,low-dim
PoliceArrestFraud,HBOS_b20,global,-0.5277777777777779,0.4786740922569362,0.271512465435282,3,low-dim
PoliceArrestFraud,HBOS_b5,global,-0.6944444444444444,0.4786740922569362,0.271512465435282,3,low-dim
PoliceArrestFraud,HBOS_b50,global,0.08333333333333337,0.4786740922569362,0.271512465435282,3,low-dim
PoliceArrestFraud,IF_n300,other,-0.4722222222222222,0.4786740922569362,0.271512465435282,3,low-dim
PoliceArrestFraud,IF_n50,other,-0.638888888888889,0.4786740922569362,0.271512465435282,3,low-dim
PoliceArrestFraud,IForest,other,-0.5,0.4786740922569362,0.271512465435282,3,low-dim
PoliceArrestFraud,KNN,local,0.13888888888888884,0.4786740922569362,0.271512465435282,3,low-dim
PoliceArrestFraud,KNN_k10,local,0.0,0.4786740922569362,0.271512465435282,3,low-dim
PoliceArrestFraud,KNN_k100,local,0.4305555555555555,0.4786740922569362,0.271512465435282,3,low-dim
PoliceArrestFraud,KNN_k200,local,0.625,0.4786740922569362,0.271512465435282,3,low-dim
PoliceArrestFraud,KNN_k3,local,0.11111111111111116,0.4786740922569362,0.271512465435282,3,low-dim
PoliceArrestFraud,KNN_k35,local,0.5277777777777777,0.4786740922569362,0.271512465435282,3,low-dim
PoliceArrestFraud,KNN_k50,local,0.3472222222222222,0.4786740922569362,0.271512465435282,3,low-dim
PoliceArrestFraud,LODA,other,-0.8055555555555556,0.4786740922569362,0.271512465435282,3,low-dim
PoliceArrestFraud,LODA_b20,other,-0.6944444444444444,0.4786740922569362,0.271512465435282,3,low-dim
PoliceArrestFraud,LODA_b50,other,-0.5,0.4786740922569362,0.271512465435282,3,low-dim
PoliceArrestFraud,LOF,local,0.38888888888888884,0.4786740922569362,0.271512465435282,3,low-dim
PoliceArrestFraud,LOF_k10,local,0.36111111111111105,0.4786740922569362,0.271512465435282,3,low-dim
PoliceArrestFraud,LOF_k100,local,0.38888888888888884,0.4786740922569362,0.271512465435282,3,low-dim
PoliceArrestFraud,LOF_k200,local,0.5138888888888888,0.4786740922569362,0.271512465435282,3,low-dim
PoliceArrestFraud,LOF_k3,local,-0.19444444444444442,0.4786740922569362,0.271512465435282,3,low-dim
PoliceArrestFraud,LOF_k35,local,0.4305555555555556,0.4786740922569362,0.271512465435282,3,low-dim
PoliceArrestFraud,LOF_k50,local,0.5138888888888888,0.4786740922569362,0.271512465435282,3,low-dim
PoliceArrestFraud,PCA,global,0.2777777777777778,0.4786740922569362,0.271512465435282,3,low-dim
PoliceArrestFraud,PCA_c0.3,global,0.0,0.4786740922569362,0.271512465435282,3,low-dim
PoliceArrestFraud,PCA_c0.7,global,0.2777777777777778,0.4786740922569362,0.271512465435282,3,low-dim
PoliceArrestFraud,PCA_c0.9,global,0.41666666666666663,0.4786740922569362,0.271512465435282,3,low-dim
PoliceArrestFraud,PCA_c0.99,global,0.41666666666666663,0.4786740922569362,0.271512465435282,3,low-dim
PoliceForceDisturbance,CBLOF,local,-0.3055555555555556,0.2628590044778118,0.067666142477911,18,high-dim
PoliceForceDisturbance,CBLOF_c16,local,-0.3055555555555555,0.2628590044778118,0.067666142477911,18,high-dim
PoliceForceDisturbance,CBLOF_c32,local,-0.19444444444444448,0.2628590044778118,0.067666142477911,18,high-dim
PoliceForceDisturbance,CBLOF_c4,local,-0.8333333333333333,0.2628590044778118,0.067666142477911,18,high-dim
PoliceForceDisturbance,COPOD,global,-0.23611111111111113,0.2628590044778118,0.067666142477911,18,high-dim
PoliceForceDisturbance,ECOD,global,-0.125,0.2628590044778118,0.067666142477911,18,high-dim
PoliceForceDisturbance,HBOS,global,0.36111111111111116,0.2628590044778118,0.067666142477911,18,high-dim
PoliceForceDisturbance,HBOS_b100,global,0.9166666666666666,0.2628590044778118,0.067666142477911,18,high-dim
PoliceForceDisturbance,HBOS_b20,global,0.4444444444444445,0.2628590044778118,0.067666142477911,18,high-dim
PoliceForceDisturbance,HBOS_b5,global,0.1388888888888889,0.2628590044778118,0.067666142477911,18,high-dim
PoliceForceDisturbance,HBOS_b50,global,0.9444444444444444,0.2628590044778118,0.067666142477911,18,high-dim
PoliceForceDisturbance,IF_n300,other,0.5555555555555556,0.2628590044778118,0.067666142477911,18,high-dim
PoliceForceDisturbance,IF_n50,other,0.5,0.2628590044778118,0.067666142477911,18,high-dim
PoliceForceDisturbance,IForest,other,0.5,0.2628590044778118,0.067666142477911,18,high-dim
PoliceForceDisturbance,KNN,local,0.7222222222222222,0.2628590044778118,0.067666142477911,18,high-dim
PoliceForceDisturbance,KNN_k10,local,0.6111111111111112,0.2628590044778118,0.067666142477911,18,high-dim
PoliceForceDisturbance,KNN_k100,local,-0.5555555555555556,0.2628590044778118,0.067666142477911,18,high-dim
PoliceForceDisturbance,KNN_k200,local,-0.9166666666666666,0.2628590044778118,0.067666142477911,18,high-dim
PoliceForceDisturbance,KNN_k3,local,0.6944444444444444,0.2628590044778118,0.067666142477911,18,high-dim
PoliceForceDisturbance,KNN_k35,local,-0.2777777777777778,0.2628590044778118,0.067666142477911,18,high-dim
PoliceForceDisturbance,KNN_k50,local,-0.27777777777777773,0.2628590044778118,0.067666142477911,18,high-dim
PoliceForceDisturbance,LODA,other,-0.5277777777777778,0.2628590044778118,0.067666142477911,18,high-dim
PoliceForceDisturbance,LODA_b20,other,-0.6666666666666667,0.2628590044778118,0.067666142477911,18,high-dim
PoliceForceDisturbance,LODA_b50,other,-0.6666666666666666,0.2628590044778118,0.067666142477911,18,high-dim
PoliceForceDisturbance,LOF,local,0.02777777777777768,0.2628590044778118,0.067666142477911,18,high-dim
PoliceForceDisturbance,LOF_k10,local,0.02777777777777779,0.2628590044778118,0.067666142477911,18,high-dim
PoliceForceDisturbance,LOF_k100,local,-0.33333333333333337,0.2628590044778118,0.067666142477911,18,high-dim
PoliceForceDisturbance,LOF_k200,local,-0.6388888888888888,0.2628590044778118,0.067666142477911,18,high-dim
PoliceForceDisturbance,LOF_k3,local,-0.41666666666666663,0.2628590044778118,0.067666142477911,18,high-dim
PoliceForceDisturbance,LOF_k35,local,-0.16666666666666663,0.2628590044778118,0.067666142477911,18,high-dim
PoliceForceDisturbance,LOF_k50,local,-0.38888888888888884,0.2628590044778118,0.067666142477911,18,high-dim
PoliceForceDisturbance,PCA,global,0.19444444444444442,0.2628590044778118,0.067666142477911,18,high-dim
PoliceForceDisturbance,PCA_c0.3,global,0.25,0.2628590044778118,0.067666142477911,18,high-dim
PoliceForceDisturbance,PCA_c0.7,global,0.25,0.2628590044778118,0.067666142477911,18,high-dim
PoliceForceDisturbance,PCA_c0.9,global,0.3888888888888889,0.2628590044778118,0.067666142477911,18,high-dim
PoliceForceDisturbance,PCA_c0.99,global,0.3055555555555555,0.2628590044778118,0.067666142477911,18,high-dim
ProtestViolence,CBLOF,local,-0.24999999999999997,0.9015302159784704,0.754334967627181,7,low-dim
ProtestViolence,CBLOF_c16,local,-0.05555555555555555,0.9015302159784704,0.754334967627181,7,low-dim
ProtestViolence,CBLOF_c32,local,0.2222222222222222,0.9015302159784704,0.754334967627181,7,low-dim
ProtestViolence,CBLOF_c4,local,-0.25,0.9015302159784704,0.754334967627181,7,low-dim
ProtestViolence,COPOD,global,-0.7222222222222222,0.9015302159784704,0.754334967627181,7,low-dim
ProtestViolence,ECOD,global,-0.6388888888888888,0.9015302159784704,0.754334967627181,7,low-dim
ProtestViolence,HBOS,global,-0.75,0.9015302159784704,0.754334967627181,7,low-dim
ProtestViolence,HBOS_b100,global,-0.02777777777777779,0.9015302159784704,0.754334967627181,7,low-dim
ProtestViolence,HBOS_b20,global,-0.33333333333333326,0.9015302159784704,0.754334967627181,7,low-dim
ProtestViolence,HBOS_b5,global,-0.8055555555555555,0.9015302159784704,0.754334967627181,7,low-dim
ProtestViolence,HBOS_b50,global,-0.16666666666666663,0.9015302159784704,0.754334967627181,7,low-dim
ProtestViolence,IF_n300,other,-0.11111111111111116,0.9015302159784704,0.754334967627181,7,low-dim
ProtestViolence,IF_n50,other,-0.02777777777777779,0.9015302159784704,0.754334967627181,7,low-dim
ProtestViolence,IForest,other,-0.11111111111111116,0.9015302159784704,0.754334967627181,7,low-dim
ProtestViolence,KNN,local,0.36111111111111105,0.9015302159784704,0.754334967627181,7,low-dim
ProtestViolence,KNN_k10,local,0.38888888888888895,0.9015302159784704,0.754334967627181,7,low-dim
ProtestViolence,KNN_k100,local,0.05555555555555558,0.9015302159784704,0.754334967627181,7,low-dim
ProtestViolence,KNN_k200,local,0.0,0.9015302159784704,0.754334967627181,7,low-dim
ProtestViolence,KNN_k3,local,0.19444444444444442,0.9015302159784704,0.754334967627181,7,low-dim
ProtestViolence,KNN_k35,local,0.19444444444444448,0.9015302159784704,0.754334967627181,7,low-dim
ProtestViolence,KNN_k50,local,0.13888888888888884,0.9015302159784704,0.754334967627181,7,low-dim
ProtestViolence,LODA,other,-0.02777777777777779,0.9015302159784704,0.754334967627181,7,low-dim
ProtestViolence,LODA_b20,other,0.16666666666666663,0.9015302159784704,0.754334967627181,7,low-dim
ProtestViolence,LODA_b50,other,0.4444444444444444,0.9015302159784704,0.754334967627181,7,low-dim
ProtestViolence,LOF,local,0.41666666666666663,0.9015302159784704,0.754334967627181,7,low-dim
ProtestViolence,LOF_k10,local,-0.02777777777777779,0.9015302159784704,0.754334967627181,7,low-dim
ProtestViolence,LOF_k100,local,0.2777777777777778,0.9015302159784704,0.754334967627181,7,low-dim
ProtestViolence,LOF_k200,local,-0.08333333333333331,0.9015302159784704,0.754334967627181,7,low-dim
ProtestViolence,LOF_k3,local,-0.2777777777777778,0.9015302159784704,0.754334967627181,7,low-dim
ProtestViolence,LOF_k35,local,0.4722222222222222,0.9015302159784704,0.754334967627181,7,low-dim
ProtestViolence,LOF_k50,local,0.2777777777777778,0.9015302159784704,0.754334967627181,7,low-dim
ProtestViolence,PCA,global,0.19444444444444453,0.9015302159784704,0.754334967627181,7,low-dim
ProtestViolence,PCA_c0.3,global,0.2777777777777778,0.9015302159784704,0.754334967627181,7,low-dim
ProtestViolence,PCA_c0.7,global,0.19444444444444442,0.9015302159784704,0.754334967627181,7,low-dim
ProtestViolence,PCA_c0.9,global,0.19444444444444442,0.9015302159784704,0.754334967627181,7,low-dim
ProtestViolence,PCA_c0.99,global,0.19444444444444442,0.9015302159784704,0.754334967627181,7,low-dim
RacingMotion,CBLOF,local,-0.37142857142857144,0.2942392666129146,0.16564174703133,10,low-dim
RacingMotion,CBLOF_c16,local,-0.5142857142857142,0.2942392666129146,0.16564174703133,10,low-dim
RacingMotion,CBLOF_c32,local,-0.3428571428571428,0.2942392666129146,0.16564174703133,10,low-dim
RacingMotion,COPOD,global,0.057142857142857134,0.2942392666129146,0.16564174703133,10,low-dim
RacingMotion,ECOD,global,-0.17142857142857143,0.2942392666129146,0.16564174703133,10,low-dim
RacingMotion,HBOS,global,0.7142857142857142,0.2942392666129146,0.16564174703133,10,low-dim
RacingMotion,HBOS_b100,global,0.8571428571428572,0.2942392666129146,0.16564174703133,10,low-dim
RacingMotion,HBOS_b20,global,0.7714285714285714,0.2942392666129146,0.16564174703133,10,low-dim
RacingMotion,HBOS_b5,global,0.6285714285714286,0.2942392666129146,0.16564174703133,10,low-dim
RacingMotion,HBOS_b50,global,0.8571428571428571,0.2942392666129146,0.16564174703133,10,low-dim
RacingMotion,IF_n300,other,0.39999999999999997,0.2942392666129146,0.16564174703133,10,low-dim
RacingMotion,IF_n50,other,0.3428571428571429,0.2942392666129146,0.16564174703133,10,low-dim
RacingMotion,IForest,other,0.3714285714285715,0.2942392666129146,0.16564174703133,10,low-dim
RacingMotion,KNN,local,-0.2857142857142857,0.2942392666129146,0.16564174703133,10,low-dim
RacingMotion,KNN_k10,local,-0.2857142857142857,0.2942392666129146,0.16564174703133,10,low-dim
RacingMotion,KNN_k100,local,-0.5714285714285714,0.2942392666129146,0.16564174703133,10,low-dim
RacingMotion,KNN_k200,local,-0.5142857142857142,0.2942392666129146,0.16564174703133,10,low-dim
RacingMotion,KNN_k3,local,-0.3142857142857143,0.2942392666129146,0.16564174703133,10,low-dim
RacingMotion,KNN_k35,local,-0.4,0.2942392666129146,0.16564174703133,10,low-dim
RacingMotion,KNN_k50,local,-0.28571428571428575,0.2942392666129146,0.16564174703133,10,low-dim
RacingMotion,LODA,other,0.7142857142857143,0.2942392666129146,0.16564174703133,10,low-dim
RacingMotion,LODA_b20,other,0.7142857142857143,0.2942392666129146,0.16564174703133,10,low-dim
RacingMotion,LODA_b50,other,0.1428571428571429,0.2942392666129146,0.16564174703133,10,low-dim
RacingMotion,LOF,local,-0.37142857142857144,0.2942392666129146,0.16564174703133,10,low-dim
RacingMotion,LOF_k10,local,-0.34285714285714286,0.2942392666129146,0.16564174703133,10,low-dim
RacingMotion,LOF_k100,local,-0.5142857142857142,0.2942392666129146,0.16564174703133,10,low-dim
RacingMotion,LOF_k200,local,-0.4285714285714286,0.2942392666129146,0.16564174703133,10,low-dim
RacingMotion,LOF_k3,local,-0.2857142857142857,0.2942392666129146,0.16564174703133,10,low-dim
RacingMotion,LOF_k35,local,-0.3142857142857144,0.2942392666129146,0.16564174703133,10,low-dim
RacingMotion,LOF_k50,local,-0.28571428571428575,0.2942392666129146,0.16564174703133,10,low-dim
RacingMotion,PCA,global,0.05714285714285716,0.2942392666129146,0.16564174703133,10,low-dim
RacingMotion,PCA_c0.3,global,0.14285714285714285,0.2942392666129146,0.16564174703133,10,low-dim
RacingMotion,PCA_c0.7,global,-0.02857142857142858,0.2942392666129146,0.16564174703133,10,low-dim
RacingMotion,PCA_c0.9,global,-0.02857142857142858,0.2942392666129146,0.16564174703133,10,low-dim
RacingMotion,PCA_c0.99,global,-0.11428571428571432,0.2942392666129146,0.16564174703133,10,low-dim
RealEstateData,CBLOF_c16,local,-0.35294117647058826,0.2206326932093044,0.0694943498915608,4,low-dim
RealEstateData,CBLOF_c32,local,-0.29411764705882354,0.2206326932093044,0.0694943498915608,4,low-dim
RealEstateData,COPOD,global,0.32352941176470584,0.2206326932093044,0.0694943498915608,4,low-dim
RealEstateData,ECOD,global,0.3529411764705882,0.2206326932093044,0.0694943498915608,4,low-dim
RealEstateData,HBOS,global,-0.20588235294117652,0.2206326932093044,0.0694943498915608,4,low-dim
RealEstateData,HBOS_b100,global,0.08823529411764708,0.2206326932093044,0.0694943498915608,4,low-dim
RealEstateData,HBOS_b20,global,-0.08823529411764708,0.2206326932093044,0.0694943498915608,4,low-dim
RealEstateData,HBOS_b5,global,0.5588235294117647,0.2206326932093044,0.0694943498915608,4,low-dim
RealEstateData,HBOS_b50,global,0.02941176470588236,0.2206326932093044,0.0694943498915608,4,low-dim
RealEstateData,IF_n300,other,0.49999999999999994,0.2206326932093044,0.0694943498915608,4,low-dim
RealEstateData,IF_n50,other,0.2647058823529412,0.2206326932093044,0.0694943498915608,4,low-dim
RealEstateData,IForest,other,0.5294117647058822,0.2206326932093044,0.0694943498915608,4,low-dim
RealEstateData,KNN,local,-0.1470588235294118,0.2206326932093044,0.0694943498915608,4,low-dim
RealEstateData,KNN_k10,local,-0.11764705882352938,0.2206326932093044,0.0694943498915608,4,low-dim
RealEstateData,KNN_k100,local,-0.24999999999999997,0.2206326932093044,0.0694943498915608,4,low-dim
RealEstateData,KNN_k200,local,-0.3382352941176471,0.2206326932093044,0.0694943498915608,4,low-dim
RealEstateData,KNN_k3,local,-0.20588235294117652,0.2206326932093044,0.0694943498915608,4,low-dim
RealEstateData,KNN_k35,local,-0.3970588235294118,0.2206326932093044,0.0694943498915608,4,low-dim
RealEstateData,KNN_k50,local,-0.6911764705882353,0.2206326932093044,0.0694943498915608,4,low-dim
RealEstateData,LODA,other,0.6176470588235294,0.2206326932093044,0.0694943498915608,4,low-dim
RealEstateData,LODA_b20,other,0.2058823529411764,0.2206326932093044,0.0694943498915608,4,low-dim
RealEstateData,LODA_b50,other,-0.1470588235294117,0.2206326932093044,0.0694943498915608,4,low-dim
RealEstateData,LOF,local,-0.08823529411764708,0.2206326932093044,0.0694943498915608,4,low-dim
RealEstateData,LOF_k10,local,-0.4705882352941176,0.2206326932093044,0.0694943498915608,4,low-dim
RealEstateData,LOF_k100,local,-0.42647058823529416,0.2206326932093044,0.0694943498915608,4,low-dim
RealEstateData,LOF_k200,local,-0.3088235294117647,0.2206326932093044,0.0694943498915608,4,low-dim
RealEstateData,LOF_k3,local,-0.4117647058823529,0.2206326932093044,0.0694943498915608,4,low-dim
RealEstateData,LOF_k35,local,-0.4558823529411765,0.2206326932093044,0.0694943498915608,4,low-dim
RealEstateData,LOF_k50,local,-0.6323529411764706,0.2206326932093044,0.0694943498915608,4,low-dim
RealEstateData,PCA,global,0.4411764705882353,0.2206326932093044,0.0694943498915608,4,low-dim
RealEstateData,PCA_c0.3,global,0.4411764705882353,0.2206326932093044,0.0694943498915608,4,low-dim
RealEstateData,PCA_c0.7,global,0.4411764705882353,0.2206326932093044,0.0694943498915608,4,low-dim
RealEstateData,PCA_c0.9,global,0.6176470588235294,0.2206326932093044,0.0694943498915608,4,low-dim
RealEstateData,PCA_c0.99,global,0.6176470588235294,0.2206326932093044,0.0694943498915608,4,low-dim
Run_or_walk_information,CBLOF,local,0.08571428571428574,0.410567310738739,0.4060418945337871,6,low-dim
Run_or_walk_information,CBLOF_c16,local,-0.05714285714285716,0.410567310738739,0.4060418945337871,6,low-dim
Run_or_walk_information,CBLOF_c32,local,0.08571428571428574,0.410567310738739,0.4060418945337871,6,low-dim
Run_or_walk_information,COPOD,global,-0.09999999999999999,0.410567310738739,0.4060418945337871,6,low-dim
Run_or_walk_information,ECOD,global,-0.014285714285714284,0.410567310738739,0.4060418945337871,6,low-dim
Run_or_walk_information,HBOS,global,-0.17142857142857149,0.410567310738739,0.4060418945337871,6,low-dim
Run_or_walk_information,HBOS_b100,global,0.8857142857142857,0.410567310738739,0.4060418945337871,6,low-dim
Run_or_walk_information,HBOS_b20,global,0.2857142857142857,0.410567310738739,0.4060418945337871,6,low-dim
Run_or_walk_information,HBOS_b5,global,-0.3142857142857143,0.410567310738739,0.4060418945337871,6,low-dim
Run_or_walk_information,HBOS_b50,global,0.8,0.410567310738739,0.4060418945337871,6,low-dim
Run_or_walk_information,IF_n300,other,0.4285714285714286,0.410567310738739,0.4060418945337871,6,low-dim
Run_or_walk_information,IF_n50,other,0.45714285714285713,0.410567310738739,0.4060418945337871,6,low-dim
Run_or_walk_information,IForest,other,0.4285714285714286,0.410567310738739,0.4060418945337871,6,low-dim
Run_or_walk_information,KNN,local,0.1428571428571428,0.410567310738739,0.4060418945337871,6,low-dim
Run_or_walk_information,KNN_k10,local,0.1428571428571428,0.410567310738739,0.4060418945337871,6,low-dim
Run_or_walk_information,KNN_k100,local,0.5142857142857143,0.410567310738739,0.4060418945337871,6,low-dim
Run_or_walk_information,KNN_k200,local,0.4285714285714285,0.410567310738739,0.4060418945337871,6,low-dim
Run_or_walk_information,KNN_k3,local,0.1428571428571428,0.410567310738739,0.4060418945337871,6,low-dim
Run_or_walk_information,KNN_k35,local,0.3428571428571429,0.410567310738739,0.4060418945337871,6,low-dim
Run_or_walk_information,KNN_k50,local,0.3714285714285715,0.410567310738739,0.4060418945337871,6,low-dim
Run_or_walk_information,LODA,other,0.17142857142857143,0.410567310738739,0.4060418945337871,6,low-dim
Run_or_walk_information,LODA_b20,other,-0.2,0.410567310738739,0.4060418945337871,6,low-dim
Run_or_walk_information,LODA_b50,other,0.0,0.410567310738739,0.4060418945337871,6,low-dim
Run_or_walk_information,LOF,local,-0.7142857142857143,0.410567310738739,0.4060418945337871,6,low-dim
Run_or_walk_information,LOF_k10,local,-0.5142857142857142,0.410567310738739,0.4060418945337871,6,low-dim
Run_or_walk_information,LOF_k100,local,-0.6857142857142857,0.410567310738739,0.4060418945337871,6,low-dim
Run_or_walk_information,LOF_k200,local,-0.6857142857142857,0.410567310738739,0.4060418945337871,6,low-dim
Run_or_walk_information,LOF_k3,local,-0.6857142857142857,0.410567310738739,0.4060418945337871,6,low-dim
Run_or_walk_information,LOF_k35,local,-0.7999999999999999,0.410567310738739,0.4060418945337871,6,low-dim
Run_or_walk_information,LOF_k50,local,-0.7999999999999999,0.410567310738739,0.4060418945337871,6,low-dim
Run_or_walk_information,PCA,global,-0.02857142857142858,0.410567310738739,0.4060418945337871,6,low-dim
Run_or_walk_information,PCA_c0.3,global,-0.19999999999999996,0.410567310738739,0.4060418945337871,6,low-dim
Run_or_walk_information,PCA_c0.7,global,0.02857142857142858,0.410567310738739,0.4060418945337871,6,low-dim
Run_or_walk_information,PCA_c0.9,global,0.11428571428571427,0.410567310738739,0.4060418945337871,6,low-dim
Run_or_walk_information,PCA_c0.99,global,0.11428571428571427,0.410567310738739,0.4060418945337871,6,low-dim
SalesPerformance,CBLOF,local,0.05555555555555555,0.4158577045461047,0.367626449436818,7,low-dim
SalesPerformance,CBLOF_c16,local,0.1388888888888889,0.4158577045461047,0.367626449436818,7,low-dim
SalesPerformance,CBLOF_c32,local,0.16666666666666669,0.4158577045461047,0.367626449436818,7,low-dim
SalesPerformance,CBLOF_c4,local,0.11111111111111113,0.4158577045461047,0.367626449436818,7,low-dim
SalesPerformance,COPOD,global,-0.7777777777777778,0.4158577045461047,0.367626449436818,7,low-dim
SalesPerformance,ECOD,global,-0.4722222222222222,0.4158577045461047,0.367626449436818,7,low-dim
SalesPerformance,HBOS,global,-0.36111111111111116,0.4158577045461047,0.367626449436818,7,low-dim
SalesPerformance,HBOS_b100,global,0.05555555555555558,0.4158577045461047,0.367626449436818,7,low-dim
SalesPerformance,HBOS_b20,global,-0.08333333333333337,0.4158577045461047,0.367626449436818,7,low-dim
SalesPerformance,HBOS_b5,global,-0.16666666666666663,0.4158577045461047,0.367626449436818,7,low-dim
SalesPerformance,HBOS_b50,global,0.05555555555555558,0.4158577045461047,0.367626449436818,7,low-dim
SalesPerformance,IF_n300,other,0.33333333333333326,0.4158577045461047,0.367626449436818,7,low-dim
SalesPerformance,IF_n50,other,0.2777777777777778,0.4158577045461047,0.367626449436818,7,low-dim
SalesPerformance,IForest,other,0.33333333333333326,0.4158577045461047,0.367626449436818,7,low-dim
SalesPerformance,KNN,local,0.16666666666666669,0.4158577045461047,0.367626449436818,7,low-dim
SalesPerformance,KNN_k10,local,0.05555555555555558,0.4158577045461047,0.367626449436818,7,low-dim
SalesPerformance,KNN_k100,local,0.13888888888888884,0.4158577045461047,0.367626449436818,7,low-dim
SalesPerformance,KNN_k200,local,0.1111111111111111,0.4158577045461047,0.367626449436818,7,low-dim
SalesPerformance,KNN_k3,local,0.3055555555555555,0.4158577045461047,0.367626449436818,7,low-dim
SalesPerformance,KNN_k35,local,0.02777777777777779,0.4158577045461047,0.367626449436818,7,low-dim
SalesPerformance,KNN_k50,local,0.02777777777777779,0.4158577045461047,0.367626449436818,7,low-dim
SalesPerformance,LODA,other,-0.7222222222222223,0.4158577045461047,0.367626449436818,7,low-dim
SalesPerformance,LODA_b20,other,-0.11111111111111105,0.4158577045461047,0.367626449436818,7,low-dim
SalesPerformance,LODA_b50,other,0.02777777777777779,0.4158577045461047,0.367626449436818,7,low-dim
SalesPerformance,LOF,local,0.11111111111111112,0.4158577045461047,0.367626449436818,7,low-dim
SalesPerformance,LOF_k10,local,0.16666666666666666,0.4158577045461047,0.367626449436818,7,low-dim
SalesPerformance,LOF_k100,local,-0.08333333333333331,0.4158577045461047,0.367626449436818,7,low-dim
SalesPerformance,LOF_k200,local,0.19444444444444442,0.4158577045461047,0.367626449436818,7,low-dim
SalesPerformance,LOF_k3,local,0.05555555555555555,0.4158577045461047,0.367626449436818,7,low-dim
SalesPerformance,LOF_k35,local,0.05555555555555555,0.4158577045461047,0.367626449436818,7,low-dim
SalesPerformance,LOF_k50,local,-0.2222222222222222,0.4158577045461047,0.367626449436818,7,low-dim
SalesPerformance,PCA,global,0.05555555555555558,0.4158577045461047,0.367626449436818,7,low-dim
SalesPerformance,PCA_c0.3,global,-0.16666666666666663,0.4158577045461047,0.367626449436818,7,low-dim
SalesPerformance,PCA_c0.7,global,0.02777777777777779,0.4158577045461047,0.367626449436818,7,low-dim
SalesPerformance,PCA_c0.9,global,0.0,0.4158577045461047,0.367626449436818,7,low-dim
SalesPerformance,PCA_c0.99,global,0.11111111111111116,0.4158577045461047,0.367626449436818,7,low-dim
ScientificMeasurement,CBLOF_c16,local,0.3823529411764706,0.5124750363924098,0.2999213998560424,3,low-dim
ScientificMeasurement,CBLOF_c32,local,0.23529411764705876,0.5124750363924098,0.2999213998560424,3,low-dim
ScientificMeasurement,COPOD,global,-0.32352941176470584,0.5124750363924098,0.2999213998560424,3,low-dim
ScientificMeasurement,ECOD,global,-0.5,0.5124750363924098,0.2999213998560424,3,low-dim
ScientificMeasurement,HBOS,global,-0.32352941176470584,0.5124750363924098,0.2999213998560424,3,low-dim
ScientificMeasurement,HBOS_b100,global,-0.20588235294117652,0.5124750363924098,0.2999213998560424,3,low-dim
ScientificMeasurement,HBOS_b20,global,-0.4117647058823529,0.5124750363924098,0.2999213998560424,3,low-dim
ScientificMeasurement,HBOS_b5,global,0.20588235294117652,0.5124750363924098,0.2999213998560424,3,low-dim
ScientificMeasurement,HBOS_b50,global,-0.26470588235294124,0.5124750363924098,0.2999213998560424,3,low-dim
ScientificMeasurement,IF_n300,other,-0.411764705882353,0.5124750363924098,0.2999213998560424,3,low-dim
ScientificMeasurement,IF_n50,other,-0.20588235294117652,0.5124750363924098,0.2999213998560424,3,low-dim
ScientificMeasurement,IForest,other,-0.4705882352941177,0.5124750363924098,0.2999213998560424,3,low-dim
ScientificMeasurement,KNN,local,0.0,0.5124750363924098,0.2999213998560424,3,low-dim
ScientificMeasurement,KNN_k10,local,0.0,0.5124750363924098,0.2999213998560424,3,low-dim
ScientificMeasurement,KNN_k100,local,0.2058823529411765,0.5124750363924098,0.2999213998560424,3,low-dim
ScientificMeasurement,KNN_k200,local,0.14705882352941174,0.5124750363924098,0.2999213998560424,3,low-dim
ScientificMeasurement,KNN_k3,local,0.0,0.5124750363924098,0.2999213998560424,3,low-dim
ScientificMeasurement,KNN_k35,local,0.41176470588235287,0.5124750363924098,0.2999213998560424,3,low-dim
ScientificMeasurement,KNN_k50,local,0.3823529411764706,0.5124750363924098,0.2999213998560424,3,low-dim
ScientificMeasurement,LODA,other,0.4117647058823529,0.5124750363924098,0.2999213998560424,3,low-dim
ScientificMeasurement,LODA_b20,other,-0.05882352941176461,0.5124750363924098,0.2999213998560424,3,low-dim
ScientificMeasurement,LODA_b50,other,-0.1470588235294117,0.5124750363924098,0.2999213998560424,3,low-dim
ScientificMeasurement,LOF,local,0.2647058823529411,0.5124750363924098,0.2999213998560424,3,low-dim
ScientificMeasurement,LOF_k10,local,0.0,0.5124750363924098,0.2999213998560424,3,low-dim
ScientificMeasurement,LOF_k100,local,0.29411764705882354,0.5124750363924098,0.2999213998560424,3,low-dim
ScientificMeasurement,LOF_k200,local,0.23529411764705882,0.5124750363924098,0.2999213998560424,3,low-dim
ScientificMeasurement,LOF_k3,local,0.0,0.5124750363924098,0.2999213998560424,3,low-dim
ScientificMeasurement,LOF_k35,local,0.6176470588235294,0.5124750363924098,0.2999213998560424,3,low-dim
ScientificMeasurement,LOF_k50,local,0.5588235294117647,0.5124750363924098,0.2999213998560424,3,low-dim
ScientificMeasurement,PCA,global,-0.3529411764705882,0.5124750363924098,0.2999213998560424,3,low-dim
ScientificMeasurement,PCA_c0.3,global,-0.3529411764705882,0.5124750363924098,0.2999213998560424,3,low-dim
ScientificMeasurement,PCA_c0.7,global,-0.17647058823529413,0.5124750363924098,0.2999213998560424,3,low-dim
ScientificMeasurement,PCA_c0.9,global,-0.17647058823529413,0.5124750363924098,0.2999213998560424,3,low-dim
ScientificMeasurement,PCA_c0.99,global,0.02941176470588236,0.5124750363924098,0.2999213998560424,3,low-dim
SensorAnomaly,CBLOF,local,-0.16666666666666669,0.9055027453293868,0.2074967749088485,10,low-dim
SensorAnomaly,CBLOF_c16,local,-0.19444444444444448,0.9055027453293868,0.2074967749088485,10,low-dim
SensorAnomaly,CBLOF_c32,local,-0.7222222222222222,0.9055027453293868,0.2074967749088485,10,low-dim
SensorAnomaly,CBLOF_c4,local,-0.8888888888888888,0.9055027453293868,0.2074967749088485,10,low-dim
SensorAnomaly,COPOD,global,-0.513888888888889,0.9055027453293868,0.2074967749088485,10,low-dim
SensorAnomaly,ECOD,global,-0.3472222222222222,0.9055027453293868,0.2074967749088485,10,low-dim
SensorAnomaly,HBOS,global,0.5,0.9055027453293868,0.2074967749088485,10,low-dim
SensorAnomaly,HBOS_b100,global,0.6666666666666667,0.9055027453293868,0.2074967749088485,10,low-dim
SensorAnomaly,HBOS_b20,global,0.5833333333333333,0.9055027453293868,0.2074967749088485,10,low-dim
SensorAnomaly,HBOS_b5,global,0.36111111111111116,0.9055027453293868,0.2074967749088485,10,low-dim
SensorAnomaly,HBOS_b50,global,0.5277777777777778,0.9055027453293868,0.2074967749088485,10,low-dim
SensorAnomaly,IF_n300,other,0.36111111111111116,0.9055027453293868,0.2074967749088485,10,low-dim
SensorAnomaly,IF_n50,other,0.5,0.9055027453293868,0.2074967749088485,10,low-dim
SensorAnomaly,IForest,other,0.3055555555555556,0.9055027453293868,0.2074967749088485,10,low-dim
SensorAnomaly,KNN,local,-0.2222222222222222,0.9055027453293868,0.2074967749088485,10,low-dim
SensorAnomaly,KNN_k10,local,-0.2777777777777778,0.9055027453293868,0.2074967749088485,10,low-dim
SensorAnomaly,KNN_k100,local,-0.6388888888888888,0.9055027453293868,0.2074967749088485,10,low-dim
SensorAnomaly,KNN_k200,local,-0.8055555555555556,0.9055027453293868,0.2074967749088485,10,low-dim
SensorAnomaly,KNN_k3,local,-0.13888888888888895,0.9055027453293868,0.2074967749088485,10,low-dim
SensorAnomaly,KNN_k35,local,-0.4444444444444445,0.9055027453293868,0.2074967749088485,10,low-dim
SensorAnomaly,KNN_k50,local,-0.5277777777777777,0.9055027453293868,0.2074967749088485,10,low-dim
SensorAnomaly,LODA,other,-0.5277777777777778,0.9055027453293868,0.2074967749088485,10,low-dim
SensorAnomaly,LODA_b20,other,0.1111111111111111,0.9055027453293868,0.2074967749088485,10,low-dim
SensorAnomaly,LODA_b50,other,-0.08333333333333337,0.9055027453293868,0.2074967749088485,10,low-dim
SensorAnomaly,LOF,local,0.36111111111111116,0.9055027453293868,0.2074967749088485,10,low-dim
SensorAnomaly,LOF_k10,local,-0.1388888888888889,0.9055027453293868,0.2074967749088485,10,low-dim
SensorAnomaly,LOF_k100,local,0.08333333333333331,0.9055027453293868,0.2074967749088485,10,low-dim
SensorAnomaly,LOF_k200,local,-0.38888888888888884,0.9055027453293868,0.2074967749088485,10,low-dim
SensorAnomaly,LOF_k3,local,0.05555555555555555,0.9055027453293868,0.2074967749088485,10,low-dim
SensorAnomaly,LOF_k35,local,0.4166666666666667,0.9055027453293868,0.2074967749088485,10,low-dim
SensorAnomaly,LOF_k50,local,0.41666666666666663,0.9055027453293868,0.2074967749088485,10,low-dim
SensorAnomaly,PCA,global,0.38888888888888895,0.9055027453293868,0.2074967749088485,10,low-dim
SensorAnomaly,PCA_c0.3,global,0.4444444444444445,0.9055027453293868,0.2074967749088485,10,low-dim
SensorAnomaly,PCA_c0.7,global,0.41666666666666663,0.9055027453293868,0.2074967749088485,10,low-dim
SensorAnomaly,PCA_c0.9,global,0.2222222222222222,0.9055027453293868,0.2074967749088485,10,low-dim
SensorAnomaly,PCA_c0.99,global,0.30555555555555547,0.9055027453293868,0.2074967749088485,10,low-dim
ShuttleOperations,CBLOF,local,0.02777777777777768,0.5250494539567678,0.5890206395017453,8,low-dim
ShuttleOperations,CBLOF_c16,local,0.05555555555555558,0.5250494539567678,0.5890206395017453,8,low-dim
ShuttleOperations,CBLOF_c32,local,0.05555555555555558,0.5250494539567678,0.5890206395017453,8,low-dim
ShuttleOperations,CBLOF_c4,local,-0.02777777777777779,0.5250494539567678,0.5890206395017453,8,low-dim
ShuttleOperations,COPOD,global,-0.2222222222222222,0.5250494539567678,0.5890206395017453,8,low-dim
ShuttleOperations,ECOD,global,-0.1388888888888889,0.5250494539567678,0.5890206395017453,8,low-dim
ShuttleOperations,HBOS,global,-0.3333333333333333,0.5250494539567678,0.5890206395017453,8,low-dim
ShuttleOperations,HBOS_b100,global,-0.1388888888888889,0.5250494539567678,0.5890206395017453,8,low-dim
ShuttleOperations,HBOS_b20,global,-0.3611111111111111,0.5250494539567678,0.5890206395017453,8,low-dim
ShuttleOperations,HBOS_b5,global,-0.22222222222222227,0.5250494539567678,0.5890206395017453,8,low-dim
ShuttleOperations,HBOS_b50,global,-0.2222222222222222,0.5250494539567678,0.5890206395017453,8,low-dim
ShuttleOperations,IF_n300,other,0.19444444444444448,0.5250494539567678,0.5890206395017453,8,low-dim
ShuttleOperations,IF_n50,other,0.19444444444444448,0.5250494539567678,0.5890206395017453,8,low-dim
ShuttleOperations,IForest,other,0.27777777777777785,0.5250494539567678,0.5890206395017453,8,low-dim
ShuttleOperations,KNN,local,0.16666666666666663,0.5250494539567678,0.5890206395017453,8,low-dim
ShuttleOperations,KNN_k10,local,0.13888888888888884,0.5250494539567678,0.5890206395017453,8,low-dim
ShuttleOperations,KNN_k100,local,0.11111111111111105,0.5250494539567678,0.5890206395017453,8,low-dim
ShuttleOperations,KNN_k200,local,0.08333333333333331,0.5250494539567678,0.5890206395017453,8,low-dim
ShuttleOperations,KNN_k3,local,0.16666666666666663,0.5250494539567678,0.5890206395017453,8,low-dim
ShuttleOperations,KNN_k35,local,0.11111111111111116,0.5250494539567678,0.5890206395017453,8,low-dim
ShuttleOperations,KNN_k50,local,0.16666666666666674,0.5250494539567678,0.5890206395017453,8,low-dim
ShuttleOperations,LODA,other,0.027777777777777762,0.5250494539567678,0.5890206395017453,8,low-dim
ShuttleOperations,LODA_b20,other,0.11111111111111112,0.5250494539567678,0.5890206395017453,8,low-dim
ShuttleOperations,LODA_b50,other,-0.02777777777777779,0.5250494539567678,0.5890206395017453,8,low-dim
ShuttleOperations,LOF,local,0.02777777777777768,0.5250494539567678,0.5890206395017453,8,low-dim
ShuttleOperations,LOF_k10,local,0.05555555555555558,0.5250494539567678,0.5890206395017453,8,low-dim
ShuttleOperations,LOF_k100,local,-0.2777777777777778,0.5250494539567678,0.5890206395017453,8,low-dim
ShuttleOperations,LOF_k200,local,-0.2777777777777778,0.5250494539567678,0.5890206395017453,8,low-dim
ShuttleOperations,LOF_k3,local,-0.4722222222222222,0.5250494539567678,0.5890206395017453,8,low-dim
ShuttleOperations,LOF_k35,local,-0.05555555555555547,0.5250494539567678,0.5890206395017453,8,low-dim
ShuttleOperations,LOF_k50,local,-0.19444444444444442,0.5250494539567678,0.5890206395017453,8,low-dim
ShuttleOperations,PCA,global,0.25,0.5250494539567678,0.5890206395017453,8,low-dim
ShuttleOperations,PCA_c0.3,global,0.33333333333333337,0.5250494539567678,0.5890206395017453,8,low-dim
ShuttleOperations,PCA_c0.7,global,0.16666666666666666,0.5250494539567678,0.5890206395017453,8,low-dim
ShuttleOperations,PCA_c0.9,global,0.05555555555555558,0.5250494539567678,0.5890206395017453,8,low-dim
ShuttleOperations,PCA_c0.99,global,0.19444444444444442,0.5250494539567678,0.5890206395017453,8,low-dim
SolarFlare,CBLOF,local,0.19999999999999998,0.4738480154274549,0.4437516833736467,15,high-dim
SolarFlare,CBLOF_c16,local,0.07142857142857142,0.4738480154274549,0.4437516833736467,15,high-dim
SolarFlare,CBLOF_c32,local,0.19999999999999998,0.4738480154274549,0.4437516833736467,15,high-dim
SolarFlare,COPOD,global,-0.7999999999999999,0.4738480154274549,0.4437516833736467,15,high-dim
SolarFlare,ECOD,global,-0.4571428571428571,0.4738480154274549,0.4437516833736467,15,high-dim
SolarFlare,HBOS,global,-0.11428571428571432,0.4738480154274549,0.4437516833736467,15,high-dim
SolarFlare,HBOS_b100,global,-0.08571428571428574,0.4738480154274549,0.4437516833736467,15,high-dim
SolarFlare,HBOS_b20,global,-0.17142857142857137,0.4738480154274549,0.4437516833736467,15,high-dim
SolarFlare,HBOS_b5,global,-0.02857142857142858,0.4738480154274549,0.4437516833736467,15,high-dim
SolarFlare,HBOS_b50,global,-0.11428571428571432,0.4738480154274549,0.4437516833736467,15,high-dim
SolarFlare,IF_n300,other,0.05714285714285716,0.4738480154274549,0.4437516833736467,15,high-dim
SolarFlare,IF_n50,other,0.11428571428571421,0.4738480154274549,0.4437516833736467,15,high-dim
SolarFlare,IForest,other,0.05714285714285716,0.4738480154274549,0.4437516833736467,15,high-dim
SolarFlare,KNN,local,0.05714285714285716,0.4738480154274549,0.4437516833736467,15,high-dim
SolarFlare,KNN_k10,local,0.028571428571428525,0.4738480154274549,0.4437516833736467,15,high-dim
SolarFlare,KNN_k100,local,-0.04285714285714287,0.4738480154274549,0.4437516833736467,15,high-dim
SolarFlare,KNN_k200,local,-0.05714285714285714,0.4738480154274549,0.4437516833736467,15,high-dim
SolarFlare,KNN_k3,local,0.0,0.4738480154274549,0.4437516833736467,15,high-dim
SolarFlare,KNN_k35,local,0.0,0.4738480154274549,0.4437516833736467,15,high-dim
SolarFlare,KNN_k50,local,0.1142857142857143,0.4738480154274549,0.4437516833736467,15,high-dim
SolarFlare,LODA,other,-0.1428571428571429,0.4738480154274549,0.4437516833736467,15,high-dim
SolarFlare,LODA_b20,other,-0.11428571428571432,0.4738480154274549,0.4437516833736467,15,high-dim
SolarFlare,LODA_b50,other,-0.17142857142857149,0.4738480154274549,0.4437516833736467,15,high-dim
SolarFlare,LOF,local,0.02857142857142858,0.4738480154274549,0.4437516833736467,15,high-dim
SolarFlare,LOF_k10,local,0.11428571428571427,0.4738480154274549,0.4437516833736467,15,high-dim
SolarFlare,LOF_k100,local,-0.01428571428571429,0.4738480154274549,0.4437516833736467,15,high-dim
SolarFlare,LOF_k200,local,0.01428571428571429,0.4738480154274549,0.4437516833736467,15,high-dim
SolarFlare,LOF_k3,local,0.057142857142857106,0.4738480154274549,0.4437516833736467,15,high-dim
SolarFlare,LOF_k35,local,0.05714285714285716,0.4738480154274549,0.4437516833736467,15,high-dim
SolarFlare,LOF_k50,local,0.05714285714285716,0.4738480154274549,0.4437516833736467,15,high-dim
SolarFlare,PCA,global,0.17142857142857149,0.4738480154274549,0.4437516833736467,15,high-dim
SolarFlare,PCA_c0.3,global,0.3428571428571429,0.4738480154274549,0.4437516833736467,15,high-dim
SolarFlare,PCA_c0.7,global,0.17142857142857149,0.4738480154274549,0.4437516833736467,15,high-dim
SolarFlare,PCA_c0.9,global,0.2571428571428571,0.4738480154274549,0.4437516833736467,15,high-dim
SolarFlare,PCA_c0.99,global,0.1428571428571429,0.4738480154274549,0.4437516833736467,15,high-dim
SpatialAnomalies,CBLOF,local,-0.05714285714285716,0.1898984204549231,0.0029387568971832,14,high-dim
SpatialAnomalies,CBLOF_c16,local,-0.11428571428571432,0.1898984204549231,0.0029387568971832,14,high-dim
SpatialAnomalies,CBLOF_c32,local,-0.08571428571428574,0.1898984204549231,0.0029387568971832,14,high-dim
SpatialAnomalies,COPOD,global,-0.3,0.1898984204549231,0.0029387568971832,14,high-dim
SpatialAnomalies,ECOD,global,-0.014285714285714284,0.1898984204549231,0.0029387568971832,14,high-dim
SpatialAnomalies,HBOS,global,0.08571428571428573,0.1898984204549231,0.0029387568971832,14,high-dim
SpatialAnomalies,HBOS_b100,global,-0.028571428571428553,0.1898984204549231,0.0029387568971832,14,high-dim
SpatialAnomalies,HBOS_b20,global,-0.08571428571428574,0.1898984204549231,0.0029387568971832,14,high-dim
SpatialAnomalies,HBOS_b5,global,0.08571428571428572,0.1898984204549231,0.0029387568971832,14,high-dim
SpatialAnomalies,HBOS_b50,global,-0.11428571428571432,0.1898984204549231,0.0029387568971832,14,high-dim
SpatialAnomalies,IF_n300,other,0.0,0.1898984204549231,0.0029387568971832,14,high-dim
SpatialAnomalies,IF_n50,other,0.17142857142857143,0.1898984204549231,0.0029387568971832,14,high-dim
SpatialAnomalies,IForest,other,0.0,0.1898984204549231,0.0029387568971832,14,high-dim
SpatialAnomalies,KNN,local,0.02857142857142858,0.1898984204549231,0.0029387568971832,14,high-dim
SpatialAnomalies,KNN_k10,local,0.02857142857142858,0.1898984204549231,0.0029387568971832,14,high-dim
SpatialAnomalies,KNN_k100,local,0.0,0.1898984204549231,0.0029387568971832,14,high-dim
SpatialAnomalies,KNN_k200,local,0.0,0.1898984204549231,0.0029387568971832,14,high-dim
SpatialAnomalies,KNN_k3,local,0.05714285714285716,0.1898984204549231,0.0029387568971832,14,high-dim
SpatialAnomalies,KNN_k35,local,0.05714285714285716,0.1898984204549231,0.0029387568971832,14,high-dim
SpatialAnomalies,KNN_k50,local,0.05714285714285716,0.1898984204549231,0.0029387568971832,14,high-dim
SpatialAnomalies,LODA,other,0.11428571428571428,0.1898984204549231,0.0029387568971832,14,high-dim
SpatialAnomalies,LODA_b20,other,-0.11428571428571428,0.1898984204549231,0.0029387568971832,14,high-dim
SpatialAnomalies,LODA_b50,other,-0.4,0.1898984204549231,0.0029387568971832,14,high-dim
SpatialAnomalies,LOF,local,0.02857142857142858,0.1898984204549231,0.0029387568971832,14,high-dim
SpatialAnomalies,LOF_k10,local,0.02857142857142858,0.1898984204549231,0.0029387568971832,14,high-dim
SpatialAnomalies,LOF_k100,local,0.05714285714285716,0.1898984204549231,0.0029387568971832,14,high-dim
SpatialAnomalies,LOF_k200,local,0.08571428571428574,0.1898984204549231,0.0029387568971832,14,high-dim
SpatialAnomalies,LOF_k3,local,-0.19999999999999996,0.1898984204549231,0.0029387568971832,14,high-dim
SpatialAnomalies,LOF_k35,local,0.0,0.1898984204549231,0.0029387568971832,14,high-dim
SpatialAnomalies,LOF_k50,local,0.02857142857142847,0.1898984204549231,0.0029387568971832,14,high-dim
SpatialAnomalies,PCA,global,-0.057142857142857106,0.1898984204549231,0.0029387568971832,14,high-dim
SpatialAnomalies,PCA_c0.3,global,0.14285714285714285,0.1898984204549231,0.0029387568971832,14,high-dim
SpatialAnomalies,PCA_c0.7,global,0.08571428571428574,0.1898984204549231,0.0029387568971832,14,high-dim
SpatialAnomalies,PCA_c0.9,global,0.14285714285714285,0.1898984204549231,0.0029387568971832,14,high-dim
SpatialAnomalies,PCA_c0.99,global,0.2857142857142857,0.1898984204549231,0.0029387568971832,14,high-dim
SpeechAnalysis,CBLOF,local,-0.08333333333333337,0.5129940212336015,0.4893519440747321,14,high-dim
SpeechAnalysis,CBLOF_c16,local,0.02777777777777779,0.5129940212336015,0.4893519440747321,14,high-dim
SpeechAnalysis,CBLOF_c32,local,0.19444444444444448,0.5129940212336015,0.4893519440747321,14,high-dim
SpeechAnalysis,CBLOF_c4,local,-0.22222222222222227,0.5129940212336015,0.4893519440747321,14,high-dim
SpeechAnalysis,COPOD,global,-0.7916666666666667,0.5129940212336015,0.4893519440747321,14,high-dim
SpeechAnalysis,ECOD,global,-0.9583333333333334,0.5129940212336015,0.4893519440747321,14,high-dim
SpeechAnalysis,HBOS,global,-0.25,0.5129940212336015,0.4893519440747321,14,high-dim
SpeechAnalysis,HBOS_b100,global,0.08333333333333337,0.5129940212336015,0.4893519440747321,14,high-dim
SpeechAnalysis,HBOS_b20,global,-0.1111111111111111,0.5129940212336015,0.4893519440747321,14,high-dim
SpeechAnalysis,HBOS_b5,global,-0.41666666666666663,0.5129940212336015,0.4893519440747321,14,high-dim
SpeechAnalysis,HBOS_b50,global,0.0,0.5129940212336015,0.4893519440747321,14,high-dim
SpeechAnalysis,IF_n300,other,0.3055555555555556,0.5129940212336015,0.4893519440747321,14,high-dim
SpeechAnalysis,IF_n50,other,0.19444444444444442,0.5129940212336015,0.4893519440747321,14,high-dim
SpeechAnalysis,IForest,other,0.33333333333333337,0.5129940212336015,0.4893519440747321,14,high-dim
SpeechAnalysis,KNN,local,0.6388888888888888,0.5129940212336015,0.4893519440747321,14,high-dim
SpeechAnalysis,KNN_k10,local,0.611111111111111,0.5129940212336015,0.4893519440747321,14,high-dim
SpeechAnalysis,KNN_k100,local,0.36111111111111116,0.5129940212336015,0.4893519440747321,14,high-dim
SpeechAnalysis,KNN_k200,local,0.2777777777777778,0.5129940212336015,0.4893519440747321,14,high-dim
SpeechAnalysis,KNN_k3,local,0.5833333333333333,0.5129940212336015,0.4893519440747321,14,high-dim
SpeechAnalysis,KNN_k35,local,0.5,0.5129940212336015,0.4893519440747321,14,high-dim
SpeechAnalysis,KNN_k50,local,0.4166666666666667,0.5129940212336015,0.4893519440747321,14,high-dim
SpeechAnalysis,LODA,other,0.13888888888888884,0.5129940212336015,0.4893519440747321,14,high-dim
SpeechAnalysis,LODA_b20,other,0.02777777777777779,0.5129940212336015,0.4893519440747321,14,high-dim
SpeechAnalysis,LODA_b50,other,0.2777777777777778,0.5129940212336015,0.4893519440747321,14,high-dim
SpeechAnalysis,LOF,local,-0.2777777777777778,0.5129940212336015,0.4893519440747321,14,high-dim
SpeechAnalysis,LOF_k10,local,-0.6944444444444444,0.5129940212336015,0.4893519440747321,14,high-dim
SpeechAnalysis,LOF_k100,local,-0.05555555555555558,0.5129940212336015,0.4893519440747321,14,high-dim
SpeechAnalysis,LOF_k200,local,0.02777777777777779,0.5129940212336015,0.4893519440747321,14,high-dim
SpeechAnalysis,LOF_k3,local,-0.6944444444444444,0.5129940212336015,0.4893519440747321,14,high-dim
SpeechAnalysis,LOF_k35,local,-0.13888888888888892,0.5129940212336015,0.4893519440747321,14,high-dim
SpeechAnalysis,LOF_k50,local,-0.027777777777777762,0.5129940212336015,0.4893519440747321,14,high-dim
SpeechAnalysis,PCA,global,-0.08333333333333337,0.5129940212336015,0.4893519440747321,14,high-dim
SpeechAnalysis,PCA_c0.3,global,-0.08333333333333337,0.5129940212336015,0.4893519440747321,14,high-dim
SpeechAnalysis,PCA_c0.7,global,-0.11111111111111105,0.5129940212336015,0.4893519440747321,14,high-dim
SpeechAnalysis,PCA_c0.9,global,-0.02777777777777779,0.5129940212336015,0.4893519440747321,14,high-dim
SpeechAnalysis,PCA_c0.99,global,0.02777777777777779,0.5129940212336015,0.4893519440747321,14,high-dim
SpotifyHitPredictor,CBLOF,local,0.08333333333333334,0.2316073709912261,0.0617398301958752,13,high-dim
SpotifyHitPredictor,CBLOF_c16,local,-0.02777777777777779,0.2316073709912261,0.0617398301958752,13,high-dim
SpotifyHitPredictor,CBLOF_c32,local,0.19444444444444442,0.2316073709912261,0.0617398301958752,13,high-dim
SpotifyHitPredictor,CBLOF_c4,local,0.02777777777777779,0.2316073709912261,0.0617398301958752,13,high-dim
SpotifyHitPredictor,COPOD,global,-0.9166666666666666,0.2316073709912261,0.0617398301958752,13,high-dim
SpotifyHitPredictor,ECOD,global,-0.9722222222222222,0.2316073709912261,0.0617398301958752,13,high-dim
SpotifyHitPredictor,HBOS,global,0.11111111111111105,0.2316073709912261,0.0617398301958752,13,high-dim
SpotifyHitPredictor,HBOS_b100,global,0.11111111111111116,0.2316073709912261,0.0617398301958752,13,high-dim
SpotifyHitPredictor,HBOS_b20,global,0.05555555555555558,0.2316073709912261,0.0617398301958752,13,high-dim
SpotifyHitPredictor,HBOS_b5,global,0.41666666666666663,0.2316073709912261,0.0617398301958752,13,high-dim
SpotifyHitPredictor,HBOS_b50,global,0.05555555555555547,0.2316073709912261,0.0617398301958752,13,high-dim
SpotifyHitPredictor,IF_n300,other,-0.02777777777777779,0.2316073709912261,0.0617398301958752,13,high-dim
SpotifyHitPredictor,IF_n50,other,0.11111111111111105,0.2316073709912261,0.0617398301958752,13,high-dim
SpotifyHitPredictor,IForest,other,0.02777777777777779,0.2316073709912261,0.0617398301958752,13,high-dim
SpotifyHitPredictor,KNN,local,-0.1388888888888889,0.2316073709912261,0.0617398301958752,13,high-dim
SpotifyHitPredictor,KNN_k10,local,-0.08333333333333331,0.2316073709912261,0.0617398301958752,13,high-dim
SpotifyHitPredictor,KNN_k100,local,0.02777777777777779,0.2316073709912261,0.0617398301958752,13,high-dim
SpotifyHitPredictor,KNN_k200,local,-0.05555555555555558,0.2316073709912261,0.0617398301958752,13,high-dim
SpotifyHitPredictor,KNN_k3,local,-0.25,0.2316073709912261,0.0617398301958752,13,high-dim
SpotifyHitPredictor,KNN_k35,local,-0.05555555555555558,0.2316073709912261,0.0617398301958752,13,high-dim
SpotifyHitPredictor,KNN_k50,local,0.0,0.2316073709912261,0.0617398301958752,13,high-dim
SpotifyHitPredictor,LODA,other,-0.02777777777777768,0.2316073709912261,0.0617398301958752,13,high-dim
SpotifyHitPredictor,LODA_b20,other,0.02777777777777768,0.2316073709912261,0.0617398301958752,13,high-dim
SpotifyHitPredictor,LODA_b50,other,0.02777777777777779,0.2316073709912261,0.0617398301958752,13,high-dim
SpotifyHitPredictor,LOF,local,0.055555555555555566,0.2316073709912261,0.0617398301958752,13,high-dim
SpotifyHitPredictor,LOF_k10,local,0.05555555555555555,0.2316073709912261,0.0617398301958752,13,high-dim
SpotifyHitPredictor,LOF_k100,local,0.33333333333333337,0.2316073709912261,0.0617398301958752,13,high-dim
SpotifyHitPredictor,LOF_k200,local,0.0,0.2316073709912261,0.0617398301958752,13,high-dim
SpotifyHitPredictor,LOF_k3,local,0.05555555555555555,0.2316073709912261,0.0617398301958752,13,high-dim
SpotifyHitPredictor,LOF_k35,local,0.2777777777777778,0.2316073709912261,0.0617398301958752,13,high-dim
SpotifyHitPredictor,LOF_k50,local,0.22222222222222224,0.2316073709912261,0.0617398301958752,13,high-dim
SpotifyHitPredictor,PCA,global,0.0,0.2316073709912261,0.0617398301958752,13,high-dim
SpotifyHitPredictor,PCA_c0.3,global,0.05555555555555558,0.2316073709912261,0.0617398301958752,13,high-dim
SpotifyHitPredictor,PCA_c0.7,global,0.05555555555555558,0.2316073709912261,0.0617398301958752,13,high-dim
SpotifyHitPredictor,PCA_c0.9,global,0.02777777777777779,0.2316073709912261,0.0617398301958752,13,high-dim
SpotifyHitPredictor,PCA_c0.99,global,0.13888888888888895,0.2316073709912261,0.0617398301958752,13,high-dim
SyntheticNumericalBatch,CBLOF,local,0.3888888888888889,0.3652656270924577,0.0924297409267408,128,high-dim
SyntheticNumericalBatch,CBLOF_c16,local,0.2777777777777778,0.3652656270924577,0.0924297409267408,128,high-dim
SyntheticNumericalBatch,CBLOF_c32,local,0.41666666666666663,0.3652656270924577,0.0924297409267408,128,high-dim
SyntheticNumericalBatch,CBLOF_c4,local,0.22222222222222224,0.3652656270924577,0.0924297409267408,128,high-dim
SyntheticNumericalBatch,COPOD,global,-0.7916666666666667,0.3652656270924577,0.0924297409267408,128,high-dim
SyntheticNumericalBatch,ECOD,global,-0.8194444444444445,0.3652656270924577,0.0924297409267408,128,high-dim
SyntheticNumericalBatch,HBOS,global,-0.3055555555555556,0.3652656270924577,0.0924297409267408,128,high-dim
SyntheticNumericalBatch,HBOS_b100,global,-0.4444444444444445,0.3652656270924577,0.0924297409267408,128,high-dim
SyntheticNumericalBatch,HBOS_b20,global,-0.33333333333333337,0.3652656270924577,0.0924297409267408,128,high-dim
SyntheticNumericalBatch,HBOS_b5,global,-0.3888888888888889,0.3652656270924577,0.0924297409267408,128,high-dim
SyntheticNumericalBatch,HBOS_b50,global,-0.38888888888888895,0.3652656270924577,0.0924297409267408,128,high-dim
SyntheticNumericalBatch,IF_n300,other,-0.1388888888888889,0.3652656270924577,0.0924297409267408,128,high-dim
SyntheticNumericalBatch,IF_n50,other,-0.19444444444444448,0.3652656270924577,0.0924297409267408,128,high-dim
SyntheticNumericalBatch,IForest,other,-0.1111111111111111,0.3652656270924577,0.0924297409267408,128,high-dim
SyntheticNumericalBatch,KNN,local,0.5416666666666667,0.3652656270924577,0.0924297409267408,128,high-dim
SyntheticNumericalBatch,KNN_k10,local,0.6527777777777778,0.3652656270924577,0.0924297409267408,128,high-dim
SyntheticNumericalBatch,KNN_k100,local,0.6388888888888888,0.3652656270924577,0.0924297409267408,128,high-dim
SyntheticNumericalBatch,KNN_k200,local,0.5555555555555556,0.3652656270924577,0.0924297409267408,128,high-dim
SyntheticNumericalBatch,KNN_k3,local,0.125,0.3652656270924577,0.0924297409267408,128,high-dim
SyntheticNumericalBatch,KNN_k35,local,0.6666666666666667,0.3652656270924577,0.0924297409267408,128,high-dim
SyntheticNumericalBatch,KNN_k50,local,0.6388888888888888,0.3652656270924577,0.0924297409267408,128,high-dim
SyntheticNumericalBatch,LODA,other,-0.4444444444444444,0.3652656270924577,0.0924297409267408,128,high-dim
SyntheticNumericalBatch,LODA_b20,other,-0.5555555555555556,0.3652656270924577,0.0924297409267408,128,high-dim
SyntheticNumericalBatch,LODA_b50,other,-0.3333333333333333,0.3652656270924577,0.0924297409267408,128,high-dim
SyntheticNumericalBatch,LOF,local,-0.04166666666666663,0.3652656270924577,0.0924297409267408,128,high-dim
SyntheticNumericalBatch,LOF_k10,local,-0.06944444444444442,0.3652656270924577,0.0924297409267408,128,high-dim
SyntheticNumericalBatch,LOF_k100,local,0.11111111111111116,0.3652656270924577,0.0924297409267408,128,high-dim
SyntheticNumericalBatch,LOF_k200,local,0.38888888888888884,0.3652656270924577,0.0924297409267408,128,high-dim
SyntheticNumericalBatch,LOF_k3,local,-0.09722222222222221,0.3652656270924577,0.0924297409267408,128,high-dim
SyntheticNumericalBatch,LOF_k35,local,-0.01388888888888884,0.3652656270924577,0.0924297409267408,128,high-dim
SyntheticNumericalBatch,LOF_k50,local,0.01388888888888895,0.3652656270924577,0.0924297409267408,128,high-dim
SyntheticNumericalBatch,PCA,global,0.02777777777777779,0.3652656270924577,0.0924297409267408,128,high-dim
SyntheticNumericalBatch,PCA_c0.3,global,0.02777777777777779,0.3652656270924577,0.0924297409267408,128,high-dim
SyntheticNumericalBatch,PCA_c0.7,global,0.0,0.3652656270924577,0.0924297409267408,128,high-dim
SyntheticNumericalBatch,PCA_c0.9,global,-0.11111111111111105,0.3652656270924577,0.0924297409267408,128,high-dim
SyntheticNumericalBatch,PCA_c0.99,global,-0.11111111111111105,0.3652656270924577,0.0924297409267408,128,high-dim
SystemFailureCases,CBLOF,local,0.16666666666666674,0.5574399633348893,0.6169320220830405,4,low-dim
SystemFailureCases,CBLOF_c16,local,0.16666666666666674,0.5574399633348893,0.6169320220830405,4,low-dim
SystemFailureCases,CBLOF_c32,local,0.11111111111111105,0.5574399633348893,0.6169320220830405,4,low-dim
SystemFailureCases,CBLOF_c4,local,0.0,0.5574399633348893,0.6169320220830405,4,low-dim
SystemFailureCases,COPOD,global,-0.7222222222222222,0.5574399633348893,0.6169320220830405,4,low-dim
SystemFailureCases,ECOD,global,-0.41666666666666663,0.5574399633348893,0.6169320220830405,4,low-dim
SystemFailureCases,HBOS,global,-0.08333333333333334,0.5574399633348893,0.6169320220830405,4,low-dim
SystemFailureCases,HBOS_b100,global,0.5,0.5574399633348893,0.6169320220830405,4,low-dim
SystemFailureCases,HBOS_b20,global,0.0,0.5574399633348893,0.6169320220830405,4,low-dim
SystemFailureCases,HBOS_b5,global,0.0,0.5574399633348893,0.6169320220830405,4,low-dim
SystemFailureCases,HBOS_b50,global,0.19444444444444445,0.5574399633348893,0.6169320220830405,4,low-dim
SystemFailureCases,IF_n300,other,0.08333333333333337,0.5574399633348893,0.6169320220830405,4,low-dim
SystemFailureCases,IF_n50,other,-0.05555555555555558,0.5574399633348893,0.6169320220830405,4,low-dim
SystemFailureCases,IForest,other,-0.08333333333333337,0.5574399633348893,0.6169320220830405,4,low-dim
SystemFailureCases,KNN,local,0.0,0.5574399633348893,0.6169320220830405,4,low-dim
SystemFailureCases,KNN_k10,local,0.0,0.5574399633348893,0.6169320220830405,4,low-dim
SystemFailureCases,KNN_k100,local,-0.38888888888888884,0.5574399633348893,0.6169320220830405,4,low-dim
SystemFailureCases,KNN_k200,local,-0.30555555555555547,0.5574399633348893,0.6169320220830405,4,low-dim
SystemFailureCases,KNN_k3,local,0.13888888888888884,0.5574399633348893,0.6169320220830405,4,low-dim
SystemFailureCases,KNN_k35,local,0.05555555555555547,0.5574399633348893,0.6169320220830405,4,low-dim
SystemFailureCases,KNN_k50,local,-0.05555555555555547,0.5574399633348893,0.6169320220830405,4,low-dim
SystemFailureCases,LODA,other,0.05555555555555555,0.5574399633348893,0.6169320220830405,4,low-dim
SystemFailureCases,LODA_b20,other,-0.02777777777777779,0.5574399633348893,0.6169320220830405,4,low-dim
SystemFailureCases,LODA_b50,other,-0.25000000000000006,0.5574399633348893,0.6169320220830405,4,low-dim
SystemFailureCases,LOF,local,0.16666666666666663,0.5574399633348893,0.6169320220830405,4,low-dim
SystemFailureCases,LOF_k10,local,-0.2777777777777778,0.5574399633348893,0.6169320220830405,4,low-dim
SystemFailureCases,LOF_k100,local,-0.055555555555555525,0.5574399633348893,0.6169320220830405,4,low-dim
SystemFailureCases,LOF_k200,local,0.08333333333333337,0.5574399633348893,0.6169320220830405,4,low-dim
SystemFailureCases,LOF_k3,local,0.1111111111111111,0.5574399633348893,0.6169320220830405,4,low-dim
SystemFailureCases,LOF_k35,local,0.27777777777777773,0.5574399633348893,0.6169320220830405,4,low-dim
SystemFailureCases,LOF_k50,local,0.1111111111111111,0.5574399633348893,0.6169320220830405,4,low-dim
SystemFailureCases,PCA,global,0.24999999999999997,0.5574399633348893,0.6169320220830405,4,low-dim
SystemFailureCases,PCA_c0.3,global,0.24999999999999997,0.5574399633348893,0.6169320220830405,4,low-dim
SystemFailureCases,PCA_c0.7,global,0.055555555555555525,0.5574399633348893,0.6169320220830405,4,low-dim
SystemFailureCases,PCA_c0.9,global,-0.027777777777777735,0.5574399633348893,0.6169320220830405,4,low-dim
SystemFailureCases,PCA_c0.99,global,-0.027777777777777735,0.5574399633348893,0.6169320220830405,4,low-dim
SystemPerformance2,CBLOF,local,0.36111111111111116,0.6189712972356041,1.076569212522306,6,low-dim
SystemPerformance2,CBLOF_c16,local,0.38888888888888884,0.6189712972356041,1.076569212522306,6,low-dim
SystemPerformance2,CBLOF_c32,local,0.5833333333333333,0.6189712972356041,1.076569212522306,6,low-dim
SystemPerformance2,CBLOF_c4,local,0.3888888888888889,0.6189712972356041,1.076569212522306,6,low-dim
SystemPerformance2,COPOD,global,-0.5694444444444445,0.6189712972356041,1.076569212522306,6,low-dim
SystemPerformance2,ECOD,global,-0.7083333333333334,0.6189712972356041,1.076569212522306,6,low-dim
SystemPerformance2,HBOS,global,-0.2222222222222222,0.6189712972356041,1.076569212522306,6,low-dim
SystemPerformance2,HBOS_b100,global,0.055555555555555525,0.6189712972356041,1.076569212522306,6,low-dim
SystemPerformance2,HBOS_b20,global,-0.3055555555555555,0.6189712972356041,1.076569212522306,6,low-dim
SystemPerformance2,HBOS_b5,global,-0.3055555555555556,0.6189712972356041,1.076569212522306,6,low-dim
SystemPerformance2,HBOS_b50,global,-0.16666666666666669,0.6189712972356041,1.076569212522306,6,low-dim
SystemPerformance2,IF_n300,other,0.4444444444444444,0.6189712972356041,1.076569212522306,6,low-dim
SystemPerformance2,IF_n50,other,0.36111111111111116,0.6189712972356041,1.076569212522306,6,low-dim
SystemPerformance2,IForest,other,0.36111111111111116,0.6189712972356041,1.076569212522306,6,low-dim
SystemPerformance2,KNN,local,0.02777777777777779,0.6189712972356041,1.076569212522306,6,low-dim
SystemPerformance2,KNN_k10,local,0.11111111111111105,0.6189712972356041,1.076569212522306,6,low-dim
SystemPerformance2,KNN_k100,local,0.4166666666666667,0.6189712972356041,1.076569212522306,6,low-dim
SystemPerformance2,KNN_k200,local,0.2777777777777778,0.6189712972356041,1.076569212522306,6,low-dim
SystemPerformance2,KNN_k3,local,0.0,0.6189712972356041,1.076569212522306,6,low-dim
SystemPerformance2,KNN_k35,local,0.2222222222222222,0.6189712972356041,1.076569212522306,6,low-dim
SystemPerformance2,KNN_k50,local,0.22222222222222232,0.6189712972356041,1.076569212522306,6,low-dim
SystemPerformance2,LODA,other,0.3888888888888889,0.6189712972356041,1.076569212522306,6,low-dim
SystemPerformance2,LODA_b20,other,0.38888888888888884,0.6189712972356041,1.076569212522306,6,low-dim
SystemPerformance2,LODA_b50,other,0.5833333333333333,0.6189712972356041,1.076569212522306,6,low-dim
SystemPerformance2,LOF,local,-0.05555555555555558,0.6189712972356041,1.076569212522306,6,low-dim
SystemPerformance2,LOF_k10,local,-0.08333333333333326,0.6189712972356041,1.076569212522306,6,low-dim
SystemPerformance2,LOF_k100,local,-0.02777777777777779,0.6189712972356041,1.076569212522306,6,low-dim
SystemPerformance2,LOF_k200,local,-0.5555555555555556,0.6189712972356041,1.076569212522306,6,low-dim
SystemPerformance2,LOF_k3,local,-0.08333333333333337,0.6189712972356041,1.076569212522306,6,low-dim
SystemPerformance2,LOF_k35,local,-0.6944444444444444,0.6189712972356041,1.076569212522306,6,low-dim
SystemPerformance2,LOF_k50,local,-0.4166666666666667,0.6189712972356041,1.076569212522306,6,low-dim
SystemPerformance2,PCA,global,-0.2222222222222222,0.6189712972356041,1.076569212522306,6,low-dim
SystemPerformance2,PCA_c0.3,global,-0.2222222222222222,0.6189712972356041,1.076569212522306,6,low-dim
SystemPerformance2,PCA_c0.7,global,-0.22222222222222227,0.6189712972356041,1.076569212522306,6,low-dim
SystemPerformance2,PCA_c0.9,global,-0.2777777777777778,0.6189712972356041,1.076569212522306,6,low-dim
SystemPerformance2,PCA_c0.99,global,-0.4444444444444444,0.6189712972356041,1.076569212522306,6,low-dim
TBAnomalyDetection,CBLOF,local,-0.2,0.2982770753386227,0.0168010076339542,3,low-dim
TBAnomalyDetection,CBLOF_c16,local,0.2857142857142857,0.2982770753386227,0.0168010076339542,3,low-dim
TBAnomalyDetection,CBLOF_c32,local,-0.09999999999999998,0.2982770753386227,0.0168010076339542,3,low-dim
TBAnomalyDetection,COPOD,global,-0.6285714285714286,0.2982770753386227,0.0168010076339542,3,low-dim
TBAnomalyDetection,ECOD,global,-0.34285714285714286,0.2982770753386227,0.0168010076339542,3,low-dim
TBAnomalyDetection,HBOS,global,-0.05714285714285705,0.2982770753386227,0.0168010076339542,3,low-dim
TBAnomalyDetection,HBOS_b100,global,0.45714285714285713,0.2982770753386227,0.0168010076339542,3,low-dim
TBAnomalyDetection,HBOS_b20,global,0.17142857142857137,0.2982770753386227,0.0168010076339542,3,low-dim
TBAnomalyDetection,HBOS_b5,global,-0.22857142857142854,0.2982770753386227,0.0168010076339542,3,low-dim
TBAnomalyDetection,HBOS_b50,global,0.22857142857142854,0.2982770753386227,0.0168010076339542,3,low-dim
TBAnomalyDetection,IF_n300,other,-0.2571428571428571,0.2982770753386227,0.0168010076339542,3,low-dim
TBAnomalyDetection,IF_n50,other,-0.11428571428571432,0.2982770753386227,0.0168010076339542,3,low-dim
TBAnomalyDetection,IForest,other,-0.2857142857142858,0.2982770753386227,0.0168010076339542,3,low-dim
TBAnomalyDetection,KNN,local,-0.45714285714285713,0.2982770753386227,0.0168010076339542,3,low-dim
TBAnomalyDetection,KNN_k10,local,-0.2285714285714286,0.2982770753386227,0.0168010076339542,3,low-dim
TBAnomalyDetection,KNN_k100,local,-0.22857142857142856,0.2982770753386227,0.0168010076339542,3,low-dim
TBAnomalyDetection,KNN_k200,local,-0.14285714285714288,0.2982770753386227,0.0168010076339542,3,low-dim
TBAnomalyDetection,KNN_k3,local,-0.37142857142857144,0.2982770753386227,0.0168010076339542,3,low-dim
TBAnomalyDetection,KNN_k35,local,-0.11428571428571432,0.2982770753386227,0.0168010076339542,3,low-dim
TBAnomalyDetection,KNN_k50,local,-0.18571428571428572,0.2982770753386227,0.0168010076339542,3,low-dim
TBAnomalyDetection,LODA,other,0.19999999999999996,0.2982770753386227,0.0168010076339542,3,low-dim
TBAnomalyDetection,LODA_b20,other,0.2857142857142857,0.2982770753386227,0.0168010076339542,3,low-dim
TBAnomalyDetection,LODA_b50,other,0.2571428571428571,0.2982770753386227,0.0168010076339542,3,low-dim
TBAnomalyDetection,LOF,local,-0.057142857142857106,0.2982770753386227,0.0168010076339542,3,low-dim
TBAnomalyDetection,LOF_k10,local,-0.08571428571428574,0.2982770753386227,0.0168010076339542,3,low-dim
TBAnomalyDetection,LOF_k100,local,0.11428571428571428,0.2982770753386227,0.0168010076339542,3,low-dim
TBAnomalyDetection,LOF_k200,local,-0.028571428571428574,0.2982770753386227,0.0168010076339542,3,low-dim
TBAnomalyDetection,LOF_k3,local,-0.057142857142857106,0.2982770753386227,0.0168010076339542,3,low-dim
TBAnomalyDetection,LOF_k35,local,-0.14285714285714288,0.2982770753386227,0.0168010076339542,3,low-dim
TBAnomalyDetection,LOF_k50,local,0.08571428571428572,0.2982770753386227,0.0168010076339542,3,low-dim
TBAnomalyDetection,PCA,global,0.6285714285714286,0.2982770753386227,0.0168010076339542,3,low-dim
TBAnomalyDetection,PCA_c0.3,global,0.6857142857142857,0.2982770753386227,0.0168010076339542,3,low-dim
TBAnomalyDetection,PCA_c0.7,global,0.6285714285714286,0.2982770753386227,0.0168010076339542,3,low-dim
TBAnomalyDetection,PCA_c0.9,global,0.1428571428571429,0.2982770753386227,0.0168010076339542,3,low-dim
TBAnomalyDetection,PCA_c0.99,global,0.1428571428571429,0.2982770753386227,0.0168010076339542,3,low-dim
TrafficSensor,CBLOF,local,0.13888888888888895,0.2853906264131497,0.3712716885117879,9,low-dim
TrafficSensor,CBLOF_c16,local,0.6388888888888888,0.2853906264131497,0.3712716885117879,9,low-dim
TrafficSensor,CBLOF_c32,local,0.6111111111111112,0.2853906264131497,0.3712716885117879,9,low-dim
TrafficSensor,CBLOF_c4,local,0.2777777777777778,0.2853906264131497,0.3712716885117879,9,low-dim
TrafficSensor,COPOD,global,-0.5694444444444445,0.2853906264131497,0.3712716885117879,9,low-dim
TrafficSensor,ECOD,global,-0.513888888888889,0.2853906264131497,0.3712716885117879,9,low-dim
TrafficSensor,HBOS,global,0.02777777777777779,0.2853906264131497,0.3712716885117879,9,low-dim
TrafficSensor,HBOS_b100,global,0.13888888888888884,0.2853906264131497,0.3712716885117879,9,low-dim
TrafficSensor,HBOS_b20,global,0.02777777777777779,0.2853906264131497,0.3712716885117879,9,low-dim
TrafficSensor,HBOS_b5,global,-0.36111111111111116,0.2853906264131497,0.3712716885117879,9,low-dim
TrafficSensor,HBOS_b50,global,0.08333333333333331,0.2853906264131497,0.3712716885117879,9,low-dim
TrafficSensor,IF_n300,other,-0.4166666666666667,0.2853906264131497,0.3712716885117879,9,low-dim
TrafficSensor,IF_n50,other,-0.4166666666666667,0.2853906264131497,0.3712716885117879,9,low-dim
TrafficSensor,IForest,other,-0.47222222222222227,0.2853906264131497,0.3712716885117879,9,low-dim
TrafficSensor,KNN,local,0.0,0.2853906264131497,0.3712716885117879,9,low-dim
TrafficSensor,KNN_k10,local,0.0,0.2853906264131497,0.3712716885117879,9,low-dim
TrafficSensor,KNN_k100,local,0.13888888888888884,0.2853906264131497,0.3712716885117879,9,low-dim
TrafficSensor,KNN_k200,local,0.08333333333333337,0.2853906264131497,0.3712716885117879,9,low-dim
TrafficSensor,KNN_k3,local,-0.02777777777777779,0.2853906264131497,0.3712716885117879,9,low-dim
TrafficSensor,KNN_k35,local,0.7777777777777778,0.2853906264131497,0.3712716885117879,9,low-dim
TrafficSensor,KNN_k50,local,0.5277777777777778,0.2853906264131497,0.3712716885117879,9,low-dim
TrafficSensor,LODA,other,-0.08333333333333331,0.2853906264131497,0.3712716885117879,9,low-dim
TrafficSensor,LODA_b20,other,0.0,0.2853906264131497,0.3712716885117879,9,low-dim
TrafficSensor,LODA_b50,other,0.19444444444444442,0.2853906264131497,0.3712716885117879,9,low-dim
TrafficSensor,LOF,local,0.08333333333333337,0.2853906264131497,0.3712716885117879,9,low-dim
TrafficSensor,LOF_k10,local,0.0,0.2853906264131497,0.3712716885117879,9,low-dim
TrafficSensor,LOF_k100,local,0.5,0.2853906264131497,0.3712716885117879,9,low-dim
TrafficSensor,LOF_k200,local,0.027777777777777735,0.2853906264131497,0.3712716885117879,9,low-dim
TrafficSensor,LOF_k3,local,0.02777777777777779,0.2853906264131497,0.3712716885117879,9,low-dim
TrafficSensor,LOF_k35,local,0.7222222222222223,0.2853906264131497,0.3712716885117879,9,low-dim
TrafficSensor,LOF_k50,local,0.6666666666666666,0.2853906264131497,0.3712716885117879,9,low-dim
TrafficSensor,PCA,global,-0.5833333333333333,0.2853906264131497,0.3712716885117879,9,low-dim
TrafficSensor,PCA_c0.3,global,-0.638888888888889,0.2853906264131497,0.3712716885117879,9,low-dim
TrafficSensor,PCA_c0.7,global,-0.5277777777777777,0.2853906264131497,0.3712716885117879,9,low-dim
TrafficSensor,PCA_c0.9,global,-0.5277777777777778,0.2853906264131497,0.3712716885117879,9,low-dim
TrafficSensor,PCA_c0.99,global,-0.5555555555555556,0.2853906264131497,0.3712716885117879,9,low-dim
TreadmillStatus,CBLOF,local,-0.2857142857142857,0.3994406046897324,0.4687084828464378,7,low-dim
TreadmillStatus,CBLOF_c16,local,-0.6857142857142857,0.3994406046897324,0.4687084828464378,7,low-dim
TreadmillStatus,CBLOF_c32,local,-0.22857142857142865,0.3994406046897324,0.4687084828464378,7,low-dim
TreadmillStatus,COPOD,global,-0.17142857142857143,0.3994406046897324,0.4687084828464378,7,low-dim
TreadmillStatus,ECOD,global,-0.34285714285714286,0.3994406046897324,0.4687084828464378,7,low-dim
TreadmillStatus,HBOS,global,0.3142857142857143,0.3994406046897324,0.4687084828464378,7,low-dim
TreadmillStatus,HBOS_b100,global,0.7714285714285715,0.3994406046897324,0.4687084828464378,7,low-dim
TreadmillStatus,HBOS_b20,global,0.17142857142857143,0.3994406046897324,0.4687084828464378,7,low-dim
TreadmillStatus,HBOS_b5,global,-0.11428571428571432,0.3994406046897324,0.4687084828464378,7,low-dim
TreadmillStatus,HBOS_b50,global,0.6285714285714286,0.3994406046897324,0.4687084828464378,7,low-dim
TreadmillStatus,IF_n300,other,-0.37142857142857144,0.3994406046897324,0.4687084828464378,7,low-dim
TreadmillStatus,IF_n50,other,-0.39999999999999997,0.3994406046897324,0.4687084828464378,7,low-dim
TreadmillStatus,IForest,other,-0.5142857142857142,0.3994406046897324,0.4687084828464378,7,low-dim
TreadmillStatus,KNN,local,0.19999999999999996,0.3994406046897324,0.4687084828464378,7,low-dim
TreadmillStatus,KNN_k10,local,0.11428571428571421,0.3994406046897324,0.4687084828464378,7,low-dim
TreadmillStatus,KNN_k100,local,-0.3142857142857143,0.3994406046897324,0.4687084828464378,7,low-dim
TreadmillStatus,KNN_k200,local,-0.6,0.3994406046897324,0.4687084828464378,7,low-dim
TreadmillStatus,KNN_k3,local,0.2857142857142857,0.3994406046897324,0.4687084828464378,7,low-dim
TreadmillStatus,KNN_k35,local,-0.11428571428571421,0.3994406046897324,0.4687084828464378,7,low-dim
TreadmillStatus,KNN_k50,local,-0.17142857142857137,0.3994406046897324,0.4687084828464378,7,low-dim
TreadmillStatus,LODA,other,-0.34285714285714286,0.3994406046897324,0.4687084828464378,7,low-dim
TreadmillStatus,LODA_b20,other,0.05714285714285716,0.3994406046897324,0.4687084828464378,7,low-dim
TreadmillStatus,LODA_b50,other,-0.4571428571428571,0.3994406046897324,0.4687084828464378,7,low-dim
TreadmillStatus,LOF,local,0.42857142857142855,0.3994406046897324,0.4687084828464378,7,low-dim
TreadmillStatus,LOF_k10,local,0.4,0.3994406046897324,0.4687084828464378,7,low-dim
TreadmillStatus,LOF_k100,local,-0.1428571428571429,0.3994406046897324,0.4687084828464378,7,low-dim
TreadmillStatus,LOF_k200,local,-0.5428571428571429,0.3994406046897324,0.4687084828464378,7,low-dim
TreadmillStatus,LOF_k3,local,0.6285714285714286,0.3994406046897324,0.4687084828464378,7,low-dim
TreadmillStatus,LOF_k35,local,0.22857142857142865,0.3994406046897324,0.4687084828464378,7,low-dim
TreadmillStatus,LOF_k50,local,0.08571428571428574,0.3994406046897324,0.4687084828464378,7,low-dim
TreadmillStatus,PCA,global,0.3142857142857143,0.3994406046897324,0.4687084828464378,7,low-dim
TreadmillStatus,PCA_c0.3,global,0.34285714285714286,0.3994406046897324,0.4687084828464378,7,low-dim
TreadmillStatus,PCA_c0.7,global,0.3142857142857143,0.3994406046897324,0.4687084828464378,7,low-dim
TreadmillStatus,PCA_c0.9,global,0.3428571428571428,0.3994406046897324,0.4687084828464378,7,low-dim
TreadmillStatus,PCA_c0.99,global,0.17142857142857143,0.3994406046897324,0.4687084828464378,7,low-dim
TrialBehavior,CBLOF,local,-0.2571428571428571,0.3592259078138624,0.0074833087939962,3,low-dim
TrialBehavior,CBLOF_c16,local,-0.5142857142857142,0.3592259078138624,0.0074833087939962,3,low-dim
TrialBehavior,CBLOF_c32,local,-0.22857142857142854,0.3592259078138624,0.0074833087939962,3,low-dim
TrialBehavior,COPOD,global,0.02857142857142857,0.3592259078138624,0.0074833087939962,3,low-dim
TrialBehavior,ECOD,global,-0.7428571428571429,0.3592259078138624,0.0074833087939962,3,low-dim
TrialBehavior,HBOS,global,-0.14285714285714285,0.3592259078138624,0.0074833087939962,3,low-dim
TrialBehavior,HBOS_b100,global,0.05714285714285716,0.3592259078138624,0.0074833087939962,3,low-dim
TrialBehavior,HBOS_b20,global,0.3142857142857143,0.3592259078138624,0.0074833087939962,3,low-dim
TrialBehavior,HBOS_b5,global,-0.2,0.3592259078138624,0.0074833087939962,3,low-dim
TrialBehavior,HBOS_b50,global,0.2857142857142857,0.3592259078138624,0.0074833087939962,3,low-dim
TrialBehavior,IF_n300,other,0.05714285714285716,0.3592259078138624,0.0074833087939962,3,low-dim
TrialBehavior,IF_n50,other,0.17142857142857149,0.3592259078138624,0.0074833087939962,3,low-dim
TrialBehavior,IForest,other,-0.05714285714285716,0.3592259078138624,0.0074833087939962,3,low-dim
TrialBehavior,KNN,local,0.2285714285714286,0.3592259078138624,0.0074833087939962,3,low-dim
TrialBehavior,KNN_k10,local,-0.08571428571428574,0.3592259078138624,0.0074833087939962,3,low-dim
TrialBehavior,KNN_k100,local,-0.42857142857142855,0.3592259078138624,0.0074833087939962,3,low-dim
TrialBehavior,KNN_k200,local,-0.6,0.3592259078138624,0.0074833087939962,3,low-dim
TrialBehavior,KNN_k3,local,0.34285714285714286,0.3592259078138624,0.0074833087939962,3,low-dim
TrialBehavior,KNN_k35,local,-0.20000000000000007,0.3592259078138624,0.0074833087939962,3,low-dim
TrialBehavior,KNN_k50,local,-0.3428571428571429,0.3592259078138624,0.0074833087939962,3,low-dim
TrialBehavior,LODA,other,0.028571428571428553,0.3592259078138624,0.0074833087939962,3,low-dim
TrialBehavior,LODA_b20,other,0.22857142857142854,0.3592259078138624,0.0074833087939962,3,low-dim
TrialBehavior,LODA_b50,other,0.3142857142857143,0.3592259078138624,0.0074833087939962,3,low-dim
TrialBehavior,LOF,local,-0.057142857142857134,0.3592259078138624,0.0074833087939962,3,low-dim
TrialBehavior,LOF_k10,local,-0.2,0.3592259078138624,0.0074833087939962,3,low-dim
TrialBehavior,LOF_k100,local,0.14285714285714285,0.3592259078138624,0.0074833087939962,3,low-dim
TrialBehavior,LOF_k200,local,0.028571428571428525,0.3592259078138624,0.0074833087939962,3,low-dim
TrialBehavior,LOF_k3,local,0.028571428571428574,0.3592259078138624,0.0074833087939962,3,low-dim
TrialBehavior,LOF_k35,local,0.2285714285714286,0.3592259078138624,0.0074833087939962,3,low-dim
TrialBehavior,LOF_k50,local,0.2857142857142857,0.3592259078138624,0.0074833087939962,3,low-dim
TrialBehavior,PCA,global,0.6857142857142857,0.3592259078138624,0.0074833087939962,3,low-dim
TrialBehavior,PCA_c0.3,global,0.6857142857142857,0.3592259078138624,0.0074833087939962,3,low-dim
TrialBehavior,PCA_c0.7,global,0.0,0.3592259078138624,0.0074833087939962,3,low-dim
TrialBehavior,PCA_c0.9,global,0.0,0.3592259078138624,0.0074833087939962,3,low-dim
TrialBehavior,PCA_c0.99,global,-0.08571428571428574,0.3592259078138624,0.0074833087939962,3,low-dim
UrlAnalysis,CBLOF,local,0.4722222222222222,0.2695340108479141,0.5179821101863207,15,high-dim
UrlAnalysis,CBLOF_c16,local,0.4444444444444444,0.2695340108479141,0.5179821101863207,15,high-dim
UrlAnalysis,CBLOF_c32,local,0.3611111111111111,0.2695340108479141,0.5179821101863207,15,high-dim
UrlAnalysis,CBLOF_c4,local,0.0,0.2695340108479141,0.5179821101863207,15,high-dim
UrlAnalysis,COPOD,global,-0.1388888888888889,0.2695340108479141,0.5179821101863207,15,high-dim
UrlAnalysis,ECOD,global,-0.6666666666666666,0.2695340108479141,0.5179821101863207,15,high-dim
UrlAnalysis,HBOS,global,0.1111111111111111,0.2695340108479141,0.5179821101863207,15,high-dim
UrlAnalysis,HBOS_b100,global,0.9166666666666666,0.2695340108479141,0.5179821101863207,15,high-dim
UrlAnalysis,HBOS_b20,global,0.3888888888888889,0.2695340108479141,0.5179821101863207,15,high-dim
UrlAnalysis,HBOS_b5,global,0.055555555555555566,0.2695340108479141,0.5179821101863207,15,high-dim
UrlAnalysis,HBOS_b50,global,0.5555555555555556,0.2695340108479141,0.5179821101863207,15,high-dim
UrlAnalysis,IF_n300,other,0.05555555555555558,0.2695340108479141,0.5179821101863207,15,high-dim
UrlAnalysis,IF_n50,other,0.05555555555555547,0.2695340108479141,0.5179821101863207,15,high-dim
UrlAnalysis,IForest,other,0.05555555555555558,0.2695340108479141,0.5179821101863207,15,high-dim
UrlAnalysis,KNN,local,0.22222222222222232,0.2695340108479141,0.5179821101863207,15,high-dim
UrlAnalysis,KNN_k10,local,0.2222222222222222,0.2695340108479141,0.5179821101863207,15,high-dim
UrlAnalysis,KNN_k100,local,0.19444444444444442,0.2695340108479141,0.5179821101863207,15,high-dim
UrlAnalysis,KNN_k200,local,0.2777777777777778,0.2695340108479141,0.5179821101863207,15,high-dim
UrlAnalysis,KNN_k3,local,0.2222222222222222,0.2695340108479141,0.5179821101863207,15,high-dim
UrlAnalysis,KNN_k35,local,0.11111111111111105,0.2695340108479141,0.5179821101863207,15,high-dim
UrlAnalysis,KNN_k50,local,0.16666666666666663,0.2695340108479141,0.5179821101863207,15,high-dim
UrlAnalysis,LODA,other,-0.6944444444444444,0.2695340108479141,0.5179821101863207,15,high-dim
UrlAnalysis,LODA_b20,other,-0.6944444444444444,0.2695340108479141,0.5179821101863207,15,high-dim
UrlAnalysis,LODA_b50,other,-0.7222222222222222,0.2695340108479141,0.5179821101863207,15,high-dim
UrlAnalysis,LOF,local,0.02777777777777779,0.2695340108479141,0.5179821101863207,15,high-dim
UrlAnalysis,LOF_k10,local,-0.05555555555555555,0.2695340108479141,0.5179821101863207,15,high-dim
UrlAnalysis,LOF_k100,local,0.1388888888888889,0.2695340108479141,0.5179821101863207,15,high-dim
UrlAnalysis,LOF_k200,local,-0.13888888888888887,0.2695340108479141,0.5179821101863207,15,high-dim
UrlAnalysis,LOF_k3,local,-0.08333333333333333,0.2695340108479141,0.5179821101863207,15,high-dim
UrlAnalysis,LOF_k35,local,0.1388888888888889,0.2695340108479141,0.5179821101863207,15,high-dim
UrlAnalysis,LOF_k50,local,0.1388888888888889,0.2695340108479141,0.5179821101863207,15,high-dim
UrlAnalysis,PCA,global,-0.5555555555555556,0.2695340108479141,0.5179821101863207,15,high-dim
UrlAnalysis,PCA_c0.3,global,-0.47222222222222215,0.2695340108479141,0.5179821101863207,15,high-dim
UrlAnalysis,PCA_c0.7,global,-0.4444444444444445,0.2695340108479141,0.5179821101863207,15,high-dim
UrlAnalysis,PCA_c0.9,global,-0.2777777777777778,0.2695340108479141,0.5179821101863207,15,high-dim
UrlAnalysis,PCA_c0.99,global,-0.3888888888888889,0.2695340108479141,0.5179821101863207,15,high-dim
UserEventAnomalies,CBLOF_c16,local,-0.6470588235294117,0.4133458983565422,0.6722728898978985,3,low-dim
UserEventAnomalies,CBLOF_c32,local,-0.3823529411764706,0.4133458983565422,0.6722728898978985,3,low-dim
UserEventAnomalies,COPOD,global,-0.7647058823529411,0.4133458983565422,0.6722728898978985,3,low-dim
UserEventAnomalies,ECOD,global,-0.7794117647058824,0.4133458983565422,0.6722728898978985,3,low-dim
UserEventAnomalies,HBOS,global,0.5882352941176471,0.4133458983565422,0.6722728898978985,3,low-dim
UserEventAnomalies,HBOS_b100,global,-0.3529411764705882,0.4133458983565422,0.6722728898978985,3,low-dim
UserEventAnomalies,HBOS_b20,global,-0.2647058823529411,0.4133458983565422,0.6722728898978985,3,low-dim
UserEventAnomalies,HBOS_b5,global,0.47058823529411764,0.4133458983565422,0.6722728898978985,3,low-dim
UserEventAnomalies,HBOS_b50,global,-0.11764705882352944,0.4133458983565422,0.6722728898978985,3,low-dim
UserEventAnomalies,IF_n300,other,0.1470588235294118,0.4133458983565422,0.6722728898978985,3,low-dim
UserEventAnomalies,IF_n50,other,0.05882352941176472,0.4133458983565422,0.6722728898978985,3,low-dim
UserEventAnomalies,IForest,other,0.11764705882352944,0.4133458983565422,0.6722728898978985,3,low-dim
UserEventAnomalies,KNN,local,0.20588235294117646,0.4133458983565422,0.6722728898978985,3,low-dim
UserEventAnomalies,KNN_k10,local,0.0,0.4133458983565422,0.6722728898978985,3,low-dim
UserEventAnomalies,KNN_k100,local,-0.5588235294117647,0.4133458983565422,0.6722728898978985,3,low-dim
UserEventAnomalies,KNN_k200,local,-0.6764705882352942,0.4133458983565422,0.6722728898978985,3,low-dim
UserEventAnomalies,KNN_k3,local,0.29411764705882354,0.4133458983565422,0.6722728898978985,3,low-dim
UserEventAnomalies,KNN_k35,local,-0.14705882352941174,0.4133458983565422,0.6722728898978985,3,low-dim
UserEventAnomalies,KNN_k50,local,-0.42647058823529416,0.4133458983565422,0.6722728898978985,3,low-dim
UserEventAnomalies,LODA,other,0.29411764705882354,0.4133458983565422,0.6722728898978985,3,low-dim
UserEventAnomalies,LODA_b20,other,0.6764705882352942,0.4133458983565422,0.6722728898978985,3,low-dim
UserEventAnomalies,LODA_b50,other,0.9411764705882353,0.4133458983565422,0.6722728898978985,3,low-dim
UserEventAnomalies,LOF,local,-0.35294117647058826,0.4133458983565422,0.6722728898978985,3,low-dim
UserEventAnomalies,LOF_k10,local,0.23529411764705882,0.4133458983565422,0.6722728898978985,3,low-dim
UserEventAnomalies,LOF_k100,local,-0.3235294117647059,0.4133458983565422,0.6722728898978985,3,low-dim
UserEventAnomalies,LOF_k200,local,-0.8235294117647058,0.4133458983565422,0.6722728898978985,3,low-dim
UserEventAnomalies,LOF_k3,local,0.32352941176470584,0.4133458983565422,0.6722728898978985,3,low-dim
UserEventAnomalies,LOF_k35,local,0.0,0.4133458983565422,0.6722728898978985,3,low-dim
UserEventAnomalies,LOF_k50,local,-0.08823529411764702,0.4133458983565422,0.6722728898978985,3,low-dim
UserEventAnomalies,PCA,global,0.26470588235294124,0.4133458983565422,0.6722728898978985,3,low-dim
UserEventAnomalies,PCA_c0.3,global,0.26470588235294124,0.4133458983565422,0.6722728898978985,3,low-dim
UserEventAnomalies,PCA_c0.7,global,0.6470588235294117,0.4133458983565422,0.6722728898978985,3,low-dim
UserEventAnomalies,PCA_c0.9,global,0.5882352941176471,0.4133458983565422,0.6722728898978985,3,low-dim
UserEventAnomalies,PCA_c0.99,global,0.5882352941176471,0.4133458983565422,0.6722728898978985,3,low-dim
UserTrackingAnomalies,CBLOF,local,0.3888888888888889,0.5368156915773269,0.758877157264581,5,low-dim
UserTrackingAnomalies,CBLOF_c16,local,0.33333333333333326,0.5368156915773269,0.758877157264581,5,low-dim
UserTrackingAnomalies,CBLOF_c32,local,0.2222222222222222,0.5368156915773269,0.758877157264581,5,low-dim
UserTrackingAnomalies,CBLOF_c4,local,0.5555555555555556,0.5368156915773269,0.758877157264581,5,low-dim
UserTrackingAnomalies,COPOD,global,-0.4722222222222222,0.5368156915773269,0.758877157264581,5,low-dim
UserTrackingAnomalies,ECOD,global,-0.36111111111111116,0.5368156915773269,0.758877157264581,5,low-dim
UserTrackingAnomalies,HBOS,global,-0.6111111111111112,0.5368156915773269,0.758877157264581,5,low-dim
UserTrackingAnomalies,HBOS_b100,global,-0.75,0.5368156915773269,0.758877157264581,5,low-dim
UserTrackingAnomalies,HBOS_b20,global,-0.75,0.5368156915773269,0.758877157264581,5,low-dim
UserTrackingAnomalies,HBOS_b5,global,-0.5277777777777777,0.5368156915773269,0.758877157264581,5,low-dim
UserTrackingAnomalies,HBOS_b50,global,-0.7222222222222222,0.5368156915773269,0.758877157264581,5,low-dim
UserTrackingAnomalies,IF_n300,other,-0.2222222222222222,0.5368156915773269,0.758877157264581,5,low-dim
UserTrackingAnomalies,IF_n50,other,-0.2222222222222222,0.5368156915773269,0.758877157264581,5,low-dim
UserTrackingAnomalies,IForest,other,-0.2222222222222222,0.5368156915773269,0.758877157264581,5,low-dim
UserTrackingAnomalies,KNN,local,0.0,0.5368156915773269,0.758877157264581,5,low-dim
UserTrackingAnomalies,KNN_k10,local,0.13888888888888884,0.5368156915773269,0.758877157264581,5,low-dim
UserTrackingAnomalies,KNN_k100,local,0.49999999999999994,0.5368156915773269,0.758877157264581,5,low-dim
UserTrackingAnomalies,KNN_k200,local,0.47222222222222227,0.5368156915773269,0.758877157264581,5,low-dim
UserTrackingAnomalies,KNN_k3,local,0.0,0.5368156915773269,0.758877157264581,5,low-dim
UserTrackingAnomalies,KNN_k35,local,0.3888888888888889,0.5368156915773269,0.758877157264581,5,low-dim
UserTrackingAnomalies,KNN_k50,local,0.4722222222222222,0.5368156915773269,0.758877157264581,5,low-dim
UserTrackingAnomalies,LODA,other,-0.1388888888888889,0.5368156915773269,0.758877157264581,5,low-dim
UserTrackingAnomalies,LODA_b20,other,-0.05555555555555558,0.5368156915773269,0.758877157264581,5,low-dim
UserTrackingAnomalies,LODA_b50,other,0.33333333333333337,0.5368156915773269,0.758877157264581,5,low-dim
UserTrackingAnomalies,LOF,local,0.13888888888888884,0.5368156915773269,0.758877157264581,5,low-dim
UserTrackingAnomalies,LOF_k10,local,-0.16666666666666674,0.5368156915773269,0.758877157264581,5,low-dim
UserTrackingAnomalies,LOF_k100,local,0.5555555555555556,0.5368156915773269,0.758877157264581,5,low-dim
UserTrackingAnomalies,LOF_k200,local,0.5,0.5368156915773269,0.758877157264581,5,low-dim
UserTrackingAnomalies,LOF_k3,local,-0.49999999999999994,0.5368156915773269,0.758877157264581,5,low-dim
UserTrackingAnomalies,LOF_k35,local,0.2777777777777778,0.5368156915773269,0.758877157264581,5,low-dim
UserTrackingAnomalies,LOF_k50,local,0.2777777777777778,0.5368156915773269,0.758877157264581,5,low-dim
UserTrackingAnomalies,PCA,global,-0.16666666666666663,0.5368156915773269,0.758877157264581,5,low-dim
UserTrackingAnomalies,PCA_c0.3,global,-0.16666666666666663,0.5368156915773269,0.758877157264581,5,low-dim
UserTrackingAnomalies,PCA_c0.7,global,0.16666666666666666,0.5368156915773269,0.758877157264581,5,low-dim
UserTrackingAnomalies,PCA_c0.9,global,0.16666666666666666,0.5368156915773269,0.758877157264581,5,low-dim
UserTrackingAnomalies,PCA_c0.99,global,0.16666666666666666,0.5368156915773269,0.758877157264581,5,low-dim
ViralProteinFunction,CBLOF,local,-0.16666666666666669,0.5658778464586408,0.5141670628110377,3,low-dim
ViralProteinFunction,CBLOF_c16,local,-0.13888888888888884,0.5658778464586408,0.5141670628110377,3,low-dim
ViralProteinFunction,CBLOF_c32,local,-0.2777777777777778,0.5658778464586408,0.5141670628110377,3,low-dim
ViralProteinFunction,CBLOF_c4,local,-0.16666666666666674,0.5658778464586408,0.5141670628110377,3,low-dim
ViralProteinFunction,COPOD,global,-0.9166666666666666,0.5658778464586408,0.5141670628110377,3,low-dim
ViralProteinFunction,ECOD,global,-0.9722222222222222,0.5658778464586408,0.5141670628110377,3,low-dim
ViralProteinFunction,HBOS,global,-0.1388888888888889,0.5658778464586408,0.5141670628110377,3,low-dim
ViralProteinFunction,HBOS_b100,global,-0.2777777777777778,0.5658778464586408,0.5141670628110377,3,low-dim
ViralProteinFunction,HBOS_b20,global,-0.16666666666666669,0.5658778464586408,0.5141670628110377,3,low-dim
ViralProteinFunction,HBOS_b5,global,-0.19444444444444448,0.5658778464586408,0.5141670628110377,3,low-dim
ViralProteinFunction,HBOS_b50,global,-0.13888888888888887,0.5658778464586408,0.5141670628110377,3,low-dim
ViralProteinFunction,IF_n300,other,0.0,0.5658778464586408,0.5141670628110377,3,low-dim
ViralProteinFunction,IF_n50,other,0.08333333333333326,0.5658778464586408,0.5141670628110377,3,low-dim
ViralProteinFunction,IForest,other,0.0,0.5658778464586408,0.5141670628110377,3,low-dim
ViralProteinFunction,KNN,local,0.41666666666666663,0.5658778464586408,0.5141670628110377,3,low-dim
ViralProteinFunction,KNN_k10,local,0.25,0.5658778464586408,0.5141670628110377,3,low-dim
ViralProteinFunction,KNN_k100,local,-0.13888888888888884,0.5658778464586408,0.5141670628110377,3,low-dim
ViralProteinFunction,KNN_k200,local,-0.05555555555555547,0.5658778464586408,0.5141670628110377,3,low-dim
ViralProteinFunction,KNN_k3,local,0.5,0.5658778464586408,0.5141670628110377,3,low-dim
ViralProteinFunction,KNN_k35,local,-0.08333333333333337,0.5658778464586408,0.5141670628110377,3,low-dim
ViralProteinFunction,KNN_k50,local,-0.19444444444444442,0.5658778464586408,0.5141670628110377,3,low-dim
ViralProteinFunction,LODA,other,0.0,0.5658778464586408,0.5141670628110377,3,low-dim
ViralProteinFunction,LODA_b20,other,0.3611111111111111,0.5658778464586408,0.5141670628110377,3,low-dim
ViralProteinFunction,LODA_b50,other,0.5555555555555556,0.5658778464586408,0.5141670628110377,3,low-dim
ViralProteinFunction,LOF,local,0.1111111111111111,0.5658778464586408,0.5141670628110377,3,low-dim
ViralProteinFunction,LOF_k10,local,0.05555555555555555,0.5658778464586408,0.5141670628110377,3,low-dim
ViralProteinFunction,LOF_k100,local,0.2777777777777778,0.5658778464586408,0.5141670628110377,3,low-dim
ViralProteinFunction,LOF_k200,local,0.3611111111111111,0.5658778464586408,0.5141670628110377,3,low-dim
ViralProteinFunction,LOF_k3,local,0.08333333333333334,0.5658778464586408,0.5141670628110377,3,low-dim
ViralProteinFunction,LOF_k35,local,0.19444444444444448,0.5658778464586408,0.5141670628110377,3,low-dim
ViralProteinFunction,LOF_k50,local,0.2777777777777778,0.5658778464586408,0.5141670628110377,3,low-dim
ViralProteinFunction,PCA,global,-0.11111111111111116,0.5658778464586408,0.5141670628110377,3,low-dim
ViralProteinFunction,PCA_c0.3,global,-0.11111111111111116,0.5658778464586408,0.5141670628110377,3,low-dim
ViralProteinFunction,PCA_c0.7,global,0.25,0.5658778464586408,0.5141670628110377,3,low-dim
ViralProteinFunction,PCA_c0.9,global,0.25,0.5658778464586408,0.5141670628110377,3,low-dim
ViralProteinFunction,PCA_c0.99,global,0.2222222222222222,0.5658778464586408,0.5141670628110377,3,low-dim
VoteOutcome,CBLOF,local,0.38888888888888884,0.7578640041194924,0.765961728152531,8,low-dim
VoteOutcome,CBLOF_c16,local,0.3888888888888889,0.7578640041194924,0.765961728152531,8,low-dim
VoteOutcome,CBLOF_c32,local,0.2777777777777778,0.7578640041194924,0.765961728152531,8,low-dim
VoteOutcome,CBLOF_c4,local,0.3611111111111111,0.7578640041194924,0.765961728152531,8,low-dim
VoteOutcome,COPOD,global,-0.29166666666666663,0.7578640041194924,0.765961728152531,8,low-dim
VoteOutcome,ECOD,global,-0.20833333333333334,0.7578640041194924,0.765961728152531,8,low-dim
VoteOutcome,HBOS,global,-0.36111111111111116,0.7578640041194924,0.765961728152531,8,low-dim
VoteOutcome,HBOS_b100,global,-0.5,0.7578640041194924,0.765961728152531,8,low-dim
VoteOutcome,HBOS_b20,global,-0.5277777777777778,0.7578640041194924,0.765961728152531,8,low-dim
VoteOutcome,HBOS_b5,global,-0.25,0.7578640041194924,0.765961728152531,8,low-dim
VoteOutcome,HBOS_b50,global,-0.4722222222222222,0.7578640041194924,0.765961728152531,8,low-dim
VoteOutcome,IF_n300,other,0.3055555555555556,0.7578640041194924,0.765961728152531,8,low-dim
VoteOutcome,IF_n50,other,0.33333333333333326,0.7578640041194924,0.765961728152531,8,low-dim
VoteOutcome,IForest,other,0.3055555555555556,0.7578640041194924,0.765961728152531,8,low-dim
VoteOutcome,KNN,local,0.11111111111111116,0.7578640041194924,0.765961728152531,8,low-dim
VoteOutcome,KNN_k10,local,0.25,0.7578640041194924,0.765961728152531,8,low-dim
VoteOutcome,KNN_k100,local,0.33333333333333337,0.7578640041194924,0.765961728152531,8,low-dim
VoteOutcome,KNN_k200,local,0.4444444444444445,0.7578640041194924,0.765961728152531,8,low-dim
VoteOutcome,KNN_k3,local,0.08333333333333337,0.7578640041194924,0.765961728152531,8,low-dim
VoteOutcome,KNN_k35,local,0.27777777777777773,0.7578640041194924,0.765961728152531,8,low-dim
VoteOutcome,KNN_k50,local,0.2777777777777778,0.7578640041194924,0.765961728152531,8,low-dim
VoteOutcome,LODA,other,0.38888888888888884,0.7578640041194924,0.765961728152531,8,low-dim
VoteOutcome,LODA_b20,other,0.44444444444444453,0.7578640041194924,0.765961728152531,8,low-dim
VoteOutcome,LODA_b50,other,0.5555555555555556,0.7578640041194924,0.765961728152531,8,low-dim
VoteOutcome,LOF,local,-0.8333333333333333,0.7578640041194924,0.765961728152531,8,low-dim
VoteOutcome,LOF_k10,local,-0.7777777777777777,0.7578640041194924,0.765961728152531,8,low-dim
VoteOutcome,LOF_k100,local,-0.5277777777777777,0.7578640041194924,0.765961728152531,8,low-dim
VoteOutcome,LOF_k200,local,-0.4444444444444445,0.7578640041194924,0.765961728152531,8,low-dim
VoteOutcome,LOF_k3,local,-0.638888888888889,0.7578640041194924,0.765961728152531,8,low-dim
VoteOutcome,LOF_k35,local,-0.8888888888888888,0.7578640041194924,0.765961728152531,8,low-dim
VoteOutcome,LOF_k50,local,-0.6666666666666667,0.7578640041194924,0.765961728152531,8,low-dim
VoteOutcome,PCA,global,0.2777777777777778,0.7578640041194924,0.765961728152531,8,low-dim
VoteOutcome,PCA_c0.3,global,0.25,0.7578640041194924,0.765961728152531,8,low-dim
VoteOutcome,PCA_c0.7,global,0.38888888888888884,0.7578640041194924,0.765961728152531,8,low-dim
VoteOutcome,PCA_c0.9,global,0.47222222222222227,0.7578640041194924,0.765961728152531,8,low-dim
VoteOutcome,PCA_c0.99,global,0.4722222222222222,0.7578640041194924,0.765961728152531,8,low-dim
WaterChemistry,CBLOF,local,0.3055555555555555,0.5462584757903797,0.3129771235857231,25,high-dim
WaterChemistry,CBLOF_c16,local,0.36111111111111116,0.5462584757903797,0.3129771235857231,25,high-dim
WaterChemistry,CBLOF_c32,local,0.19444444444444448,0.5462584757903797,0.3129771235857231,25,high-dim
WaterChemistry,CBLOF_c4,local,0.2777777777777778,0.5462584757903797,0.3129771235857231,25,high-dim
WaterChemistry,COPOD,global,-0.29166666666666663,0.5462584757903797,0.3129771235857231,25,high-dim
WaterChemistry,ECOD,global,-0.125,0.5462584757903797,0.3129771235857231,25,high-dim
WaterChemistry,HBOS,global,-0.6111111111111112,0.5462584757903797,0.3129771235857231,25,high-dim
WaterChemistry,HBOS_b100,global,-0.5555555555555556,0.5462584757903797,0.3129771235857231,25,high-dim
WaterChemistry,HBOS_b20,global,-0.6388888888888888,0.5462584757903797,0.3129771235857231,25,high-dim
WaterChemistry,HBOS_b5,global,-0.5555555555555555,0.5462584757903797,0.3129771235857231,25,high-dim
WaterChemistry,HBOS_b50,global,-0.5555555555555556,0.5462584757903797,0.3129771235857231,25,high-dim
WaterChemistry,IF_n300,other,0.25,0.5462584757903797,0.3129771235857231,25,high-dim
WaterChemistry,IF_n50,other,0.13888888888888884,0.5462584757903797,0.3129771235857231,25,high-dim
WaterChemistry,IForest,other,0.25,0.5462584757903797,0.3129771235857231,25,high-dim
WaterChemistry,KNN,local,0.5555555555555556,0.5462584757903797,0.3129771235857231,25,high-dim
WaterChemistry,KNN_k10,local,0.47222222222222227,0.5462584757903797,0.3129771235857231,25,high-dim
WaterChemistry,KNN_k100,local,0.38888888888888895,0.5462584757903797,0.3129771235857231,25,high-dim
WaterChemistry,KNN_k200,local,0.3055555555555556,0.5462584757903797,0.3129771235857231,25,high-dim
WaterChemistry,KNN_k3,local,0.5555555555555556,0.5462584757903797,0.3129771235857231,25,high-dim
WaterChemistry,KNN_k35,local,0.38888888888888884,0.5462584757903797,0.3129771235857231,25,high-dim
WaterChemistry,KNN_k50,local,0.38888888888888884,0.5462584757903797,0.3129771235857231,25,high-dim
WaterChemistry,LODA,other,0.3888888888888889,0.5462584757903797,0.3129771235857231,25,high-dim
WaterChemistry,LODA_b20,other,0.2777777777777778,0.5462584757903797,0.3129771235857231,25,high-dim
WaterChemistry,LODA_b50,other,0.3611111111111111,0.5462584757903797,0.3129771235857231,25,high-dim
WaterChemistry,LOF,local,-0.75,0.5462584757903797,0.3129771235857231,25,high-dim
WaterChemistry,LOF_k10,local,-0.8333333333333334,0.5462584757903797,0.3129771235857231,25,high-dim
WaterChemistry,LOF_k100,local,-0.22222222222222232,0.5462584757903797,0.3129771235857231,25,high-dim
WaterChemistry,LOF_k200,local,-0.02777777777777779,0.5462584757903797,0.3129771235857231,25,high-dim
WaterChemistry,LOF_k3,local,-0.75,0.5462584757903797,0.3129771235857231,25,high-dim
WaterChemistry,LOF_k35,local,-0.611111111111111,0.5462584757903797,0.3129771235857231,25,high-dim
WaterChemistry,LOF_k50,local,-0.5277777777777777,0.5462584757903797,0.3129771235857231,25,high-dim
WaterChemistry,PCA,global,0.19444444444444442,0.5462584757903797,0.3129771235857231,25,high-dim
WaterChemistry,PCA_c0.3,global,0.19444444444444442,0.5462584757903797,0.3129771235857231,25,high-dim
WaterChemistry,PCA_c0.7,global,0.25,0.5462584757903797,0.3129771235857231,25,high-dim
WaterChemistry,PCA_c0.9,global,0.25,0.5462584757903797,0.3129771235857231,25,high-dim
WaterChemistry,PCA_c0.99,global,0.3055555555555556,0.5462584757903797,0.3129771235857231,25,high-dim
WaterMeterAnomaly,CBLOF,local,-0.05555555555555558,0.7061531032767061,1.9744155819834728,5,low-dim
WaterMeterAnomaly,CBLOF_c16,local,0.0,0.7061531032767061,1.9744155819834728,5,low-dim
WaterMeterAnomaly,CBLOF_c32,local,0.16666666666666663,0.7061531032767061,1.9744155819834728,5,low-dim
WaterMeterAnomaly,CBLOF_c4,local,-0.16666666666666663,0.7061531032767061,1.9744155819834728,5,low-dim
WaterMeterAnomaly,COPOD,global,-0.40277777777777773,0.7061531032767061,1.9744155819834728,5,low-dim
WaterMeterAnomaly,ECOD,global,-0.7916666666666667,0.7061531032767061,1.9744155819834728,5,low-dim
WaterMeterAnomaly,HBOS,global,-0.11111111111111112,0.7061531032767061,1.9744155819834728,5,low-dim
WaterMeterAnomaly,HBOS_b100,global,0.1111111111111111,0.7061531032767061,1.9744155819834728,5,low-dim
WaterMeterAnomaly,HBOS_b20,global,-0.027777777777777762,0.7061531032767061,1.9744155819834728,5,low-dim
WaterMeterAnomaly,HBOS_b5,global,0.16666666666666669,0.7061531032767061,1.9744155819834728,5,low-dim
WaterMeterAnomaly,HBOS_b50,global,0.19444444444444448,0.7061531032767061,1.9744155819834728,5,low-dim
WaterMeterAnomaly,IF_n300,other,0.4444444444444444,0.7061531032767061,1.9744155819834728,5,low-dim
WaterMeterAnomaly,IF_n50,other,0.41666666666666663,0.7061531032767061,1.9744155819834728,5,low-dim
WaterMeterAnomaly,IForest,other,0.36111111111111116,0.7061531032767061,1.9744155819834728,5,low-dim
WaterMeterAnomaly,KNN,local,0.6111111111111112,0.7061531032767061,1.9744155819834728,5,low-dim
WaterMeterAnomaly,KNN_k10,local,0.5833333333333333,0.7061531032767061,1.9744155819834728,5,low-dim
WaterMeterAnomaly,KNN_k100,local,0.4166666666666667,0.7061531032767061,1.9744155819834728,5,low-dim
WaterMeterAnomaly,KNN_k200,local,0.27777777777777773,0.7061531032767061,1.9744155819834728,5,low-dim
WaterMeterAnomaly,KNN_k3,local,0.6111111111111112,0.7061531032767061,1.9744155819834728,5,low-dim
WaterMeterAnomaly,KNN_k35,local,0.5833333333333334,0.7061531032767061,1.9744155819834728,5,low-dim
WaterMeterAnomaly,KNN_k50,local,0.5277777777777778,0.7061531032767061,1.9744155819834728,5,low-dim
WaterMeterAnomaly,LODA,other,0.3333333333333333,0.7061531032767061,1.9744155819834728,5,low-dim
WaterMeterAnomaly,LODA_b20,other,0.36111111111111116,0.7061531032767061,1.9744155819834728,5,low-dim
WaterMeterAnomaly,LODA_b50,other,0.3611111111111111,0.7061531032767061,1.9744155819834728,5,low-dim
WaterMeterAnomaly,LOF,local,-0.7222222222222222,0.7061531032767061,1.9744155819834728,5,low-dim
WaterMeterAnomaly,LOF_k10,local,-0.6388888888888888,0.7061531032767061,1.9744155819834728,5,low-dim
WaterMeterAnomaly,LOF_k100,local,-0.75,0.7061531032767061,1.9744155819834728,5,low-dim
WaterMeterAnomaly,LOF_k200,local,-0.02777777777777779,0.7061531032767061,1.9744155819834728,5,low-dim
WaterMeterAnomaly,LOF_k3,local,-0.7222222222222222,0.7061531032767061,1.9744155819834728,5,low-dim
WaterMeterAnomaly,LOF_k35,local,-0.7222222222222222,0.7061531032767061,1.9744155819834728,5,low-dim
WaterMeterAnomaly,LOF_k50,local,-0.7222222222222222,0.7061531032767061,1.9744155819834728,5,low-dim
WaterMeterAnomaly,PCA,global,-0.22222222222222232,0.7061531032767061,1.9744155819834728,5,low-dim
WaterMeterAnomaly,PCA_c0.3,global,-0.22222222222222232,0.7061531032767061,1.9744155819834728,5,low-dim
WaterMeterAnomaly,PCA_c0.7,global,-0.16666666666666663,0.7061531032767061,1.9744155819834728,5,low-dim
WaterMeterAnomaly,PCA_c0.9,global,-0.02777777777777779,0.7061531032767061,1.9744155819834728,5,low-dim
WaterMeterAnomaly,PCA_c0.99,global,-0.02777777777777779,0.7061531032767061,1.9744155819834728,5,low-dim
WebTrafficError,CBLOF,local,-0.057142857142857134,0.259533269497276,0.7121671526143195,6,low-dim
WebTrafficError,CBLOF_c16,local,0.14285714285714285,0.259533269497276,0.7121671526143195,6,low-dim
WebTrafficError,CBLOF_c32,local,-0.028571428571428553,0.259533269497276,0.7121671526143195,6,low-dim
WebTrafficError,COPOD,global,0.02857142857142857,0.259533269497276,0.7121671526143195,6,low-dim
WebTrafficError,ECOD,global,-0.5142857142857142,0.259533269497276,0.7121671526143195,6,low-dim
WebTrafficError,HBOS,global,0.37142857142857144,0.259533269497276,0.7121671526143195,6,low-dim
WebTrafficError,HBOS_b100,global,0.34285714285714286,0.259533269497276,0.7121671526143195,6,low-dim
WebTrafficError,HBOS_b20,global,0.05714285714285716,0.259533269497276,0.7121671526143195,6,low-dim
WebTrafficError,HBOS_b5,global,0.4285714285714286,0.259533269497276,0.7121671526143195,6,low-dim
WebTrafficError,HBOS_b50,global,0.37142857142857144,0.259533269497276,0.7121671526143195,6,low-dim
WebTrafficError,IF_n300,other,-0.05714285714285716,0.259533269497276,0.7121671526143195,6,low-dim
WebTrafficError,IF_n50,other,-0.22857142857142854,0.259533269497276,0.7121671526143195,6,low-dim
WebTrafficError,IForest,other,0.0,0.259533269497276,0.7121671526143195,6,low-dim
WebTrafficError,KNN,local,-0.17142857142857149,0.259533269497276,0.7121671526143195,6,low-dim
WebTrafficError,KNN_k10,local,-0.05714285714285716,0.259533269497276,0.7121671526143195,6,low-dim
WebTrafficError,KNN_k100,local,0.08571428571428572,0.259533269497276,0.7121671526143195,6,low-dim
WebTrafficError,KNN_k200,local,0.0,0.259533269497276,0.7121671526143195,6,low-dim
WebTrafficError,KNN_k3,local,-0.28571428571428575,0.259533269497276,0.7121671526143195,6,low-dim
WebTrafficError,KNN_k35,local,0.11428571428571432,0.259533269497276,0.7121671526143195,6,low-dim
WebTrafficError,KNN_k50,local,0.11428571428571427,0.259533269497276,0.7121671526143195,6,low-dim
WebTrafficError,LODA,other,0.19999999999999996,0.259533269497276,0.7121671526143195,6,low-dim
WebTrafficError,LODA_b20,other,0.11428571428571427,0.259533269497276,0.7121671526143195,6,low-dim
WebTrafficError,LODA_b50,other,-0.11428571428571432,0.259533269497276,0.7121671526143195,6,low-dim
WebTrafficError,LOF,local,-0.08571428571428569,0.259533269497276,0.7121671526143195,6,low-dim
WebTrafficError,LOF_k10,local,-0.34285714285714286,0.259533269497276,0.7121671526143195,6,low-dim
WebTrafficError,LOF_k100,local,0.0,0.259533269497276,0.7121671526143195,6,low-dim
WebTrafficError,LOF_k200,local,0.0,0.259533269497276,0.7121671526143195,6,low-dim
WebTrafficError,LOF_k3,local,-0.5142857142857143,0.259533269497276,0.7121671526143195,6,low-dim
WebTrafficError,LOF_k35,local,-0.02857142857142858,0.259533269497276,0.7121671526143195,6,low-dim
WebTrafficError,LOF_k50,local,0.0,0.259533269497276,0.7121671526143195,6,low-dim
WebTrafficError,PCA,global,-0.08571428571428563,0.259533269497276,0.7121671526143195,6,low-dim
WebTrafficError,PCA_c0.3,global,-0.22857142857142854,0.259533269497276,0.7121671526143195,6,low-dim
WebTrafficError,PCA_c0.7,global,-0.02857142857142858,0.259533269497276,0.7121671526143195,6,low-dim
WebTrafficError,PCA_c0.9,global,0.0,0.259533269497276,0.7121671526143195,6,low-dim
WebTrafficError,PCA_c0.99,global,0.45714285714285713,0.259533269497276,0.7121671526143195,6,low-dim
WellMetrics,CBLOF,local,-0.7999999999999999,0.3185148224280383,0.189994463226843,8,low-dim
WellMetrics,CBLOF_c16,local,-0.5714285714285715,0.3185148224280383,0.189994463226843,8,low-dim
WellMetrics,CBLOF_c32,local,-0.2857142857142857,0.3185148224280383,0.189994463226843,8,low-dim
WellMetrics,COPOD,global,-0.34285714285714286,0.3185148224280383,0.189994463226843,8,low-dim
WellMetrics,ECOD,global,-0.5428571428571428,0.3185148224280383,0.189994463226843,8,low-dim
WellMetrics,HBOS,global,0.8857142857142857,0.3185148224280383,0.189994463226843,8,low-dim
WellMetrics,HBOS_b100,global,0.3142857142857143,0.3185148224280383,0.189994463226843,8,low-dim
WellMetrics,HBOS_b20,global,0.8857142857142857,0.3185148224280383,0.189994463226843,8,low-dim
WellMetrics,HBOS_b5,global,0.7428571428571429,0.3185148224280383,0.189994463226843,8,low-dim
WellMetrics,HBOS_b50,global,0.8285714285714285,0.3185148224280383,0.189994463226843,8,low-dim
WellMetrics,IF_n300,other,0.657142857142857,0.3185148224280383,0.189994463226843,8,low-dim
WellMetrics,IF_n50,other,0.45714285714285713,0.3185148224280383,0.189994463226843,8,low-dim
WellMetrics,IForest,other,0.48571428571428577,0.3185148224280383,0.189994463226843,8,low-dim
WellMetrics,KNN,local,-0.02857142857142858,0.3185148224280383,0.189994463226843,8,low-dim
WellMetrics,KNN_k10,local,-0.5142857142857142,0.3185148224280383,0.189994463226843,8,low-dim
WellMetrics,KNN_k100,local,-0.6000000000000001,0.3185148224280383,0.189994463226843,8,low-dim
WellMetrics,KNN_k200,local,-0.14285714285714285,0.3185148224280383,0.189994463226843,8,low-dim
WellMetrics,KNN_k3,local,0.11428571428571432,0.3185148224280383,0.189994463226843,8,low-dim
WellMetrics,KNN_k35,local,-0.6857142857142857,0.3185148224280383,0.189994463226843,8,low-dim
WellMetrics,KNN_k50,local,-0.7714285714285714,0.3185148224280383,0.189994463226843,8,low-dim
WellMetrics,LODA,other,0.02857142857142858,0.3185148224280383,0.189994463226843,8,low-dim
WellMetrics,LODA_b20,other,-0.05714285714285716,0.3185148224280383,0.189994463226843,8,low-dim
WellMetrics,LODA_b50,other,0.37142857142857144,0.3185148224280383,0.189994463226843,8,low-dim
WellMetrics,LOF,local,-0.057142857142857106,0.3185148224280383,0.189994463226843,8,low-dim
WellMetrics,LOF_k10,local,0.3714285714285714,0.3185148224280383,0.189994463226843,8,low-dim
WellMetrics,LOF_k100,local,-0.5714285714285715,0.3185148224280383,0.189994463226843,8,low-dim
WellMetrics,LOF_k200,local,-0.2571428571428572,0.3185148224280383,0.189994463226843,8,low-dim
WellMetrics,LOF_k3,local,0.2571428571428572,0.3185148224280383,0.189994463226843,8,low-dim
WellMetrics,LOF_k35,local,-0.48571428571428565,0.3185148224280383,0.189994463226843,8,low-dim
WellMetrics,LOF_k50,local,-0.6571428571428571,0.3185148224280383,0.189994463226843,8,low-dim
WellMetrics,PCA,global,0.057142857142857106,0.3185148224280383,0.189994463226843,8,low-dim
WellMetrics,PCA_c0.3,global,-0.11428571428571427,0.3185148224280383,0.189994463226843,8,low-dim
WellMetrics,PCA_c0.7,global,0.34285714285714286,0.3185148224280383,0.189994463226843,8,low-dim
WellMetrics,PCA_c0.9,global,0.3142857142857143,0.3185148224280383,0.189994463226843,8,low-dim
WellMetrics,PCA_c0.99,global,0.37142857142857144,0.3185148224280383,0.189994463226843,8,low-dim
XSSDetection,CBLOF,local,-0.2222222222222222,0.6192521993758933,0.4082351668069182,56,high-dim
XSSDetection,CBLOF_c16,local,0.05555555555555558,0.6192521993758933,0.4082351668069182,56,high-dim
XSSDetection,CBLOF_c32,local,0.1111111111111111,0.6192521993758933,0.4082351668069182,56,high-dim
XSSDetection,CBLOF_c4,local,-0.19444444444444442,0.6192521993758933,0.4082351668069182,56,high-dim
XSSDetection,COPOD,global,-0.02777777777777779,0.6192521993758933,0.4082351668069182,56,high-dim
XSSDetection,ECOD,global,-0.38888888888888884,0.6192521993758933,0.4082351668069182,56,high-dim
XSSDetection,HBOS,global,-0.01388888888888884,0.6192521993758933,0.4082351668069182,56,high-dim
XSSDetection,HBOS_b100,global,0.26388888888888895,0.6192521993758933,0.4082351668069182,56,high-dim
XSSDetection,HBOS_b20,global,0.09722222222222221,0.6192521993758933,0.4082351668069182,56,high-dim
XSSDetection,HBOS_b5,global,-0.09722222222222221,0.6192521993758933,0.4082351668069182,56,high-dim
XSSDetection,HBOS_b50,global,-0.06944444444444442,0.6192521993758933,0.4082351668069182,56,high-dim
XSSDetection,IF_n300,other,0.23611111111111116,0.6192521993758933,0.4082351668069182,56,high-dim
XSSDetection,IF_n50,other,0.01388888888888895,0.6192521993758933,0.4082351668069182,56,high-dim
XSSDetection,IForest,other,0.20833333333333337,0.6192521993758933,0.4082351668069182,56,high-dim
XSSDetection,KNN,local,0.3888888888888889,0.6192521993758933,0.4082351668069182,56,high-dim
XSSDetection,KNN_k10,local,0.41666666666666663,0.6192521993758933,0.4082351668069182,56,high-dim
XSSDetection,KNN_k100,local,0.19444444444444445,0.6192521993758933,0.4082351668069182,56,high-dim
XSSDetection,KNN_k200,local,0.05555555555555555,0.6192521993758933,0.4082351668069182,56,high-dim
XSSDetection,KNN_k3,local,0.3611111111111111,0.6192521993758933,0.4082351668069182,56,high-dim
XSSDetection,KNN_k35,local,0.36111111111111116,0.6192521993758933,0.4082351668069182,56,high-dim
XSSDetection,KNN_k50,local,0.2777777777777778,0.6192521993758933,0.4082351668069182,56,high-dim
XSSDetection,LODA,other,-0.02777777777777779,0.6192521993758933,0.4082351668069182,56,high-dim
XSSDetection,LODA_b20,other,0.11111111111111116,0.6192521993758933,0.4082351668069182,56,high-dim
XSSDetection,LODA_b50,other,0.19444444444444442,0.6192521993758933,0.4082351668069182,56,high-dim
XSSDetection,LOF,local,-0.22222222222222227,0.6192521993758933,0.4082351668069182,56,high-dim
XSSDetection,LOF_k10,local,-0.36111111111111116,0.6192521993758933,0.4082351668069182,56,high-dim
XSSDetection,LOF_k100,local,-0.11111111111111113,0.6192521993758933,0.4082351668069182,56,high-dim
XSSDetection,LOF_k200,local,-0.13888888888888887,0.6192521993758933,0.4082351668069182,56,high-dim
XSSDetection,LOF_k3,local,-0.5,0.6192521993758933,0.4082351668069182,56,high-dim
XSSDetection,LOF_k35,local,-0.25,0.6192521993758933,0.4082351668069182,56,high-dim
XSSDetection,LOF_k50,local,-0.25,0.6192521993758933,0.4082351668069182,56,high-dim
XSSDetection,PCA,global,-0.04166666666666663,0.6192521993758933,0.4082351668069182,56,high-dim
XSSDetection,PCA_c0.3,global,-0.02777777777777779,0.6192521993758933,0.4082351668069182,56,high-dim
XSSDetection,PCA_c0.7,global,-0.06944444444444442,0.6192521993758933,0.4082351668069182,56,high-dim
XSSDetection,PCA_c0.9,global,-0.1527777777777778,0.6192521993758933,0.4082351668069182,56,high-dim
XSSDetection,PCA_c0.99,global,-0.18055555555555558,0.6192521993758933,0.4082351668069182,56,high-dim
ZookeeperLogs,CBLOF,local,0.08571428571428572,0.3605659310430146,0.4518875704061755,3,low-dim
ZookeeperLogs,CBLOF_c16,local,0.22857142857142854,0.3605659310430146,0.4518875704061755,3,low-dim
ZookeeperLogs,CBLOF_c32,local,-0.02857142857142858,0.3605659310430146,0.4518875704061755,3,low-dim
ZookeeperLogs,COPOD,global,-0.1142857142857143,0.3605659310430146,0.4518875704061755,3,low-dim
ZookeeperLogs,ECOD,global,-0.22857142857142856,0.3605659310430146,0.4518875704061755,3,low-dim
ZookeeperLogs,HBOS,global,-0.28571428571428575,0.3605659310430146,0.4518875704061755,3,low-dim
ZookeeperLogs,HBOS_b100,global,0.1428571428571429,0.3605659310430146,0.4518875704061755,3,low-dim
ZookeeperLogs,HBOS_b20,global,-0.05714285714285716,0.3605659310430146,0.4518875704061755,3,low-dim
ZookeeperLogs,HBOS_b5,global,0.0,0.3605659310430146,0.4518875704061755,3,low-dim
ZookeeperLogs,HBOS_b50,global,0.11428571428571421,0.3605659310430146,0.4518875704061755,3,low-dim
ZookeeperLogs,IF_n300,other,0.2571428571428571,0.3605659310430146,0.4518875704061755,3,low-dim
ZookeeperLogs,IF_n50,other,0.14285714285714285,0.3605659310430146,0.4518875704061755,3,low-dim
ZookeeperLogs,IForest,other,0.34285714285714286,0.3605659310430146,0.4518875704061755,3,low-dim
ZookeeperLogs,KNN,local,0.0,0.3605659310430146,0.4518875704061755,3,low-dim
ZookeeperLogs,KNN_k10,local,0.1428571428571429,0.3605659310430146,0.4518875704061755,3,low-dim
ZookeeperLogs,KNN_k100,local,0.39999999999999997,0.3605659310430146,0.4518875704061755,3,low-dim
ZookeeperLogs,KNN_k200,local,-0.028571428571428567,0.3605659310430146,0.4518875704061755,3,low-dim
ZookeeperLogs,KNN_k3,local,0.02857142857142858,0.3605659310430146,0.4518875704061755,3,low-dim
ZookeeperLogs,KNN_k35,local,0.6857142857142857,0.3605659310430146,0.4518875704061755,3,low-dim
ZookeeperLogs,KNN_k50,local,0.6571428571428571,0.3605659310430146,0.4518875704061755,3,low-dim
ZookeeperLogs,LODA,other,-0.8,0.3605659310430146,0.4518875704061755,3,low-dim
ZookeeperLogs,LODA_b20,other,0.02857142857142858,0.3605659310430146,0.4518875704061755,3,low-dim
ZookeeperLogs,LODA_b50,other,-0.2571428571428571,0.3605659310430146,0.4518875704061755,3,low-dim
ZookeeperLogs,LOF,local,-0.1428571428571428,0.3605659310430146,0.4518875704061755,3,low-dim
ZookeeperLogs,LOF_k10,local,-0.05714285714285716,0.3605659310430146,0.4518875704061755,3,low-dim
ZookeeperLogs,LOF_k100,local,-0.4285714285714286,0.3605659310430146,0.4518875704061755,3,low-dim
ZookeeperLogs,LOF_k200,local,-0.42857142857142855,0.3605659310430146,0.4518875704061755,3,low-dim
ZookeeperLogs,LOF_k3,local,-0.02857142857142858,0.3605659310430146,0.4518875704061755,3,low-dim
ZookeeperLogs,LOF_k35,local,0.08571428571428574,0.3605659310430146,0.4518875704061755,3,low-dim
ZookeeperLogs,LOF_k50,local,-0.08571428571428569,0.3605659310430146,0.4518875704061755,3,low-dim
ZookeeperLogs,PCA,global,0.2285714285714286,0.3605659310430146,0.4518875704061755,3,low-dim
ZookeeperLogs,PCA_c0.3,global,-0.37142857142857144,0.3605659310430146,0.4518875704061755,3,low-dim
ZookeeperLogs,PCA_c0.7,global,0.2285714285714286,0.3605659310430146,0.4518875704061755,3,low-dim
ZookeeperLogs,PCA_c0.9,global,-0.2285714285714286,0.3605659310430146,0.4518875704061755,3,low-dim
ZookeeperLogs,PCA_c0.99,global,-0.2285714285714286,0.3605659310430146,0.4518875704061755,3,low-dim
ailerons,CBLOF,local,0.05714285714285715,0.5925697927725577,0.0705923286048132,28,high-dim
ailerons,CBLOF_c16,local,0.05714285714285714,0.5925697927725577,0.0705923286048132,28,high-dim
ailerons,CBLOF_c32,local,-0.028571428571428553,0.5925697927725577,0.0705923286048132,28,high-dim
ailerons,COPOD,global,-0.9285714285714286,0.5925697927725577,0.0705923286048132,28,high-dim
ailerons,ECOD,global,-0.47142857142857136,0.5925697927725577,0.0705923286048132,28,high-dim
ailerons,HBOS,global,-0.11428571428571432,0.5925697927725577,0.0705923286048132,28,high-dim
ailerons,HBOS_b100,global,0.05714285714285716,0.5925697927725577,0.0705923286048132,28,high-dim
ailerons,HBOS_b20,global,-0.22857142857142854,0.5925697927725577,0.0705923286048132,28,high-dim
ailerons,HBOS_b5,global,-0.2857142857142857,0.5925697927725577,0.0705923286048132,28,high-dim
ailerons,HBOS_b50,global,0.02857142857142858,0.5925697927725577,0.0705923286048132,28,high-dim
ailerons,IF_n300,other,-0.08571428571428563,0.5925697927725577,0.0705923286048132,28,high-dim
ailerons,IF_n50,other,-0.08571428571428574,0.5925697927725577,0.0705923286048132,28,high-dim
ailerons,IForest,other,-0.08571428571428563,0.5925697927725577,0.0705923286048132,28,high-dim
ailerons,KNN,local,0.1428571428571428,0.5925697927725577,0.0705923286048132,28,high-dim
ailerons,KNN_k10,local,0.14285714285714285,0.5925697927725577,0.0705923286048132,28,high-dim
ailerons,KNN_k100,local,0.14285714285714285,0.5925697927725577,0.0705923286048132,28,high-dim
ailerons,KNN_k200,local,0.08571428571428572,0.5925697927725577,0.0705923286048132,28,high-dim
ailerons,KNN_k3,local,0.11428571428571427,0.5925697927725577,0.0705923286048132,28,high-dim
ailerons,KNN_k35,local,0.11428571428571432,0.5925697927725577,0.0705923286048132,28,high-dim
ailerons,KNN_k50,local,0.11428571428571427,0.5925697927725577,0.0705923286048132,28,high-dim
ailerons,LODA,other,0.0,0.5925697927725577,0.0705923286048132,28,high-dim
ailerons,LODA_b20,other,-0.05714285714285716,0.5925697927725577,0.0705923286048132,28,high-dim
ailerons,LODA_b50,other,-0.02857142857142858,0.5925697927725577,0.0705923286048132,28,high-dim
ailerons,LOF,local,0.057142857142857106,0.5925697927725577,0.0705923286048132,28,high-dim
ailerons,LOF_k10,local,-0.02857142857142858,0.5925697927725577,0.0705923286048132,28,high-dim
ailerons,LOF_k100,local,0.11428571428571427,0.5925697927725577,0.0705923286048132,28,high-dim
ailerons,LOF_k200,local,0.0,0.5925697927725577,0.0705923286048132,28,high-dim
ailerons,LOF_k3,local,-0.2571428571428571,0.5925697927725577,0.0705923286048132,28,high-dim
ailerons,LOF_k35,local,0.08571428571428574,0.5925697927725577,0.0705923286048132,28,high-dim
ailerons,LOF_k50,local,0.05714285714285716,0.5925697927725577,0.0705923286048132,28,high-dim
ailerons,PCA,global,0.4,0.5925697927725577,0.0705923286048132,28,high-dim
ailerons,PCA_c0.3,global,0.4,0.5925697927725577,0.0705923286048132,28,high-dim
ailerons,PCA_c0.7,global,0.22857142857142854,0.5925697927725577,0.0705923286048132,28,high-dim
ailerons,PCA_c0.9,global,0.11428571428571421,0.5925697927725577,0.0705923286048132,28,high-dim
ailerons,PCA_c0.99,global,0.17142857142857137,0.5925697927725577,0.0705923286048132,28,high-dim
madeline,CBLOF,local,-0.5428571428571429,0.198205467365761,0.0,255,high-dim
madeline,CBLOF_c16,local,-0.3571428571428571,0.198205467365761,0.0,255,high-dim
madeline,CBLOF_c32,local,-0.3285714285714285,0.198205467365761,0.0,255,high-dim
madeline,COPOD,global,-0.34285714285714286,0.198205467365761,0.0,255,high-dim
madeline,ECOD,global,-0.1142857142857143,0.198205467365761,0.0,255,high-dim
madeline,HBOS,global,0.10000000000000009,0.198205467365761,0.0,255,high-dim
madeline,HBOS_b100,global,0.1571428571428572,0.198205467365761,0.0,255,high-dim
madeline,HBOS_b20,global,0.12857142857142867,0.198205467365761,0.0,255,high-dim
madeline,HBOS_b5,global,0.30000000000000004,0.198205467365761,0.0,255,high-dim
madeline,HBOS_b50,global,0.18571428571428578,0.198205467365761,0.0,255,high-dim
madeline,IF_n300,other,0.41428571428571437,0.198205467365761,0.0,255,high-dim
madeline,IF_n50,other,-0.02857142857142858,0.198205467365761,0.0,255,high-dim
madeline,IForest,other,0.3857142857142858,0.198205467365761,0.0,255,high-dim
madeline,KNN,local,-0.27142857142857135,0.198205467365761,0.0,255,high-dim
madeline,KNN_k10,local,-0.18571428571428572,0.198205467365761,0.0,255,high-dim
madeline,KNN_k100,local,-0.37142857142857144,0.198205467365761,0.0,255,high-dim
madeline,KNN_k200,local,-0.2,0.198205467365761,0.0,255,high-dim
madeline,KNN_k3,local,-0.29999999999999993,0.198205467365761,0.0,255,high-dim
madeline,KNN_k35,local,-0.0714285714285714,0.198205467365761,0.0,255,high-dim
madeline,KNN_k50,local,-0.014285714285714235,0.198205467365761,0.0,255,high-dim
madeline,LODA,other,-0.45714285714285713,0.198205467365761,0.0,255,high-dim
madeline,LODA_b20,other,-0.17142857142857143,0.198205467365761,0.0,255,high-dim
madeline,LODA_b50,other,-0.19999999999999998,0.198205467365761,0.0,255,high-dim
madeline,LOF,local,-0.15714285714285714,0.198205467365761,0.0,255,high-dim
madeline,LOF_k10,local,-0.2142857142857142,0.198205467365761,0.0,255,high-dim
madeline,LOF_k100,local,0.04285714285714293,0.198205467365761,0.0,255,high-dim
madeline,LOF_k200,local,0.21428571428571436,0.198205467365761,0.0,255,high-dim
madeline,LOF_k3,local,-0.24285714285714277,0.198205467365761,0.0,255,high-dim
madeline,LOF_k35,local,-0.09999999999999998,0.198205467365761,0.0,255,high-dim
madeline,LOF_k50,local,-0.042857142857142816,0.198205467365761,0.0,255,high-dim
madeline,PCA,global,0.5857142857142857,0.198205467365761,0.0,255,high-dim
madeline,PCA_c0.3,global,0.6142857142857143,0.198205467365761,0.0,255,high-dim
madeline,PCA_c0.7,global,0.5285714285714286,0.198205467365761,0.0,255,high-dim
madeline,PCA_c0.9,global,0.5,0.198205467365761,0.0,255,high-dim
madeline,PCA_c0.99,global,0.5571428571428572,0.198205467365761,0.0,255,high-dim
mozilla4,CBLOF,local,-0.5833333333333333,0.3822217832755967,0.2989113555857792,4,low-dim
mozilla4,CBLOF_c16,local,-0.5277777777777778,0.3822217832755967,0.2989113555857792,4,low-dim
mozilla4,CBLOF_c32,local,-0.5833333333333334,0.3822217832755967,0.2989113555857792,4,low-dim
mozilla4,CBLOF_c4,local,-0.5,0.3822217832755967,0.2989113555857792,4,low-dim
mozilla4,COPOD,global,-0.19444444444444445,0.3822217832755967,0.2989113555857792,4,low-dim
mozilla4,ECOD,global,-0.8888888888888888,0.3822217832755967,0.2989113555857792,4,low-dim
mozilla4,HBOS,global,0.4444444444444444,0.3822217832755967,0.2989113555857792,4,low-dim
mozilla4,HBOS_b100,global,0.3055555555555556,0.3822217832755967,0.2989113555857792,4,low-dim
mozilla4,HBOS_b20,global,0.44444444444444453,0.3822217832755967,0.2989113555857792,4,low-dim
mozilla4,HBOS_b5,global,0.5277777777777778,0.3822217832755967,0.2989113555857792,4,low-dim
mozilla4,HBOS_b50,global,0.5277777777777777,0.3822217832755967,0.2989113555857792,4,low-dim
mozilla4,IF_n300,other,0.7222222222222222,0.3822217832755967,0.2989113555857792,4,low-dim
mozilla4,IF_n50,other,0.6111111111111112,0.3822217832755967,0.2989113555857792,4,low-dim
mozilla4,IForest,other,0.5833333333333333,0.3822217832755967,0.2989113555857792,4,low-dim
mozilla4,KNN,local,-0.08333333333333337,0.3822217832755967,0.2989113555857792,4,low-dim
mozilla4,KNN_k10,local,-0.36111111111111116,0.3822217832755967,0.2989113555857792,4,low-dim
mozilla4,KNN_k100,local,-0.41666666666666663,0.3822217832755967,0.2989113555857792,4,low-dim
mozilla4,KNN_k200,local,-0.4166666666666667,0.3822217832755967,0.2989113555857792,4,low-dim
mozilla4,KNN_k3,local,0.02777777777777779,0.3822217832755967,0.2989113555857792,4,low-dim
mozilla4,KNN_k35,local,-0.5555555555555556,0.3822217832755967,0.2989113555857792,4,low-dim
mozilla4,KNN_k50,local,-0.5,0.3822217832755967,0.2989113555857792,4,low-dim
mozilla4,LODA,other,0.611111111111111,0.3822217832755967,0.2989113555857792,4,low-dim
mozilla4,LODA_b20,other,0.6666666666666666,0.3822217832755967,0.2989113555857792,4,low-dim
mozilla4,LODA_b50,other,0.75,0.3822217832755967,0.2989113555857792,4,low-dim
mozilla4,LOF,local,-0.3333333333333333,0.3822217832755967,0.2989113555857792,4,low-dim
mozilla4,LOF_k10,local,0.02777777777777779,0.3822217832755967,0.2989113555857792,4,low-dim
mozilla4,LOF_k100,local,-0.5277777777777778,0.3822217832755967,0.2989113555857792,4,low-dim
mozilla4,LOF_k200,local,-0.6666666666666666,0.3822217832755967,0.2989113555857792,4,low-dim
mozilla4,LOF_k3,local,0.055555555555555525,0.3822217832755967,0.2989113555857792,4,low-dim
mozilla4,LOF_k35,local,-0.38888888888888884,0.3822217832755967,0.2989113555857792,4,low-dim
mozilla4,LOF_k50,local,-0.38888888888888884,0.3822217832755967,0.2989113555857792,4,low-dim
mozilla4,PCA,global,0.3888888888888889,0.3822217832755967,0.2989113555857792,4,low-dim
mozilla4,PCA_c0.3,global,-0.05555555555555558,0.3822217832755967,0.2989113555857792,4,low-dim
mozilla4,PCA_c0.7,global,0.3888888888888889,0.3822217832755967,0.2989113555857792,4,low-dim
mozilla4,PCA_c0.9,global,0.38888888888888895,0.3822217832755967,0.2989113555857792,4,low-dim
mozilla4,PCA_c0.99,global,0.49999999999999994,0.3822217832755967,0.2989113555857792,4,low-dim
ozone-level-8hr,CBLOF,local,-0.2285714285714286,0.3330415455174131,0.0178876954511712,72,high-dim
ozone-level-8hr,CBLOF_c16,local,-0.11428571428571427,0.3330415455174131,0.0178876954511712,72,high-dim
ozone-level-8hr,CBLOF_c32,local,0.08571428571428569,0.3330415455174131,0.0178876954511712,72,high-dim
ozone-level-8hr,COPOD,global,0.014285714285714287,0.3330415455174131,0.0178876954511712,72,high-dim
ozone-level-8hr,ECOD,global,-0.8142857142857143,0.3330415455174131,0.0178876954511712,72,high-dim
ozone-level-8hr,HBOS,global,0.05714285714285716,0.3330415455174131,0.0178876954511712,72,high-dim
ozone-level-8hr,HBOS_b100,global,0.6,0.3330415455174131,0.0178876954511712,72,high-dim
ozone-level-8hr,HBOS_b20,global,0.08571428571428569,0.3330415455174131,0.0178876954511712,72,high-dim
ozone-level-8hr,HBOS_b5,global,0.057142857142857134,0.3330415455174131,0.0178876954511712,72,high-dim
ozone-level-8hr,HBOS_b50,global,0.2857142857142857,0.3330415455174131,0.0178876954511712,72,high-dim
ozone-level-8hr,IF_n300,other,0.3142857142857143,0.3330415455174131,0.0178876954511712,72,high-dim
ozone-level-8hr,IF_n50,other,0.17142857142857149,0.3330415455174131,0.0178876954511712,72,high-dim
ozone-level-8hr,IForest,other,0.22857142857142854,0.3330415455174131,0.0178876954511712,72,high-dim
ozone-level-8hr,KNN,local,0.7428571428571429,0.3330415455174131,0.0178876954511712,72,high-dim
ozone-level-8hr,KNN_k10,local,0.7142857142857142,0.3330415455174131,0.0178876954511712,72,high-dim
ozone-level-8hr,KNN_k100,local,0.028571428571428567,0.3330415455174131,0.0178876954511712,72,high-dim
ozone-level-8hr,KNN_k200,local,-0.057142857142857134,0.3330415455174131,0.0178876954511712,72,high-dim
ozone-level-8hr,KNN_k3,local,0.7142857142857143,0.3330415455174131,0.0178876954511712,72,high-dim
ozone-level-8hr,KNN_k35,local,0.37142857142857144,0.3330415455174131,0.0178876954511712,72,high-dim
ozone-level-8hr,KNN_k50,local,0.3142857142857143,0.3330415455174131,0.0178876954511712,72,high-dim
ozone-level-8hr,LODA,other,-0.37142857142857144,0.3330415455174131,0.0178876954511712,72,high-dim
ozone-level-8hr,LODA_b20,other,-0.34285714285714286,0.3330415455174131,0.0178876954511712,72,high-dim
ozone-level-8hr,LODA_b50,other,-0.3714285714285714,0.3330415455174131,0.0178876954511712,72,high-dim
ozone-level-8hr,LOF,local,-0.4285714285714286,0.3330415455174131,0.0178876954511712,72,high-dim
ozone-level-8hr,LOF_k10,local,-0.34285714285714286,0.3330415455174131,0.0178876954511712,72,high-dim
ozone-level-8hr,LOF_k100,local,-0.48571428571428577,0.3330415455174131,0.0178876954511712,72,high-dim
ozone-level-8hr,LOF_k200,local,-0.2857142857142857,0.3330415455174131,0.0178876954511712,72,high-dim
ozone-level-8hr,LOF_k3,local,-0.2857142857142857,0.3330415455174131,0.0178876954511712,72,high-dim
ozone-level-8hr,LOF_k35,local,-0.4,0.3330415455174131,0.0178876954511712,72,high-dim
ozone-level-8hr,LOF_k50,local,-0.45714285714285713,0.3330415455174131,0.0178876954511712,72,high-dim
ozone-level-8hr,PCA,global,-0.08571428571428574,0.3330415455174131,0.0178876954511712,72,high-dim
ozone-level-8hr,PCA_c0.3,global,0.1428571428571429,0.3330415455174131,0.0178876954511712,72,high-dim
ozone-level-8hr,PCA_c0.7,global,-0.02857142857142858,0.3330415455174131,0.0178876954511712,72,high-dim
ozone-level-8hr,PCA_c0.9,global,0.05714285714285716,0.3330415455174131,0.0178876954511712,72,high-dim
ozone-level-8hr,PCA_c0.99,global,0.11428571428571432,0.3330415455174131,0.0178876954511712,72,high-dim
philippine,CBLOF,local,0.05555555555555555,0.2659684872800646,0.0455787756496078,308,high-dim
philippine,CBLOF_c16,local,0.16666666666666666,0.2659684872800646,0.0455787756496078,308,high-dim
philippine,CBLOF_c32,local,0.25,0.2659684872800646,0.0455787756496078,308,high-dim
philippine,CBLOF_c4,local,0.08333333333333334,0.2659684872800646,0.0455787756496078,308,high-dim
philippine,COPOD,global,-0.9583333333333334,0.2659684872800646,0.0455787756496078,308,high-dim
philippine,ECOD,global,-0.9027777777777778,0.2659684872800646,0.0455787756496078,308,high-dim
philippine,HBOS,global,0.125,0.2659684872800646,0.0455787756496078,308,high-dim
philippine,HBOS_b100,global,0.01388888888888895,0.2659684872800646,0.0455787756496078,308,high-dim
philippine,HBOS_b20,global,0.09722222222222221,0.2659684872800646,0.0455787756496078,308,high-dim
philippine,HBOS_b5,global,0.06944444444444442,0.2659684872800646,0.0455787756496078,308,high-dim
philippine,HBOS_b50,global,0.06944444444444442,0.2659684872800646,0.0455787756496078,308,high-dim
philippine,IF_n300,other,-0.04166666666666663,0.2659684872800646,0.0455787756496078,308,high-dim
philippine,IF_n50,other,0.20833333333333326,0.2659684872800646,0.0455787756496078,308,high-dim
philippine,IForest,other,0.04166666666666674,0.2659684872800646,0.0455787756496078,308,high-dim
philippine,KNN,local,0.25000000000000006,0.2659684872800646,0.0455787756496078,308,high-dim
philippine,KNN_k10,local,0.2222222222222222,0.2659684872800646,0.0455787756496078,308,high-dim
philippine,KNN_k100,local,0.1111111111111111,0.2659684872800646,0.0455787756496078,308,high-dim
philippine,KNN_k200,local,0.08333333333333333,0.2659684872800646,0.0455787756496078,308,high-dim
philippine,KNN_k3,local,0.38888888888888884,0.2659684872800646,0.0455787756496078,308,high-dim
philippine,KNN_k35,local,0.055555555555555525,0.2659684872800646,0.0455787756496078,308,high-dim
philippine,KNN_k50,local,0.08333333333333337,0.2659684872800646,0.0455787756496078,308,high-dim
philippine,LODA,other,-0.3055555555555556,0.2659684872800646,0.0455787756496078,308,high-dim
philippine,LODA_b20,other,-0.08333333333333337,0.2659684872800646,0.0455787756496078,308,high-dim
philippine,LODA_b50,other,-0.08333333333333337,0.2659684872800646,0.0455787756496078,308,high-dim
philippine,LOF,local,0.02777777777777779,0.2659684872800646,0.0455787756496078,308,high-dim
philippine,LOF_k10,local,0.16666666666666674,0.2659684872800646,0.0455787756496078,308,high-dim
philippine,LOF_k100,local,-0.1388888888888889,0.2659684872800646,0.0455787756496078,308,high-dim
philippine,LOF_k200,local,-0.1111111111111111,0.2659684872800646,0.0455787756496078,308,high-dim
philippine,LOF_k3,local,0.08333333333333333,0.2659684872800646,0.0455787756496078,308,high-dim
philippine,LOF_k35,local,-0.05555555555555558,0.2659684872800646,0.0455787756496078,308,high-dim
philippine,LOF_k50,local,-0.08333333333333331,0.2659684872800646,0.0455787756496078,308,high-dim
philippine,PCA,global,0.09722222222222232,0.2659684872800646,0.0455787756496078,308,high-dim
philippine,PCA_c0.3,global,-0.11111111111111116,0.2659684872800646,0.0455787756496078,308,high-dim
philippine,PCA_c0.7,global,0.06944444444444453,0.2659684872800646,0.0455787756496078,308,high-dim
philippine,PCA_c0.9,global,0.01388888888888895,0.2659684872800646,0.0455787756496078,308,high-dim
philippine,PCA_c0.99,global,0.04166666666666674,0.2659684872800646,0.0455787756496078,308,high-dim
students_dropout_and_academic_success,CBLOF,local,0.13888888888888892,0.6958309242702455,0.454623808288327,14,high-dim
students_dropout_and_academic_success,CBLOF_c16,local,0.1111111111111111,0.6958309242702455,0.454623808288327,14,high-dim
students_dropout_and_academic_success,CBLOF_c32,local,-0.02777777777777779,0.6958309242702455,0.454623808288327,14,high-dim
students_dropout_and_academic_success,CBLOF_c4,local,0.16666666666666669,0.6958309242702455,0.454623808288327,14,high-dim
students_dropout_and_academic_success,COPOD,global,-0.013888888888888888,0.6958309242702455,0.454623808288327,14,high-dim
students_dropout_and_academic_success,ECOD,global,-0.1527777777777778,0.6958309242702455,0.454623808288327,14,high-dim
students_dropout_and_academic_success,HBOS,global,0.19444444444444448,0.6958309242702455,0.454623808288327,14,high-dim
students_dropout_and_academic_success,HBOS_b100,global,0.8611111111111112,0.6958309242702455,0.454623808288327,14,high-dim
students_dropout_and_academic_success,HBOS_b20,global,0.5833333333333334,0.6958309242702455,0.454623808288327,14,high-dim
students_dropout_and_academic_success,HBOS_b5,global,-0.055555555555555525,0.6958309242702455,0.454623808288327,14,high-dim
students_dropout_and_academic_success,HBOS_b50,global,0.75,0.6958309242702455,0.454623808288327,14,high-dim
students_dropout_and_academic_success,IF_n300,other,0.2222222222222222,0.6958309242702455,0.454623808288327,14,high-dim
students_dropout_and_academic_success,IF_n50,other,0.13888888888888895,0.6958309242702455,0.454623808288327,14,high-dim
students_dropout_and_academic_success,IForest,other,0.2777777777777778,0.6958309242702455,0.454623808288327,14,high-dim
students_dropout_and_academic_success,KNN,local,0.05555555555555558,0.6958309242702455,0.454623808288327,14,high-dim
students_dropout_and_academic_success,KNN_k10,local,0.0,0.6958309242702455,0.454623808288327,14,high-dim
students_dropout_and_academic_success,KNN_k100,local,0.25,0.6958309242702455,0.454623808288327,14,high-dim
students_dropout_and_academic_success,KNN_k200,local,0.19444444444444442,0.6958309242702455,0.454623808288327,14,high-dim
students_dropout_and_academic_success,KNN_k3,local,0.11111111111111105,0.6958309242702455,0.454623808288327,14,high-dim
students_dropout_and_academic_success,KNN_k35,local,0.13888888888888884,0.6958309242702455,0.454623808288327,14,high-dim
students_dropout_and_academic_success,KNN_k50,local,0.1388888888888889,0.6958309242702455,0.454623808288327,14,high-dim
students_dropout_and_academic_success,LODA,other,0.05555555555555558,0.6958309242702455,0.454623808288327,14,high-dim
students_dropout_and_academic_success,LODA_b20,other,-0.38888888888888884,0.6958309242702455,0.454623808288327,14,high-dim
students_dropout_and_academic_success,LODA_b50,other,-0.13888888888888895,0.6958309242702455,0.454623808288327,14,high-dim
students_dropout_and_academic_success,LOF,local,-0.5555555555555556,0.6958309242702455,0.454623808288327,14,high-dim
students_dropout_and_academic_success,LOF_k10,local,-0.6388888888888888,0.6958309242702455,0.454623808288327,14,high-dim
students_dropout_and_academic_success,LOF_k100,local,-0.7222222222222222,0.6958309242702455,0.454623808288327,14,high-dim
students_dropout_and_academic_success,LOF_k200,local,-0.33333333333333337,0.6958309242702455,0.454623808288327,14,high-dim
students_dropout_and_academic_success,LOF_k3,local,-0.8055555555555556,0.6958309242702455,0.454623808288327,14,high-dim
students_dropout_and_academic_success,LOF_k35,local,-0.75,0.6958309242702455,0.454623808288327,14,high-dim
students_dropout_and_academic_success,LOF_k50,local,-0.8055555555555556,0.6958309242702455,0.454623808288327,14,high-dim
students_dropout_and_academic_success,PCA,global,0.19444444444444442,0.6958309242702455,0.454623808288327,14,high-dim
students_dropout_and_academic_success,PCA_c0.3,global,0.02777777777777768,0.6958309242702455,0.454623808288327,14,high-dim
students_dropout_and_academic_success,PCA_c0.7,global,0.16666666666666663,0.6958309242702455,0.454623808288327,14,high-dim
students_dropout_and_academic_success,PCA_c0.9,global,0.4166666666666667,0.6958309242702455,0.454623808288327,14,high-dim
students_dropout_and_academic_success,PCA_c0.99,global,0.19444444444444448,0.6958309242702455,0.454623808288327,14,high-dim
