modality,seed,dataset,r1_ens_smallest_rand,r3_ens_smallest_rand,r1_uniform_bank,r3_uniform_bank,r1_discriminative,r3_discriminative,r1_stability,r3_stability,r1_disc_x_stab,r3_disc_x_stab,r1_margin,r3_margin,r1_softmax_var_T0.001,r3_softmax_var_T0.001,r1_softmax_var_T0.0003,r3_softmax_var_T0.0003,r1_agreement,r3_agreement,r1_disc_agree,r3_disc_agree,r1_best_regime_var,r3_best_regime_var,r1_best_regime_agr,r3_best_regime_agr,r1_zscore_disc,r3_zscore_disc,r1_zscore_uniform,r3_zscore_uniform,r1_top1_vote,r3_top1_vote,r1_ORACLE_best_regime,r3_ORACLE_best_regime
tabular,0,14_glass,0.0,0.0,0.0,0.0,0.0,0.0,0.0,0.0,0.0,0.0,0.0,0.0,0.0,0.0,0.0,0.0,0.0,0.0,0.0,0.0,0.0,0.0,0.0,0.0,0.0,0.0,0.0,0.0,0.0,0.0,0.0,0.0
tabular,0,18_Ionosphere,0.0,0.0,0.0,0.0,0.0,0.0,0.0,0.0,0.0,0.0,0.023104056437389886,0.0,0.023104056437389886,0.0,0.023104056437389886,0.0,0.023104056437389886,0.0,0.023104056437389886,0.0,0.023104056437389886,0.0,0.023104056437389886,0.0,0.0,0.0,0.0,0.0,0.023104056437389886,0.0,0.023104056437389886,0.023104056437389886
tabular,0,19_landsat,0.001127118214421352,0.0,0.001127118214421352,0.0,0.001127118214421352,0.0,0.001127118214421352,0.0,0.001127118214421352,0.0,0.001127118214421352,0.0,0.0,0.0,0.0,0.0,0.001127118214421352,0.0,0.001127118214421352,0.0,0.0,0.0,0.001127118214421352,0.0,0.001127118214421352,0.0,0.001127118214421352,0.0,0.001127118214421352,0.0,0.0,0.0
tabular,0,20_letter,0.0,0.0,0.0,0.0,0.0,0.0,0.0,0.0,0.0,0.0,0.0,0.0,0.0,0.0,0.0,0.0,0.0,0.0,0.0,0.0,0.0,0.0,0.0,0.0,0.0,0.0,0.0,0.0,0.0,0.0,0.0,0.0
tabular,0,22_magic.gamma,0.009781629470736242,0.0,0.009781629470736242,0.0,0.009781629470736242,0.0,0.009781629470736242,0.0,0.009781629470736242,0.0,0.009781629470736242,0.0,0.009781629470736242,0.0,0.009781629470736242,0.0,0.009781629470736242,0.0,0.009781629470736242,0.0,0.009781629470736242,0.0,0.009781629470736242,0.0,0.009781629470736242,0.0,0.009781629470736242,0.0,0.009781629470736242,0.0,0.009781629470736242,0.009781629470736242
tabular,0,23_mammography,0.04940151381798985,0.03118289033620847,0.04940151381798985,0.020957577891216328,0.04940151381798985,0.020957577891216328,0.04940151381798985,0.020957577891216328,0.04940151381798985,0.020957577891216328,0.04940151381798985,0.020957577891216328,0.04940151381798985,0.03118289033620847,0.04940151381798985,0.03118289033620847,0.04940151381798985,0.020957577891216328,0.04940151381798985,0.020957577891216328,0.04940151381798985,0.03118289033620847,0.04940151381798985,0.020957577891216328,0.04940151381798985,0.020957577891216328,0.04940151381798985,0.020957577891216328,0.04940151381798985,0.020957577891216328,0.04940151381798985,0.04940151381798985
tabular,0,25_musk,0.0,0.0,0.0,0.0,0.0,0.0,0.0,0.0,0.0,0.0,0.0,0.0,0.0,0.0,0.0,0.0,0.0,0.0,0.0,0.0,0.0,0.0,0.0,0.0,0.0,0.0,0.0,0.0,0.0,0.0,0.0,0.0
tabular,0,26_optdigits,0.0017422748191977533,0.0,0.0017422748191977533,0.0,0.0017422748191977533,0.0,0.0017422748191977533,0.0,0.0017422748191977533,0.0,0.0017422748191977533,0.0,0.0017422748191977533,0.0,0.0017422748191977533,0.0,0.0017422748191977533,0.0,0.0017422748191977533,0.0,0.0017422748191977533,0.0,0.0017422748191977533,0.0,0.0017422748191977533,0.0,0.0017422748191977533,0.0,0.0017422748191977533,0.0,0.0,0.0
tabular,0,27_PageBlocks,0.007216970718686544,0.0032392076584982776,0.007216970718686544,0.00467718305336462,0.007216970718686544,0.00467718305336462,0.007216970718686544,0.0032392076584982776,0.007216970718686544,0.0032392076584982776,0.007216970718686544,0.00467718305336462,0.007216970718686544,0.0032392076584982776,0.007216970718686544,0.0032392076584982776,0.007216970718686544,0.00467718305336462,0.007216970718686544,0.00467718305336462,0.007216970718686544,0.0032392076584982776,0.007216970718686544,0.0032392076584982776,0.007216970718686544,0.00467718305336462,0.007216970718686544,0.00467718305336462,0.007216970718686544,0.0,0.0,0.0
tabular,0,28_pendigits,0.005207438379441376,0.0,0.005207438379441376,0.0,0.005207438379441376,0.0,0.005207438379441376,0.0,0.005207438379441376,0.0,0.005207438379441376,0.0,0.005207438379441376,0.0,0.005207438379441376,0.0,0.005207438379441376,0.0,0.005207438379441376,0.0,0.005207438379441376,0.0,0.005207438379441376,0.0,0.005207438379441376,0.0,0.005207438379441376,0.0,0.005207438379441376,0.0,0.0,0.0
tabular,0,29_Pima,0.002649253731343393,0.0,0.05287313432835827,0.002649253731343393,0.05287313432835827,0.002649253731343393,0.05287313432835827,0.002649253731343393,0.05287313432835827,0.002649253731343393,0.05287313432835827,0.002649253731343393,0.05287313432835827,0.002649253731343393,0.0,0.0,0.05287313432835827,0.002649253731343393,0.05287313432835827,0.002649253731343393,0.0,0.0,0.05287313432835827,0.03485074626865681,0.05287313432835827,0.002649253731343393,0.05287313432835827,0.002649253731343393,0.05287313432835827,0.002649253731343393,0.0,0.0
tabular,0,30_satellite,0.034747834434720404,0.0,0.034747834434720404,0.0,0.034747834434720404,0.0,0.034747834434720404,0.0,0.034747834434720404,0.0,0.034747834434720404,0.0,0.009719927665654438,0.0,0.009719927665654438,0.0,0.034747834434720404,0.0,0.034747834434720404,0.0,0.009719927665654438,0.0,0.034747834434720404,0.0,0.034747834434720404,0.0,0.034747834434720404,0.0,0.034747834434720404,0.0,0.009719927665654438,0.009719927665654438
tabular,0,31_satimage-2,0.002799710205435013,0.0,0.002799710205435013,0.0,0.002799710205435013,0.0,0.002799710205435013,0.0,0.002799710205435013,0.0,0.002799710205435013,0.0,0.0,0.0,0.0,0.0,0.002799710205435013,0.0,0.002799710205435013,0.0,0.0,0.0,0.002799710205435013,0.0,0.002799710205435013,0.0,0.002799710205435013,0.0,0.002799710205435013,0.0,0.0,0.0
tabular,0,32_shuttle,0.0,0.0,0.0,0.0,0.0,0.0,0.0,0.0,0.0,0.0,0.0,0.0,0.0,0.0,0.0,0.0,0.0,0.0,0.0,0.0,0.0,0.0,0.0,0.0,0.0,0.0,0.0,0.0,0.0,0.0,0.0,0.0
tabular,0,35_SpamBase,0.04404266138088009,0.0,0.0,0.0,0.04404266138088009,0.0,0.0,0.0,0.04404266138088009,0.0,0.04404266138088009,0.0,0.04404266138088009,0.0,0.04404266138088009,0.0,0.0,0.0,0.04404266138088009,0.0,0.04404266138088009,0.0,0.04404266138088009,0.0,0.04404266138088009,0.0,0.04404266138088009,0.0,0.04404266138088009,0.0,0.0,0.0
tabular,0,36_speech,0.0023289994347088783,0.0023289994347088783,0.0023289994347088783,0.0023289994347088783,0.0023289994347088783,0.0023289994347088783,0.0023289994347088783,0.0023289994347088783,0.0023289994347088783,0.0023289994347088783,0.0023289994347088783,0.0023289994347088783,0.0023289994347088783,0.0023289994347088783,0.0023289994347088783,0.0023289994347088783,0.0023289994347088783,0.0023289994347088783,0.0023289994347088783,0.0023289994347088783,0.0023289994347088783,0.0023289994347088783,0.0023289994347088783,0.0023289994347088783,0.0023289994347088783,0.0023289994347088783,0.0023289994347088783,0.0023289994347088783,0.0023289994347088783,0.0023289994347088783,0.0023289994347088783,0.0023289994347088783
tabular,0,37_Stamps,0.03381893860561913,0.00520291363163361,0.03381893860561913,0.00520291363163361,0.03381893860561913,0.00520291363163361,0.03381893860561913,0.00520291363163361,0.03381893860561913,0.00520291363163361,0.03381893860561913,0.00520291363163361,0.03381893860561913,0.00520291363163361,0.03381893860561913,0.00520291363163361,0.03381893860561913,0.00520291363163361,0.03381893860561913,0.00520291363163361,0.03381893860561913,0.00520291363163361,0.03381893860561913,0.00520291363163361,0.03381893860561913,0.00520291363163361,0.03381893860561913,0.00520291363163361,0.03381893860561913,0.00520291363163361,0.03381893860561913,0.03381893860561913
tabular,0,38_thyroid,0.015559256661991538,0.015559256661991538,0.015559256661991538,0.015559256661991538,0.015559256661991538,0.015559256661991538,0.015559256661991538,0.015559256661991538,0.015559256661991538,0.015559256661991538,0.015559256661991538,0.015559256661991538,0.015559256661991538,0.015559256661991538,0.015559256661991538,0.015559256661991538,0.015559256661991538,0.015559256661991538,0.015559256661991538,0.015559256661991538,0.015559256661991538,0.015559256661991538,0.015559256661991538,0.015559256661991538,0.015559256661991538,0.015559256661991538,0.015559256661991538,0.015559256661991538,0.015559256661991538,0.015559256661991538,0.015559256661991538,0.015559256661991538
tabular,0,39_vertebral,0.10396825396825388,0.023809523809523725,0.10396825396825388,0.023809523809523725,0.10396825396825388,0.023809523809523725,0.10396825396825388,0.023809523809523725,0.10396825396825388,0.023809523809523725,0.10396825396825388,0.023809523809523725,0.10396825396825388,0.023809523809523725,0.10396825396825388,0.023809523809523725,0.10396825396825388,0.023809523809523725,0.10396825396825388,0.023809523809523725,0.10396825396825388,0.023809523809523725,0.10396825396825388,0.023809523809523725,0.10396825396825388,0.023809523809523725,0.10396825396825388,0.023809523809523725,0.10396825396825388,0.023809523809523725,0.10396825396825388,0.10396825396825388
tabular,0,40_vowels,0.0,0.0,0.01631205673758862,0.0,0.01631205673758862,0.0,0.01631205673758862,0.0,0.01631205673758862,0.0,0.01631205673758862,0.0,0.01631205673758862,0.0,0.01631205673758862,0.0,0.01631205673758862,0.0,0.01631205673758862,0.0,0.01631205673758862,0.0,0.01631205673758862,0.0,0.01631205673758862,0.0,0.01631205673758862,0.0,0.01631205673758862,0.0,0.0,0.0
tabular,0,41_Waveform,0.0,0.0,0.0,0.0,0.0,0.0,0.0,0.0,0.0,0.0,0.0,0.0,0.0,0.0,0.0,0.0,0.0,0.0,0.0,0.0,0.003303437967114964,0.0,0.0,0.0,0.0,0.0,0.0,0.0,0.0,0.0,0.0,0.0
tabular,0,42_WBC,0.0,0.0,0.0,0.0,0.0,0.0,0.011627906976744207,0.0,0.0,0.0,0.0,0.0,0.0,0.0,0.0,0.0,0.0,0.0,0.0,0.0,0.0,0.0,0.0,0.0,0.0,0.0,0.0,0.0,0.0,0.0,0.0,0.0
tabular,0,43_WDBC,0.02083333333333337,0.012500000000000067,0.02083333333333337,0.012500000000000067,0.04861111111111116,0.012500000000000067,0.02083333333333337,0.012500000000000067,0.04861111111111116,0.012500000000000067,0.02083333333333337,0.012500000000000067,0.04861111111111116,0.012500000000000067,0.04861111111111116,0.012500000000000067,0.02083333333333337,0.012500000000000067,0.04861111111111116,0.012500000000000067,0.04861111111111116,0.012500000000000067,0.02083333333333337,0.012500000000000067,0.02083333333333337,0.012500000000000067,0.02083333333333337,0.012500000000000067,0.02083333333333337,0.0,0.0,0.0
tabular,0,44_Wilt,0.11990231886158009,0.0,0.11990231886158009,0.0,0.0,0.0,0.11990231886158009,0.0,0.0,0.0,0.0,0.0,0.0,0.0,0.0,0.0,0.11990231886158009,0.0,0.11990231886158009,0.0,0.0,0.0,0.11990231886158009,0.0,0.0,0.0,0.0,0.0,0.11990231886158009,0.0,0.0,0.0
tabular,0,47_yeast,0.033782151914020064,0.0,0.033782151914020064,0.0,0.033782151914020064,0.0,0.033782151914020064,0.0,0.033782151914020064,0.0,0.033782151914020064,0.0,0.033782151914020064,0.0,0.033782151914020064,0.0,0.033782151914020064,0.0,0.033782151914020064,0.0,0.033782151914020064,0.0,0.033782151914020064,0.0,0.033782151914020064,0.0,0.033782151914020064,0.0,0.033782151914020064,0.0,0.033782151914020064,0.033782151914020064
tabular,0,6_cardio,0.009990387256248234,0.009990387256248234,0.009990387256248234,0.009990387256248234,0.009990387256248234,0.009990387256248234,0.009990387256248234,0.009990387256248234,0.009990387256248234,0.009990387256248234,0.009990387256248234,0.009990387256248234,0.009990387256248234,0.009990387256248234,0.009990387256248234,0.009990387256248234,0.009990387256248234,0.009990387256248234,0.009990387256248234,0.009990387256248234,0.009990387256248234,0.009990387256248234,0.009990387256248234,0.009990387256248234,0.009990387256248234,0.009990387256248234,0.009990387256248234,0.009990387256248234,0.009990387256248234,0.009990387256248234,0.009990387256248234,0.009990387256248234
tabular,1,14_glass,0.0,0.0,0.0,0.0,0.0,0.0,0.0,0.0,0.0,0.0,0.1327913279132792,0.0,0.1327913279132792,0.0,0.1327913279132792,0.0,0.0,0.0,0.0,0.0,0.1327913279132792,0.0,0.1327913279132792,0.0,0.0,0.0,0.0,0.0,0.1327913279132792,0.0,0.008130081300813052,0.008130081300813052
tabular,1,18_Ionosphere,0.010582010582010692,0.0,0.010582010582010692,0.0,0.010582010582010692,0.0,0.010582010582010692,0.0,0.010582010582010692,0.0,0.010582010582010692,0.0,0.022222222222222254,0.0,0.022222222222222254,0.0,0.010582010582010692,0.0,0.010582010582010692,0.0,0.022222222222222254,0.0,0.010582010582010692,0.010582010582010692,0.010582010582010692,0.0,0.010582010582010692,0.0,0.010582010582010692,0.0,0.0,0.0
tabular,1,19_landsat,0.0,0.0,0.0,0.0,0.0,0.0,0.0,0.0,0.0,0.0,0.0,0.0,0.0,0.0,0.0,0.0,0.0,0.0,0.0,0.0,0.0,0.0,0.0,0.0,0.0,0.0,0.0,0.0,0.0,0.0,0.0,0.0
tabular,1,20_letter,0.0,0.0,0.0,0.0,0.0,0.0,0.0,0.0,0.0,0.0,0.0,0.0,0.0,0.0,0.0,0.0,0.0,0.0,0.0,0.0,0.0,0.0,0.0,0.0,0.0,0.0,0.0,0.0,0.0,0.0,0.0,0.0
tabular,1,22_magic.gamma,0.011738076582176404,0.0,0.011738076582176404,0.0,0.011738076582176404,0.0,0.011738076582176404,0.0,0.011738076582176404,0.0,0.011738076582176404,0.0,0.011738076582176404,0.0,0.011738076582176404,0.0,0.011738076582176404,0.0,0.011738076582176404,0.0,0.011738076582176404,0.0,0.011738076582176404,0.0,0.011738076582176404,0.0,0.011738076582176404,0.0,0.011738076582176404,0.0,0.0,0.0
tabular,1,23_mammography,0.04634747403626138,0.028021475092413484,0.04634747403626138,0.028021475092413484,0.04634747403626138,0.028021475092413484,0.04634747403626138,0.028021475092413484,0.04634747403626138,0.028021475092413484,0.04634747403626138,0.028021475092413484,0.04634747403626138,0.028253828551311533,0.04634747403626138,0.028253828551311533,0.04634747403626138,0.028021475092413484,0.04634747403626138,0.028021475092413484,0.04634747403626138,0.028253828551311533,0.04634747403626138,0.028021475092413484,0.04634747403626138,0.028021475092413484,0.04634747403626138,0.028021475092413484,0.04634747403626138,0.028021475092413484,0.04634747403626138,0.04634747403626138
tabular,1,25_musk,0.0,0.0,0.0,0.0,0.0,0.0,0.0,0.0,0.0,0.0,0.0,0.0,0.0,0.0,0.0,0.0,0.0,0.0,0.0,0.0,0.0,0.0,0.0,0.0,0.0,0.0,0.0,0.0,0.0,0.0,0.0,0.0
tabular,1,26_optdigits,0.0,0.0,0.00239973701512175,0.0,0.00239973701512175,0.0,0.00239973701512175,0.0,0.00239973701512175,0.0,0.00239973701512175,0.0,0.00239973701512175,0.0,0.00239973701512175,0.0,0.00239973701512175,0.0,0.00239973701512175,0.0,0.00239973701512175,0.0,0.00239973701512175,0.0,0.00239973701512175,0.0,0.00239973701512175,0.0,0.00239973701512175,0.0,0.0,0.0
tabular,1,27_PageBlocks,0.010699018604370947,0.005005318401669734,0.010699018604370947,0.005005318401669734,0.010699018604370947,0.005005318401669734,0.010699018604370947,0.005005318401669734,0.010699018604370947,0.005005318401669734,0.010699018604370947,0.005005318401669734,0.005005318401669734,0.0,0.005005318401669734,0.0,0.010699018604370947,0.005005318401669734,0.010699018604370947,0.005005318401669734,0.005005318401669734,0.0,0.010699018604370947,0.005005318401669734,0.010699018604370947,0.005005318401669734,0.010699018604370947,0.005005318401669734,0.010699018604370947,0.005005318401669734,0.005005318401669734,0.005005318401669734
tabular,1,28_pendigits,0.007441243293812128,0.0,0.007441243293812128,0.0,0.007441243293812128,0.0,0.007441243293812128,0.0,0.007441243293812128,0.0,0.007441243293812128,0.0,0.007441243293812128,0.0,0.007441243293812128,0.0,0.007441243293812128,0.0,0.007441243293812128,0.0,0.007441243293812128,0.0,0.007441243293812128,0.0,0.007441243293812128,0.0,0.007441243293812128,0.0,0.007441243293812128,0.0,0.0,0.0
tabular,1,29_Pima,0.07223880597014931,0.0,0.07223880597014931,0.0,0.07223880597014931,0.0,0.07223880597014931,0.0,0.07223880597014931,0.0,0.07223880597014931,0.0,0.07223880597014931,0.0,0.019925373134328517,0.0,0.07223880597014931,0.0,0.07223880597014931,0.0,0.019925373134328517,0.0,0.07223880597014931,0.0,0.07223880597014931,0.0,0.07223880597014931,0.0,0.07223880597014931,0.0,0.0,0.0
tabular,1,30_satellite,0.02898117967494196,0.0,0.02898117967494196,0.0,0.02898117967494196,0.0,0.02898117967494196,0.0,0.02898117967494196,0.0,0.02898117967494196,0.0021103098767637496,0.02898117967494196,0.0,0.02898117967494196,0.0,0.02898117967494196,0.0,0.02898117967494196,0.0,0.02898117967494196,0.0,0.02898117967494196,0.0,0.02898117967494196,0.0,0.02898117967494196,0.0,0.02898117967494196,0.0,0.02898117967494196,0.02898117967494196
tabular,1,31_satimage-2,0.004488131930203809,0.0,0.004488131930203809,0.0,0.004488131930203809,0.0,0.004488131930203809,0.0,0.004488131930203809,0.0,0.004488131930203809,0.0,0.004488131930203809,0.0,0.004488131930203809,0.0,0.004488131930203809,0.0,0.004488131930203809,0.0,0.004488131930203809,0.0,0.004488131930203809,0.0,0.004488131930203809,0.0,0.004488131930203809,0.0,0.004488131930203809,0.0,0.0,0.0
tabular,1,32_shuttle,0.0,0.0,0.0,0.0,0.0,0.0,0.0,0.0,0.0,0.0,0.0,0.0,0.0,0.0,0.0,0.0,0.0,0.0,0.0,0.0,0.0,0.0,0.0,0.0,0.0,0.0,0.0,0.0,0.0,0.0,0.0,0.0
tabular,1,35_SpamBase,0.01502341173340993,0.0,0.1832883303867585,0.0,0.01502341173340993,0.0,0.01502341173340993,0.0,0.01502341173340993,0.0,0.01502341173340993,0.0,0.01502341173340993,0.0,0.01502341173340993,0.0,0.0,0.0,0.01502341173340993,0.0,0.01502341173340993,0.0,0.0,0.0,0.01502341173340993,0.0,0.1832883303867585,0.0,0.01502341173340993,0.0,0.0,0.0
tabular,1,36_speech,0.0,0.0,0.0,0.0,0.0,0.0,0.0,0.0,0.0,0.0,0.0,0.0,0.0,0.0,0.0,0.0,0.0,0.0,0.0,0.0,0.0,0.0,0.0,0.0,0.0,0.0,0.0,0.0,0.0,0.0,0.0,0.0
tabular,1,37_Stamps,0.03381893860561913,0.01196670135275757,0.03381893860561913,0.01196670135275757,0.03381893860561913,0.01196670135275757,0.03381893860561913,0.01196670135275757,0.03381893860561913,0.01196670135275757,0.03381893860561913,0.01196670135275757,0.03381893860561913,0.01196670135275757,0.03381893860561913,0.01196670135275757,0.03381893860561913,0.01196670135275757,0.03381893860561913,0.01196670135275757,0.03381893860561913,0.01196670135275757,0.03381893860561913,0.01196670135275757,0.03381893860561913,0.01196670135275757,0.03381893860561913,0.01196670135275757,0.03381893860561913,0.01196670135275757,0.03381893860561913,0.03381893860561913
tabular,1,38_thyroid,0.01682298971481999,0.01682298971481999,0.01682298971481999,0.01682298971481999,0.01682298971481999,0.01682298971481999,0.01682298971481999,0.01682298971481999,0.01682298971481999,0.01682298971481999,0.01682298971481999,0.01682298971481999,0.01682298971481999,0.01682298971481999,0.01682298971481999,0.01682298971481999,0.01682298971481999,0.01682298971481999,0.01682298971481999,0.01682298971481999,0.01682298971481999,0.01682298971481999,0.01682298971481999,0.01682298971481999,0.01682298971481999,0.01682298971481999,0.01682298971481999,0.01682298971481999,0.01682298971481999,0.01682298971481999,0.01682298971481999,0.01682298971481999
tabular,1,39_vertebral,0.11349206349206353,0.1119047619047619,0.11349206349206353,0.09761904761904766,0.09761904761904766,0.09761904761904766,0.11349206349206353,0.09761904761904766,0.09761904761904766,0.09761904761904766,0.11349206349206353,0.09761904761904766,0.09761904761904766,0.0,0.09761904761904766,0.0,0.11349206349206353,0.1119047619047619,0.09761904761904766,0.09761904761904766,0.09761904761904766,0.0,0.11349206349206353,0.1119047619047619,0.09761904761904766,0.09761904761904766,0.11349206349206353,0.09761904761904766,0.11349206349206353,0.09761904761904766,0.09761904761904766,0.09761904761904766
tabular,1,40_vowels,0.0,0.0,0.0028368794326240065,0.0,0.0028368794326240065,0.0,0.0,0.0,0.0,0.0,0.0,0.0,0.0028368794326240065,0.0,0.0028368794326240065,0.0,0.0028368794326240065,0.0,0.0028368794326240065,0.0,0.0028368794326240065,0.0,0.0028368794326240065,0.0,0.0,0.0,0.0,0.0,0.0028368794326240065,0.0,0.0,0.0
tabular,1,41_Waveform,0.0023467862481315604,0.0,0.0023467862481315604,0.0023467862481315604,0.0023467862481315604,0.0,0.0023467862481315604,0.0023467862481315604,0.0023467862481315604,0.0,0.0023467862481315604,0.0023467862481315604,0.0023467862481315604,0.0,0.0023467862481315604,0.0,0.0023467862481315604,0.0023467862481315604,0.0023467862481315604,0.0,0.0023467862481315604,0.0,0.0023467862481315604,0.0,0.0023467862481315604,0.0,0.0023467862481315604,0.0,0.0023467862481315604,0.0023467862481315604,0.0023467862481315604,0.0023467862481315604
tabular,1,42_WBC,0.03488372093023262,0.0,0.0,0.0,0.0,0.0,0.03488372093023262,0.0,0.0,0.0,0.03488372093023262,0.0,0.0,0.0,0.0,0.0,0.0,0.0,0.0,0.0,0.0,0.0,0.0,0.0,0.03488372093023262,0.0,0.03488372093023262,0.0,0.0,0.0,0.0,0.0
tabular,1,43_WDBC,0.001388888888888884,0.0,0.0,0.0,0.001388888888888884,0.0,0.0,0.0,0.001388888888888884,0.0,0.05277777777777781,0.0,0.001388888888888884,0.0,0.001388888888888884,0.0,0.0,0.0,0.001388888888888884,0.0,0.001388888888888884,0.0,0.0,0.0,0.0,0.0,0.0,0.0,0.05277777777777781,0.0,0.0,0.0
tabular,1,44_Wilt,0.0,0.0,0.10667359924309905,0.0,0.0,0.0,0.10667359924309905,0.0,0.0,0.0,0.0,0.0,0.0,0.0,0.0,0.0,0.10667359924309905,0.0,0.0,0.0,0.0,0.0,0.0,0.0,0.0,0.0,0.10667359924309905,0.0,0.10667359924309905,0.0,0.0,0.0
tabular,1,47_yeast,0.12349555206698054,0.09130338525942916,0.12349555206698054,0.09130338525942916,0.12349555206698054,0.09130338525942916,0.12349555206698054,0.09130338525942916,0.12349555206698054,0.09130338525942916,0.12349555206698054,0.09130338525942916,0.12349555206698054,0.09130338525942916,0.12349555206698054,0.09130338525942916,0.12349555206698054,0.09130338525942916,0.12349555206698054,0.09130338525942916,0.12349555206698054,0.09130338525942916,0.12349555206698054,0.09130338525942916,0.12349555206698054,0.09130338525942916,0.12349555206698054,0.09130338525942916,0.12349555206698054,0.09130338525942916,0.12349555206698054,0.12349555206698054
tabular,1,6_cardio,0.03613361713814889,0.03613361713814889,0.03613361713814889,0.03613361713814889,0.03613361713814889,0.03613361713814889,0.03613361713814889,0.03613361713814889,0.03613361713814889,0.03613361713814889,0.03613361713814889,0.03613361713814889,0.03613361713814889,0.03613361713814889,0.03613361713814889,0.03613361713814889,0.03613361713814889,0.03613361713814889,0.03613361713814889,0.03613361713814889,0.03613361713814889,0.03613361713814889,0.03613361713814889,0.03613361713814889,0.03613361713814889,0.03613361713814889,0.03613361713814889,0.03613361713814889,0.03613361713814889,0.03613361713814889,0.03613361713814889,0.03613361713814889
tabular,2,14_glass,0.0,0.0,0.0,0.0,0.0,0.0,0.0,0.0,0.0,0.0,0.0,0.0,0.18970189701897022,0.0,0.18970189701897022,0.0,0.0,0.0,0.18970189701897022,0.0,0.18970189701897022,0.0,0.18970189701897022,0.0,0.18970189701897022,0.0,0.0,0.0,0.18970189701897022,0.0,0.0,0.0
tabular,2,18_Ionosphere,0.002821869488536244,0.0,0.002821869488536244,0.002821869488536244,0.0455026455026456,0.002821869488536244,0.0455026455026456,0.002821869488536244,0.0455026455026456,0.002821869488536244,0.002821869488536244,0.002821869488536244,0.0455026455026456,0.002821869488536244,0.0455026455026456,0.0455026455026456,0.0185185185185186,0.002821869488536244,0.0185185185185186,0.002821869488536244,0.0455026455026456,0.0455026455026456,0.0185185185185186,0.002821869488536244,0.002821869488536244,0.0,0.002821869488536244,0.0,0.0185185185185186,0.002821869488536244,0.0185185185185186,0.0185185185185186
tabular,2,19_landsat,0.0025650389090906556,0.0,0.0025650389090906556,0.0,0.0025650389090906556,0.0,0.0025650389090906556,0.0,0.0025650389090906556,0.0,0.0025650389090906556,0.0,0.0025650389090906556,0.0,0.0025650389090906556,0.0,0.0025650389090906556,0.0,0.0025650389090906556,0.0,0.0025650389090906556,0.0,0.0025650389090906556,0.0,0.0025650389090906556,0.0,0.0025650389090906556,0.0,0.0025650389090906556,0.0,0.0025650389090906556,0.0025650389090906556
tabular,2,20_letter,0.0,0.0,0.0,0.0,0.0,0.0,0.0,0.0,0.0,0.0,0.0,0.0,0.0,0.0,0.0,0.0,0.0,0.0,0.0,0.0,0.0,0.0,0.0,0.0,0.0,0.0,0.0,0.0,0.0,0.0,0.0,0.0
tabular,2,22_magic.gamma,0.010232254758021142,0.0,0.010232254758021142,0.0,0.010232254758021142,0.0,0.010232254758021142,0.0,0.010232254758021142,0.0,0.010232254758021142,0.0,0.010232254758021142,0.0,0.010232254758021142,0.0,0.010232254758021142,0.0,0.010232254758021142,0.0,0.010232254758021142,0.0,0.010232254758021142,0.0,0.010232254758021142,0.0,0.010232254758021142,0.0,0.010232254758021142,0.0,0.0,0.0
tabular,2,23_mammography,0.05680513994015146,0.027766238338320814,0.05680513994015146,0.03391304347826096,0.05680513994015146,0.03391304347826096,0.05680513994015146,0.03391304347826096,0.05680513994015146,0.03391304347826096,0.05680513994015146,0.03391304347826096,0.05680513994015146,0.03391304347826096,0.05680513994015146,0.03391304347826096,0.05680513994015146,0.03391304347826096,0.05680513994015146,0.03391304347826096,0.05680513994015146,0.03391304347826096,0.05680513994015146,0.03391304347826096,0.05680513994015146,0.03391304347826096,0.05680513994015146,0.03391304347826096,0.05680513994015146,0.03391304347826096,0.05680513994015146,0.05680513994015146
tabular,2,25_musk,0.0,0.0,0.0,0.0,0.0,0.0,0.0,0.0,0.0,0.0,0.0,0.0,0.0,0.0,0.0,0.0,0.0,0.0,0.0,0.0,0.0,0.0,0.0,0.0,0.0,0.0,0.0,0.0,0.0,0.0,0.0,0.0
tabular,2,26_optdigits,0.002389875082182691,0.0,0.002389875082182691,0.0,0.002389875082182691,0.0,0.002389875082182691,0.0,0.002389875082182691,0.0,0.002389875082182691,0.0,0.002389875082182691,0.0,0.002389875082182691,0.0,0.002389875082182691,0.0,0.002389875082182691,0.0,0.002389875082182691,0.0,0.002389875082182691,0.0,0.002389875082182691,0.0,0.002389875082182691,0.0,0.002389875082182691,0.0,0.0,0.0
tabular,2,27_PageBlocks,0.0035001103819215507,0.0,0.0035001103819215507,0.0035001103819215507,0.0035001103819215507,0.0,0.0035001103819215507,0.0035001103819215507,0.0035001103819215507,0.0,0.0035001103819215507,0.0035001103819215507,0.007943484456218508,0.0,0.007943484456218508,0.0,0.0035001103819215507,0.0035001103819215507,0.0035001103819215507,0.0035001103819215507,0.007943484456218508,0.0,0.0035001103819215507,0.0035001103819215507,0.0035001103819215507,0.0035001103819215507,0.0035001103819215507,0.0035001103819215507,0.0035001103819215507,0.0,0.0,0.0
tabular,2,28_pendigits,0.005565419936231608,0.0,0.005565419936231608,0.0,0.005565419936231608,0.0,0.005565419936231608,0.0,0.005565419936231608,0.0,0.005565419936231608,0.0,0.005565419936231608,0.0,0.005565419936231608,0.0,0.005565419936231608,0.0,0.005565419936231608,0.0,0.005565419936231608,0.0,0.005565419936231608,0.0,0.005565419936231608,0.0,0.005565419936231608,0.0,0.005565419936231608,0.0,0.005565419936231608,0.005565419936231608
tabular,2,29_Pima,0.04313432835820907,0.00033582089552242067,0.04313432835820907,0.00033582089552242067,0.04313432835820907,0.00033582089552242067,0.04313432835820907,0.00033582089552242067,0.04313432835820907,0.00033582089552242067,0.04313432835820907,0.00033582089552242067,0.04313432835820907,0.00033582089552242067,0.04313432835820907,0.00033582089552242067,0.04313432835820907,0.00033582089552242067,0.04313432835820907,0.00033582089552242067,0.04313432835820907,0.00033582089552242067,0.04313432835820907,0.0,0.04313432835820907,0.00033582089552242067,0.04313432835820907,0.00033582089552242067,0.04313432835820907,0.00033582089552242067,0.00033582089552242067,0.00033582089552242067
tabular,2,30_satellite,0.037204188247901504,0.0,0.037204188247901504,0.0,0.037204188247901504,0.0,0.037204188247901504,0.0,0.037204188247901504,0.0,0.037204188247901504,0.0,0.037204188247901504,0.0,0.037204188247901504,0.0,0.037204188247901504,0.0,0.037204188247901504,0.0,0.037204188247901504,0.0,0.037204188247901504,0.0,0.037204188247901504,0.0,0.037204188247901504,0.0,0.037204188247901504,0.0,0.037204188247901504,0.037204188247901504
tabular,2,31_satimage-2,0.004481992214840913,0.0,0.004481992214840913,0.0,0.004481992214840913,0.0,0.004481992214840913,0.0,0.004481992214840913,0.0,0.004481992214840913,0.0,0.0,0.0,0.0,0.0,0.004481992214840913,0.0,0.004481992214840913,0.0,0.0,0.0,0.004481992214840913,0.0,0.004481992214840913,0.0,0.004481992214840913,0.0,0.004481992214840913,0.0,0.0,0.0
tabular,2,32_shuttle,0.0,0.0,0.0,0.0,0.0,0.0,0.0,0.0,0.0,0.0,0.0,0.0,0.0,0.0,0.0,0.0,0.0,0.0,0.0,0.0,0.0,0.0,0.0,0.0,0.0,0.0,0.0,0.0,0.0,0.0,0.0,0.0
tabular,2,35_SpamBase,0.04484541664410635,0.0,0.04484541664410635,0.0,0.04484541664410635,0.0,0.04484541664410635,0.0,0.04484541664410635,0.0,0.04484541664410635,0.0,0.04484541664410635,0.0,0.04484541664410635,0.0,0.04484541664410635,0.0,0.04484541664410635,0.0,0.04484541664410635,0.0,0.04484541664410635,0.04484541664410635,0.04484541664410635,0.0,0.04484541664410635,0.0,0.04484541664410635,0.0,0.04484541664410635,0.04484541664410635
tabular,2,36_speech,0.032786885245901676,0.032786885245901676,0.032786885245901676,0.032786885245901676,0.032786885245901676,0.032786885245901676,0.032786885245901676,0.032786885245901676,0.032786885245901676,0.032786885245901676,0.032786885245901676,0.032786885245901676,0.032786885245901676,0.032786885245901676,0.032786885245901676,0.032786885245901676,0.032786885245901676,0.032786885245901676,0.032786885245901676,0.032786885245901676,0.032786885245901676,0.032786885245901676,0.032786885245901676,0.032786885245901676,0.032786885245901676,0.032786885245901676,0.032786885245901676,0.032786885245901676,0.032786885245901676,0.032786885245901676,0.032786885245901676,0.032786885245901676
tabular,2,37_Stamps,0.00572320499479706,0.00572320499479706,0.00572320499479706,0.00572320499479706,0.00572320499479706,0.00572320499479706,0.00572320499479706,0.00572320499479706,0.00572320499479706,0.00572320499479706,0.00572320499479706,0.00572320499479706,0.00572320499479706,0.00572320499479706,0.00572320499479706,0.00572320499479706,0.00572320499479706,0.00572320499479706,0.00572320499479706,0.00572320499479706,0.00572320499479706,0.00572320499479706,0.00572320499479706,0.00572320499479706,0.00572320499479706,0.00572320499479706,0.00572320499479706,0.00572320499479706,0.00572320499479706,0.00572320499479706,0.00572320499479706,0.00572320499479706
tabular,2,38_thyroid,0.011782667134174862,0.011782667134174862,0.011782667134174862,0.011782667134174862,0.011782667134174862,0.011782667134174862,0.011782667134174862,0.011782667134174862,0.011782667134174862,0.011782667134174862,0.011782667134174862,0.011782667134174862,0.011782667134174862,0.011782667134174862,0.011782667134174862,0.011782667134174862,0.011782667134174862,0.011782667134174862,0.011782667134174862,0.011782667134174862,0.011782667134174862,0.011782667134174862,0.011782667134174862,0.011782667134174862,0.011782667134174862,0.011782667134174862,0.011782667134174862,0.011782667134174862,0.011782667134174862,0.011782667134174862,0.011782667134174862,0.011782667134174862
tabular,2,39_vertebral,0.09761904761904772,0.09761904761904772,0.09761904761904772,0.09523809523809523,0.09761904761904772,0.09523809523809523,0.09761904761904772,0.09523809523809523,0.09761904761904772,0.09523809523809523,0.09761904761904772,0.09523809523809523,0.09761904761904772,0.0,0.0,0.0,0.09761904761904772,0.09523809523809523,0.09761904761904772,0.09523809523809523,0.0,0.0,0.09761904761904772,0.09761904761904772,0.09761904761904772,0.09523809523809523,0.09761904761904772,0.09523809523809523,0.09761904761904772,0.0,0.0,0.0
tabular,2,40_vowels,0.0,0.0,0.0,0.0,0.00773049645390067,0.0,0.0,0.0,0.00773049645390067,0.0,0.0,0.0,0.00773049645390067,0.0,0.00773049645390067,0.0,0.0,0.0,0.00773049645390067,0.0,0.00773049645390067,0.0,0.0,0.0,0.0,0.0,0.0,0.0,0.0,0.0,0.0,0.0
tabular,2,41_Waveform,0.0,0.0,0.0,0.0,0.0,0.0,0.0,0.0,0.0,0.0,0.0,0.0,0.0,0.0,0.0,0.0,0.0,0.0,0.0,0.0,0.0,0.0,0.0,0.0,0.0,0.0,0.0,0.0,0.0,0.0,0.0,0.0
tabular,2,42_WBC,0.0,0.0,0.0,0.0,0.0,0.0,0.0,0.0,0.0,0.0,0.0,0.0,0.0,0.0,0.0,0.0,0.0,0.0,0.0,0.0,0.0,0.0,0.0,0.0,0.0,0.0,0.0,0.0,0.0,0.0,0.0,0.0
tabular,2,43_WDBC,0.04444444444444451,0.0,0.0,0.0,0.04444444444444451,0.0,0.0,0.0,0.04444444444444451,0.0,0.0,0.0,0.04444444444444451,0.0,0.04444444444444451,0.0,0.0,0.0,0.04444444444444451,0.0,0.04444444444444451,0.0,0.0,0.0,0.04444444444444451,0.0,0.0,0.0,0.0,0.0,0.0,0.0
tabular,2,44_Wilt,0.11905421473655486,0.0,0.11905421473655486,0.0,0.0,0.0,0.11905421473655486,0.0,0.0,0.0,0.0,0.0,0.0,0.0,0.0,0.0,0.11905421473655486,0.0,0.0,0.0,0.0,0.0,0.11905421473655486,0.0,0.0,0.0,0.11905421473655486,0.0,0.11905421473655486,0.0,0.0,0.0
tabular,2,47_yeast,0.02780461296944814,0.0,0.02780461296944814,0.0,0.02780461296944814,0.0,0.02780461296944814,0.0,0.02780461296944814,0.0,0.02780461296944814,0.0,0.02780461296944814,0.0,0.02780461296944814,0.0,0.02780461296944814,0.0,0.02780461296944814,0.0,0.02780461296944814,0.0,0.02780461296944814,0.0,0.02780461296944814,0.0,0.02780461296944814,0.0,0.02780461296944814,0.0,0.02780461296944814,0.02780461296944814
tabular,2,6_cardio,0.024649821477615963,0.024649821477615963,0.024649821477615963,0.024649821477615963,0.024649821477615963,0.024649821477615963,0.024649821477615963,0.024649821477615963,0.024649821477615963,0.024649821477615963,0.024649821477615963,0.024649821477615963,0.024649821477615963,0.024649821477615963,0.024649821477615963,0.024649821477615963,0.024649821477615963,0.024649821477615963,0.024649821477615963,0.024649821477615963,0.024649821477615963,0.024649821477615963,0.024649821477615963,0.024649821477615963,0.024649821477615963,0.024649821477615963,0.024649821477615963,0.024649821477615963,0.024649821477615963,0.024649821477615963,0.024649821477615963,0.024649821477615963
tabular,3,14_glass,0.016260162601626105,0.0,0.016260162601626105,0.016260162601626105,0.016260162601626105,0.016260162601626105,0.016260162601626105,0.0,0.016260162601626105,0.0,0.17344173441734434,0.016260162601626105,0.17344173441734434,0.016260162601626105,0.17344173441734434,0.016260162601626105,0.016260162601626105,0.016260162601626105,0.016260162601626105,0.016260162601626105,0.17344173441734434,0.016260162601626105,0.016260162601626105,0.016260162601626105,0.016260162601626105,0.016260162601626105,0.016260162601626105,0.0,0.016260162601626105,0.0,0.0,0.0
tabular,3,18_Ionosphere,0.0,0.0,0.0,0.0,0.0,0.0,0.0,0.0,0.0,0.0,0.0,0.0,0.0559082892416225,0.0,0.0559082892416225,0.0,0.0,0.0,0.0,0.0,0.0559082892416225,0.0,0.0,0.0,0.0,0.0,0.0,0.0,0.0,0.0,0.0,0.0
tabular,3,19_landsat,0.0,0.0,0.0,0.0,0.0,0.0,0.0,0.0,0.0,0.0,0.0,0.0,0.0,0.0,0.0,0.0,0.0,0.0,0.0,0.0,0.0,0.0,0.0,0.0,0.0,0.0,0.0,0.0,0.0,0.0,0.0,0.0
tabular,3,20_letter,0.0,0.0,0.0,0.0,0.0,0.0,0.0,0.0,0.0,0.0,0.0,0.0,0.0,0.0,0.0,0.0,0.0,0.0,0.0,0.0,0.0,0.0,0.0,0.0,0.0,0.0,0.0,0.0,0.0,0.0,0.0,0.0
tabular,3,22_magic.gamma,0.01304655665308374,0.0,0.01304655665308374,0.0,0.01304655665308374,0.0,0.01304655665308374,0.0,0.01304655665308374,0.0,0.01304655665308374,0.0,0.01304655665308374,0.0,0.01304655665308374,0.0,0.01304655665308374,0.0,0.01304655665308374,0.0,0.01304655665308374,0.0,0.01304655665308374,0.0,0.01304655665308374,0.0,0.01304655665308374,0.0,0.01304655665308374,0.0,0.01304655665308374,0.01304655665308374
tabular,3,23_mammography,0.07126386199612755,0.0386710086252422,0.07126386199612755,0.0386710086252422,0.07126386199612755,0.0386710086252422,0.07126386199612755,0.0386710086252422,0.07126386199612755,0.0386710086252422,0.07126386199612755,0.0386710086252422,0.07126386199612755,0.0386710086252422,0.07126386199612755,0.0386710086252422,0.07126386199612755,0.0386710086252422,0.07126386199612755,0.0386710086252422,0.07126386199612755,0.0386710086252422,0.07126386199612755,0.0386710086252422,0.07126386199612755,0.0386710086252422,0.07126386199612755,0.0386710086252422,0.07126386199612755,0.0386710086252422,0.07126386199612755,0.07126386199612755
tabular,3,25_musk,0.0,0.0,0.0,0.0,0.0,0.0,0.0,0.0,0.0,0.0,0.0,0.0,0.0,0.0,0.0,0.0,0.0,0.0,0.0,0.0,0.0,0.0,0.0,0.0,0.0,0.0,0.0,0.0,0.0,0.0,0.0,0.0
tabular,3,26_optdigits,0.00029914529914520926,0.0,0.00029914529914520926,0.0,0.00029914529914520926,0.0,0.00029914529914520926,0.0,0.00029914529914520926,0.0,0.00029914529914520926,0.0,0.00029914529914520926,0.0,0.00029914529914520926,0.0,0.00029914529914520926,0.0,0.00029914529914520926,0.0,0.00029914529914520926,0.0,0.00029914529914520926,0.0,0.00029914529914520926,0.0,0.00029914529914520926,0.0,0.00029914529914520926,0.0,0.00029914529914520926,0.00029914529914520926
tabular,3,27_PageBlocks,0.006558693078049793,0.006558693078049793,0.006558693078049793,0.006558693078049793,0.006558693078049793,0.006558693078049793,0.006558693078049793,0.0,0.007016276316053394,0.0,0.006558693078049793,0.006558693078049793,0.007016276316053394,0.0,0.007016276316053394,0.0,0.006558693078049793,0.006558693078049793,0.006558693078049793,0.006558693078049793,0.007016276316053394,0.0,0.006558693078049793,0.006558693078049793,0.006558693078049793,0.006558693078049793,0.006558693078049793,0.006558693078049793,0.006558693078049793,0.006558693078049793,0.006558693078049793,0.006558693078049793
tabular,3,28_pendigits,0.005412681138667774,0.0,0.005412681138667774,0.0,0.005412681138667774,0.0,0.005412681138667774,0.0,0.005412681138667774,0.0,0.005412681138667774,0.0,0.005412681138667774,0.0,0.005412681138667774,0.0,0.005412681138667774,0.0,0.005412681138667774,0.0,0.005412681138667774,0.0,0.005412681138667774,0.0,0.005412681138667774,0.0,0.005412681138667774,0.0,0.005412681138667774,0.0,0.005412681138667774,0.005412681138667774
tabular,3,29_Pima,0.0799626865671641,0.0,0.0799626865671641,0.0,0.0799626865671641,0.0,0.04496268656716418,0.0,0.0799626865671641,0.0,0.0799626865671641,0.0,0.0799626865671641,0.0,0.0799626865671641,0.04496268656716418,0.0799626865671641,0.0,0.0799626865671641,0.04496268656716418,0.0799626865671641,0.04496268656716418,0.0799626865671641,0.0,0.0799626865671641,0.0,0.0799626865671641,0.0,0.0799626865671641,0.0,0.0,0.0
tabular,3,30_satellite,0.02171872209323089,0.0,0.02171872209323089,0.0,0.02171872209323089,0.0,0.02171872209323089,0.0,0.02171872209323089,0.0,0.02171872209323089,0.0,0.02171872209323089,0.0,0.02171872209323089,0.0,0.02171872209323089,0.0,0.02171872209323089,0.0,0.02171872209323089,0.0,0.02171872209323089,0.0,0.02171872209323089,0.0,0.02171872209323089,0.0,0.02171872209323089,0.0,0.0,0.0
tabular,3,31_satimage-2,0.004064491570170747,0.0,0.004064491570170747,0.0,0.004064491570170747,0.0,0.004064491570170747,0.0,0.004064491570170747,0.0,0.004064491570170747,0.0009332367351448934,0.0,0.0,0.0,0.0,0.004064491570170747,0.0,0.004064491570170747,0.0,0.0,0.0,0.004064491570170747,0.0,0.004064491570170747,0.0,0.004064491570170747,0.0,0.004064491570170747,0.0,0.0,0.0
tabular,3,32_shuttle,0.0,0.0,0.0,0.0,0.0,0.0,0.0,0.0,0.0,0.0,0.0,0.0,0.0,0.0,0.0,0.0,0.0,0.0,0.0,0.0,0.0,0.0,0.0,0.0,0.0,0.0,0.0,0.0,0.0,0.0,0.0,0.0
tabular,3,35_SpamBase,0.044375180973052264,0.0,0.0,0.0,0.044375180973052264,0.0,0.0,0.0,0.044375180973052264,0.0,0.044375180973052264,0.0,0.044375180973052264,0.0,0.044375180973052264,0.0,0.044375180973052264,0.0,0.044375180973052264,0.0,0.044375180973052264,0.0,0.044375180973052264,0.0,0.044375180973052264,0.0,0.044375180973052264,0.0,0.044375180973052264,0.0,0.0,0.0
tabular,3,36_speech,0.0,0.0,0.0,0.0,0.0,0.0,0.0,0.0,0.0,0.0,0.0,0.0,0.0,0.0,0.0,0.0,0.0,0.0,0.0,0.0,0.0,0.0,0.0,0.0,0.0,0.0,0.0,0.0,0.0,0.0,0.0,0.0
tabular,3,37_Stamps,0.02809573361082196,0.007804370447450415,0.007804370447450415,0.007804370447450415,0.02809573361082196,0.007804370447450415,0.007804370447450415,0.007804370447450415,0.02809573361082196,0.007804370447450415,0.02809573361082196,0.007804370447450415,0.02809573361082196,0.007804370447450415,0.02809573361082196,0.007804370447450415,0.02809573361082196,0.007804370447450415,0.02809573361082196,0.007804370447450415,0.02809573361082196,0.007804370447450415,0.02809573361082196,0.007804370447450415,0.02809573361082196,0.007804370447450415,0.02809573361082196,0.007804370447450415,0.02809573361082196,0.007804370447450415,0.007804370447450415,0.007804370447450415
tabular,3,38_thyroid,0.02178295932678831,0.0021476157082748193,0.02178295932678831,0.0021476157082748193,0.02178295932678831,0.02178295932678831,0.02178295932678831,0.0021476157082748193,0.02178295932678831,0.02178295932678831,0.02178295932678831,0.02178295932678831,0.02178295932678831,0.02178295932678831,0.02178295932678831,0.02178295932678831,0.02178295932678831,0.0021476157082748193,0.02178295932678831,0.02178295932678831,0.02178295932678831,0.02178295932678831,0.02178295932678831,0.0021476157082748193,0.02178295932678831,0.02178295932678831,0.02178295932678831,0.02178295932678831,0.02178295932678831,0.0021476157082748193,0.02178295932678831,0.02178295932678831
tabular,3,39_vertebral,0.06825396825396823,0.042063492063492025,0.06825396825396823,0.042063492063492025,0.06825396825396823,0.042063492063492025,0.06825396825396823,0.042063492063492025,0.06825396825396823,0.042063492063492025,0.06825396825396823,0.042063492063492025,0.11071428571428565,0.042063492063492025,0.11071428571428565,0.042063492063492025,0.06825396825396823,0.042063492063492025,0.06825396825396823,0.042063492063492025,0.11071428571428565,0.042063492063492025,0.11071428571428565,0.042063492063492025,0.06825396825396823,0.042063492063492025,0.06825396825396823,0.042063492063492025,0.06825396825396823,0.06825396825396823,0.06825396825396823,0.06825396825396823
tabular,3,40_vowels,0.0,0.0,0.002695035460992923,0.0,0.002695035460992923,0.0,0.0,0.0,0.0,0.0,0.002695035460992923,0.0,0.0,0.0,0.0,0.0,0.002695035460992923,0.0,0.002695035460992923,0.0,0.0,0.0,0.002695035460992923,0.0,0.002695035460992923,0.0,0.002695035460992923,0.0,0.002695035460992923,0.0,0.0,0.0
tabular,3,41_Waveform,0.11165919282511216,0.060538116591928204,0.02479820627802698,0.023901345291479803,0.02479820627802698,0.02479820627802698,0.02479820627802698,0.023901345291479803,0.02479820627802698,0.02479820627802698,0.02479820627802698,0.023901345291479803,0.02479820627802698,0.02479820627802698,0.02479820627802698,0.023901345291479803,0.02479820627802698,0.0,0.02479820627802698,0.0,0.02479820627802698,0.0,0.02479820627802698,0.023901345291479803,0.02479820627802698,0.02479820627802698,0.02479820627802698,0.023901345291479803,0.02479820627802698,0.02479820627802698,0.02479820627802698,0.02479820627802698
tabular,3,42_WBC,0.0,0.0,0.0,0.0,0.0,0.0,0.0,0.0,0.0,0.0,0.0,0.0,0.0,0.0,0.0,0.0,0.0,0.0,0.0,0.0,0.0,0.0,0.0,0.0,0.0,0.0,0.0,0.0,0.0,0.0,0.0,0.0
tabular,3,43_WDBC,0.009722222222222188,0.002777777777777768,0.009722222222222188,0.002777777777777768,0.009722222222222188,0.002777777777777768,0.009722222222222188,0.002777777777777768,0.009722222222222188,0.002777777777777768,0.009722222222222188,0.002777777777777768,0.009722222222222188,0.002777777777777768,0.009722222222222188,0.002777777777777768,0.009722222222222188,0.002777777777777768,0.009722222222222188,0.002777777777777768,0.009722222222222188,0.002777777777777768,0.04583333333333328,0.002777777777777768,0.009722222222222188,0.002777777777777768,0.009722222222222188,0.002777777777777768,0.009722222222222188,0.0,0.0,0.0
tabular,3,44_Wilt,0.10428697456966163,0.0,0.10428697456966163,0.0,0.10428697456966163,0.0,0.10428697456966163,0.0,0.10428697456966163,0.0,0.10428697456966163,0.0,0.0,0.0,0.0,0.0,0.10428697456966163,0.0,0.10428697456966163,0.0,0.0,0.0,0.0,0.0,0.10428697456966163,0.0,0.10428697456966163,0.0,0.10428697456966163,0.0,0.0,0.0
tabular,3,47_yeast,0.03356076158273957,0.0,0.03356076158273957,0.0,0.03356076158273957,0.0,0.03356076158273957,0.0,0.03356076158273957,0.0,0.03356076158273957,0.0,0.03356076158273957,0.0,0.03356076158273957,0.0,0.03356076158273957,0.0,0.03356076158273957,0.0,0.03356076158273957,0.0,0.03356076158273957,0.0,0.03356076158273957,0.0,0.03356076158273957,0.0,0.03356076158273957,0.0,0.03356076158273957,0.03356076158273957
tabular,3,6_cardio,0.014968415270530055,0.014968415270530055,0.014968415270530055,0.014968415270530055,0.014968415270530055,0.014968415270530055,0.014968415270530055,0.014968415270530055,0.014968415270530055,0.014968415270530055,0.014968415270530055,0.014968415270530055,0.014968415270530055,0.014968415270530055,0.014968415270530055,0.014968415270530055,0.014968415270530055,0.014968415270530055,0.014968415270530055,0.014968415270530055,0.014968415270530055,0.014968415270530055,0.014968415270530055,0.014968415270530055,0.014968415270530055,0.014968415270530055,0.014968415270530055,0.014968415270530055,0.014968415270530055,0.014968415270530055,0.014968415270530055,0.014968415270530055
tabular,4,14_glass,0.03252032520325199,0.03252032520325199,0.03252032520325199,0.03252032520325199,0.03252032520325199,0.03252032520325199,0.03252032520325199,0.0,0.03252032520325199,0.03252032520325199,0.03252032520325199,0.03252032520325199,0.14092140921409213,0.03252032520325199,0.14092140921409213,0.03252032520325199,0.03252032520325199,0.03252032520325199,0.03252032520325199,0.03252032520325199,0.14092140921409213,0.03252032520325199,0.03252032520325199,0.03252032520325199,0.03252032520325199,0.03252032520325199,0.03252032520325199,0.0,0.03252032520325199,0.03252032520325199,0.03252032520325199,0.03252032520325199
tabular,4,18_Ionosphere,0.014462081128747695,0.002821869488536133,0.014462081128747695,0.002821869488536133,0.014462081128747695,0.002821869488536133,0.014462081128747695,0.002821869488536133,0.014462081128747695,0.002821869488536133,0.0,0.0,0.014462081128747695,0.0,0.014462081128747695,0.0,0.014462081128747695,0.0,0.014462081128747695,0.0,0.0,0.0,0.014462081128747695,0.0,0.014462081128747695,0.002821869488536133,0.014462081128747695,0.002821869488536133,0.014462081128747695,0.0,0.0,0.0
tabular,4,19_landsat,0.00794419956605219,0.0,0.00794419956605219,0.0,0.00794419956605219,0.0,0.00794419956605219,0.0,0.00794419956605219,0.0,0.00794419956605219,0.0,0.00794419956605219,0.0,0.00794419956605219,0.0,0.00794419956605219,0.0,0.00794419956605219,0.0,0.00794419956605219,0.0,0.00794419956605219,0.0,0.00794419956605219,0.0,0.00794419956605219,0.0,0.00794419956605219,0.0,0.00794419956605219,0.00794419956605219
tabular,4,20_letter,0.0,0.0,0.0,0.0,0.0,0.0,0.0,0.0,0.0,0.0,0.0,0.0,0.0,0.0,0.0,0.0,0.0,0.0,0.0,0.0,0.0,0.0,0.0,0.0,0.0,0.0,0.0,0.0,0.0,0.0,0.0,0.0
tabular,4,22_magic.gamma,0.01137781878693489,0.0,0.01137781878693489,0.0,0.01137781878693489,0.0,0.01137781878693489,0.0,0.01137781878693489,0.0,0.01137781878693489,0.0,0.01137781878693489,0.0,0.01137781878693489,0.0,0.01137781878693489,0.0,0.01137781878693489,0.0,0.01137781878693489,0.0,0.01137781878693489,0.0,0.01137781878693489,0.0,0.01137781878693489,0.0,0.01137781878693489,0.0,0.01137781878693489,0.01137781878693489
tabular,4,23_mammography,0.04269670832599903,0.03292730153142054,0.04269670832599903,0.03292730153142054,0.04269670832599903,0.03292730153142054,0.04269670832599903,0.03292730153142054,0.04269670832599903,0.03292730153142054,0.04269670832599903,0.03292730153142054,0.04269670832599903,0.026785777151909773,0.04269670832599903,0.026785777151909773,0.04269670832599903,0.03292730153142054,0.04269670832599903,0.03292730153142054,0.04269670832599903,0.026785777151909773,0.04269670832599903,0.03292730153142054,0.04269670832599903,0.03292730153142054,0.04269670832599903,0.03292730153142054,0.04269670832599903,0.03292730153142054,0.04269670832599903,0.04269670832599903
tabular,4,25_musk,0.0,0.0,0.0,0.0,0.0,0.0,0.0,0.0,0.0,0.0,0.0,0.0,0.0,0.0,0.0,0.0,0.0,0.0,0.0,0.0,0.0,0.0,0.0,0.0,0.0,0.0,0.0,0.0,0.0,0.0,0.0,0.0
tabular,4,26_optdigits,0.0015351742274819502,0.0,0.0015351742274819502,0.0,0.0015351742274819502,0.0,0.0015351742274819502,0.0,0.0015351742274819502,0.0,0.0015351742274819502,0.0,0.0015351742274819502,0.0,0.0015351742274819502,0.0,0.0015351742274819502,0.0,0.0015351742274819502,0.0,0.0015351742274819502,0.0,0.0015351742274819502,0.0,0.0015351742274819502,0.0,0.0015351742274819502,0.0,0.0015351742274819502,0.0,0.0,0.0
tabular,4,27_PageBlocks,0.0,0.0,0.0,0.0,0.0,0.0,0.0,0.0,0.0,0.0,0.0,0.0,0.014075701928673245,0.014075701928673245,0.014075701928673245,0.014075701928673245,0.0,0.0,0.0,0.0,0.014075701928673245,0.014075701928673245,0.0,0.0,0.0,0.0,0.0,0.0,0.0,0.0,0.0,0.0
tabular,4,28_pendigits,0.006500945071309938,0.0,0.006500945071309938,0.0,0.006500945071309938,0.0,0.006500945071309938,0.0,0.006500945071309938,0.0,0.006500945071309938,0.0,0.006500945071309938,0.0,0.006500945071309938,0.0,0.006500945071309938,0.0,0.006500945071309938,0.0,0.006500945071309938,0.0,0.006500945071309938,0.0,0.006500945071309938,0.0,0.006500945071309938,0.0,0.006500945071309938,0.0,0.006500945071309938,0.006500945071309938
tabular,4,29_Pima,0.023805970149253675,0.0,0.0,0.0,0.0,0.0,0.0,0.0,0.0,0.0,0.08220149253731346,0.0,0.0,0.0,0.0,0.0,0.08220149253731346,0.0,0.08220149253731346,0.03727611940298503,0.08220149253731346,0.023805970149253675,0.08220149253731346,0.0,0.03727611940298503,0.0,0.0,0.0,0.0,0.0,0.0,0.0
tabular,4,30_satellite,0.02854974102518304,0.0,0.02854974102518304,0.0,0.02854974102518304,0.0,0.02854974102518304,0.0,0.02854974102518304,0.0,0.02854974102518304,0.0,0.02854974102518304,0.0,0.02854974102518304,0.0,0.02854974102518304,0.0,0.02854974102518304,0.0,0.02854974102518304,0.0,0.02854974102518304,0.0,0.02854974102518304,0.0,0.02854974102518304,0.0,0.02854974102518304,0.0,0.02854974102518304,0.02854974102518304
tabular,4,31_satimage-2,0.003708388079128544,0.0,0.003708388079128544,0.0,0.003708388079128544,0.0,0.003708388079128544,0.0,0.003708388079128544,0.0,0.003708388079128544,0.0,0.0,0.0,0.0,0.0,0.003708388079128544,0.0,0.003708388079128544,0.0,0.0,0.0,0.003708388079128544,0.0,0.003708388079128544,0.0,0.003708388079128544,0.0,0.003708388079128544,0.0,0.0,0.0
tabular,4,32_shuttle,0.0,0.0,0.0,0.0,0.0,0.0,0.0,0.0,0.0,0.0,0.0,0.0,0.0,0.0,0.0,0.0,0.0,0.0,0.0,0.0,0.0,0.0,0.0,0.0,0.0,0.0,0.0,0.0,0.0,0.0,0.0,0.0
tabular,4,35_SpamBase,0.03163408955547131,0.0,0.1992221984194431,0.0,0.03163408955547131,0.0,0.1992221984194431,0.0,0.03163408955547131,0.0,0.03163408955547131,0.0,0.03163408955547131,0.0,0.03163408955547131,0.0,0.03163408955547131,0.0,0.03163408955547131,0.0,0.03163408955547131,0.0,0.03163408955547131,0.0,0.03163408955547131,0.0,0.1992221984194431,0.0,0.03163408955547131,0.0,0.0,0.0
tabular,4,36_speech,0.0,0.0,0.0,0.0,0.0,0.0,0.0,0.0,0.0,0.0,0.0,0.0,0.0,0.0,0.0,0.0,0.0,0.0,0.0,0.0,0.0,0.0,0.0,0.0,0.0,0.0,0.0,0.0,0.0,0.0,0.0,0.0
tabular,4,37_Stamps,0.012486992715920908,0.0,0.012486992715920908,0.0,0.032258064516129004,0.0,0.012486992715920908,0.0,0.032258064516129004,0.0,0.032258064516129004,0.0,0.032258064516129004,0.0,0.032258064516129004,0.0,0.012486992715920908,0.0,0.032258064516129004,0.0,0.032258064516129004,0.0,0.012486992715920908,0.0,0.032258064516129004,0.0,0.032258064516129004,0.0,0.012486992715920908,0.0,0.0,0.0
tabular,4,38_thyroid,0.014032550257129461,0.014032550257129461,0.014032550257129461,0.014032550257129461,0.014032550257129461,0.014032550257129461,0.014032550257129461,0.014032550257129461,0.014032550257129461,0.014032550257129461,0.014032550257129461,0.014032550257129461,0.014032550257129461,0.014032550257129461,0.014032550257129461,0.014032550257129461,0.014032550257129461,0.014032550257129461,0.014032550257129461,0.014032550257129461,0.014032550257129461,0.014032550257129461,0.014032550257129461,0.014032550257129461,0.014032550257129461,0.014032550257129461,0.014032550257129461,0.014032550257129461,0.014032550257129461,0.014032550257129461,0.014032550257129461,0.014032550257129461
tabular,4,39_vertebral,0.11111111111111116,0.11111111111111116,0.11111111111111116,0.11111111111111116,0.11111111111111116,0.11111111111111116,0.11111111111111116,0.11111111111111116,0.11111111111111116,0.11111111111111116,0.11111111111111116,0.11111111111111116,0.11111111111111116,0.11111111111111116,0.11111111111111116,0.11111111111111116,0.11111111111111116,0.11111111111111116,0.11111111111111116,0.11111111111111116,0.11111111111111116,0.11111111111111116,0.11111111111111116,0.11111111111111116,0.11111111111111116,0.11111111111111116,0.11111111111111116,0.11111111111111116,0.11111111111111116,0.11111111111111116,0.11111111111111116,0.11111111111111116
tabular,4,40_vowels,0.007659574468085184,0.0,0.007659574468085184,0.0,0.007659574468085184,0.0,0.007659574468085184,0.0,0.007659574468085184,0.0,0.007659574468085184,0.0,0.007659574468085184,0.0,0.007659574468085184,0.0,0.007659574468085184,0.0,0.007659574468085184,0.0,0.007659574468085184,0.0,0.007659574468085184,0.0,0.007659574468085184,0.0,0.007659574468085184,0.0,0.007659574468085184,0.0,0.0,0.0
tabular,4,41_Waveform,0.0,0.0,0.0,0.0,0.0,0.0,0.0,0.0,0.0,0.0,0.0,0.0,0.0,0.0,0.0,0.0,0.0,0.0,0.0,0.0,0.0,0.0,0.10149476831091175,0.0,0.0,0.0,0.0,0.0,0.0,0.0,0.0,0.0
tabular,4,42_WBC,0.0,0.0,0.0,0.0,0.0,0.0,0.03953488372093028,0.0,0.0,0.0,0.0,0.0,0.0,0.0,0.0,0.0,0.0,0.0,0.0,0.0,0.0,0.0,0.0,0.0,0.0,0.0,0.0,0.0,0.0,0.0,0.0,0.0
tabular,4,43_WDBC,0.008333333333333304,0.008333333333333304,0.008333333333333304,0.008333333333333304,0.008333333333333304,0.008333333333333304,0.008333333333333304,0.008333333333333304,0.05972222222222223,0.008333333333333304,0.0,0.0,0.05972222222222223,0.008333333333333304,0.05972222222222223,0.008333333333333304,0.008333333333333304,0.008333333333333304,0.05972222222222223,0.008333333333333304,0.05972222222222223,0.008333333333333304,0.008333333333333304,0.008333333333333304,0.008333333333333304,0.008333333333333304,0.008333333333333304,0.008333333333333304,0.008333333333333304,0.0,0.0,0.0
tabular,4,44_Wilt,0.10581697145852587,0.0,0.10581697145852587,0.0,0.10581697145852587,0.0,0.10581697145852587,0.0,0.10581697145852587,0.0,0.0,0.0,0.10581697145852587,0.0,0.10581697145852587,0.0,0.10581697145852587,0.0,0.10581697145852587,0.0,0.10581697145852587,0.0,0.10581697145852587,0.0,0.10581697145852587,0.0,0.10581697145852587,0.0,0.10581697145852587,0.0,0.0,0.0
tabular,4,47_yeast,0.03960874290544614,0.0,0.03960874290544614,0.0,0.03960874290544614,0.0,0.03960874290544614,0.0,0.03960874290544614,0.0,0.03960874290544614,0.0,0.03960874290544614,0.0,0.03960874290544614,0.0,0.03960874290544614,0.0,0.03960874290544614,0.0,0.03960874290544614,0.0,0.03960874290544614,0.0,0.03960874290544614,0.0,0.03960874290544614,0.0,0.03960874290544614,0.0,0.03960874290544614,0.03960874290544614
tabular,4,6_cardio,0.03283781928041751,0.02102787695688002,0.03283781928041751,0.02102787695688002,0.03283781928041751,0.02102787695688002,0.03283781928041751,0.02102787695688002,0.03283781928041751,0.02102787695688002,0.03283781928041751,0.02102787695688002,0.03283781928041751,0.02102787695688002,0.03283781928041751,0.02102787695688002,0.03283781928041751,0.02102787695688002,0.03283781928041751,0.02102787695688002,0.03283781928041751,0.02102787695688002,0.03283781928041751,0.02102787695688002,0.03283781928041751,0.02102787695688002,0.03283781928041751,0.02102787695688002,0.03283781928041751,0.02102787695688002,0.03283781928041751,0.03283781928041751
cv,0,CIFAR10_0,0.019315589353612106,0.0,0.019315589353612106,0.0,0.019315589353612106,0.0,0.019315589353612106,0.0,0.019315589353612106,0.0,0.019315589353612106,0.0,0.019315589353612106,0.0,0.019315589353612106,0.0,0.019315589353612106,0.0,0.019315589353612106,0.0,0.019315589353612106,0.0,0.019315589353612106,0.0,0.019315589353612106,0.0,0.019315589353612106,0.0,0.019315589353612106,0.0,0.0,0.0
cv,0,CIFAR10_1,0.11508745247148289,0.0,0.11267680608365016,0.0,0.0,0.0,0.11267680608365016,0.0,0.0,0.0,0.0,0.0,0.0,0.0,0.0,0.0,0.0,0.0,0.0,0.0,0.0,0.0,0.0,0.0,0.0,0.0,0.11508745247148289,0.0,0.0,0.0,0.0,0.0
cv,0,CIFAR10_2,0.0,0.0,0.0,0.0,0.0,0.0,0.0,0.0,0.0,0.0,0.0,0.0,0.0,0.0,0.0,0.0,0.0,0.0,0.0,0.0,0.0,0.0,0.0,0.0,0.0,0.0,0.0,0.0,0.0,0.0,0.0,0.0
cv,0,CIFAR10_3,0.0,0.0,0.0,0.0,0.0,0.0,0.0,0.0,0.0,0.0,0.0,0.0,0.0,0.0,0.0,0.0,0.0,0.0,0.0,0.0,0.0,0.0,0.0,0.0,0.0,0.0,0.0,0.0,0.0,0.0,0.0,0.0
cv,0,CIFAR10_4,0.019334600760456233,0.0,0.019334600760456233,0.0,0.019334600760456233,0.0,0.019334600760456233,0.0,0.019334600760456233,0.0,0.019334600760456233,0.0,0.019334600760456233,0.0,0.019334600760456233,0.019334600760456233,0.019334600760456233,0.0,0.019334600760456233,0.0,0.019334600760456233,0.019334600760456233,0.019334600760456233,0.0,0.019334600760456233,0.0,0.019334600760456233,0.0,0.019334600760456233,0.019334600760456233,0.019334600760456233,0.019334600760456233
cv,0,CIFAR10_5,0.0,0.0,0.0,0.0,0.0,0.0,0.0,0.0,0.0,0.0,0.0,0.0,0.0,0.0,0.0,0.0,0.0,0.0,0.0,0.0,0.0,0.0,0.0,0.0,0.0,0.0,0.0,0.0,0.0,0.0,0.0,0.0
cv,0,CIFAR10_6,0.0,0.0,0.04709505703422057,0.0,0.0,0.0,0.04709505703422057,0.0,0.0,0.0,0.0,0.0,0.0,0.0,0.0,0.0,0.0,0.0,0.0,0.0,0.0,0.0,0.0,0.0,0.0,0.0,0.0,0.0,0.0,0.0,0.0,0.0
cv,0,CIFAR10_7,0.0,0.0,0.0,0.0,0.0,0.0,0.0,0.0,0.0,0.0,0.0,0.0,0.0,0.0,0.0,0.0,0.0,0.0,0.0,0.0,0.0,0.0,0.0,0.0,0.0,0.0,0.0,0.0,0.0,0.0,0.0,0.0
cv,0,CIFAR10_8,0.0,0.0,0.06398098859315582,0.0,0.0,0.0,0.06398098859315582,0.0,0.0,0.0,0.0,0.0,0.0,0.0,0.0,0.0,0.0,0.0,0.0,0.0,0.0,0.0,0.0,0.0,0.0,0.0,0.0,0.0,0.0,0.0,0.0,0.0
cv,0,CIFAR10_9,0.0,0.0,0.0,0.0,0.0,0.0,0.0,0.0,0.0,0.0,0.0,0.0,0.0,0.0,0.0,0.0,0.0,0.0,0.0,0.0,0.0,0.0,0.0,0.0,0.0,0.0,0.0,0.0,0.0,0.0,0.0,0.0
cv,0,FashionMNIST_0,0.0,0.0,0.0,0.0,0.016521164021163992,0.0,0.029251322751322806,0.0,0.016521164021163992,0.0,0.016521164021163992,0.0,0.016521164021163992,0.0,0.016521164021163992,0.0,0.029251322751322806,0.0,0.016521164021163992,0.0,0.016521164021163992,0.0,0.016521164021163992,0.0,0.016521164021163992,0.0,0.016521164021163992,0.0,0.016521164021163992,0.0,0.0,0.0
cv,0,FashionMNIST_1,0.006743386243386107,0.0,0.006743386243386107,0.0,0.006743386243386107,0.0,0.006743386243386107,0.0,0.006743386243386107,0.0,0.006743386243386107,0.0,0.006743386243386107,0.0,0.006743386243386107,0.0,0.006743386243386107,0.0,0.006743386243386107,0.0,0.006743386243386107,0.0,0.006743386243386107,0.0,0.006743386243386107,0.0,0.006743386243386107,0.0,0.006743386243386107,0.0,0.006743386243386107,0.006743386243386107
cv,0,FashionMNIST_2,0.023166666666666447,0.0,0.023166666666666447,0.0,0.023166666666666447,0.0,0.023166666666666447,0.0,0.023166666666666447,0.0,0.023166666666666447,0.0,0.023166666666666447,0.0,0.023166666666666447,0.0,0.023166666666666447,0.0,0.023166666666666447,0.0,0.023166666666666447,0.0,0.023166666666666447,0.0,0.023166666666666447,0.0,0.023166666666666447,0.0,0.023166666666666447,0.0,0.0,0.0
cv,0,FashionMNIST_3,0.0,0.0,0.011433862433862574,0.0,0.0,0.0,0.011433862433862574,0.0,0.0,0.0,0.0,0.0,0.0,0.0,0.0,0.0,0.0,0.0,0.0,0.0,0.0,0.0,0.0,0.0,0.0,0.0,0.0,0.0,0.0,0.0,0.0,0.0
cv,0,FashionMNIST_4,0.04019576719576701,0.0,0.04019576719576701,0.0,0.0,0.0,0.04019576719576701,0.0,0.0,0.0,0.0,0.0,0.0,0.0,0.0,0.0,0.0,0.0,0.0,0.0,0.0,0.0,0.0,0.0,0.0,0.0,0.04019576719576701,0.0,0.0,0.0,0.0,0.0
cv,0,FashionMNIST_5,0.029915343915344006,0.0,0.0,0.0,0.029915343915344006,0.0,0.0,0.0,0.029915343915344006,0.0,0.029915343915344006,0.0,0.029915343915344006,0.0,0.029915343915344006,0.0,0.0,0.0,0.029915343915344006,0.0,0.029915343915344006,0.0,0.029915343915344006,0.0,0.029915343915344006,0.0,0.029915343915344006,0.0,0.029915343915344006,0.0,0.0,0.0
cv,0,FashionMNIST_6,0.006417989417989434,0.0,0.006417989417989434,0.0,0.006417989417989434,0.0,0.006417989417989434,0.0,0.006417989417989434,0.0,0.006417989417989434,0.0,0.006417989417989434,0.0,0.006417989417989434,0.0,0.006417989417989434,0.0,0.006417989417989434,0.0,0.006417989417989434,0.0,0.006417989417989434,0.0,0.006417989417989434,0.0,0.006417989417989434,0.0,0.006417989417989434,0.0,0.006417989417989434,0.006417989417989434
cv,0,FashionMNIST_7,0.0,0.0,0.001502645502645561,0.0,0.0,0.0,0.001502645502645561,0.0,0.0,0.0,0.0,0.0,0.0,0.0,0.0,0.0,0.0,0.0,0.0,0.0,0.0,0.0,0.0,0.0,0.0,0.0,0.0,0.0,0.0,0.0,0.0,0.0
cv,0,FashionMNIST_8,0.0,0.0,0.023095238095238058,0.0,0.0,0.0,0.023095238095238058,0.0,0.0,0.0,0.0,0.0,0.0,0.0,0.0,0.0,0.0,0.0,0.0,0.0,0.0,0.0,0.0,0.0,0.0,0.0,0.0,0.0,0.0,0.0,0.0,0.0
cv,0,FashionMNIST_9,0.0,0.0,0.0,0.0,0.0,0.0,0.0,0.0,0.0,0.0,0.0,0.0,0.0,0.0,0.0,0.0,0.0,0.0,0.0,0.0,0.0,0.0,0.0,0.0,0.0,0.0,0.0,0.0,0.0,0.0,0.0,0.0
cv,1,CIFAR10_0,0.01168821292775657,0.0,0.01168821292775657,0.0,0.01168821292775657,0.0,0.01168821292775657,0.0,0.01168821292775657,0.0,0.01168821292775657,0.0,0.01168821292775657,0.0,0.01168821292775657,0.0,0.01168821292775657,0.0,0.01168821292775657,0.0,0.01168821292775657,0.0,0.01168821292775657,0.0,0.01168821292775657,0.0,0.01168821292775657,0.0,0.01168821292775657,0.0,0.0,0.0
cv,1,CIFAR10_1,0.0,0.0,0.0,0.0,0.0,0.0,0.0,0.0,0.0,0.0,0.0,0.0,0.0,0.0,0.0,0.0,0.0,0.0,0.0,0.0,0.0,0.0,0.0,0.0,0.0,0.0,0.0,0.0,0.0,0.0,0.0,0.0
cv,1,CIFAR10_2,0.0,0.0,0.0,0.0,0.0,0.0,0.0,0.0,0.0,0.0,0.0,0.0,0.0,0.0,0.0,0.0,0.0,0.0,0.0,0.0,0.0,0.0,0.0,0.0,0.0,0.0,0.0,0.0,0.0,0.0,0.0,0.0
cv,1,CIFAR10_3,0.0,0.0,0.0,0.0,0.0,0.0,0.0,0.0,0.0,0.0,0.0,0.0,0.0,0.0,0.0,0.0,0.0,0.0,0.0,0.0,0.0,0.0,0.0,0.0,0.0,0.0,0.0,0.0,0.0,0.0,0.0,0.0
cv,1,CIFAR10_4,0.012140684410646418,0.0,0.025038022813688054,0.0,0.012140684410646418,0.0,0.025038022813688054,0.0,0.012140684410646418,0.0,0.012140684410646418,0.0,0.012140684410646418,0.0,0.012140684410646418,0.0,0.012140684410646418,0.0,0.012140684410646418,0.0,0.012140684410646418,0.0,0.012140684410646418,0.0,0.012140684410646418,0.0,0.012140684410646418,0.0,0.012140684410646418,0.0,0.0,0.0
cv,1,CIFAR10_5,0.0,0.0,0.0,0.0,0.0,0.0,0.0,0.0,0.0,0.0,0.0,0.0,0.0,0.0,0.0,0.0,0.0,0.0,0.0,0.0,0.0,0.0,0.0,0.0,0.0,0.0,0.0,0.0,0.0,0.0,0.0,0.0
cv,1,CIFAR10_6,0.0,0.0,0.042646387832699584,0.0,0.0,0.0,0.042646387832699584,0.0,0.0,0.0,0.0,0.0,0.0,0.0,0.0,0.0,0.0,0.0,0.0,0.0,0.0,0.0,0.0,0.0,0.0,0.0,0.0,0.0,0.0,0.0,0.0,0.0
cv,1,CIFAR10_7,0.0,0.0,0.0,0.0,0.0,0.0,0.0,0.0,0.0,0.0,0.0,0.0,0.0,0.0,0.0,0.0,0.0,0.0,0.0,0.0,0.0,0.0,0.0,0.0,0.0,0.0,0.0,0.0,0.0,0.0,0.0,0.0
cv,1,CIFAR10_8,0.0,0.0,0.04742965779467678,0.0,0.0,0.0,0.04742965779467678,0.0,0.0,0.0,0.0,0.0,0.0,0.0,0.0,0.0,0.0,0.0,0.0,0.0,0.0,0.0,0.0,0.0,0.0,0.0,0.0,0.0,0.0,0.0,0.0,0.0
cv,1,CIFAR10_9,0.0,0.0,0.0,0.0,0.0,0.0,0.0,0.0,0.0,0.0,0.0,0.0,0.0,0.0,0.0,0.0,0.0,0.0,0.0,0.0,0.0,0.0,0.0,0.0,0.0,0.0,0.0,0.0,0.0,0.0,0.0,0.0
cv,1,FashionMNIST_0,0.017965608465608685,0.0,0.017965608465608685,0.0,0.017965608465608685,0.0,0.017965608465608685,0.0,0.017965608465608685,0.0,0.017965608465608685,0.0,0.017965608465608685,0.0,0.017965608465608685,0.0,0.017965608465608685,0.0,0.017965608465608685,0.0,0.017965608465608685,0.0,0.017965608465608685,0.0,0.017965608465608685,0.0,0.017965608465608685,0.0,0.017965608465608685,0.017965608465608685,0.017965608465608685,0.017965608465608685
cv,1,FashionMNIST_1,0.004153439153439131,0.0,0.0,0.0,0.004153439153439131,0.0,0.0,0.0,0.004153439153439131,0.0,0.004153439153439131,0.0,0.004153439153439131,0.0,0.004153439153439131,0.0,0.004153439153439131,0.0,0.004153439153439131,0.0,0.004153439153439131,0.0,0.004153439153439131,0.0,0.004153439153439131,0.0,0.004153439153439131,0.0,0.004153439153439131,0.0,0.0,0.0
cv,1,FashionMNIST_2,0.02552645502645501,0.0,0.02552645502645501,0.0,0.02552645502645501,0.0,0.02552645502645501,0.0,0.02552645502645501,0.0,0.02552645502645501,0.0,0.02552645502645501,0.0,0.02552645502645501,0.0,0.02552645502645501,0.0,0.02552645502645501,0.0,0.02552645502645501,0.0,0.02552645502645501,0.0,0.02552645502645501,0.0,0.02552645502645501,0.0,0.02552645502645501,0.0,0.0,0.0
cv,1,FashionMNIST_3,0.012433862433862464,0.0,0.012433862433862464,0.0,0.0,0.0,0.012433862433862464,0.0,0.0,0.0,0.0,0.0,0.0,0.0,0.0,0.0,0.0,0.0,0.0,0.0,0.0,0.0,0.0,0.0,0.0,0.0,0.0,0.0,0.0,0.0,0.0,0.0
cv,1,FashionMNIST_4,0.03090476190476188,0.0,0.03090476190476188,0.0,0.0,0.0,0.03090476190476188,0.0,0.0,0.0,0.0,0.0,0.0,0.0,0.0,0.0,0.03090476190476188,0.0,0.0,0.0,0.0,0.0,0.0,0.0,0.0,0.0,0.03090476190476188,0.0,0.0,0.0,0.0,0.0
cv,1,FashionMNIST_5,0.030380952380952286,0.0,0.0,0.0,0.030380952380952286,0.0,0.0,0.0,0.030380952380952286,0.0,0.030380952380952286,0.0,0.030380952380952286,0.0,0.030380952380952286,0.0,0.030380952380952286,0.0,0.030380952380952286,0.0,0.030380952380952286,0.0,0.030380952380952286,0.0,0.030380952380952286,0.0,0.030380952380952286,0.0,0.030380952380952286,0.007992063492063384,0.007992063492063384,0.007992063492063384
cv,1,FashionMNIST_6,0.001526455026454987,0.0,0.001526455026454987,0.0,0.0,0.0,0.001526455026454987,0.0,0.0,0.0,0.0,0.0,0.0,0.0,0.0,0.0,0.001526455026454987,0.0,0.0,0.0,0.0,0.0,0.0,0.0,0.0,0.0,0.001526455026454987,0.0,0.0,0.0,0.0,0.0
cv,1,FashionMNIST_7,0.0,0.0,0.0,0.0,0.0,0.0,0.0,0.0,0.0,0.0,0.0,0.0,0.0,0.0,0.0,0.0,0.0,0.0,0.0,0.0,0.0,0.0,0.0,0.0,0.0,0.0,0.0,0.0,0.0,0.0,0.0,0.0
cv,1,FashionMNIST_8,0.0,0.0,0.02173015873015871,0.0,0.0,0.0,0.02173015873015871,0.0,0.0,0.0,0.0,0.0,0.0,0.0,0.0,0.0,0.0,0.0,0.0,0.0,0.0,0.0,0.0,0.0,0.0,0.0,0.0,0.0,0.0,0.0,0.0,0.0
cv,1,FashionMNIST_9,0.0,0.0,0.0,0.0,0.0,0.0,0.0,0.0,0.0,0.0,0.0,0.0,0.0,0.0,0.0,0.0,0.0,0.0,0.0,0.0,0.0,0.0,0.0,0.0,0.0,0.0,0.0,0.0,0.0,0.0,0.0,0.0
cv,2,CIFAR10_0,0.0033384030418250887,0.0,0.0,0.0,0.0033384030418250887,0.0,0.0,0.0,0.0033384030418250887,0.0,0.0033384030418250887,0.0,0.0033384030418250887,0.0,0.0033384030418250887,0.0,0.0033384030418250887,0.0,0.0033384030418250887,0.0,0.0033384030418250887,0.0,0.0033384030418250887,0.0,0.0033384030418250887,0.0,0.0033384030418250887,0.0,0.0033384030418250887,0.0,0.0,0.0
cv,2,CIFAR10_1,0.11542965779467684,0.10454752851711013,0.11542965779467684,0.0,0.0,0.0,0.11542965779467684,0.0,0.0,0.0,0.0,0.0,0.0,0.0,0.0,0.0,0.11542965779467684,0.0,0.0,0.0,0.0,0.0,0.0,0.0,0.0,0.0,0.0,0.0,0.0,0.0,0.0,0.0
cv,2,CIFAR10_2,0.0,0.0,0.0,0.0,0.0,0.0,0.0,0.0,0.0,0.0,0.0,0.0,0.0,0.0,0.0,0.0,0.0,0.0,0.0,0.0,0.0,0.0,0.0,0.0,0.0,0.0,0.0,0.0,0.0,0.0,0.0,0.0
cv,2,CIFAR10_3,0.0,0.0,0.0,0.0,0.0,0.0,0.0,0.0,0.0,0.0,0.0,0.0,0.0,0.0,0.0,0.0,0.0,0.0,0.0,0.0,0.0,0.0,0.0,0.0,0.0,0.0,0.0,0.0,0.0,0.0,0.0,0.0
cv,2,CIFAR10_4,0.010410646387832734,0.0,0.0,0.0,0.010410646387832734,0.0,0.0,0.0,0.010410646387832734,0.0,0.010410646387832734,0.0,0.010410646387832734,0.0,0.010410646387832734,0.0,0.010410646387832734,0.0,0.010410646387832734,0.0,0.010410646387832734,0.0,0.010410646387832734,0.0,0.010410646387832734,0.0,0.010410646387832734,0.0,0.010410646387832734,0.0,0.0,0.0
cv,2,CIFAR10_5,0.0,0.0,0.0,0.0,0.0,0.0,0.0,0.0,0.0,0.0,0.0,0.0,0.0,0.0,0.0,0.0,0.0,0.0,0.0,0.0,0.0,0.0,0.0,0.0,0.0,0.0,0.0,0.0,0.0,0.0,0.0,0.0
cv,2,CIFAR10_6,0.0,0.0,0.008901140684410724,0.0,0.0,0.0,0.008901140684410724,0.0,0.0,0.0,0.0,0.0,0.0,0.0,0.0,0.0,0.0,0.0,0.0,0.0,0.0,0.0,0.0,0.0,0.0,0.0,0.0,0.0,0.0,0.0,0.0,0.0
cv,2,CIFAR10_7,0.0,0.0,0.0,0.0,0.0,0.0,0.057615969581749193,0.0,0.0,0.0,0.0,0.0,0.0,0.0,0.0,0.0,0.0,0.0,0.0,0.0,0.0,0.0,0.0,0.0,0.0,0.0,0.0,0.0,0.0,0.0,0.0,0.0
cv,2,CIFAR10_8,0.0,0.0,0.0,0.0,0.0,0.0,0.0,0.0,0.0,0.0,0.0,0.0,0.0,0.0,0.0,0.0,0.0,0.0,0.0,0.0,0.0,0.0,0.0,0.0,0.0,0.0,0.0,0.0,0.0,0.0,0.0,0.0
cv,2,CIFAR10_9,0.0,0.0,0.06846768060836506,0.0,0.0,0.0,0.06846768060836506,0.0,0.0,0.0,0.0,0.0,0.0,0.0,0.0,0.0,0.0,0.0,0.0,0.0,0.0,0.0,0.0,0.0,0.0,0.0,0.0,0.0,0.0,0.0,0.0,0.0
cv,2,FashionMNIST_0,0.018833333333333147,0.0,0.026235449735449667,0.0,0.018833333333333147,0.0,0.026235449735449667,0.0,0.018833333333333147,0.0,0.018833333333333147,0.0,0.018833333333333147,0.0,0.018833333333333147,0.0,0.026235449735449667,0.0,0.018833333333333147,0.0,0.018833333333333147,0.0,0.018833333333333147,0.0,0.018833333333333147,0.0,0.018833333333333147,0.0,0.018833333333333147,0.0,0.0,0.0
cv,2,FashionMNIST_1,0.0056851851851852375,0.0,0.0056851851851852375,0.0,0.0056851851851852375,0.0,0.0056851851851852375,0.0,0.0056851851851852375,0.0,0.0056851851851852375,0.0,0.0056851851851852375,0.0,0.0056851851851852375,0.0,0.0056851851851852375,0.0,0.0056851851851852375,0.0,0.0056851851851852375,0.0,0.0056851851851852375,0.0,0.0056851851851852375,0.0,0.0056851851851852375,0.0,0.0056851851851852375,0.0,0.0,0.0
cv,2,FashionMNIST_2,0.02647619047619043,0.0,0.02647619047619043,0.0,0.02647619047619043,0.0,0.02647619047619043,0.0,0.02647619047619043,0.0,0.02647619047619043,0.0,0.02647619047619043,0.0,0.02647619047619043,0.0,0.02647619047619043,0.0,0.02647619047619043,0.0,0.02647619047619043,0.0,0.02647619047619043,0.0,0.02647619047619043,0.0,0.02647619047619043,0.0,0.02647619047619043,0.0,0.0,0.0
cv,2,FashionMNIST_3,0.010746031746031615,0.0,0.010746031746031615,0.0,0.0,0.0,0.010746031746031615,0.0,0.0,0.0,0.0,0.0,0.0,0.0,0.0,0.0,0.010746031746031615,0.0,0.0,0.0,0.0,0.0,0.0,0.0,0.0,0.0,0.010746031746031615,0.0,0.0,0.0,0.0,0.0
cv,2,FashionMNIST_4,0.043804232804232845,0.0,0.00642857142857145,0.0,0.0,0.0,0.043804232804232845,0.0,0.0,0.0,0.0,0.0,0.0,0.0,0.0,0.0,0.043804232804232845,0.0,0.0,0.0,0.0,0.0,0.0,0.0,0.0,0.0,0.00642857142857145,0.0,0.0,0.0,0.0,0.0
cv,2,FashionMNIST_5,0.027335978835978714,0.0,0.006772486772486763,0.0,0.027335978835978714,0.0,0.006772486772486763,0.0,0.027335978835978714,0.0,0.027335978835978714,0.0,0.027335978835978714,0.0,0.027335978835978714,0.0,0.0,0.0,0.027335978835978714,0.0,0.027335978835978714,0.0,0.027335978835978714,0.0,0.027335978835978714,0.0,0.027335978835978714,0.0,0.027335978835978714,0.0,0.006772486772486763,0.006772486772486763
cv,2,FashionMNIST_6,0.00465608465608458,0.0,0.0,0.0,0.00465608465608458,0.0,0.0,0.0,0.00465608465608458,0.0,0.00465608465608458,0.0,0.00465608465608458,0.0,0.00465608465608458,0.0,0.00465608465608458,0.0,0.00465608465608458,0.0,0.00465608465608458,0.0,0.00465608465608458,0.0,0.00465608465608458,0.0,0.00465608465608458,0.0,0.00465608465608458,0.0,0.0,0.0
cv,2,FashionMNIST_7,0.0,0.0,0.00017195767195776757,0.0,0.0,0.0,0.00017195767195776757,0.0,0.0,0.0,0.0,0.0,0.0,0.0,0.0,0.0,0.00017195767195776757,0.0,0.0,0.0,0.0,0.0,0.0,0.0,0.0,0.0,0.00017195767195776757,0.0,0.0,0.0,0.0,0.0
cv,2,FashionMNIST_8,0.0,0.0,0.01637830687830688,0.0,0.0,0.0,0.01637830687830688,0.0,0.0,0.0,0.0,0.0,0.0,0.0,0.0,0.0,0.01637830687830688,0.0,0.0,0.0,0.0,0.0,0.0,0.0,0.0,0.0,0.0,0.0,0.0,0.0,0.0,0.0
cv,2,FashionMNIST_9,0.0,0.0,0.0,0.0,0.0,0.0,0.0,0.0,0.0,0.0,0.0,0.0,0.0,0.0,0.0,0.0,0.0,0.0,0.0,0.0,0.0,0.0,0.0,0.0,0.0,0.0,0.0,0.0,0.0,0.0,0.0,0.0
cv,3,CIFAR10_0,0.0063155893536124275,0.0,0.04238022813688225,0.0,0.0063155893536124275,0.0,0.04238022813688225,0.0,0.0063155893536124275,0.0,0.0063155893536124275,0.0,0.0063155893536124275,0.0,0.0063155893536124275,0.0,0.0063155893536124275,0.0,0.0063155893536124275,0.0,0.0063155893536124275,0.0,0.0063155893536124275,0.0,0.0063155893536124275,0.0,0.0063155893536124275,0.0,0.0063155893536124275,0.0,0.0,0.0
cv,3,CIFAR10_1,0.10253612167300374,0.0,0.10253612167300374,0.0,0.0,0.0,0.10253612167300374,0.0,0.0,0.0,0.10253612167300374,0.0,0.0,0.0,0.0,0.0,0.0,0.0,0.0,0.0,0.0,0.0,0.0,0.0,0.0,0.0,0.0,0.0,0.0,0.0,0.0,0.0
cv,3,CIFAR10_2,0.0,0.0,0.05505323193916356,0.0,0.0,0.0,0.0,0.0,0.0,0.0,0.0,0.0,0.0,0.0,0.0,0.0,0.0,0.0,0.0,0.0,0.0,0.0,0.05505323193916356,0.0,0.0,0.0,0.0,0.0,0.0,0.0,0.0,0.0
cv,3,CIFAR10_3,0.0,0.0,0.05882889733840302,0.0,0.0,0.0,0.05882889733840302,0.0,0.0,0.0,0.0,0.0,0.0,0.0,0.0,0.0,0.05882889733840302,0.0,0.0,0.0,0.0,0.0,0.0,0.0,0.0,0.0,0.0,0.0,0.0,0.0,0.0,0.0
cv,3,CIFAR10_4,0.017494296577946655,0.0,0.017494296577946655,0.0,0.017494296577946655,0.0,0.017494296577946655,0.0,0.017494296577946655,0.0,0.017494296577946655,0.0,0.017494296577946655,0.0,0.017494296577946655,0.0,0.017494296577946655,0.0,0.017494296577946655,0.0,0.017494296577946655,0.0,0.017494296577946655,0.0,0.017494296577946655,0.0,0.017494296577946655,0.0,0.017494296577946655,0.017494296577946655,0.017494296577946655,0.017494296577946655
cv,3,CIFAR10_5,0.0,0.0,0.0,0.0,0.0,0.0,0.0,0.0,0.0,0.0,0.0,0.0,0.0,0.0,0.0,0.0,0.0,0.0,0.0,0.0,0.0,0.0,0.0,0.0,0.0,0.0,0.0,0.0,0.0,0.0,0.0,0.0
cv,3,CIFAR10_6,0.04538403041825079,0.0,0.04538403041825079,0.0,0.0,0.0,0.04538403041825079,0.0,0.0,0.0,0.0,0.0,0.0,0.0,0.0,0.0,0.0,0.0,0.0,0.0,0.0,0.0,0.0,0.0,0.0,0.0,0.04538403041825079,0.0,0.0,0.0,0.0,0.0
cv,3,CIFAR10_7,0.0,0.0,0.05698479087452479,0.0,0.0,0.0,0.05698479087452479,0.0,0.0,0.0,0.0,0.0,0.0,0.0,0.0,0.0,0.0,0.0,0.0,0.0,0.0,0.0,0.0,0.0,0.0,0.0,0.0,0.0,0.0,0.0,0.0,0.0
cv,3,CIFAR10_8,0.0,0.0,0.04026996197718624,0.0,0.0,0.0,0.04026996197718624,0.0,0.0,0.0,0.0,0.0,0.0,0.0,0.0,0.0,0.0,0.0,0.0,0.0,0.0,0.0,0.0,0.0,0.0,0.0,0.0,0.0,0.0,0.0,0.0,0.0
cv,3,CIFAR10_9,0.0,0.0,0.0,0.0,0.0,0.0,0.0,0.0,0.0,0.0,0.0,0.0,0.0,0.0,0.05883269961977178,0.0,0.0,0.0,0.0,0.0,0.05883269961977178,0.0,0.0,0.0,0.0,0.0,0.0,0.0,0.0,0.0,0.0,0.0
cv,3,FashionMNIST_0,0.012626984126984153,0.0,0.0,0.0,0.012626984126984153,0.0,0.0,0.0,0.012626984126984153,0.0,0.012626984126984153,0.0,0.012626984126984153,0.0,0.012626984126984153,0.0,0.012626984126984153,0.0,0.012626984126984153,0.0,0.012626984126984153,0.0,0.012626984126984153,0.0,0.012626984126984153,0.0,0.012626984126984153,0.0,0.012626984126984153,0.0,0.0,0.0
cv,3,FashionMNIST_1,0.005658730158730085,0.0,0.005658730158730085,0.0,0.005658730158730085,0.0,0.005658730158730085,0.0,0.005658730158730085,0.0,0.005658730158730085,0.0,0.005658730158730085,0.0,0.005658730158730085,0.0,0.005658730158730085,0.0,0.005658730158730085,0.0,0.005658730158730085,0.0,0.005658730158730085,0.0,0.005658730158730085,0.0,0.005658730158730085,0.0,0.005658730158730085,0.005658730158730085,0.005658730158730085,0.005658730158730085
cv,3,FashionMNIST_2,0.033074074074074034,0.0,0.033074074074074034,0.0,0.033074074074074034,0.0,0.033074074074074034,0.0,0.033074074074074034,0.0,0.033074074074074034,0.0,0.033074074074074034,0.0,0.033074074074074034,0.0,0.033074074074074034,0.0,0.033074074074074034,0.0,0.033074074074074034,0.0,0.033074074074074034,0.0,0.033074074074074034,0.0,0.033074074074074034,0.0,0.033074074074074034,0.0,0.033074074074074034,0.033074074074074034
cv,3,FashionMNIST_3,0.0,0.0,0.007859788359788289,0.0,0.0,0.0,0.007859788359788289,0.0,0.0,0.0,0.0,0.0,0.0,0.0,0.0,0.0,0.0,0.0,0.0,0.0,0.0,0.0,0.0,0.0,0.0,0.0,0.0,0.0,0.0,0.0,0.0,0.0
cv,3,FashionMNIST_4,0.00865343915343908,0.0,0.04385714285714282,0.0,0.0,0.0,0.04385714285714282,0.0,0.0,0.0,0.0,0.0,0.0,0.0,0.0,0.0,0.04385714285714282,0.0,0.0,0.0,0.0,0.0,0.0,0.0,0.0,0.0,0.0,0.0,0.0,0.0,0.0,0.0
cv,3,FashionMNIST_5,0.026058201058201003,0.0,0.0,0.0,0.026058201058201003,0.0,0.0,0.0,0.026058201058201003,0.0,0.026058201058201003,0.0,0.026058201058201003,0.0,0.026058201058201003,0.0,0.0,0.0,0.026058201058201003,0.0,0.026058201058201003,0.0,0.026058201058201003,0.0,0.026058201058201003,0.0,0.026058201058201003,0.0,0.026058201058201003,0.0,0.0,0.0
cv,3,FashionMNIST_6,0.0,0.0,0.0,0.0,0.0,0.0,0.0,0.0,0.0,0.0,0.0,0.0,0.0,0.0,0.0,0.0,0.0,0.0,0.0,0.0,0.0,0.0,0.0,0.0,0.0,0.0,0.0,0.0,0.0,0.0,0.0,0.0
cv,3,FashionMNIST_7,0.0,0.0,0.0,0.0,0.0,0.0,0.0,0.0,0.0,0.0,0.0,0.0,0.0,0.0,0.0,0.0,0.0,0.0,0.0,0.0,0.0,0.0,0.0,0.0,0.0,0.0,0.0,0.0,0.0,0.0,0.0,0.0
cv,3,FashionMNIST_8,0.0,0.0,0.02143121693121708,0.0,0.0,0.0,0.02143121693121708,0.0,0.0,0.0,0.0,0.0,0.0,0.0,0.0,0.0,0.0,0.0,0.0,0.0,0.0,0.0,0.0,0.0,0.0,0.0,0.0,0.0,0.0,0.0,0.0,0.0
cv,3,FashionMNIST_9,0.0,0.0,0.0,0.0,0.0,0.0,0.0,0.0,0.0,0.0,0.0,0.0,0.0,0.0,0.0,0.0,0.0,0.0,0.0,0.0,0.0,0.0,0.0,0.0,0.0,0.0,0.0,0.0,0.0,0.0,0.0,0.0
cv,4,CIFAR10_0,0.01073764258555121,0.0,0.03744106463878327,0.0,0.01073764258555121,0.0,0.03744106463878327,0.0,0.01073764258555121,0.0,0.01073764258555121,0.0,0.01073764258555121,0.0,0.01073764258555121,0.0,0.01073764258555121,0.0,0.01073764258555121,0.0,0.01073764258555121,0.0,0.01073764258555121,0.0,0.01073764258555121,0.0,0.01073764258555121,0.0,0.01073764258555121,0.0,0.01073764258555121,0.01073764258555121
cv,4,CIFAR10_1,0.10005703422053225,0.0,0.11565399239543728,0.0,0.0,0.0,0.11565399239543728,0.0,0.0,0.0,0.0,0.0,0.0,0.0,0.0,0.0,0.0,0.0,0.0,0.0,0.0,0.0,0.0,0.0,0.0,0.0,0.0,0.0,0.0,0.0,0.0,0.0
cv,4,CIFAR10_2,0.0,0.0,0.0,0.0,0.0,0.0,0.0,0.0,0.0,0.0,0.0,0.0,0.0,0.0,0.0,0.0,0.0,0.0,0.0,0.0,0.0,0.0,0.0,0.0,0.0,0.0,0.0,0.0,0.0,0.0,0.0,0.0
cv,4,CIFAR10_3,0.0,0.0,0.0,0.0,0.0,0.0,0.0,0.0,0.0,0.0,0.0,0.0,0.0,0.0,0.0,0.0,0.0,0.0,0.0,0.0,0.0,0.0,0.0,0.0,0.0,0.0,0.0,0.0,0.0,0.0,0.0,0.0
cv,4,CIFAR10_4,0.01766159695817493,0.0,0.0,0.0,0.01766159695817493,0.0,0.0,0.0,0.01766159695817493,0.0,0.01766159695817493,0.0,0.01766159695817493,0.0,0.01766159695817493,0.0,0.01766159695817493,0.0,0.01766159695817493,0.0,0.01766159695817493,0.0,0.01766159695817493,0.0,0.01766159695817493,0.0,0.01766159695817493,0.0,0.01766159695817493,0.0,0.0,0.0
cv,4,CIFAR10_5,0.0,0.0,0.0,0.0,0.0,0.0,0.0,0.0,0.0,0.0,0.0,0.0,0.0,0.0,0.0,0.0,0.0,0.0,0.0,0.0,0.0,0.0,0.0,0.0,0.0,0.0,0.0,0.0,0.0,0.0,0.0,0.0
cv,4,CIFAR10_6,0.0,0.0,0.0,0.0,0.0,0.0,0.0,0.0,0.0,0.0,0.0,0.0,0.0,0.0,0.0,0.0,0.0,0.0,0.0,0.0,0.0,0.0,0.0,0.0,0.0,0.0,0.0,0.0,0.0,0.0,0.0,0.0
cv,4,CIFAR10_7,0.06297338403041819,0.0,0.0,0.0,0.0,0.0,0.0,0.0,0.0,0.0,0.0,0.0,0.0,0.0,0.0,0.0,0.0,0.0,0.0,0.0,0.0,0.0,0.0,0.0,0.0,0.0,0.0,0.0,0.0,0.0,0.0,0.0
cv,4,CIFAR10_8,0.0,0.0,0.0,0.0,0.0,0.0,0.0,0.0,0.0,0.0,0.0,0.0,0.0,0.0,0.0,0.0,0.0,0.0,0.0,0.0,0.0,0.0,0.0,0.0,0.0,0.0,0.0,0.0,0.0,0.0,0.0,0.0
cv,4,CIFAR10_9,0.06838022813688216,0.0,0.06982889733840303,0.0,0.0,0.0,0.06982889733840303,0.0,0.0,0.0,0.0,0.0,0.0,0.0,0.0,0.0,0.0,0.0,0.0,0.0,0.0,0.0,0.06838022813688216,0.0,0.0,0.0,0.0,0.0,0.0,0.0,0.0,0.0
cv,4,FashionMNIST_0,0.0,0.0,0.0,0.0,0.01487566137566132,0.0,0.0,0.0,0.01487566137566132,0.0,0.01487566137566132,0.0,0.01487566137566132,0.01487566137566132,0.01487566137566132,0.01487566137566132,0.0,0.0,0.01487566137566132,0.0,0.01487566137566132,0.01487566137566132,0.01487566137566132,0.0,0.01487566137566132,0.0,0.0,0.0,0.01487566137566132,0.0,0.0,0.0
cv,4,FashionMNIST_1,0.0075529100529099225,0.0,0.0075529100529099225,0.0,0.0075529100529099225,0.0,0.0075529100529099225,0.0,0.0075529100529099225,0.0,0.0075529100529099225,0.0,0.0075529100529099225,0.0,0.0075529100529099225,0.0,0.0075529100529099225,0.0,0.0075529100529099225,0.0,0.0075529100529099225,0.0,0.0075529100529099225,0.0,0.0075529100529099225,0.0,0.0075529100529099225,0.0,0.0075529100529099225,0.0,0.0,0.0
cv,4,FashionMNIST_2,0.024298941798941875,0.0,0.024298941798941875,0.0,0.024298941798941875,0.0,0.024298941798941875,0.0,0.024298941798941875,0.0,0.024298941798941875,0.0,0.024298941798941875,0.0,0.024298941798941875,0.0,0.024298941798941875,0.0,0.024298941798941875,0.0,0.024298941798941875,0.0,0.024298941798941875,0.0,0.024298941798941875,0.0,0.024298941798941875,0.0,0.024298941798941875,0.0,0.0,0.0
cv,4,FashionMNIST_3,0.0,0.0,0.014632275132275052,0.0,0.0,0.0,0.014632275132275052,0.0,0.0,0.0,0.0,0.0,0.0,0.0,0.0,0.0,0.0,0.0,0.0,0.0,0.0,0.0,0.0,0.0,0.0,0.0,0.0,0.0,0.0,0.0,0.0,0.0
cv,4,FashionMNIST_4,0.0,0.0,0.011396825396825627,0.0,0.0,0.0,0.03949206349206369,0.0,0.0,0.0,0.0,0.0,0.0,0.0,0.0,0.0,0.0,0.0,0.0,0.0,0.0,0.0,0.0,0.0,0.0,0.0,0.0,0.0,0.0,0.0,0.0,0.0
cv,4,FashionMNIST_5,0.027902116402116484,0.0,0.027902116402116484,0.0,0.027902116402116484,0.0,0.027902116402116484,0.0,0.027902116402116484,0.0,0.027902116402116484,0.0,0.027902116402116484,0.0,0.027902116402116484,0.0,0.027902116402116484,0.0,0.027902116402116484,0.0,0.027902116402116484,0.0,0.027902116402116484,0.0,0.027902116402116484,0.0,0.027902116402116484,0.0,0.027902116402116484,0.0,0.0,0.0
cv,4,FashionMNIST_6,0.0031984126984125894,0.0,0.0031984126984125894,0.0,0.0031984126984125894,0.0,0.0031984126984125894,0.0,0.0031984126984125894,0.0,0.0031984126984125894,0.0,0.0031984126984125894,0.0,0.0031984126984125894,0.0,0.0031984126984125894,0.0,0.0031984126984125894,0.0,0.0031984126984125894,0.0,0.0031984126984125894,0.0,0.0031984126984125894,0.0,0.0031984126984125894,0.0,0.0031984126984125894,0.0,0.0,0.0
cv,4,FashionMNIST_7,0.0030211640211641466,0.0,0.0030211640211641466,0.0,0.0,0.0,0.0030211640211641466,0.0,0.0,0.0,0.0,0.0,0.0,0.0,0.0,0.0,0.0,0.0,0.0,0.0,0.0,0.0,0.0,0.0,0.0,0.0,0.0030211640211641466,0.0,0.0,0.0,0.0,0.0
cv,4,FashionMNIST_8,0.0,0.0,0.013986772486772492,0.0,0.0,0.0,0.013986772486772492,0.0,0.0,0.0,0.0,0.0,0.0,0.0,0.0,0.0,0.013986772486772492,0.0,0.0,0.0,0.0,0.0,0.0,0.0,0.0,0.0,0.0,0.0,0.0,0.0,0.0,0.0
cv,4,FashionMNIST_9,0.0,0.0,0.0,0.0,0.0,0.0,0.0,0.0,0.0,0.0,0.0,0.0,0.0,0.0,0.0,0.0,0.0,0.0,0.0,0.0,0.0,0.0,0.0,0.0,0.0,0.0,0.0,0.0,0.0,0.0,0.0,0.0
nlp,0,20news_0,0.08642547928262223,0.0,0.08642547928262223,0.0,0.0,0.0,0.08642547928262223,0.0,0.0,0.0,0.08642547928262223,0.0,0.0,0.0,0.0,0.0,0.08642547928262223,0.0,0.0,0.0,0.0,0.0,0.0,0.0,0.0,0.0,0.08642547928262223,0.0,0.0,0.0,0.0,0.0
nlp,0,20news_1,0.0,0.0,0.0,0.0,0.0,0.0,0.0,0.0,0.0,0.0,0.0,0.0,0.0,0.0,0.0,0.0,0.0,0.0,0.0,0.0,0.0,0.0,0.0,0.0,0.0,0.0,0.0,0.0,0.0,0.0,0.0,0.0
nlp,0,20news_2,0.0,0.0,0.0,0.0,0.0,0.0,0.0,0.0,0.0,0.0,0.0,0.0,0.0,0.0,0.0,0.0,0.0,0.0,0.0,0.0,0.0,0.0,0.0,0.0,0.0,0.0,0.0,0.0,0.0,0.0,0.0,0.0
nlp,0,20news_3,0.02051282051282044,0.0,0.022222222222222143,0.0,0.022222222222222143,0.0,0.0,0.0,0.022222222222222143,0.0,0.022222222222222143,0.0,0.022222222222222143,0.0,0.022222222222222143,0.0,0.022222222222222143,0.0,0.022222222222222143,0.0,0.022222222222222143,0.0,0.022222222222222143,0.0,0.022222222222222143,0.0,0.022222222222222143,0.0,0.022222222222222143,0.02051282051282044,0.022222222222222143,0.022222222222222143
nlp,0,20news_4,0.0,0.0,0.0,0.0,0.0,0.0,0.0,0.0,0.0,0.0,0.0,0.0,0.0,0.0,0.0,0.0,0.0,0.0,0.0,0.0,0.0,0.0,0.0,0.0,0.0,0.0,0.0,0.0,0.0,0.0,0.0,0.0
nlp,0,20news_5,0.0,0.0,0.0,0.0,0.0,0.0,0.0,0.0,0.0,0.0,0.0,0.0,0.0,0.0,0.0,0.0,0.0,0.0,0.0,0.0,0.0,0.0,0.0,0.0,0.0,0.0,0.0,0.0,0.0,0.0,0.0,0.0
nlp,0,agnews_0,0.0,0.0,0.0,0.0,0.0,0.0,0.0,0.0,0.0,0.0,0.0,0.0,0.0,0.0,0.0,0.0,0.0,0.0,0.0,0.0,0.0,0.0,0.0,0.0,0.0,0.0,0.0,0.0,0.0,0.0,0.0,0.0
nlp,0,agnews_1,0.0,0.0,0.0,0.0,0.0,0.0,0.0,0.0,0.0,0.0,0.0,0.0,0.0,0.0,0.0,0.0,0.0,0.0,0.0,0.0,0.0,0.0,0.0,0.0,0.0,0.0,0.0,0.0,0.0,0.0,0.0,0.0
nlp,0,agnews_2,0.0,0.0,0.0,0.0,0.0,0.0,0.0,0.0,0.0,0.0,0.0,0.0,0.0,0.0,0.0,0.0,0.0,0.0,0.0,0.0,0.0,0.0,0.0,0.0,0.0,0.0,0.0,0.0,0.0,0.0,0.0,0.0
nlp,0,agnews_3,0.0,0.0,0.0,0.0,0.0,0.0,0.0,0.0,0.0,0.0,0.0,0.0,0.0,0.0,0.0,0.0,0.0,0.0,0.0,0.0,0.0,0.0,0.0,0.0,0.0,0.0,0.0,0.0,0.0,0.0,0.0,0.0
nlp,0,amazon,0.03737684210526315,0.023525263157894605,0.03737684210526315,0.0,0.023525263157894605,0.0,0.03737684210526315,0.0,0.023525263157894605,0.0,0.023525263157894605,0.0,0.023525263157894605,0.0,0.023525263157894605,0.0,0.023525263157894605,0.0,0.023525263157894605,0.0,0.023525263157894605,0.0,0.023525263157894605,0.0,0.023525263157894605,0.0,0.03737684210526315,0.0,0.023525263157894605,0.023525263157894605,0.023525263157894605,0.023525263157894605
nlp,0,imdb,0.0005789473684210122,0.0,0.0005789473684210122,0.0,0.0,0.0,0.0005789473684210122,0.0,0.0,0.0,0.0,0.0,0.0,0.0,0.0,0.0,0.0005789473684210122,0.0,0.0,0.0,0.0,0.0,0.0,0.0,0.0,0.0,0.0,0.0,0.0,0.0,0.0,0.0
nlp,0,yelp,0.04145894736842104,0.0,0.002902105263157817,0.0,0.002902105263157817,0.0,0.002902105263157817,0.0,0.002902105263157817,0.0,0.002902105263157817,0.0,0.002902105263157817,0.0,0.002902105263157817,0.0,0.002902105263157817,0.0,0.002902105263157817,0.0,0.002902105263157817,0.0,0.04145894736842104,0.0,0.002902105263157817,0.0,0.002902105263157817,0.0,0.002902105263157817,0.0,0.002902105263157817,0.002902105263157817
nlp,1,20news_0,0.0,0.0,0.0,0.0,0.0,0.0,0.0,0.0,0.0,0.0,0.0,0.0,0.0,0.0,0.0,0.0,0.0,0.0,0.0,0.0,0.0,0.0,0.0,0.0,0.0,0.0,0.0,0.0,0.0,0.0,0.0,0.0
nlp,1,20news_1,0.0,0.0,0.0,0.0,0.0,0.0,0.0,0.0,0.0,0.0,0.0,0.0,0.0,0.0,0.0,0.0,0.0,0.0,0.0,0.0,0.0,0.0,0.0,0.0,0.0,0.0,0.0,0.0,0.0,0.0,0.0,0.0
nlp,1,20news_2,0.0,0.0,0.0,0.0,0.0,0.0,0.0,0.0,0.0,0.0,0.0,0.0,0.0,0.0,0.0,0.0,0.0,0.0,0.0,0.0,0.0,0.0,0.0,0.0,0.0,0.0,0.0,0.0,0.0,0.0,0.0,0.0
nlp,1,20news_3,0.041595441595441485,0.0,0.041595441595441485,0.0,0.041595441595441485,0.0,0.041595441595441485,0.0,0.041595441595441485,0.0,0.041595441595441485,0.0,0.041595441595441485,0.0,0.041595441595441485,0.0,0.041595441595441485,0.0,0.041595441595441485,0.0,0.041595441595441485,0.0,0.041595441595441485,0.0,0.041595441595441485,0.0,0.041595441595441485,0.0,0.041595441595441485,0.0,0.0034188034188032956,0.0034188034188032956
nlp,1,20news_4,0.0,0.0,0.0,0.0,0.0,0.0,0.0,0.0,0.0,0.0,0.0,0.0,0.0,0.0,0.0,0.0,0.0,0.0,0.0,0.0,0.0,0.0,0.0,0.0,0.0,0.0,0.0,0.0,0.0,0.0,0.0,0.0
nlp,1,20news_5,0.0,0.0,0.0,0.0,0.0,0.0,0.0,0.0,0.0,0.0,0.0,0.0,0.0,0.0,0.0,0.0,0.0,0.0,0.0,0.0,0.0,0.0,0.0,0.0,0.0,0.0,0.0,0.0,0.0,0.0,0.0,0.0
nlp,1,agnews_0,0.0,0.0,0.0,0.0,0.0,0.0,0.0,0.0,0.0,0.0,0.0,0.0,0.0,0.0,0.0,0.0,0.0,0.0,0.0,0.0,0.0,0.0,0.0,0.0,0.0,0.0,0.0,0.0,0.0,0.0,0.0,0.0
nlp,1,agnews_1,0.0,0.0,0.22589052631578943,0.0,0.0,0.0,0.22589052631578943,0.0,0.0,0.0,0.0,0.0,0.0,0.0,0.0,0.0,0.0,0.0,0.0,0.0,0.0,0.0,0.0,0.0,0.0,0.0,0.0,0.0,0.0,0.0,0.0,0.0
nlp,1,agnews_2,0.0,0.0,0.0,0.0,0.0,0.0,0.0,0.0,0.0,0.0,0.0,0.0,0.0,0.0,0.0,0.0,0.0,0.0,0.0,0.0,0.0,0.0,0.0,0.0,0.0,0.0,0.0,0.0,0.0,0.0,0.0,0.0
nlp,1,agnews_3,0.0,0.0,0.0,0.0,0.0,0.0,0.0,0.0,0.0,0.0,0.0,0.0,0.0,0.0,0.0,0.0,0.0,0.0,0.0,0.0,0.0,0.0,0.10359052631578947,0.0,0.0,0.0,0.0,0.0,0.0,0.0,0.0,0.0
nlp,1,amazon,0.021300000000000097,0.0,0.021300000000000097,0.0,0.009348421052631561,0.0,0.021300000000000097,0.0,0.009348421052631561,0.0,0.009348421052631561,0.0,0.009348421052631561,0.0,0.009348421052631561,0.0,0.009348421052631561,0.0,0.009348421052631561,0.0,0.009348421052631561,0.0,0.009348421052631561,0.0,0.009348421052631561,0.0,0.009348421052631561,0.0,0.009348421052631561,0.0,0.0,0.0
nlp,1,imdb,0.0,0.0,0.002152631578947406,0.0,0.0,0.0,0.002152631578947406,0.0,0.0,0.0,0.0,0.0,0.0,0.0,0.0,0.0,0.0,0.0,0.0,0.0,0.0,0.0,0.0,0.0,0.0,0.0,0.0,0.0,0.0,0.0,0.0,0.0
nlp,1,yelp,0.049644210526315846,0.0,0.049644210526315846,0.0,0.0038863157894737377,0.0,0.049644210526315846,0.0,0.0038863157894737377,0.0,0.0038863157894737377,0.0,0.0038863157894737377,0.0,0.0038863157894737377,0.0,0.049644210526315846,0.0,0.0038863157894737377,0.0,0.0038863157894737377,0.0,0.049644210526315846,0.0,0.0038863157894737377,0.0,0.049644210526315846,0.0,0.049644210526315846,0.0,0.0038863157894737377,0.0038863157894737377
nlp,2,20news_0,0.0,0.0,0.0771821715699269,0.0,0.0,0.0,0.0771821715699269,0.0,0.0,0.0,0.0,0.0,0.0,0.0,0.0,0.0,0.0771821715699269,0.0,0.0,0.0,0.0,0.0,0.0,0.0,0.0,0.0,0.0771821715699269,0.0,0.0,0.0,0.0,0.0
nlp,2,20news_1,0.0,0.0,0.0,0.0,0.0,0.0,0.0,0.0,0.0,0.0,0.0,0.0,0.0,0.0,0.0,0.0,0.0,0.0,0.0,0.0,0.0,0.0,0.0,0.0,0.0,0.0,0.0,0.0,0.0,0.0,0.0,0.0
nlp,2,20news_2,0.0,0.0,0.0,0.0,0.0,0.0,0.0,0.0,0.0,0.0,0.0,0.0,0.0,0.0,0.0,0.0,0.0,0.0,0.0,0.0,0.0,0.0,0.0,0.0,0.0,0.0,0.0,0.0,0.0,0.0,0.0,0.0
nlp,2,20news_3,0.05555555555555569,0.0,0.05555555555555569,0.0,0.05555555555555569,0.0,0.05555555555555569,0.0,0.05555555555555569,0.0,0.05555555555555569,0.0,0.05555555555555569,0.0,0.05555555555555569,0.0,0.05555555555555569,0.0,0.05555555555555569,0.0,0.05555555555555569,0.0,0.05555555555555569,0.0,0.05555555555555569,0.0,0.05555555555555569,0.0,0.05555555555555569,0.0,0.05555555555555569,0.05555555555555569
nlp,2,20news_4,0.0,0.0,0.0,0.0,0.0,0.0,0.0,0.0,0.0,0.0,0.0,0.0,0.0,0.0,0.0,0.0,0.0,0.0,0.0,0.0,0.0,0.0,0.0,0.0,0.0,0.0,0.0,0.0,0.0,0.0,0.0,0.0
nlp,2,20news_5,0.0388428262436914,0.0,0.0388428262436914,0.0,0.0388428262436914,0.0,0.0388428262436914,0.0,0.0388428262436914,0.0,0.0388428262436914,0.0,0.0388428262436914,0.0,0.0388428262436914,0.0,0.0388428262436914,0.0,0.0388428262436914,0.0,0.0388428262436914,0.0,0.0388428262436914,0.0,0.0388428262436914,0.0,0.0388428262436914,0.0,0.0388428262436914,0.0,0.0388428262436914,0.0388428262436914
nlp,2,agnews_0,0.0,0.0,0.0,0.0,0.0,0.0,0.0,0.0,0.0,0.0,0.0,0.0,0.0,0.0,0.0,0.0,0.0,0.0,0.0,0.0,0.0,0.0,0.0,0.0,0.0,0.0,0.0,0.0,0.0,0.0,0.0,0.0
nlp,2,agnews_1,0.2192789473684209,0.0,0.2192789473684209,0.0,0.0,0.0,0.2192789473684209,0.0,0.0,0.0,0.0,0.0,0.0,0.0,0.0,0.0,0.0,0.0,0.0,0.0,0.0,0.0,0.0,0.0,0.0,0.0,0.0,0.0,0.0,0.0,0.0,0.0
nlp,2,agnews_2,0.0,0.0,0.0,0.0,0.0,0.0,0.0,0.0,0.0,0.0,0.0,0.0,0.0,0.0,0.0,0.0,0.0,0.0,0.0,0.0,0.0,0.0,0.0,0.0,0.0,0.0,0.0,0.0,0.0,0.0,0.0,0.0
nlp,2,agnews_3,0.10121684210526305,0.0,0.0,0.0,0.0,0.0,0.0,0.0,0.0,0.0,0.0,0.0,0.0,0.0,0.0,0.0,0.0,0.0,0.0,0.0,0.0,0.0,0.0,0.0,0.0,0.0,0.0,0.0,0.0,0.0,0.0,0.0
nlp,2,amazon,0.020077894736842072,0.0,0.020077894736842072,0.0,0.0201315789473685,0.0,0.020077894736842072,0.0,0.0201315789473685,0.0,0.0201315789473685,0.0,0.0201315789473685,0.0,0.0201315789473685,0.0,0.0201315789473685,0.0,0.0201315789473685,0.0,0.0201315789473685,0.0,0.0201315789473685,0.0,0.0201315789473685,0.0,0.020077894736842072,0.0,0.0201315789473685,0.0,0.0,0.0
nlp,2,imdb,0.006721052631579072,0.006721052631579072,0.015991578947368468,0.006721052631579072,0.006721052631579072,0.006721052631579072,0.015991578947368468,0.006721052631579072,0.006721052631579072,0.006721052631579072,0.006721052631579072,0.006721052631579072,0.006721052631579072,0.006721052631579072,0.006721052631579072,0.006721052631579072,0.006721052631579072,0.006721052631579072,0.006721052631579072,0.006721052631579072,0.006721052631579072,0.006721052631579072,0.015991578947368468,0.006721052631579072,0.006721052631579072,0.006721052631579072,0.006721052631579072,0.006721052631579072,0.006721052631579072,0.006721052631579072,0.006721052631579072,0.006721052631579072
nlp,2,yelp,0.05689473684210522,0.0,0.05689473684210522,0.0,0.0,0.0,0.0,0.0,0.0,0.0,0.0,0.0,0.0,0.0,0.0,0.0,0.0,0.0,0.0,0.0,0.0,0.0,0.0,0.0,0.0,0.0,0.0,0.0,0.0,0.0,0.0,0.0
nlp,3,20news_0,0.0,0.0,0.0,0.0,0.0,0.0,0.0,0.0,0.0,0.0,0.0,0.0,0.0,0.0,0.0,0.0,0.0,0.0,0.0,0.0,0.0,0.0,0.0,0.0,0.0,0.0,0.0,0.0,0.0,0.0,0.0,0.0
nlp,3,20news_1,0.0,0.0,0.0,0.0,0.0,0.0,0.0,0.0,0.0,0.0,0.0,0.0,0.0,0.0,0.0,0.0,0.0,0.0,0.0,0.0,0.0,0.0,0.0,0.0,0.0,0.0,0.0,0.0,0.0,0.0,0.0,0.0
nlp,3,20news_2,0.0,0.0,0.0,0.0,0.0,0.0,0.0,0.0,0.0,0.0,0.0,0.0,0.0,0.0,0.0,0.0,0.0,0.0,0.0,0.0,0.0,0.0,0.0,0.0,0.0,0.0,0.0,0.0,0.0,0.0,0.0,0.0
nlp,3,20news_3,0.017378917378917502,0.005698005698005826,0.017378917378917502,0.017378917378917502,0.017378917378917502,0.005698005698005826,0.017378917378917502,0.017378917378917502,0.017378917378917502,0.005698005698005826,0.017378917378917502,0.017378917378917502,0.017378917378917502,0.005698005698005826,0.017378917378917502,0.005698005698005826,0.017378917378917502,0.017378917378917502,0.017378917378917502,0.005698005698005826,0.017378917378917502,0.005698005698005826,0.017378917378917502,0.005698005698005826,0.017378917378917502,0.005698005698005826,0.017378917378917502,0.005698005698005826,0.017378917378917502,0.017378917378917502,0.017378917378917502,0.017378917378917502
nlp,3,20news_4,0.02144792876500201,0.0045296167247386165,0.02144792876500201,0.0045296167247386165,0.02144792876500201,0.0045296167247386165,0.02144792876500201,0.0045296167247386165,0.02144792876500201,0.0045296167247386165,0.02144792876500201,0.0045296167247386165,0.02144792876500201,0.0045296167247386165,0.02144792876500201,0.0045296167247386165,0.02144792876500201,0.0045296167247386165,0.02144792876500201,0.0045296167247386165,0.02144792876500201,0.0045296167247386165,0.02144792876500201,0.0045296167247386165,0.02144792876500201,0.0045296167247386165,0.02144792876500201,0.0045296167247386165,0.02144792876500201,0.0045296167247386165,0.02144792876500201,0.02144792876500201
nlp,3,20news_5,0.03622927180966096,0.006759192501802236,0.006759192501802236,0.006759192501802236,0.006759192501802236,0.006759192501802236,0.006759192501802236,0.006759192501802236,0.006759192501802236,0.006759192501802236,0.006759192501802236,0.006759192501802236,0.006759192501802236,0.006759192501802236,0.006759192501802236,0.006759192501802236,0.006759192501802236,0.006759192501802236,0.006759192501802236,0.006759192501802236,0.006759192501802236,0.006759192501802236,0.006759192501802236,0.006759192501802236,0.006759192501802236,0.006759192501802236,0.03622927180966096,0.006759192501802236,0.006759192501802236,0.006759192501802236,0.006759192501802236,0.006759192501802236
nlp,3,agnews_0,0.0,0.0,0.0881947368421051,0.0,0.0,0.0,0.0881947368421051,0.0,0.0,0.0,0.0,0.0,0.0,0.0,0.0,0.0,0.0881947368421051,0.0,0.0,0.0,0.0,0.0,0.0,0.0,0.0,0.0,0.0,0.0,0.0,0.0,0.0,0.0
nlp,3,agnews_1,0.21438210526315782,0.0,0.21438210526315782,0.0,0.0,0.0,0.21438210526315782,0.0,0.0,0.0,0.0,0.0,0.0,0.0,0.0,0.0,0.0,0.0,0.0,0.0,0.0,0.0,0.0,0.0,0.0,0.0,0.0,0.0,0.0,0.0,0.0,0.0
nlp,3,agnews_2,0.0,0.0,0.0877526315789473,0.0,0.0,0.0,0.0877526315789473,0.0,0.0,0.0,0.0,0.0,0.0,0.0,0.0,0.0,0.0877526315789473,0.0,0.0,0.0,0.0,0.0,0.0,0.0,0.0,0.0,0.0,0.0,0.0,0.0,0.0,0.0
nlp,3,agnews_3,0.0,0.0,0.0,0.0,0.0,0.0,0.0,0.0,0.0,0.0,0.0,0.0,0.0,0.0,0.0,0.0,0.0,0.0,0.0,0.0,0.0,0.0,0.0,0.0,0.0,0.0,0.0,0.0,0.0,0.0,0.0,0.0
nlp,3,amazon,0.021926315789473794,0.0,0.021926315789473794,0.0,0.021926315789473794,0.0,0.021926315789473794,0.0,0.021926315789473794,0.0,0.021926315789473794,0.0,0.021926315789473794,0.0,0.021926315789473794,0.0,0.021926315789473794,0.0,0.021926315789473794,0.0,0.021926315789473794,0.0,0.021926315789473794,0.0,0.021926315789473794,0.0,0.021926315789473794,0.0,0.021926315789473794,0.0,0.0,0.0
nlp,3,imdb,0.01589157894736848,0.0,0.01589157894736848,0.0,0.0,0.0,0.01589157894736848,0.0,0.0,0.0,0.0,0.0,0.0,0.0,0.0,0.0,0.01589157894736848,0.0,0.0,0.0,0.0,0.0,0.0,0.0,0.0,0.0,0.01589157894736848,0.0,0.0,0.0,0.0,0.0
nlp,3,yelp,0.0,0.0,0.0,0.0,0.0,0.0,0.0,0.0,0.0,0.0,0.0,0.0,0.0,0.0,0.0,0.0,0.0,0.0,0.0,0.0,0.0,0.0,0.0,0.0,0.0,0.0,0.0,0.0,0.0,0.0,0.0,0.0
nlp,4,20news_0,0.0,0.0,0.12470182878346159,0.0,0.0,0.0,0.12470182878346159,0.0,0.0,0.0,0.0,0.0,0.0,0.0,0.0,0.0,0.0,0.0,0.0,0.0,0.0,0.0,0.0,0.0,0.0,0.0,0.0,0.0,0.0,0.0,0.0,0.0
nlp,4,20news_1,0.0058577405857740406,0.0,0.0,0.0,0.0,0.0,0.0,0.0,0.0,0.0,0.0,0.0,0.0,0.0,0.0,0.0,0.0,0.0,0.0,0.0,0.0,0.0,0.0,0.0,0.0,0.0,0.0,0.0,0.0,0.0,0.0,0.0
nlp,4,20news_2,0.0,0.0,0.0,0.0,0.0,0.0,0.0,0.0,0.0,0.0,0.0,0.0,0.0,0.0,0.0,0.0,0.0,0.0,0.0,0.0,0.0,0.0,0.0,0.0,0.0,0.0,0.0,0.0,0.0,0.0,0.0,0.0
nlp,4,20news_3,0.035327635327635276,0.0,0.035327635327635276,0.0,0.035327635327635276,0.0,0.035327635327635276,0.0,0.035327635327635276,0.0,0.035327635327635276,0.0,0.035327635327635276,0.0,0.035327635327635276,0.0,0.035327635327635276,0.0,0.035327635327635276,0.0,0.035327635327635276,0.0,0.035327635327635276,0.0,0.035327635327635276,0.0,0.035327635327635276,0.0,0.035327635327635276,0.020227920227920193,0.035327635327635276,0.035327635327635276
nlp,4,20news_4,0.012891986062717908,0.0,0.012891986062717908,0.0,0.012891986062717908,0.0,0.012891986062717908,0.0,0.012891986062717908,0.0,0.012891986062717908,0.0,0.012891986062717908,0.0,0.012891986062717908,0.0,0.012891986062717908,0.0,0.012891986062717908,0.0,0.012891986062717908,0.0,0.012891986062717908,0.0,0.012891986062717908,0.0,0.012891986062717908,0.0,0.012891986062717908,0.0,0.012891986062717908,0.012891986062717908
nlp,4,20news_5,0.022936193222782952,0.0,0.022936193222782952,0.0,0.022936193222782952,0.0,0.022936193222782952,0.0,0.022936193222782952,0.0,0.022936193222782952,0.0,0.022936193222782952,0.0,0.022936193222782952,0.0,0.022936193222782952,0.0,0.022936193222782952,0.0,0.022936193222782952,0.0,0.022936193222782952,0.0,0.022936193222782952,0.0,0.022936193222782952,0.0,0.022936193222782952,0.022936193222782952,0.022936193222782952,0.022936193222782952
nlp,4,agnews_0,0.0,0.0,0.11341789473684216,0.0,0.0,0.0,0.08310000000000006,0.0,0.0,0.0,0.0,0.0,0.0,0.0,0.0,0.0,0.0,0.0,0.0,0.0,0.0,0.0,0.0,0.0,0.0,0.0,0.0,0.0,0.0,0.0,0.0,0.0
nlp,4,agnews_1,0.16087052631578946,0.16087052631578946,0.16087052631578946,0.0,0.0,0.0,0.16087052631578946,0.0,0.0,0.0,0.0,0.0,0.0,0.0,0.0,0.0,0.16087052631578946,0.0,0.0,0.0,0.0,0.0,0.16087052631578946,0.0,0.0,0.0,0.0,0.0,0.16087052631578946,0.0,0.0,0.0
nlp,4,agnews_2,0.0,0.0,0.0,0.0,0.0,0.0,0.0,0.0,0.0,0.0,0.0,0.0,0.0,0.0,0.0,0.0,0.0,0.0,0.0,0.0,0.0,0.0,0.0,0.0,0.0,0.0,0.0,0.0,0.0,0.0,0.0,0.0
nlp,4,agnews_3,0.0,0.0,0.15019684210526318,0.0,0.0,0.0,0.15019684210526318,0.0,0.0,0.0,0.0,0.0,0.0,0.0,0.0,0.0,0.15019684210526318,0.0,0.0,0.0,0.0,0.0,0.0,0.0,0.0,0.0,0.0,0.0,0.0,0.0,0.0,0.0
nlp,4,amazon,0.023382105263157982,0.0,0.023382105263157982,0.0,0.023382105263157982,0.0,0.023382105263157982,0.0,0.023382105263157982,0.0,0.023382105263157982,0.0,0.023382105263157982,0.0,0.023382105263157982,0.0,0.023382105263157982,0.0,0.023382105263157982,0.0,0.023382105263157982,0.0,0.023382105263157982,0.0,0.023382105263157982,0.0,0.023382105263157982,0.0,0.023382105263157982,0.0,0.023382105263157982,0.023382105263157982
nlp,4,imdb,0.010377894736842141,0.0,0.010377894736842141,0.0,0.0,0.0,0.010377894736842141,0.0,0.0,0.0,0.0,0.0,0.0,0.0,0.0,0.0,0.010377894736842141,0.0,0.0,0.0,0.0,0.0,0.0,0.0,0.0,0.0,0.0,0.0,0.0,0.0,0.0,0.0
nlp,4,yelp,0.058404210526315836,0.0,0.058404210526315836,0.0,0.002342105263158034,0.0,0.058404210526315836,0.0,0.002342105263158034,0.0,0.002342105263158034,0.0,0.002342105263158034,0.0,0.002342105263158034,0.0,0.058404210526315836,0.0,0.002342105263158034,0.0,0.002342105263158034,0.0,0.058404210526315836,0.0,0.002342105263158034,0.0,0.002342105263158034,0.0,0.002342105263158034,0.002342105263158034,0.002342105263158034,0.002342105263158034
ts,0,ts_amplitude,0.0,0.0,0.0,0.0,0.0,0.0,0.0,0.0,0.0,0.0,0.0,0.0,0.0,0.0,0.0,0.0,0.0,0.0,0.0,0.0,0.0,0.0,0.0,0.0,0.0,0.0,0.0,0.0,0.0,0.0,0.0,0.0
ts,0,ts_freq_shift,0.0026634382566586012,0.0026634382566586012,0.0026634382566586012,0.0026634382566586012,0.0026634382566586012,0.0026634382566586012,0.0026634382566586012,0.0026634382566586012,0.0026634382566586012,0.0026634382566586012,0.0026634382566586012,0.0026634382566586012,0.0026634382566586012,0.0026634382566586012,0.0026634382566586012,0.0026634382566586012,0.0026634382566586012,0.0026634382566586012,0.0026634382566586012,0.0026634382566586012,0.0026634382566586012,0.0026634382566586012,0.0026634382566586012,0.0004842615012106144,0.0026634382566586012,0.0026634382566586012,0.0026634382566586012,0.0026634382566586012,0.0026634382566586012,0.0026634382566586012,0.0026634382566586012,0.0026634382566586012
ts,0,ts_mixed,0.0,0.0,0.0,0.0,0.0,0.0,0.0,0.0,0.0,0.0,0.0,0.0,0.0,0.0,0.0,0.0,0.0,0.0,0.0,0.0,0.0,0.0,0.0,0.0,0.0,0.0,0.0,0.0,0.0,0.0,0.0,0.0
ts,0,ts_point_spikes_0,,0.0,0.0,0.0,0.0,0.0,0.0,0.0,0.0,0.0,0.0,0.0,0.0,0.0,0.0,0.0,0.0,0.0,0.0,0.0,0.0,0.0,0.0,0.0,0.0,0.0,0.0,0.0,0.0,0.0,0.0,0.0
ts,0,ts_point_spikes_1,0.0,0.0,0.0,0.0,0.0,0.0,0.0,0.0,0.0,0.0,0.0,0.0,0.0,0.0,0.0,0.0,0.0,0.0,0.0,0.0,0.0,0.0,0.0,0.0,0.0,0.0,0.0,0.0,0.0,0.0,0.0,0.0
ts,0,ts_point_spikes_2,,0.0,0.0,0.0,0.0,0.0,0.0,0.0,0.0,0.0,0.0,0.0,0.0,0.0,0.0,0.0,0.0,0.0,0.0,0.0,0.0,0.0,0.0,0.0,0.0,0.0,0.0,0.0,0.0,0.0,0.0,0.0
ts,0,ts_point_spikes_3,0.0,0.0,0.0,0.0,0.0,0.0,0.0,0.0,0.0,0.0,0.0,0.0,0.0,0.0,0.0,0.0,0.0,0.0,0.0,0.0,0.0,0.0,0.0,0.0,0.0,0.0,0.0,0.0,0.0,0.0,0.0,0.0
ts,0,ts_subseq_0,0.010622562861368867,0.001344628210299903,0.010622562861368867,0.001344628210299903,0.010622562861368867,0.001344628210299903,0.010622562861368867,0.001344628210299903,0.010622562861368867,0.001344628210299903,0.010622562861368867,0.00457173591501947,0.010622562861368867,0.001344628210299903,0.010622562861368867,0.001344628210299903,0.010622562861368867,0.001344628210299903,0.010622562861368867,0.001344628210299903,0.010622562861368867,0.001344628210299903,0.010622562861368867,0.001344628210299903,0.010622562861368867,0.001344628210299903,0.010622562861368867,0.001344628210299903,0.010622562861368867,0.001344628210299903,0.001344628210299903,0.001344628210299903
ts,0,ts_subseq_1,0.004049844236760136,0.004049844236760136,0.004049844236760136,0.004049844236760136,0.004049844236760136,0.004049844236760136,0.004049844236760136,0.004049844236760136,0.004049844236760136,0.004049844236760136,0.006957424714434168,0.004049844236760136,0.006957424714434168,0.004049844236760136,0.006957424714434168,0.004049844236760136,0.004049844236760136,0.004049844236760136,0.006957424714434168,0.004049844236760136,0.006957424714434168,0.004049844236760136,0.006957424714434168,0.004049844236760136,0.004049844236760136,0.004049844236760136,0.004049844236760136,0.0,0.006957424714434168,0.004049844236760136,0.004049844236760136,0.004049844236760136
ts,0,ts_trend,0.024482109227871973,0.0030602636534839966,0.0030602636534839966,0.0,0.0030602636534839966,0.0,0.0030602636534839966,0.0,0.0030602636534839966,0.0,0.0030602636534839966,0.0,0.0030602636534839966,0.0,0.0030602636534839966,0.0,0.0030602636534839966,0.0,0.0030602636534839966,0.0,0.0030602636534839966,0.0,0.0030602636534839966,0.0,0.0030602636534839966,0.0,0.0030602636534839966,0.0,0.0030602636534839966,0.0030602636534839966,0.0030602636534839966,0.0030602636534839966
ts,1,ts_amplitude,0.0,0.0,0.0,0.0,0.0,0.0,0.0,0.0,0.0,0.0,0.0,0.0,0.0,0.0,0.0,0.0,0.0,0.0,0.0,0.0,0.0,0.0,0.0,0.0,0.0,0.0,0.0,0.0,0.0,0.0,0.0,0.0
ts,1,ts_freq_shift,0.001210653753026647,0.001210653753026647,0.001210653753026647,0.001210653753026647,0.001210653753026647,0.001210653753026647,0.001210653753026647,0.001210653753026647,0.001210653753026647,0.001210653753026647,0.001210653753026647,0.0007263922518159216,0.004358353510895863,0.001210653753026647,,0.001210653753026647,0.001210653753026647,0.001210653753026647,0.001210653753026647,0.001210653753026647,,0.001210653753026647,0.001210653753026647,0.001210653753026647,0.001210653753026647,0.001210653753026647,0.001210653753026647,0.001210653753026647,0.001210653753026647,0.001210653753026647,,
ts,1,ts_mixed,0.0,0.0,0.0,0.0,0.0,0.0,0.0,0.0,0.0,0.0,0.0,0.0,0.0,0.0,0.0,0.0,0.0,0.0,0.0,0.0,0.0,0.0,0.0,0.0,0.0,0.0,0.0,0.0,0.0,0.0,0.0,0.0
ts,1,ts_point_spikes_0,0.0,0.0,0.0,0.0,0.0,0.0,0.0,0.0,0.0,0.0,0.0,0.0,0.0,0.0,0.0,0.0,0.0,0.0,0.0,0.0,0.0,0.0,0.0,0.0,0.0,0.0,0.0,0.0,0.0,0.0,0.0,0.0
ts,1,ts_point_spikes_1,0.0,0.0,0.0,0.0,0.0,0.0,0.0,0.0,0.0,0.0,0.0,0.0,0.0,0.0,0.0,0.0,0.0,0.0,0.0,0.0,0.0,0.0,0.0,0.0,0.0,0.0,0.0,0.0,0.0,0.0,0.0,0.0
ts,1,ts_point_spikes_2,0.0,0.0,0.0,0.0,0.0,0.0,0.0,0.0,0.0,0.0,0.0,0.0,0.0,0.0,0.0,0.0,0.0,0.0,0.0,0.0,0.0,0.0,0.0,0.0,0.0,0.0,0.0,0.0,0.0,0.0,0.0,0.0
ts,1,ts_point_spikes_3,0.0,0.0,0.0,0.0,0.0,0.0,0.0,0.0,0.0,0.0,0.0,0.0,0.0,0.0,0.0,0.0,0.0,0.0,0.0,0.0,0.0,0.0,0.0,0.0,0.0,0.0,0.0,0.0,0.0,0.0,0.0,0.0
ts,1,ts_subseq_0,0.010891488503428803,0.007126529514589142,0.010891488503428803,0.006723141051499182,0.010891488503428803,0.006723141051499182,0.010891488503428803,0.006723141051499182,0.010891488503428803,0.006723141051499182,0.010891488503428803,0.006723141051499182,0.006723141051499182,0.006723141051499182,0.006723141051499182,0.006723141051499182,0.010891488503428803,0.006723141051499182,0.010891488503428803,0.006723141051499182,0.006723141051499182,0.006723141051499182,0.006723141051499182,0.006723141051499182,0.010891488503428803,0.006723141051499182,0.010891488503428803,0.006723141051499182,0.010891488503428803,0.006723141051499182,0.006723141051499182,0.006723141051499182
ts,1,ts_subseq_1,0.005503634475597208,0.005503634475597208,0.005503634475597208,0.005503634475597208,0.005503634475597208,0.005503634475597208,0.005503634475597208,0.005503634475597208,0.009241952232606487,0.005503634475597208,0.005503634475597208,0.005503634475597208,0.009241952232606487,0.005503634475597208,0.009241952232606487,0.005503634475597208,0.005503634475597208,0.005503634475597208,0.009241952232606487,0.005503634475597208,0.009241952232606487,0.005503634475597208,0.009241952232606487,0.005503634475597208,0.005503634475597208,0.005503634475597208,0.005503634475597208,0.005503634475597208,0.009241952232606487,0.005503634475597208,0.005503634475597208,0.005503634475597208
ts,1,ts_trend,0.007062146892655385,0.007062146892655385,0.007062146892655385,0.007062146892655385,0.007062146892655385,0.007062146892655385,0.007062146892655385,0.007062146892655385,0.007062146892655385,0.007062146892655385,0.007062146892655385,0.007062146892655385,0.007062146892655385,0.0,0.007062146892655385,0.0,0.007062146892655385,0.007062146892655385,0.007062146892655385,0.007062146892655385,0.007062146892655385,0.0,0.007062146892655385,0.007062146892655385,0.007062146892655385,0.007062146892655385,0.007062146892655385,0.007062146892655385,0.007062146892655385,0.007062146892655385,0.007062146892655385,0.007062146892655385
ts,2,ts_amplitude,0.0,0.0,0.0,0.0,0.0,0.0,0.0,0.0,0.0,0.0,0.0,0.0,,0.0,,0.0,0.0,0.0,0.0,0.0,,0.0,0.0,0.0,0.0,0.0,0.0,0.0,0.0,0.0,0.0,0.0
ts,2,ts_freq_shift,0.001210653753026647,0.001210653753026647,0.001210653753026647,0.001210653753026647,0.001210653753026647,0.001210653753026647,0.001210653753026647,0.001210653753026647,0.001210653753026647,0.001210653753026647,0.001210653753026647,0.001210653753026647,0.001210653753026647,0.001210653753026647,0.001210653753026647,0.001210653753026647,0.001210653753026647,0.001210653753026647,0.001210653753026647,0.001210653753026647,0.001210653753026647,0.001210653753026647,0.001210653753026647,0.001210653753026647,0.001210653753026647,0.001210653753026647,0.001210653753026647,0.001210653753026647,0.001210653753026647,0.001210653753026647,0.001210653753026647,0.001210653753026647
ts,2,ts_mixed,0.0,0.0,0.0,0.0,0.0,0.0,0.0,0.0,0.0,0.0,0.0,0.0,0.0,0.0,0.0,0.0,0.0,0.0,0.0,0.0,0.0,0.0,0.0,0.0,0.0,0.0,0.0,0.0,0.0,0.0,0.0,0.0
ts,2,ts_point_spikes_0,,0.0,0.0,0.0,0.0,0.0,0.0,0.0,0.0,0.0,0.0,0.0,0.0,0.0,,0.0,0.0,0.0,0.0,0.0,,0.0,0.0,0.0,0.0,0.0,0.0,0.0,0.0,0.0,0.0,0.0
ts,2,ts_point_spikes_1,,0.0,0.0,0.0,0.0,0.0,0.0,0.0,0.0,0.0,0.0,0.0,0.0,0.0,0.0,0.0,0.0,0.0,0.0,0.0,0.0,0.0,0.0,0.0,0.0,0.0,0.0,0.0,0.0,0.0,0.0,0.0
ts,2,ts_point_spikes_2,0.0,0.0,0.0,0.0,0.0,0.0,0.0,0.0,0.0,0.0,0.0,0.0,0.0,0.0,0.0,0.0,0.0,0.0,0.0,0.0,0.0,0.0,0.0,0.0,0.0,0.0,0.0,0.0,0.0,0.0,0.0,0.0
ts,2,ts_point_spikes_3,0.0,0.0,0.0,0.0,0.0,0.0,0.0,0.0,0.0,0.0,0.0,0.0,0.0,0.0,0.0,0.0,0.0,0.0,0.0,0.0,0.0,0.0,0.0,0.0,0.0,0.0,0.0,0.0,0.0,0.0,0.0,0.0
ts,2,ts_subseq_0,0.011429339787548787,0.006319752588409333,0.011429339787548787,0.005647438483259326,0.011429339787548787,0.005647438483259326,0.011429339787548787,0.005647438483259326,0.011429339787548787,0.005647438483259326,0.011429339787548787,0.005647438483259326,0.005647438483259326,0.005647438483259326,0.005647438483259326,0.005647438483259326,0.011429339787548787,0.005647438483259326,0.011429339787548787,0.005647438483259326,0.005647438483259326,0.005647438483259326,0.011429339787548787,0.005647438483259326,0.011429339787548787,0.005647438483259326,0.011429339787548787,0.005647438483259326,0.011429339787548787,0.005647438483259326,0.005647438483259326,0.005647438483259326
ts,2,ts_subseq_1,0.00602284527518171,0.00602284527518171,0.00602284527518171,0.00602284527518171,0.009968847352024968,0.00602284527518171,0.00602284527518171,0.00602284527518171,0.009968847352024968,0.00602284527518171,0.00602284527518171,0.00602284527518171,0.009968847352024968,0.00602284527518171,0.009968847352024968,0.00602284527518171,0.009968847352024968,0.00602284527518171,0.009968847352024968,0.00602284527518171,0.009968847352024968,0.00602284527518171,0.009968847352024968,0.00602284527518171,0.00602284527518171,0.00602284527518171,0.00602284527518171,0.00602284527518171,0.009968847352024968,0.009968847352024968,0.009968847352024968,0.009968847352024968
ts,2,ts_trend,0.0,0.0,0.0,0.0,0.0,0.0,0.0,0.0,0.0,0.0,0.0,0.0,0.0,0.0,0.0,0.0,0.0,0.0,0.0,0.0,0.0,0.0,0.0,0.0,0.0,0.0,0.0,0.0,0.0,0.0,0.0,0.0
ts,3,ts_amplitude,0.0,0.0,0.0,0.0,0.0,0.0,0.0,0.0,0.0,0.0,0.0,0.0,0.0,0.0,0.0,0.0,0.0,0.0,0.0,0.0,0.0,0.0,0.0,0.0,0.0,0.0,0.0,0.0,0.0,0.0,0.0,0.0
ts,3,ts_freq_shift,0.00024213075060541822,0.00024213075060541822,0.00024213075060541822,0.00024213075060541822,0.00024213075060541822,0.00024213075060541822,0.00024213075060541822,0.00024213075060541822,0.00024213075060541822,0.00024213075060541822,0.00024213075060541822,0.00024213075060541822,0.00024213075060541822,0.00024213075060541822,0.00024213075060541822,0.00024213075060541822,0.00024213075060541822,0.00024213075060541822,0.00024213075060541822,0.00024213075060541822,0.00024213075060541822,0.00024213075060541822,0.00024213075060541822,0.00024213075060541822,0.00024213075060541822,0.00024213075060541822,0.00024213075060541822,0.00024213075060541822,0.00024213075060541822,0.00024213075060541822,0.00024213075060541822,0.00024213075060541822
ts,3,ts_mixed,0.0,0.0,0.0,0.0,0.0,0.0,0.0,0.0,0.0,0.0,0.0,0.0,0.0,0.0,0.0,0.0,0.0,0.0,0.0,0.0,0.0,0.0,0.0,0.0,0.0,0.0,0.0,0.0,0.0,0.0,0.0,0.0
ts,3,ts_point_spikes_0,0.0,0.0,0.0,0.0,0.0,0.0,0.0,0.0,0.0,0.0,0.0,0.0,0.0,0.0,0.0,0.0,0.0,0.0,0.0,0.0,0.0,0.0,0.0,0.0,0.0,0.0,0.0,0.0,0.0,0.0,0.0,0.0
ts,3,ts_point_spikes_1,0.0,0.0,0.0,0.0,0.0,0.0,0.0,0.0,0.0,0.0,0.0,0.0,0.0,0.0,0.0,0.0,0.0,0.0,0.0,0.0,0.0,0.0,,0.0,0.0,0.0,0.0,0.0,0.0,0.0,0.0,0.0
ts,3,ts_point_spikes_2,0.0,0.0,0.0,0.0,0.0,0.0,0.0,0.0,0.0,0.0,0.0,0.0,0.0,0.0,0.0,0.0,0.0,0.0,0.0,0.0,0.0,0.0,0.0,0.0,0.0,0.0,0.0,0.0,0.0,0.0,0.0,0.0
ts,3,ts_point_spikes_3,0.0,0.0,0.0,0.0,0.0,0.0,0.0,0.0,0.0,0.0,0.0,0.0,0.0,0.0,0.0,0.0,0.0,0.0,0.0,0.0,0.0,0.0,0.0,0.0,0.0,0.0,0.0,0.0,0.0,0.0,0.0,0.0
ts,3,ts_subseq_0,0.0095468602931289,0.002958182062659631,0.0095468602931289,0.002958182062659631,0.002958182062659631,0.002958182062659631,0.0095468602931289,0.002958182062659631,0.002958182062659631,0.002958182062659631,0.01035363721930882,0.002958182062659631,0.002958182062659631,0.002958182062659631,0.002958182062659631,0.002958182062659631,0.0095468602931289,0.002958182062659631,0.002958182062659631,0.002958182062659631,0.002958182062659631,0.002958182062659631,0.002958182062659631,0.002958182062659631,0.0095468602931289,0.002958182062659631,0.0095468602931289,0.002958182062659631,0.002958182062659631,0.002958182062659631,0.002958182062659631,0.002958182062659631
ts,3,ts_subseq_1,0.004465212876427982,0.0009345794392523477,0.004465212876427982,0.004465212876427982,0.004465212876427982,0.004465212876427982,0.004465212876427982,0.004465212876427982,0.004465212876427982,0.004465212876427982,0.010072689511941957,0.004465212876427982,0.010072689511941957,0.004465212876427982,0.010072689511941957,0.004465212876427982,0.010072689511941957,0.004465212876427982,0.010072689511941957,0.004465212876427982,0.010072689511941957,0.004465212876427982,0.010072689511941957,0.004465212876427982,0.004465212876427982,0.004465212876427982,0.004465212876427982,0.004465212876427982,0.010072689511941957,0.004465212876427982,0.004465212876427982,0.004465212876427982
ts,3,ts_trend,0.005178907721280712,0.0,0.005178907721280712,0.0,0.005178907721280712,0.0,0.005178907721280712,0.0,0.005178907721280712,0.0,0.005178907721280712,0.0,0.005178907721280712,0.0,0.005178907721280712,0.0,0.005178907721280712,0.0,0.005178907721280712,0.0,0.005178907721280712,0.0,0.005178907721280712,0.0,0.005178907721280712,0.0,0.005178907721280712,0.0,0.005178907721280712,0.0,0.0,0.0
ts,4,ts_amplitude,0.0,0.0,0.0,0.0,0.0,0.0,0.0,0.0,0.0,0.0,0.0,0.0,0.0,0.0,0.0,0.0,0.0,0.0,0.0,0.0,0.0,0.0,0.0,0.0,0.0,0.0,0.0,0.0,0.0,0.0,0.0,0.0
ts,4,ts_freq_shift,0.0004842615012106144,0.0004842615012106144,0.0004842615012106144,0.0004842615012106144,0.0004842615012106144,0.0004842615012106144,0.0004842615012106144,0.0004842615012106144,0.0004842615012106144,0.0004842615012106144,0.0004842615012106144,0.0004842615012106144,0.0004842615012106144,0.0004842615012106144,0.0004842615012106144,0.0004842615012106144,0.0004842615012106144,0.0004842615012106144,0.0004842615012106144,0.0004842615012106144,0.0004842615012106144,0.0004842615012106144,0.0004842615012106144,0.0004842615012106144,0.0004842615012106144,0.0004842615012106144,0.0004842615012106144,0.0004842615012106144,0.0004842615012106144,0.0004842615012106144,0.0004842615012106144,0.0004842615012106144
ts,4,ts_mixed,0.0,0.0,0.0,0.0,0.0,0.0,0.0,0.0,0.0,0.0,0.0,0.0,0.0,0.0,0.0,0.0,0.0,0.0,0.0,0.0,0.0,0.0,0.0,0.0,0.0,0.0,0.0,0.0,0.0,0.0,0.0,0.0
ts,4,ts_point_spikes_0,0.0,0.0,0.0,0.0,0.0,0.0,0.0,0.0,0.0,0.0,0.0,0.0,0.0,0.0,0.0,0.0,0.0,0.0,0.0,0.0,0.0,0.0,0.0,0.0,0.0,0.0,0.0,0.0,0.0,0.0,0.0,0.0
ts,4,ts_point_spikes_1,,0.0,0.0,0.0,0.0,0.0,0.0,0.0,0.0,0.0,0.0,0.0,0.0,0.0,0.0,0.0,0.0,0.0,0.0,0.0,0.0,0.0,0.0,0.0,0.0,0.0,0.0,0.0,0.0,0.0,0.0,0.0
ts,4,ts_point_spikes_2,0.0,0.0,0.0,0.0,0.0,0.0,0.0,0.0,0.0,0.0,0.0,0.0,0.0,0.0,0.0,0.0,0.0,0.0,0.0,0.0,0.0,0.0,0.0,0.0,0.0,0.0,0.0,0.0,0.0,0.0,0.0,0.0
ts,4,ts_point_spikes_3,0.0,0.0,0.0,0.0,0.0,0.0,0.0,0.0,0.0,0.0,0.0,0.0,0.0,0.0,0.0,0.0,0.0,0.0,0.0,0.0,0.0,0.0,0.0,0.0,0.0,0.0,0.0,0.0,0.0,0.0,0.0,0.0
ts,4,ts_subseq_0,0.008067769261799085,0.0,0.008067769261799085,0.0,0.008067769261799085,0.0,0.008067769261799085,0.0,0.008067769261799085,0.0,0.008067769261799085,0.0,0.008067769261799085,0.0,0.008067769261799085,0.0,0.008067769261799085,0.0,0.008067769261799085,0.0,0.008067769261799085,0.0,0.008067769261799085,0.0,0.008067769261799085,0.0,0.008067769261799085,0.0,0.008067769261799085,0.0,0.0,0.0
ts,4,ts_subseq_1,0.003842159916926269,0.0,0.003842159916926269,0.003842159916926269,0.00830737279335414,0.003842159916926269,0.003842159916926269,0.003842159916926269,0.00830737279335414,0.003842159916926269,0.003842159916926269,0.003842159916926269,0.00830737279335414,0.0,0.00830737279335414,0.0,0.00830737279335414,0.003842159916926269,0.00830737279335414,0.003842159916926269,0.0,0.0,0.00830737279335414,0.0,0.003842159916926269,0.0,0.003842159916926269,0.0,0.00830737279335414,0.0,0.0,0.0
ts,4,ts_trend,,0.0,0.0,0.0,0.0,0.0,0.0,0.0,0.0,0.0,0.0,0.0,0.0,0.0,0.0,0.0,0.0,0.0,0.0,0.0,0.0,0.0,0.0,0.0,0.0,0.0,0.0,0.0,0.0,0.0,0.0,0.0
dami,0,Annthyroid,0.09234523941358375,0.09234523941358375,0.09234523941358375,0.09234523941358375,0.09234523941358375,0.09234523941358375,0.09234523941358375,0.09234523941358375,0.09234523941358375,0.09234523941358375,0.09234523941358375,0.09234523941358375,0.09234523941358375,0.09234523941358375,0.09234523941358375,0.09234523941358375,0.09234523941358375,0.09234523941358375,0.09234523941358375,0.09234523941358375,0.09234523941358375,0.09234523941358375,0.09234523941358375,0.09234523941358375,0.09234523941358375,0.09234523941358375,0.09234523941358375,0.09234523941358375,0.09234523941358375,0.09234523941358375,0.09234523941358375,0.09234523941358375
dami,0,Cardiotocography,0.024535050071530784,0.0,0.0,0.0,0.0,0.0,0.0,0.0,0.0,0.0,0.0,0.0,0.0,0.0,0.0,0.0,0.0,0.0,0.0,0.0,0.0,0.0,0.0,0.0,0.0,0.0,0.0,0.0,0.0,0.0,0.0,0.0
dami,0,InternetAds,0.0830120584239129,0.0830120584239129,0.0830120584239129,0.0,0.0830120584239129,0.0,0.0830120584239129,0.0,0.0830120584239129,0.0,0.0830120584239129,0.0,0.0830120584239129,0.0,0.0830120584239129,0.0,0.0830120584239129,0.0,0.0830120584239129,0.0,0.0830120584239129,0.0,0.0,0.0,0.0830120584239129,0.0,0.0,0.0,0.0830120584239129,0.0,0.0,0.0
dami,0,PageBlocks,0.0039215686274508554,0.0039215686274508554,0.0039215686274508554,0.0039215686274508554,0.0039215686274508554,0.0039215686274508554,0.0039215686274508554,0.0039215686274508554,0.0039215686274508554,0.0039215686274508554,0.0039215686274508554,0.0039215686274508554,0.0039215686274508554,0.0039215686274508554,0.0039215686274508554,0.0039215686274508554,0.0039215686274508554,0.0039215686274508554,0.0039215686274508554,0.0039215686274508554,0.0039215686274508554,0.0039215686274508554,0.0039215686274508554,0.0039215686274508554,0.0039215686274508554,0.0039215686274508554,0.0039215686274508554,0.0039215686274508554,0.0039215686274508554,0.0039215686274508554,0.0039215686274508554,0.0039215686274508554
dami,0,Pima,0.07574626865671641,0.0,0.07574626865671641,0.0,0.07574626865671641,0.0,0.07574626865671641,0.0,0.07574626865671641,0.0,0.07574626865671641,0.0,0.07574626865671641,0.0,0.07574626865671641,0.0,0.07574626865671641,0.0,0.07574626865671641,0.0,0.07574626865671641,0.0,0.07574626865671641,0.0,0.07574626865671641,0.0,0.07574626865671641,0.0,0.07574626865671641,0.0,0.07574626865671641,0.07574626865671641
dami,0,Stamps,0.03537981269510926,0.0015608740894901274,0.03537981269510926,0.0015608740894901274,0.03537981269510926,0.0015608740894901274,0.03537981269510926,0.0015608740894901274,0.03537981269510926,0.0015608740894901274,0.03537981269510926,0.0015608740894901274,0.03537981269510926,0.0015608740894901274,0.03537981269510926,0.0015608740894901274,0.03537981269510926,0.0015608740894901274,0.03537981269510926,0.0015608740894901274,0.03537981269510926,0.0015608740894901274,0.03537981269510926,0.0015608740894901274,0.03537981269510926,0.0015608740894901274,0.03537981269510926,0.0015608740894901274,0.03537981269510926,0.0015608740894901274,0.03537981269510926,0.03537981269510926
dami,0,WBC,0.0,0.0,0.0,0.0,0.0,0.0,0.018604651162790753,0.0,0.0,0.0,0.0,0.0,0.0,0.0,0.0,0.0,0.0,0.0,0.0,0.0,0.0,0.0,0.0,0.0,0.0,0.0,0.0,0.0,0.0,0.0,0.0,0.0
dami,0,WDBC,0.04999999999999993,0.04861111111111105,0.04999999999999993,0.04861111111111105,0.04999999999999993,0.04861111111111105,0.04999999999999993,0.04861111111111105,0.04999999999999993,0.04861111111111105,0.04999999999999993,0.04861111111111105,0.04999999999999993,0.04861111111111105,0.04999999999999993,0.04861111111111105,0.04999999999999993,0.04861111111111105,0.04999999999999993,0.04861111111111105,0.04999999999999993,0.04861111111111105,0.04999999999999993,0.04861111111111105,0.04999999999999993,0.04861111111111105,0.04999999999999993,0.04861111111111105,0.04999999999999993,0.04861111111111105,0.04999999999999993,0.04999999999999993
dami,0,Waveform,0.046816143497757756,0.02101644245141998,0.046816143497757756,0.0,0.046816143497757756,0.0,0.046816143497757756,0.0,0.046816143497757756,0.0,0.0,0.0,0.046816143497757756,0.0,0.046816143497757756,0.02101644245141998,0.0,0.0,0.0,0.0,0.046816143497757756,0.02101644245141998,0.0,0.0,0.046816143497757756,0.0,0.0,0.0,0.0,0.0,0.0,0.0
dami,0,Wilt,0.0,0.0,0.0,0.0,0.0,0.0,0.0,0.0,0.0,0.0,0.0,0.0,0.0,0.0,0.0,0.0,0.0,0.0,0.0,0.0,0.0,0.0,0.0,0.0,0.0,0.0,0.0,0.0,0.0,0.0,0.0,0.0
dami,1,Annthyroid,0.0871886828348567,0.0871886828348567,0.0871886828348567,0.0871886828348567,0.0871886828348567,0.0871886828348567,0.0871886828348567,0.0871886828348567,0.0871886828348567,0.0871886828348567,0.0871886828348567,0.0,0.15056449529066684,0.0871886828348567,0.15056449529066684,0.0871886828348567,0.0871886828348567,0.0871886828348567,0.0871886828348567,0.0871886828348567,0.15056449529066684,0.0871886828348567,0.0871886828348567,0.0871886828348567,0.0871886828348567,0.0871886828348567,0.0871886828348567,0.0871886828348567,0.0871886828348567,0.0871886828348567,0.0871886828348567,0.0871886828348567
dami,1,Cardiotocography,0.0036090518923136417,0.0,0.0036090518923136417,0.0,0.0036090518923136417,0.0,0.0036090518923136417,0.0,0.0036090518923136417,0.0,0.0036090518923136417,0.0,0.0036090518923136417,0.0,0.0036090518923136417,0.0,0.0036090518923136417,0.0,0.0036090518923136417,0.0,0.0036090518923136417,0.0,0.0036090518923136417,0.0,0.0036090518923136417,0.0,0.0036090518923136417,0.0,0.0036090518923136417,0.0,0.0036090518923136417,0.0036090518923136417
dami,1,InternetAds,0.10028872282608692,0.07682150135869559,0.10028872282608692,0.07682150135869559,0.10028872282608692,0.07682150135869559,0.10028872282608692,0.07682150135869559,0.10028872282608692,0.10028872282608692,0.10028872282608692,0.10028872282608692,0.10028872282608692,0.10028872282608692,0.10028872282608692,0.10028872282608692,0.10028872282608692,0.0,0.10028872282608692,0.07682150135869559,0.10028872282608692,0.10028872282608692,0.10028872282608692,0.0,0.10028872282608692,0.07682150135869559,0.10028872282608692,0.0,0.10028872282608692,0.07682150135869559,0.07682150135869559,0.07682150135869559
dami,1,PageBlocks,0.0057820057398598745,0.0057820057398598745,0.0057820057398598745,0.0057820057398598745,0.0057820057398598745,0.0057820057398598745,0.0057820057398598745,0.0057820057398598745,0.0057820057398598745,0.0057820057398598745,0.0057820057398598745,0.0057820057398598745,0.0057820057398598745,0.0057820057398598745,0.0057820057398598745,0.0057820057398598745,0.0057820057398598745,0.0057820057398598745,0.0057820057398598745,0.0057820057398598745,0.0057820057398598745,0.0057820057398598745,0.0057820057398598745,0.0057820057398598745,0.0057820057398598745,0.0057820057398598745,0.0057820057398598745,0.0057820057398598745,0.0057820057398598745,0.0057820057398598745,0.0057820057398598745,0.0057820057398598745
dami,1,Pima,0.061679104477611935,0.0,0.061679104477611935,0.0,0.061679104477611935,0.0,0.061679104477611935,0.0,0.061679104477611935,0.0,0.061679104477611935,0.0,0.061679104477611935,0.0,0.061679104477611935,0.0,0.061679104477611935,0.0,0.061679104477611935,0.0,0.061679104477611935,0.0,0.061679104477611935,0.0,0.061679104477611935,0.0,0.061679104477611935,0.0,0.061679104477611935,0.0,0.0,0.0
dami,1,Stamps,0.031217481789802326,0.01144640998959423,0.031217481789802326,0.01144640998959423,0.031217481789802326,0.01144640998959423,0.031217481789802326,0.01144640998959423,0.031217481789802326,0.01144640998959423,0.031217481789802326,0.01144640998959423,0.031217481789802326,0.01144640998959423,0.031217481789802326,0.01144640998959423,0.031217481789802326,0.01144640998959423,0.031217481789802326,0.01144640998959423,0.031217481789802326,0.01144640998959423,0.031217481789802326,0.01144640998959423,0.031217481789802326,0.01144640998959423,0.031217481789802326,0.01144640998959423,0.031217481789802326,0.01144640998959423,0.031217481789802326,0.031217481789802326
dami,1,WBC,1.1102230246251565e-16,1.1102230246251565e-16,1.1102230246251565e-16,1.1102230246251565e-16,1.1102230246251565e-16,1.1102230246251565e-16,1.1102230246251565e-16,1.1102230246251565e-16,1.1102230246251565e-16,1.1102230246251565e-16,1.1102230246251565e-16,1.1102230246251565e-16,1.1102230246251565e-16,1.1102230246251565e-16,1.1102230246251565e-16,1.1102230246251565e-16,1.1102230246251565e-16,1.1102230246251565e-16,1.1102230246251565e-16,1.1102230246251565e-16,1.1102230246251565e-16,1.1102230246251565e-16,1.1102230246251565e-16,1.1102230246251565e-16,1.1102230246251565e-16,1.1102230246251565e-16,1.1102230246251565e-16,1.1102230246251565e-16,1.1102230246251565e-16,1.1102230246251565e-16,1.1102230246251565e-16,1.1102230246251565e-16
dami,1,WDBC,0.06666666666666665,0.03749999999999998,0.06666666666666665,0.03749999999999998,0.06666666666666665,0.03749999999999998,0.06666666666666665,0.03749999999999998,0.06666666666666665,0.03749999999999998,0.06666666666666665,0.03749999999999998,0.06666666666666665,0.03749999999999998,0.06666666666666665,0.03749999999999998,0.06666666666666665,0.03749999999999998,0.06666666666666665,0.03749999999999998,0.06666666666666665,0.03749999999999998,0.06666666666666665,0.03749999999999998,0.06666666666666665,0.03749999999999998,0.06666666666666665,0.03749999999999998,0.06666666666666665,0.03749999999999998,0.03749999999999998,0.03749999999999998
dami,1,Waveform,0.0,0.0,0.0,0.0,0.0,0.0,0.0,0.0,0.0,0.0,0.0,0.0,0.0,0.0,0.0,0.0,0.0,0.0,0.0,0.0,0.0,0.0,0.0,0.0,0.0,0.0,0.0,0.0,0.0,0.0,0.0,0.0
dami,1,Wilt,0.0,0.0,0.0,0.0,0.0,0.0,0.0,0.0,0.0,0.0,0.0,0.0,0.0,0.0,0.0,0.0,0.0,0.0,0.0,0.0,0.0,0.0,0.0,0.0,0.0,0.0,0.0,0.0,0.0,0.0,0.0,0.0
dami,2,Annthyroid,0.09861559517623453,0.09861559517623453,0.09861559517623453,0.09861559517623453,0.09861559517623453,0.09861559517623453,0.09861559517623453,0.09861559517623453,0.09861559517623453,0.09861559517623453,0.09861559517623453,0.09861559517623453,0.09861559517623453,0.07851325910844953,0.09861559517623453,0.07851325910844953,0.09861559517623453,0.09861559517623453,0.09861559517623453,0.09861559517623453,0.09861559517623453,0.07851325910844953,0.09861559517623453,0.09861559517623453,0.09861559517623453,0.09861559517623453,0.09861559517623453,0.09861559517623453,0.09861559517623453,0.09861559517623453,0.09861559517623453,0.09861559517623453
dami,2,Cardiotocography,0.0,0.0,0.0,0.0,0.0,0.0,0.0,0.0,0.0,0.0,0.0,0.0,0.0,0.0,0.0,0.0,0.0,0.0,0.0,0.0,0.0,0.0,0.0,0.0,0.0,0.0,0.0,0.0,0.0,0.0,0.0,0.0
dami,2,InternetAds,0.10257302989130446,0.0,0.10257302989130446,0.0,0.10257302989130446,0.0,0.10257302989130446,0.0,0.10257302989130446,0.0,0.10257302989130446,0.0,0.0,0.0,0.0,0.0,0.10257302989130446,0.0,0.10257302989130446,0.0,0.0,0.0,0.0,0.0,0.10257302989130446,0.0,0.10257302989130446,0.0,0.10257302989130446,0.0,0.0,0.0
dami,2,PageBlocks,0.013422441648102357,0.009035262006542588,0.009035262006542588,0.009035262006542588,0.013422441648102357,0.009035262006542588,0.009035262006542588,0.009035262006542588,0.013422441648102357,0.009035262006542588,0.013422441648102357,0.009035262006542588,0.013422441648102357,0.009035262006542588,0.013422441648102357,0.009035262006542588,0.013422441648102357,0.009035262006542588,0.013422441648102357,0.009035262006542588,0.013422441648102357,0.009035262006542588,0.013422441648102357,0.009035262006542588,0.013422441648102357,0.009035262006542588,0.013422441648102357,0.009035262006542588,0.013422441648102357,0.009035262006542588,0.009035262006542588,0.009035262006542588
dami,2,Pima,0.06701492537313436,0.004589552238805972,0.06701492537313436,0.004589552238805972,0.06701492537313436,0.004589552238805972,0.06701492537313436,0.004589552238805972,0.06701492537313436,0.004589552238805972,0.06701492537313436,0.004589552238805972,0.06701492537313436,0.004589552238805972,0.004589552238805972,0.004589552238805972,0.06701492537313436,0.004589552238805972,0.06701492537313436,0.004589552238805972,0.004589552238805972,0.004589552238805972,0.06701492537313436,0.004589552238805972,0.06701492537313436,0.004589552238805972,0.06701492537313436,0.004589552238805972,0.06701492537313436,0.004589552238805972,0.004589552238805972,0.004589552238805972
dami,2,Stamps,0.006243496357960399,0.006243496357960399,0.006243496357960399,0.006243496357960399,0.006243496357960399,0.006243496357960399,0.006243496357960399,0.006243496357960399,0.006243496357960399,0.006243496357960399,0.006243496357960399,0.006243496357960399,0.006243496357960399,0.006243496357960399,0.006243496357960399,0.006243496357960399,0.006243496357960399,0.006243496357960399,0.006243496357960399,0.006243496357960399,0.006243496357960399,0.006243496357960399,0.006243496357960399,0.006243496357960399,0.006243496357960399,0.006243496357960399,0.006243496357960399,0.006243496357960399,0.006243496357960399,0.006243496357960399,0.006243496357960399,0.006243496357960399
dami,2,WBC,0.0023255813953488857,0.0023255813953488857,0.006976744186046546,0.0023255813953488857,0.0023255813953488857,0.0023255813953488857,0.006976744186046546,0.0023255813953488857,0.0023255813953488857,0.0023255813953488857,0.0023255813953488857,0.0023255813953488857,0.0023255813953488857,0.0023255813953488857,0.0023255813953488857,0.0023255813953488857,0.0046511627906977715,0.0023255813953488857,0.0023255813953488857,0.0023255813953488857,0.0023255813953488857,0.0023255813953488857,0.006976744186046546,0.0023255813953488857,0.0023255813953488857,0.0023255813953488857,0.0023255813953488857,0.0023255813953488857,0.006976744186046546,0.0023255813953488857,0.0023255813953488857,0.0023255813953488857
dami,2,WDBC,0.07500000000000007,0.05138888888888893,0.07500000000000007,0.05138888888888893,0.07500000000000007,0.05138888888888893,0.07500000000000007,0.05138888888888893,0.07500000000000007,0.05138888888888893,0.07500000000000007,0.05138888888888893,0.07500000000000007,0.05138888888888893,0.07500000000000007,0.05138888888888893,0.07500000000000007,0.05138888888888893,0.07500000000000007,0.05138888888888893,0.07500000000000007,0.05138888888888893,0.07500000000000007,0.019444444444444486,0.07500000000000007,0.05138888888888893,0.07500000000000007,0.05138888888888893,0.07500000000000007,0.05138888888888893,0.07500000000000007,0.07500000000000007
dami,2,Waveform,0.0,0.0,0.0,0.0,0.0,0.0,0.0,0.0,0.0,0.0,0.0,0.0,0.0,0.0,0.0,0.0,0.0,0.0,0.0,0.0,0.0,0.0,0.0,0.0,0.0,0.0,0.0,0.0,0.0,0.0,0.0,0.0
dami,2,Wilt,0.0,0.0,0.0,0.0,0.0,0.0,0.0,0.0,0.0,0.0,0.0,0.0,0.0,0.0,0.0,0.0,0.0,0.0,0.0,0.0,0.0,0.0,0.0,0.0,0.0,0.0,0.0,0.0,0.0,0.0,0.0,0.0
dami,3,Annthyroid,0.16475496417953683,0.10292668660005178,0.10292668660005178,0.10292668660005178,0.10292668660005178,0.10292668660005178,0.10292668660005178,0.10292668660005178,0.16475496417953683,0.10292668660005178,0.10292668660005178,0.0,0.16475496417953683,0.10292668660005178,0.16475496417953683,0.10292668660005178,0.10292668660005178,0.10292668660005178,0.10292668660005178,0.10292668660005178,0.16475496417953683,0.10292668660005178,0.10292668660005178,0.10292668660005178,0.10292668660005178,0.10292668660005178,0.10292668660005178,0.10292668660005178,0.10292668660005178,0.10292668660005178,0.10292668660005178,0.10292668660005178
dami,3,Cardiotocography,0.01348679932370922,0.01348679932370922,0.01348679932370922,0.01348679932370922,0.01348679932370922,0.01348679932370922,0.01348679932370922,0.01348679932370922,0.01348679932370922,0.01348679932370922,0.01348679932370922,0.01348679932370922,0.01348679932370922,0.01348679932370922,0.01348679932370922,0.01348679932370922,0.01348679932370922,0.01348679932370922,0.01348679932370922,0.01348679932370922,0.01348679932370922,0.01348679932370922,0.01348679932370922,0.01348679932370922,0.01348679932370922,0.01348679932370922,0.01348679932370922,0.01348679932370922,0.01348679932370922,0.01348679932370922,0.01348679932370922,0.01348679932370922
dami,3,InternetAds,0.08012907608695641,0.0,0.08012907608695641,0.0,0.08012907608695641,0.0,0.08012907608695641,0.0,0.08012907608695641,0.08012907608695641,0.08012907608695641,0.0,0.08012907608695641,0.08012907608695641,0.08012907608695641,0.08012907608695641,0.08012907608695641,0.0,0.08012907608695641,0.0,0.08012907608695641,0.08012907608695641,0.08012907608695641,0.0,0.08012907608695641,0.0,0.0,0.0,0.08012907608695641,0.0,0.0,0.0
dami,3,PageBlocks,0.016462961847994007,0.013328115278864905,0.013328115278864905,0.013328115278864905,0.016462961847994007,0.013328115278864905,0.013328115278864905,0.013328115278864905,0.016462961847994007,0.013328115278864905,0.016462961847994007,0.013328115278864905,0.016462961847994007,0.013328115278864905,0.016462961847994007,0.013328115278864905,0.016462961847994007,0.013328115278864905,0.016462961847994007,0.013328115278864905,0.016462961847994007,0.013328115278864905,0.016462961847994007,0.013328115278864905,0.016462961847994007,0.013328115278864905,0.016462961847994007,0.013328115278864905,0.016462961847994007,0.007016276316053394,0.007016276316053394,0.007016276316053394
dami,3,Pima,0.05186567164179112,0.0,0.05186567164179112,0.0,0.05186567164179112,0.0,0.05186567164179112,0.0,0.05186567164179112,0.0,0.05186567164179112,0.0,0.05186567164179112,0.0,0.05186567164179112,0.0,0.05186567164179112,0.0,0.05186567164179112,0.0,0.05186567164179112,0.0,0.05186567164179112,0.0,0.05186567164179112,0.0,0.05186567164179112,0.0,0.05186567164179112,0.0,0.03817164179104482,0.03817164179104482
dami,3,Stamps,0.031217481789802104,0.01664932362122784,0.01664932362122784,0.01664932362122784,0.031217481789802104,0.01664932362122784,0.01664932362122784,0.01664932362122784,0.031217481789802104,0.01664932362122784,0.031217481789802104,0.01664932362122784,0.031217481789802104,0.01664932362122784,0.031217481789802104,0.01664932362122784,0.031217481789802104,0.01664932362122784,0.031217481789802104,0.01664932362122784,0.031217481789802104,0.01664932362122784,0.031217481789802104,0.01664932362122784,0.031217481789802104,0.01664932362122784,0.031217481789802104,0.01664932362122784,0.031217481789802104,0.01664932362122784,0.01664932362122784,0.01664932362122784
dami,3,WBC,0.06976744186046502,0.0046511627906976605,0.06976744186046502,0.0046511627906976605,0.0046511627906976605,0.0046511627906976605,0.06976744186046502,0.0046511627906976605,0.0046511627906976605,0.0046511627906976605,0.0046511627906976605,0.0046511627906976605,0.0046511627906976605,0.0046511627906976605,0.0046511627906976605,0.0046511627906976605,0.06976744186046502,0.0046511627906976605,0.0046511627906976605,0.0046511627906976605,0.0046511627906976605,0.0046511627906976605,0.06976744186046502,0.0046511627906976605,0.0046511627906976605,0.0046511627906976605,0.06976744186046502,0.0046511627906976605,0.06976744186046502,0.0046511627906976605,0.0046511627906976605,0.0046511627906976605
dami,3,WDBC,0.07083333333333353,0.04861111111111116,0.09444444444444455,0.04861111111111116,0.09444444444444455,0.04861111111111116,0.07083333333333353,0.04861111111111116,0.07083333333333353,0.04861111111111116,0.09444444444444455,0.04861111111111116,0.09444444444444455,0.04861111111111116,0.09444444444444455,0.04861111111111116,0.09444444444444455,0.04861111111111116,0.09444444444444455,0.04861111111111116,0.09444444444444455,0.04861111111111116,0.09444444444444455,0.04861111111111116,0.09444444444444455,0.04861111111111116,0.09444444444444455,0.04861111111111116,0.09444444444444455,0.04861111111111116,0.07083333333333353,0.07083333333333353
dami,3,Waveform,0.0,0.0,0.0,0.0,0.0,0.0,0.0,0.0,0.0,0.0,0.0,0.0,0.0,0.0,0.0,0.0,0.0,0.0,0.0,0.0,0.0,0.0,0.0,0.0,0.0,0.0,0.0,0.0,0.0,0.0,0.0,0.0
dami,3,Wilt,0.0,0.0,0.0,0.0,0.0,0.0,0.0,0.0,0.0,0.0,0.0,0.0,0.0,0.0,0.0,0.0,0.0,0.0,0.0,0.0,0.0,0.0,0.0,0.0,0.0,0.0,0.0,0.0,0.0,0.0,0.0,0.0
dami,4,Annthyroid,0.17009041011093984,0.09774244476436289,0.09774244476436289,0.09774244476436289,0.09774244476436289,0.09774244476436289,0.09774244476436289,0.09774244476436289,0.09774244476436289,0.09774244476436289,0.09774244476436289,0.09774244476436289,0.17009041011093984,0.09774244476436289,0.17009041011093984,0.09774244476436289,0.09774244476436289,0.09774244476436289,0.09774244476436289,0.09774244476436289,0.17009041011093984,0.09774244476436289,0.09774244476436289,0.09774244476436289,0.09774244476436289,0.09774244476436289,0.09774244476436289,0.09774244476436289,0.09774244476436289,0.09774244476436289,0.09774244476436289,0.09774244476436289
dami,4,Cardiotocography,0.059422551697229875,0.034529847834568805,0.059422551697229875,0.034529847834568805,0.059422551697229875,0.034529847834568805,0.059422551697229875,0.034529847834568805,0.059422551697229875,0.034529847834568805,0.059422551697229875,0.034529847834568805,0.059422551697229875,0.034529847834568805,0.059422551697229875,0.034529847834568805,0.059422551697229875,0.034529847834568805,0.059422551697229875,0.034529847834568805,0.059422551697229875,0.034529847834568805,0.059422551697229875,0.034529847834568805,0.059422551697229875,0.034529847834568805,0.059422551697229875,0.034529847834568805,0.059422551697229875,0.034529847834568805,0.059422551697229875,0.059422551697229875
dami,4,InternetAds,0.10004670516304359,0.0,0.10004670516304359,0.0,0.10004670516304359,0.0716117527173914,0.10004670516304359,0.0716117527173914,0.10004670516304359,0.10004670516304359,0.10004670516304359,0.0,0.10004670516304359,0.10004670516304359,0.10004670516304359,0.10004670516304359,0.10004670516304359,0.0,0.10004670516304359,0.0716117527173914,0.10004670516304359,0.10004670516304359,0.0716117527173914,0.0,0.10004670516304359,0.0,0.0,0.0,0.0,0.0,0.0,0.0
dami,4,PageBlocks,0.01696269091055036,0.012011559997591625,0.01696269091055036,0.012011559997591625,0.01696269091055036,0.012011559997591625,0.01696269091055036,0.012011559997591625,0.01696269091055036,0.012011559997591625,0.01696269091055036,0.012011559997591625,0.01696269091055036,0.012011559997591625,0.01696269091055036,0.012011559997591625,0.01696269091055036,0.012011559997591625,0.01696269091055036,0.012011559997591625,0.01696269091055036,0.012011559997591625,0.01696269091055036,0.012011559997591625,0.01696269091055036,0.012011559997591625,0.01696269091055036,0.012011559997591625,0.01696269091055036,0.012011559997591625,0.01696269091055036,0.01696269091055036
dami,4,Pima,0.028246268656716422,0.0,0.028246268656716422,0.0,0.028246268656716422,0.0,0.028246268656716422,0.0,0.028246268656716422,0.0,0.028246268656716422,0.0,0.028246268656716422,0.0,0.028246268656716422,0.0,0.028246268656716422,0.0,0.028246268656716422,0.0,0.028246268656716422,0.0,0.028246268656716422,0.0,0.028246268656716422,0.0,0.028246268656716422,0.0,0.028246268656716422,0.0,0.0,0.0
dami,4,Stamps,0.03798126951092606,0.0,0.03798126951092606,0.0,0.03798126951092606,0.0,0.03798126951092606,0.0,0.03798126951092606,0.0,0.03798126951092606,0.0,0.03798126951092606,0.0,0.03798126951092606,0.0,0.03798126951092606,0.0,0.03798126951092606,0.0,0.03798126951092606,0.0,0.03798126951092606,0.0,0.03798126951092606,0.0,0.03798126951092606,0.0,0.03798126951092606,0.0,0.0,0.0
dami,4,WBC,0.0046511627906976605,0.0023255813953488857,0.046511627906976716,0.0023255813953488857,0.046511627906976716,0.0023255813953488857,0.046511627906976716,0.0046511627906976605,0.046511627906976716,0.0023255813953488857,0.0046511627906976605,0.0023255813953488857,0.046511627906976716,0.0046511627906976605,0.046511627906976716,0.0046511627906976605,0.046511627906976716,0.0023255813953488857,0.046511627906976716,0.0023255813953488857,0.046511627906976716,0.0046511627906976605,0.0046511627906976605,0.0023255813953488857,0.0046511627906976605,0.0023255813953488857,0.0046511627906976605,0.0023255813953488857,0.046511627906976716,0.0046511627906976605,0.0046511627906976605,0.0046511627906976605
dami,4,WDBC,0.09027777777777779,0.05555555555555569,0.09027777777777779,0.05555555555555569,0.09027777777777779,0.05555555555555569,0.09027777777777779,0.05555555555555569,0.09027777777777779,0.05555555555555569,0.09027777777777779,0.05555555555555569,0.09027777777777779,0.05555555555555569,0.09027777777777779,0.05555555555555569,0.09027777777777779,0.05555555555555569,0.09027777777777779,0.05555555555555569,0.09027777777777779,0.05555555555555569,0.09027777777777779,0.05555555555555569,0.09027777777777779,0.05555555555555569,0.09027777777777779,0.05555555555555569,0.09027777777777779,0.05555555555555569,0.07361111111111118,0.07361111111111118
dami,4,Waveform,0.002062780269058151,0.0,0.002062780269058151,0.0,0.002062780269058151,0.0,0.002062780269058151,0.0,0.002062780269058151,0.0,0.002062780269058151,0.0,0.002062780269058151,0.0,0.002062780269058151,0.0,0.002062780269058151,0.0,0.002062780269058151,0.0,0.002062780269058151,0.0,0.002062780269058151,0.0,0.002062780269058151,0.0,0.002062780269058151,0.0,0.002062780269058151,0.0,0.002062780269058151,0.002062780269058151
dami,4,Wilt,0.0,0.0,0.0,0.0,0.0,0.0,0.0,0.0,0.0,0.0,0.0,0.0,0.0,0.0,0.0,0.0,0.0,0.0,0.0,0.0,0.0,0.0,0.0,0.0,0.0,0.0,0.0,0.0,0.0,0.0,0.0,0.0
