modality,seed,dataset,regret,pick,true_best,best_auc,pick_auc,rand_regret,best_regime,best_regime_regret,category,regret_hard_K30,regret_hard_K50,regret_random_K30,regret_random_K50,regret_smallest_K30,regret_smallest_K50,rho_hard_K30,rho_hard_K50,rho_random_K30,rho_random_K50,rho_smallest_K30,rho_smallest_K50
tabular,0,14_glass,0.0,CBLOF,CBLOF,0.929539295392954,0.929539295392954,0.1213489912676905,hard_K30,0.0,ok,0.0,0.0,0.0,0.0,0.0,0.0,0.48333333333333334,0.48333333333333334,0.48333333333333334,0.5,0.8499999999999999,0.8499999999999999
tabular,0,18_Ionosphere,0.0,CBLOF,CBLOF,0.9670194003527337,0.9670194003527337,0.08679208308837938,hard_K30,0.023104056437389886,ok,0.023104056437389886,0.023104056437389886,0.023104056437389886,0.023104056437389886,0.04426807760141105,0.04426807760141105,0.5499999999999999,0.5499999999999999,0.8166666666666667,0.8166666666666667,0.6333333333333333,0.6166666666666666
tabular,0,19_landsat,0.001127118214421352,LOF,KNN,0.7663889527719834,0.765261834557562,0.1970777545839285,smallest_K50,0.0,ok,0.001127118214421352,0.001127118214421352,0.001127118214421352,0.001127118214421352,0.001127118214421352,0.0,0.9166666666666666,0.7999999999999999,0.8333333333333333,0.9166666666666666,0.8333333333333333,0.9
tabular,0,20_letter,0.0,LOF,LOF,0.8948666666666667,0.8948666666666667,0.2347125,hard_K30,0.0,ok,0.0,0.0,0.0,0.0,0.0,0.0,,,,,,
tabular,0,22_magic.gamma,0.009781629470736242,LOF,KNN,0.8379691472896783,0.8281875178189421,0.10159586337636595,hard_K30,0.009781629470736242,ok,0.009781629470736242,0.009781629470736242,0.009781629470736242,0.009781629470736242,0.009781629470736242,0.009781629470736242,0.8833333333333333,0.9833333333333333,0.9,0.9500000000000001,0.9666666666666667,0.9666666666666667
tabular,0,23_mammography,0.04940151381798985,LOF,ECOD,0.9068623481781377,0.8574608343601479,0.030307066439789643,hard_K30,0.04940151381798985,flip,0.04940151381798985,0.04940151381798985,0.04940151381798985,0.04940151381798985,0.04940151381798985,0.04940151381798985,-0.48333333333333334,-0.5333333333333333,-0.6666666666666667,-0.48333333333333334,-0.26666666666666666,-0.5166666666666667
tabular,0,25_musk,0.0,LOF,CBLOF,1.0,1.0,0.015209904015731524,hard_K30,0.0,ok,0.0,0.0,0.0,0.0,0.0,0.0,0.6266795614405122,0.5309368506648784,0.5657523818560181,0.6266795614405122,0.644087327036082,0.7137183894183612
tabular,0,26_optdigits,0.0017422748191977533,KNN,LOF,0.9990664036817882,0.9973241288625905,0.1414612097304404,random_K50,0.0,ok,0.0017422748191977533,0.0017422748191977533,0.0017422748191977533,0.0,0.0017422748191977533,0.0,0.8333333333333335,0.880952380952381,0.880952380952381,0.9047619047619048,0.6904761904761906,0.6904761904761906
tabular,0,27_PageBlocks,0.007216970718686544,LOF,PCA,0.9254239669255624,0.9182069962068758,0.09152735130217216,smallest_K30,0.0,ok,0.007216970718686544,0.007216970718686544,0.007216970718686544,0.007216970718686544,0.0,0.007216970718686544,-0.15,-0.16666666666666669,0.41666666666666663,-0.06666666666666667,0.7833333333333333,-0.15
tabular,0,28_pendigits,0.005207438379441376,LOF,KNN,0.9988449128434237,0.9936374744639823,0.043287660190117316,smallest_K30,0.0,ok,0.005207438379441376,0.005207438379441376,0.005207438379441376,0.005207438379441376,0.0,0.005207438379441376,0.9666666666666667,0.9500000000000001,0.9500000000000001,0.9500000000000001,0.9833333333333333,0.9500000000000001
tabular,0,29_Pima,0.05287313432835827,LOF,PCA,0.7093283582089553,0.6564552238805971,0.051123548922056505,smallest_K30,0.0,weighting_failure,0.05287313432835827,0.03485074626865681,0.0560074626865672,0.05287313432835827,0.0,0.002649253731343393,0.26666666666666666,0.11666666666666665,0.31666666666666665,0.48333333333333334,0.7333333333333334,0.48333333333333334
tabular,0,30_satellite,0.034747834434720404,LOF,CBLOF,0.8857641989641006,0.8510163645293802,0.12130911273838574,smallest_K50,0.009719927665654438,weighting_failure,0.034747834434720404,0.034747834434720404,0.034747834434720404,0.034747834434720404,0.034747834434720404,0.009719927665654438,0.8333333333333333,0.8666666666666667,0.8166666666666667,0.7999999999999999,0.7166666666666667,0.7999999999999999
tabular,0,31_satimage-2,0.002799710205435013,LOF,KNN,0.9989439689575992,0.9961442587521642,0.015012286252631513,smallest_K30,0.0,ok,0.002799710205435013,0.002799710205435013,0.002799710205435013,0.002799710205435013,0.0,0.002799710205435013,0.7666666666666667,0.41666666666666663,0.7333333333333334,0.6333333333333333,0.8666666666666667,0.8833333333333333
tabular,0,32_shuttle,0.0,LOF,LOF,0.9990599219112007,0.9990599219112007,0.032803454919820285,hard_K30,0.0,ok,0.0,0.0,0.0,0.0,0.0,0.0,0.25,0.5499999999999999,0.6666666666666667,0.25,0.7166666666666667,0.6666666666666667
tabular,0,35_SpamBase,0.04404266138088009,PCA,IForest,0.8287371082448378,0.7846944468639577,0.11409894841414625,hard_K50,0.0,weighting_failure,0.04696883379199446,0.0,0.04404266138088009,0.20980985764630256,0.04404266138088009,0.04404266138088009,0.5,0.5833333333333334,0.6833333333333333,0.15,0.26666666666666666,0.25
tabular,0,36_speech,0.0023289994347088783,LOF,IForest,0.5088072357263991,0.5064782362916902,0.025754663651780696,hard_K30,0.0023289994347088783,ok,0.0023289994347088783,0.03561334087054835,0.0023289994347088783,0.0023289994347088783,0.0023289994347088783,0.0023289994347088783,0.48333333333333334,0.48333333333333334,0.16666666666666669,0.48333333333333334,0.3,0.11666666666666665
tabular,0,37_Stamps,0.03381893860561913,LOF,LODA,0.9531737773152965,0.9193548387096774,0.018383628165105637,hard_K30,0.03381893860561913,ill_posed,0.03381893860561913,0.03381893860561913,0.03381893860561913,0.03381893860561913,0.03381893860561913,0.03381893860561913,0.016666666666666666,-0.2333333333333333,0.016666666666666666,-0.08333333333333334,0.0,0.0
tabular,0,38_thyroid,0.015559256661991538,LOF,HBOS,0.9928851098644226,0.977325853202431,0.030052010285179898,hard_K30,0.015559256661991538,flip,0.015559256661991538,0.015559256661991538,0.015559256661991538,0.015559256661991538,0.015559256661991538,0.015559256661991538,-0.049999999999999996,0.08333333333333334,0.33333333333333337,0.26666666666666666,0.5,0.4666666666666666
tabular,0,39_vertebral,0.10396825396825388,KNN,LOF,0.5412698412698412,0.43730158730158736,0.11790123456790119,hard_K30,0.10396825396825388,flip,0.10396825396825388,0.10396825396825388,0.10396825396825388,0.10396825396825388,0.10396825396825388,0.10396825396825388,0.39999999999999997,0.39999999999999997,0.75,0.75,0.11666666666666665,0.08333333333333334
tabular,0,40_vowels,0.01631205673758862,LOF,KNN,0.9695744680851064,0.9532624113475178,0.23739164696611503,smallest_K30,0.0,weighting_failure,0.01631205673758862,0.01631205673758862,0.08638297872340417,0.01631205673758862,0.0,0.0,0.9,0.8833333333333333,0.8666666666666667,0.8166666666666667,0.9833333333333333,0.9500000000000001
tabular,0,41_Waveform,0.0,KNN,KNN,0.799760837070254,0.799760837070254,0.07790732436472336,hard_K30,0.0,ok,0.0,0.026008968609865457,0.08360239162929739,0.0,0.0,0.003303437967114964,,,,,,
tabular,0,42_WBC,0.0,CBLOF,CBLOF,1.0,1.0,0.004909560723514228,hard_K30,0.0,ok,0.0,0.0,0.0,0.0,0.0,0.0,-0.049507377148833714,-0.19802950859533486,-0.19802950859533486,-0.1584236068762679,0.22773393488463511,0.11881770515720091
tabular,0,43_WDBC,0.04861111111111116,HBOS,CBLOF,0.9986111111111111,0.95,0.015432098765432056,hard_K30,0.0,ill_posed,0.0,0.0,0.02083333333333337,0.02083333333333337,0.04861111111111116,0.04861111111111116,0.5933055656682091,0.4746444525345673,-0.5085476277156078,-0.4746444525345673,-0.8814825547070536,-0.8136762043449725
tabular,0,44_Wilt,0.0,LOF,LOF,0.8863199526084529,0.8863199526084529,0.36771682887664314,hard_K30,0.0,ok,0.0,0.0,0.11990231886158009,0.11990231886158009,0.11990231886158009,0.3522530163100225,0.7666666666666667,0.9,0.7333333333333334,0.9333333333333332,0.7666666666666667,0.5333333333333333
tabular,0,47_yeast,0.033782151914020064,LOF,CBLOF,0.4997182304874612,0.46593607857344116,0.06056199600155643,hard_K30,0.033782151914020064,flip,0.033782151914020064,0.033782151914020064,0.033782151914020064,0.033782151914020064,0.048575051322304,0.033782151914020064,0.7666666666666667,0.7666666666666667,0.39999999999999997,0.65,0.18333333333333335,0.25
tabular,0,6_cardio,0.009990387256248234,LOF,IForest,0.9501167261741279,0.9401263389178797,0.03848530623455082,hard_K30,0.009990387256248234,ok,0.009990387256248234,0.009990387256248234,0.009990387256248234,0.009990387256248234,0.04160944795385879,0.009990387256248234,,,,,,
tabular,1,14_glass,0.0,CBLOF,CBLOF,0.9186991869918699,0.9186991869918699,0.12134899126769039,smallest_K30,0.008130081300813052,ok,0.1327913279132792,0.1327913279132792,0.1327913279132792,0.1327913279132792,0.008130081300813052,0.008130081300813052,0.48333333333333334,0.5,0.48333333333333334,0.48333333333333334,0.65,0.65
tabular,1,18_Ionosphere,0.010582010582010692,CBLOF,KNN,0.9707231040564375,0.9601410934744268,0.0713109935332158,smallest_K30,0.0,weighting_failure,0.022222222222222254,0.022222222222222254,0.010582010582010692,0.010582010582010692,0.0,0.0,0.75,0.75,0.7166666666666667,0.6333333333333333,0.6,0.6166666666666666
tabular,1,19_landsat,0.0,LOF,LOF,0.7779665288506259,0.7779665288506259,0.20936641277524726,hard_K30,0.0,ok,0.0,0.0,0.0,0.0,0.0,0.0,0.8833333333333333,0.8833333333333333,0.8833333333333333,0.8166666666666667,0.8833333333333333,0.9666666666666667
tabular,1,20_letter,0.0,LOF,LOF,0.8892,0.8892,0.23725925925925917,hard_K30,0.0,ok,0.0,0.0,0.0,0.0,0.0,0.018199999999999883,0.7333333333333334,0.6333333333333333,0.8166666666666667,0.7833333333333333,0.8166666666666667,0.8666666666666667
tabular,1,22_magic.gamma,0.011738076582176404,LOF,KNN,0.8432138559123976,0.8314757793302212,0.1065155985375914,smallest_K30,0.0,weighting_failure,0.011738076582176404,0.011738076582176404,0.011738076582176404,0.011738076582176404,0.0,0.011738076582176404,0.9666666666666667,0.9500000000000001,0.9500000000000001,0.9166666666666666,0.9833333333333333,0.9333333333333332
tabular,1,23_mammography,0.04634747403626138,LOF,ECOD,0.9040054567857773,0.8576579827495159,0.032176944591132184,hard_K30,0.04634747403626138,flip,0.04634747403626138,0.04634747403626138,0.04634747403626138,0.04634747403626138,0.04634747403626138,0.04634747403626138,-0.5333333333333333,-0.5333333333333333,-0.31666666666666665,-0.31666666666666665,-0.2333333333333333,-0.03333333333333333
tabular,1,25_musk,0.0,LOF,CBLOF,1.0,1.0,0.021165216954580846,hard_K30,0.0,ok,0.0,0.0,0.0,0.0,0.0,0.0,0.5744562646538028,0.5744562646538028,0.5222329678670935,0.5744562646538028,0.6005679130471575,0.5396407334626633
tabular,1,26_optdigits,0.00239973701512175,KNN,LOF,0.9989677843523997,0.996568047337278,0.1834582511505588,smallest_K30,0.0,ok,0.00239973701512175,0.00239973701512175,0.00239973701512175,0.00239973701512175,0.0,0.13923734385272846,0.880952380952381,0.7380952380952381,0.880952380952381,0.7380952380952381,0.6666666666666669,0.3333333333333334
tabular,1,27_PageBlocks,0.010699018604370947,LOF,PCA,0.9330122222891203,0.9223132036847493,0.08901454588431523,smallest_K30,0.005005318401669734,weighting_failure,0.010699018604370947,0.010699018604370947,0.010699018604370947,0.010699018604370947,0.005005318401669734,0.005005318401669734,-0.15,0.15,0.38333333333333336,0.5833333333333334,0.7833333333333333,0.6666666666666667
tabular,1,28_pendigits,0.007441243293812128,LOF,KNN,0.9990167439906829,0.9915755006968707,0.04178466799464553,smallest_K30,0.0,ok,0.007441243293812128,0.007441243293812128,0.007441243293812128,0.007441243293812128,0.0,0.0,0.9666666666666667,0.9500000000000001,0.9166666666666666,0.9500000000000001,0.9500000000000001,0.9666666666666667
tabular,1,29_Pima,0.07223880597014931,LOF,IForest,0.7234701492537314,0.6512313432835821,0.06328772802653404,smallest_K30,0.0,weighting_failure,0.07223880597014931,0.07223880597014931,0.07223880597014931,0.04686567164179112,0.0,0.019925373134328517,0.09999999999999999,0.3,0.3666666666666667,0.39999999999999997,0.5666666666666667,0.35
tabular,1,30_satellite,0.02898117967494196,LOF,KNN,0.8846122075370603,0.8556310278621183,0.12456186372566536,hard_K30,0.02898117967494196,flip,0.02898117967494196,0.02898117967494196,0.02898117967494196,0.02898117967494196,0.02898117967494196,0.02898117967494196,0.8166666666666667,0.6666666666666667,0.9,0.8166666666666667,0.8666666666666667,0.8499999999999999
tabular,1,31_satimage-2,0.004488131930203809,LOF,KNN,0.9990360646880411,0.9945479327578373,0.014248232785261328,smallest_K30,0.0,ok,0.004488131930203809,0.004488131930203809,0.004488131930203809,0.004488131930203809,0.0,0.004488131930203809,0.7999999999999999,0.65,0.5833333333333334,0.8166666666666667,0.9500000000000001,0.9
tabular,1,32_shuttle,0.0,LOF,LOF,0.9993694495331285,0.9993694495331285,0.06387984455709628,hard_K30,0.0,ok,0.0,0.0,0.0,0.0,0.0018901832607187696,0.0018901832607187696,0.39999999999999997,0.3,0.6666666666666667,0.7,0.6666666666666667,0.7666666666666667
tabular,1,35_SpamBase,0.01502341173340993,PCA,IForest,0.8115225983846022,0.7964991866511922,0.10987984043244681,random_K50,0.0,weighting_failure,0.1832883303867585,0.12759630120507448,0.01502341173340993,0.0,0.01502341173340993,0.01502341173340993,-0.3666666666666667,-0.25,0.7333333333333334,0.5666666666666667,0.21666666666666667,0.2833333333333333
tabular,1,36_speech,0.0,LOF,LOF,0.5086037309214245,0.5086037309214245,0.037532818290308356,hard_K30,0.0,ok,0.0,0.0,0.0,0.0,0.0,0.0,-0.03333333333333333,-0.11666666666666665,0.75,0.7833333333333333,0.7833333333333333,0.4666666666666666
tabular,1,37_Stamps,0.03381893860561913,LOF,IForest,0.9484911550468262,0.9146722164412071,0.02607237830963116,hard_K30,0.03381893860561913,flip,0.03381893860561913,0.03381893860561913,0.03381893860561913,0.03381893860561913,0.03381893860561913,0.03381893860561913,0.33333333333333337,0.33333333333333337,0.3666666666666667,0.5,0.4666666666666666,0.4666666666666666
tabular,1,38_thyroid,0.01682298971481999,LOF,HBOS,0.9931699976624591,0.9763470079476391,0.030225702560905954,hard_K30,0.01682298971481999,flip,0.01682298971481999,0.01682298971481999,0.01682298971481999,0.01682298971481999,0.01682298971481999,0.027955528284244968,-0.38333333333333336,-0.3,0.049999999999999996,0.16666666666666669,-0.06666666666666667,0.18333333333333335
tabular,1,39_vertebral,0.09761904761904766,CBLOF,LOF,0.48809523809523814,0.3904761904761905,0.1221340388007055,hard_K30,0.09761904761904766,flip,0.09761904761904766,0.09761904761904766,0.11349206349206353,0.11349206349206353,0.11349206349206353,0.11349206349206353,0.7,0.7,-0.13333333333333333,0.09999999999999999,-0.5,-0.5
tabular,1,40_vowels,0.0028368794326240065,LOF,KNN,0.9736170212765957,0.9707801418439717,0.20247438928289974,smallest_K30,0.0,ok,0.0028368794326240065,0.0028368794326240065,0.0610638297872339,0.0028368794326240065,0.0,0.0,0.9666666666666667,0.9666666666666667,0.8833333333333333,0.9333333333333332,0.9500000000000001,0.9
tabular,1,41_Waveform,0.0023467862481315604,KNN,CBLOF,0.7930044843049328,0.7906576980568012,0.07149809001826946,hard_K30,0.0023467862481315604,ok,0.0023467862481315604,0.0023467862481315604,0.0023467862481315604,0.0023467862481315604,0.0023467862481315604,0.0023467862481315604,0.09999999999999999,0.0,0.7666666666666667,0.7833333333333333,0.7666666666666667,0.7333333333333334
tabular,1,42_WBC,0.0,CBLOF,CBLOF,0.9953488372093023,0.9953488372093023,0.014728682170542795,hard_K30,0.0,ok,0.0,0.0,0.0,0.0,0.03488372093023262,0.03488372093023262,0.2437060839766452,0.2437060839766452,0.26051340011296553,0.21009145170400445,0.15126584522688324,0.15126584522688324
tabular,1,43_WDBC,0.001388888888888884,PCA,CBLOF,1.0,0.9986111111111111,0.008487654320987748,random_K30,0.0,ok,0.05277777777777781,0.05277777777777781,0.0,0.0,0.001388888888888884,0.001388888888888884,0.16431676725154984,0.16431676725154984,0.5842373946721772,0.5842373946721772,-0.5294651389216606,-0.5294651389216606
tabular,1,44_Wilt,0.0,LOF,LOF,0.8904198328510362,0.8904198328510362,0.3567362244639447,hard_K30,0.0,ok,0.0,0.0,0.0,0.10667359924309905,0.10667359924309905,0.10667359924309905,0.75,0.6666666666666667,0.8666666666666667,0.9500000000000001,0.5166666666666667,0.6333333333333333
tabular,1,47_yeast,0.12349555206698054,LOF,LODA,0.5929134967596505,0.46941794469267,0.13033964407590776,hard_K30,0.12349555206698054,flip,0.12349555206698054,0.12349555206698054,0.12349555206698054,0.12349555206698054,0.1369500462907055,0.1369500462907055,0.75,0.6833333333333333,0.75,0.6166666666666666,-0.33333333333333337,0.06666666666666667
tabular,1,6_cardio,0.03613361713814889,LOF,PCA,0.959454820104367,0.9233212029662181,0.03763274741371414,hard_K30,0.03613361713814889,flip,0.03613361713814889,0.03613361713814889,0.03613361713814889,0.03613361713814889,0.05801977478714648,0.05801977478714648,-0.33333333333333337,-0.33333333333333337,-0.41666666666666663,-0.31666666666666665,-0.016666666666666666,-0.11666666666666665
tabular,2,14_glass,0.0,CBLOF,CBLOF,0.8997289972899729,0.8997289972899729,0.11894007828967179,smallest_K30,0.0,ok,0.18970189701897022,0.18970189701897022,0.18970189701897022,0.18970189701897022,0.0,0.0,0.29412803238560625,0.3193390065900868,0.33614632272640715,0.33614632272640715,0.7899438584070567,0.7227145938617754
tabular,2,18_Ionosphere,0.0455026455026456,IForest,KNN,0.9657848324514992,0.9202821869488536,0.10241034685479133,hard_K30,0.0185185185185186,flip,0.0185185185185186,0.0185185185185186,0.0185185185185186,0.0185185185185186,0.0455026455026456,0.0455026455026456,0.8333333333333333,0.8333333333333333,0.7833333333333333,0.7833333333333333,0.26666666666666666,0.26666666666666666
tabular,2,19_landsat,0.0025650389090906556,LOF,KNN,0.7612177285261571,0.7586526896170664,0.20139576193428055,hard_K30,0.0025650389090906556,ok,0.0025650389090906556,0.0025650389090906556,0.0025650389090906556,0.0025650389090906556,0.0025650389090906556,0.0025650389090906556,0.9,0.75,0.9166666666666666,0.9333333333333332,0.9166666666666666,0.9333333333333332
tabular,2,20_letter,0.0,LOF,LOF,0.896,0.896,0.22175925925925932,hard_K30,0.0,ok,0.0,0.0,0.0,0.0,0.0,0.0,0.7666666666666667,0.75,0.7833333333333333,0.75,0.7833333333333333,0.75
tabular,2,22_magic.gamma,0.010232254758021142,LOF,KNN,0.8437537577360876,0.8335215029780665,0.10576533420308087,smallest_K50,0.0,weighting_failure,0.010232254758021142,0.010232254758021142,0.010232254758021142,0.010232254758021142,0.010232254758021142,0.0,0.9333333333333332,0.9500000000000001,0.9833333333333333,0.9500000000000001,0.8833333333333333,0.9833333333333333
tabular,2,23_mammography,0.05680513994015146,LOF,ECOD,0.906075514874142,0.8492703749339905,0.033679809892624646,hard_K30,0.05680513994015146,flip,0.05680513994015146,0.05680513994015146,0.05680513994015146,0.05680513994015146,0.05680513994015146,0.05680513994015146,-0.5,-0.39999999999999997,-0.5,-0.45,-0.33333333333333337,-0.5833333333333334
tabular,2,25_musk,0.0,LOF,CBLOF,1.0,1.0,0.014439171008076235,hard_K30,0.0,ok,0.0,0.0,0.0,0.0,0.0,0.0,0.6963106238227914,0.6179756786427273,0.7746455690028554,0.6963106238227914,0.809461100193995,0.6005679130471575
tabular,2,26_optdigits,0.002389875082182691,KNN,LOF,0.99698224852071,0.9945923734385274,0.17442020052596985,hard_K50,0.0,ok,0.002389875082182691,0.0,0.002389875082182691,0.002389875082182691,0.002389875082182691,0.002389875082182691,0.8333333333333335,0.8095238095238096,0.7857142857142858,0.7857142857142858,0.523809523809524,0.5476190476190477
tabular,2,27_PageBlocks,0.0035001103819215507,LOF,PCA,0.9319344933469805,0.928434382965059,0.11832707835778467,smallest_K30,0.0,ok,0.0035001103819215507,0.0035001103819215507,0.0035001103819215507,0.0035001103819215507,0.0,0.007943484456218508,0.43333333333333335,0.016666666666666666,0.35,0.5166666666666667,0.7833333333333333,0.8666666666666667
tabular,2,28_pendigits,0.005565419936231608,LOF,KNN,0.9990406094278023,0.9934751894915707,0.038758530567912564,hard_K30,0.005565419936231608,ok,0.005565419936231608,0.005565419936231608,0.005565419936231608,0.005565419936231608,0.005565419936231608,0.005565419936231608,0.9166666666666666,0.9,0.9166666666666666,0.9333333333333332,0.9500000000000001,0.8833333333333333
tabular,2,29_Pima,0.04313432835820907,LOF,HBOS,0.6865298507462687,0.6433955223880596,0.04655472636815927,random_K30,0.00033582089552242067,weighting_failure,0.04313432835820907,0.04313432835820907,0.00033582089552242067,0.04313432835820907,0.04313432835820907,0.010111940298507482,0.31666666666666665,0.2333333333333333,0.5666666666666667,0.75,0.2333333333333333,0.0
tabular,2,30_satellite,0.037204188247901504,LOF,CBLOF,0.8847444856224327,0.8475402973745312,0.12461547572979315,hard_K30,0.037204188247901504,flip,0.037204188247901504,0.037204188247901504,0.037204188247901504,0.037204188247901504,0.037204188247901504,0.037204188247901504,0.8833333333333333,0.7666666666666667,0.8833333333333333,0.8333333333333333,0.8499999999999999,0.7833333333333333
tabular,2,31_satimage-2,0.004481992214840913,LOF,KNN,0.9992141164335621,0.9947321242187211,0.013797986991989752,smallest_K50,0.0,ok,0.004481992214840913,0.004481992214840913,0.004481992214840913,0.004481992214840913,0.004481992214840913,0.0,0.16666666666666669,0.43333333333333335,0.75,0.7333333333333334,0.8333333333333333,0.8666666666666667
tabular,2,32_shuttle,0.0,LOF,LOF,0.9985839946887073,0.9985839946887073,0.0747278677754476,hard_K30,0.0,ok,0.0,0.0,0.0,0.0,0.0,0.0,0.33333333333333337,0.35,0.7166666666666667,0.6666666666666667,0.6833333333333333,0.7333333333333334
tabular,2,35_SpamBase,0.04484541664410635,PCA,IForest,0.8245644287607672,0.7797190121166608,0.12872137486944446,hard_K30,0.04484541664410635,flip,0.04484541664410635,0.21081506731609023,0.04484541664410635,0.04484541664410635,0.04484541664410635,0.04484541664410635,0.5166666666666667,-0.3666666666666667,0.06666666666666667,0.4666666666666666,0.16666666666666669,0.13333333333333333
tabular,2,36_speech,0.032786885245901676,LOF,LODA,0.5615375918598078,0.5287507066139061,0.05680547704289929,hard_K30,0.032786885245901676,flip,0.032786885245901676,0.032786885245901676,0.032786885245901676,0.032786885245901676,0.032786885245901676,0.032786885245901676,0.06666666666666667,0.5166666666666667,0.21666666666666667,0.08333333333333334,0.06666666666666667,0.0
tabular,2,37_Stamps,0.00572320499479706,LOF,HBOS,0.9469302809573361,0.941207075962539,0.0191929702855822,hard_K30,0.00572320499479706,ok,0.00572320499479706,0.00572320499479706,0.00572320499479706,0.00572320499479706,0.00572320499479706,0.00572320499479706,0.31799441532717476,0.21757512627648798,0.35983578576496095,0.35983578576496095,0.08368274087557231,0.08368274087557231
tabular,2,38_thyroid,0.011782667134174862,LOF,HBOS,0.9891231299672745,0.9773404628330996,0.04198320866448502,hard_K30,0.011782667134174862,flip,0.011782667134174862,0.011782667134174862,0.011782667134174862,0.011782667134174862,0.011782667134174862,0.011782667134174862,-0.08333333333333334,0.16666666666666669,0.39999999999999997,0.39999999999999997,0.6333333333333333,0.5
tabular,2,39_vertebral,0.09761904761904772,IForest,LOF,0.5460317460317461,0.4484126984126984,0.1071428571428572,hard_K30,0.0,weighting_failure,0.0,0.0,0.09761904761904772,0.09761904761904772,0.11825396825396828,0.11825396825396828,0.5499999999999999,0.5499999999999999,-0.18333333333333335,-0.18333333333333335,-0.5333333333333333,-0.5333333333333333
tabular,2,40_vowels,0.00773049645390067,LOF,KNN,0.9714893617021276,0.963758865248227,0.20356973995271865,hard_K50,0.0,ok,0.00773049645390067,0.0,0.00773049645390067,0.0,0.0,0.0,0.9333333333333332,0.9500000000000001,0.9166666666666666,0.9166666666666666,0.9833333333333333,0.9500000000000001
tabular,2,41_Waveform,0.0,KNN,KNN,0.7965919282511209,0.7965919282511209,0.07924098986879236,hard_K30,0.0,ok,0.0,0.0,0.0,0.0,0.0,0.0,0.6333333333333333,0.65,0.5,0.7333333333333334,0.8166666666666667,0.7166666666666667
tabular,2,42_WBC,0.0,CBLOF,CBLOF,0.9953488372093023,0.9953488372093023,0.010594315245478048,hard_K30,0.0,ok,0.0,0.0,0.0,0.0,0.0,0.0,0.22983926330486215,0.22983926330486215,0.2468643939200371,0.2468643939200371,0.7661308776828737,0.7491057470676987
tabular,2,43_WDBC,0.04444444444444451,HBOS,IForest,1.0,0.9555555555555555,0.009104938271605079,hard_K30,0.0,ill_posed,0.0,0.0,0.0,0.0,0.04444444444444451,0.04444444444444451,0.48741743667595394,0.47000967108038416,-0.06963106238227913,-0.08703882797784893,-0.23500483554019208,-0.23500483554019208
tabular,2,44_Wilt,0.0,LOF,LOF,0.891438410167021,0.891438410167021,0.36282827335754986,hard_K30,0.0,ok,0.0,0.0,0.11905421473655486,0.11905421473655486,0.38334732634109114,0.38334732634109114,0.7999999999999999,0.4666666666666666,0.8666666666666667,0.7999999999999999,0.15,0.3666666666666667
tabular,2,47_yeast,0.02780461296944814,LOF,CBLOF,0.5177514792899408,0.48994686632049267,0.06981901899484322,hard_K30,0.02780461296944814,flip,0.02780461296944814,0.02780461296944814,0.02780461296944814,0.02780461296944814,0.059644567886326105,0.02780461296944814,0.8666666666666667,0.8833333333333333,0.4666666666666666,0.75,0.2333333333333333,0.33333333333333337
tabular,2,6_cardio,0.024649821477615963,LOF,PCA,0.973152979950563,0.9485031584729471,0.038706551924074684,hard_K30,0.024649821477615963,flip,0.024649821477615963,0.024649821477615963,0.024649821477615963,0.024649821477615963,0.04600384509750066,0.04600384509750066,0.08333333333333334,-0.03333333333333333,0.016666666666666666,0.2833333333333333,0.08333333333333334,0.13333333333333333
tabular,3,14_glass,0.016260162601626105,CBLOF,KNN,0.902439024390244,0.8861788617886179,0.12255344775669996,smallest_K30,0.0,weighting_failure,0.17344173441734434,0.17344173441734434,0.016260162601626105,0.016260162601626105,0.0,0.0,0.11666666666666665,0.11666666666666665,0.39999999999999997,0.39999999999999997,0.7,0.7
tabular,3,18_Ionosphere,0.0,CBLOF,CBLOF,0.9767195767195767,0.9767195767195767,0.10699588477366251,random_K30,0.0,ok,0.0559082892416225,0.0559082892416225,0.0,0.0,0.06472663139329804,0.06472663139329804,0.9,0.9,0.8833333333333333,0.8833333333333333,0.5499999999999999,0.5499999999999999
tabular,3,19_landsat,0.0,LOF,LOF,0.7592529866061031,0.7592529866061031,0.2003833475508936,hard_K30,0.0,ok,0.0,0.0,0.0,0.0,0.013246945428815549,0.013246945428815549,0.8499999999999999,0.9500000000000001,0.9333333333333332,0.9666666666666667,0.8166666666666667,0.8833333333333333
tabular,3,20_letter,0.0,LOF,LOF,0.8929333333333334,0.8929333333333334,0.2180629629629629,hard_K30,0.0,ok,0.0,0.0,0.0,0.0,0.012833333333333252,0.0,0.5499999999999999,0.7333333333333334,0.7666666666666667,0.9166666666666666,0.8499999999999999,0.9500000000000001
tabular,3,22_magic.gamma,0.01304655665308374,LOF,KNN,0.8501654252399616,0.8371188685868779,0.0980130640456146,hard_K30,0.01304655665308374,flip,0.01304655665308374,0.01304655665308374,0.01304655665308374,0.01304655665308374,0.01304655665308374,0.01304655665308374,0.9,0.9166666666666666,0.9,0.9500000000000001,0.8333333333333333,0.8333333333333333
tabular,3,23_mammography,0.07126386199612755,LOF,ECOD,0.9042914979757086,0.8330276359795811,0.03584032545130955,hard_K30,0.07126386199612755,flip,0.07126386199612755,0.07126386199612755,0.07126386199612755,0.07126386199612755,0.07126386199612755,0.07126386199612755,-0.5833333333333334,-0.5,-0.5833333333333334,-0.7,-0.33333333333333337,-0.19999999999999998
tabular,3,25_musk,0.0,LOF,CBLOF,1.0,1.0,0.009134828053136146,hard_K30,0.0,ok,0.0,0.0,0.0,0.0,0.0,0.0,0.7485541619237269,0.7302967433402214,0.7302967433402214,0.7485541619237269,0.6755244875897048,0.45643546458763845
tabular,3,26_optdigits,0.00029914529914520926,KNN,LOF,0.9964102564102564,0.9961111111111112,0.1710597468770545,hard_K30,0.00029914529914520926,ok,0.00029914529914520926,0.00029914529914520926,0.00029914529914520926,0.00029914529914520926,0.00029914529914520926,0.00029914529914520926,0.880952380952381,0.9047619047619048,0.880952380952381,0.7857142857142858,0.7380952380952381,0.8571428571428572
tabular,3,27_PageBlocks,0.006558693078049793,LOF,PCA,0.9356553675717983,0.9290966744937486,0.111929609783183,hard_K30,0.006558693078049793,ok,0.006558693078049793,0.006558693078049793,0.006558693078049793,0.006558693078049793,0.007016276316053394,0.007016276316053394,0.18333333333333335,0.0,0.7999999999999999,0.31666666666666665,0.8833333333333333,0.65
tabular,3,28_pendigits,0.005412681138667774,LOF,KNN,0.9993842717223208,0.993971590583653,0.04640978970837495,hard_K30,0.005412681138667774,ok,0.005412681138667774,0.005412681138667774,0.005412681138667774,0.005412681138667774,0.005412681138667774,0.005412681138667774,0.9166666666666666,0.9166666666666666,0.9166666666666666,0.9500000000000001,0.9166666666666666,0.9833333333333333
tabular,3,29_Pima,0.0799626865671641,LOF,IForest,0.7337686567164179,0.6538059701492538,0.06115671641791043,smallest_K50,0.0,weighting_failure,0.0799626865671641,0.0799626865671641,0.04496268656716418,0.0799626865671641,0.0799626865671641,0.0,0.016666666666666666,0.3,0.4666666666666666,0.5,0.31666666666666665,0.7166666666666667
tabular,3,30_satellite,0.02171872209323089,LOF,KNN,0.8749726513663154,0.8532539292730845,0.12061398612847529,smallest_K30,0.0,weighting_failure,0.02171872209323089,0.02171872209323089,0.02171872209323089,0.02171872209323089,0.0,0.0,0.8333333333333333,0.8333333333333333,0.8499999999999999,0.9,0.8166666666666667,0.8833333333333333
tabular,3,31_satimage-2,0.004064491570170747,LOF,KNN,0.9990913221263061,0.9950268305561354,0.014828094791747515,smallest_K30,0.0,ok,0.004064491570170747,0.004064491570170747,0.004064491570170747,0.004064491570170747,0.0,0.004064491570170747,0.43333333333333335,0.75,0.38333333333333336,0.43333333333333335,0.8666666666666667,0.7999999999999999
tabular,3,32_shuttle,0.0,LOF,LOF,0.9989421271123019,0.9989421271123019,0.02563875174622754,hard_K30,0.0,ok,0.0,0.0,0.0,0.0,0.0025077235091490735,0.0025077235091490735,0.4666666666666666,0.18333333333333335,0.75,0.65,0.8666666666666667,0.6166666666666666
tabular,3,35_SpamBase,0.044375180973052264,PCA,IForest,0.8350561575566107,0.7906809765835584,0.12010686139955629,hard_K30,0.0,weighting_failure,0.0,0.22374389988394172,0.044375180973052264,0.0,0.044375180973052264,0.044375180973052264,0.9333333333333332,0.3,0.6333333333333333,0.4666666666666666,0.19999999999999998,0.26666666666666666
tabular,3,36_speech,0.0,LOF,LOF,0.5231204070096099,0.5231204070096099,0.031337227561082814,hard_K30,0.0,ok,0.0,0.0,0.0,0.0,0.0,0.0,0.33333333333333337,0.26666666666666666,0.0,0.5,0.6333333333333333,0.7
tabular,3,37_Stamps,0.02809573361082196,LOF,PCA,0.9640998959417273,0.9360041623309053,0.018210197710717968,smallest_K30,0.007804370447450415,ill_posed,0.02809573361082196,0.02809573361082196,0.02809573361082196,0.02809573361082196,0.007804370447450415,0.007804370447450415,0.16666666666666669,0.06666666666666667,0.016666666666666666,0.2333333333333333,0.33333333333333337,0.33333333333333337
tabular,3,38_thyroid,0.02178295932678831,LOF,HBOS,0.9927390135577373,0.970956054230949,0.029263090229079136,hard_K30,0.02178295932678831,flip,0.02178295932678831,0.02178295932678831,0.02178295932678831,0.02178295932678831,0.02178295932678831,0.02178295932678831,-0.15,-0.31666666666666665,0.13333333333333333,0.15,-0.08333333333333334,0.5499999999999999
tabular,3,39_vertebral,0.06825396825396823,IForest,LOF,0.557936507936508,0.4896825396825397,0.08187830687830688,random_K30,0.06825396825396823,flip,0.11071428571428565,0.11071428571428565,0.06825396825396823,0.06825396825396823,0.09047619047619049,0.09047619047619049,0.19999999999999998,0.21666666666666667,0.43333333333333335,0.43333333333333335,0.45,0.45
tabular,3,40_vowels,0.002695035460992923,LOF,KNN,0.9719148936170212,0.9692198581560283,0.218983451536643,random_K30,0.0,ok,0.002695035460992923,0.002695035460992923,0.0,0.002695035460992923,0.0,0.002695035460992923,0.9666666666666667,0.9666666666666667,0.9833333333333333,0.9500000000000001,0.9666666666666667,0.9833333333333333
tabular,3,41_Waveform,0.02479820627802698,KNN,CBLOF,0.8148729446935725,0.7900747384155455,0.09423351602723806,hard_K50,0.02479820627802698,flip,0.11165919282511216,0.02479820627802698,0.02479820627802698,0.02479820627802698,0.1617339312406576,0.02479820627802698,-0.6,0.7,0.5,0.75,-0.6166666666666666,0.7166666666666667
tabular,3,42_WBC,0.0,CBLOF,CBLOF,0.9976744186046511,0.9976744186046511,0.01033591731266148,hard_K30,0.0,ok,0.0,0.0,0.0,0.0,0.0046511627906975495,0.0046511627906975495,0.36604030822626193,0.297939785765562,0.314964916380737,0.314964916380737,0.4171157000717869,0.4171157000717869
tabular,3,43_WDBC,0.009722222222222188,IForest,CBLOF,1.0,0.9902777777777778,0.010185185185185186,hard_K30,0.0,ok,0.0,0.0,0.04583333333333328,0.04583333333333328,0.009722222222222188,0.009722222222222188,0.6272087408492496,0.8306277919354926,-0.4407412773535268,-0.4407412773535268,-0.7628214415734117,-0.7628214415734117
tabular,3,44_Wilt,0.10428697456966163,KNN,LOF,0.8817725802396,0.7774856056699384,0.359058921690772,hard_K30,0.0,weighting_failure,0.0,0.0,0.0,0.10428697456966163,0.10428697456966163,0.10428697456966163,0.5666666666666667,0.7833333333333333,0.6333333333333333,0.7166666666666667,0.38333333333333336,0.11666666666666665
tabular,3,47_yeast,0.03356076158273957,LOF,CBLOF,0.4905607213299521,0.4569999597472125,0.07077893616355158,hard_K30,0.03356076158273957,flip,0.03356076158273957,0.03356076158273957,0.03356076158273957,0.03356076158273957,0.07176065692549205,0.03356076158273957,0.2833333333333333,0.7999999999999999,0.4666666666666666,0.5833333333333334,-0.45,0.2333333333333333
tabular,3,6_cardio,0.014968415270530055,LOF,IForest,0.9608452348255974,0.9458768195550673,0.039244884647074985,hard_K30,0.014968415270530055,flip,0.014968415270530055,0.014968415270530055,0.014968415270530055,0.014968415270530055,0.014968415270530055,0.04296553144740456,,,,,,
tabular,4,14_glass,0.03252032520325199,CBLOF,KNN,0.8943089430894309,0.8617886178861789,0.10689551339957848,hard_K30,0.03252032520325199,flip,0.03252032520325199,0.03252032520325199,0.14092140921409213,0.14092140921409213,0.03252032520325199,0.03252032520325199,0.5666666666666667,0.5666666666666667,0.5333333333333333,0.5333333333333333,0.7666666666666667,0.7166666666666667
tabular,4,18_Ionosphere,0.014462081128747695,CBLOF,LOF,0.9590828924162257,0.944620811287478,0.09592396629433653,hard_K30,0.0,weighting_failure,0.0,0.0,0.014462081128747695,0.014462081128747695,0.014462081128747695,0.014462081128747695,0.8166666666666667,0.8166666666666667,0.9333333333333332,0.9333333333333332,0.3,0.33333333333333337
tabular,4,19_landsat,0.00794419956605219,LOF,KNN,0.7632882755458699,0.7553440759798177,0.20153471276732005,hard_K30,0.00794419956605219,ok,0.00794419956605219,0.00794419956605219,0.00794419956605219,0.00794419956605219,0.00794419956605219,0.00794419956605219,0.9333333333333332,0.8499999999999999,0.9166666666666666,0.8666666666666667,0.8666666666666667,0.8666666666666667
tabular,4,20_letter,0.0,LOF,LOF,0.8941666666666667,0.8941666666666667,0.2214814814814815,hard_K30,0.0,ok,0.0,0.0,0.0,0.0,0.0,0.014766666666666595,0.6333333333333333,0.75,0.8333333333333333,0.7333333333333334,0.8833333333333333,0.9500000000000001
tabular,4,22_magic.gamma,0.01137781878693489,LOF,KNN,0.8419073759268274,0.8305295571398925,0.10299946871807264,hard_K30,0.01137781878693489,flip,0.01137781878693489,0.01137781878693489,0.01137781878693489,0.01137781878693489,0.01137781878693489,0.01137781878693489,0.9333333333333332,0.8499999999999999,0.9166666666666666,0.8499999999999999,0.7333333333333334,0.8499999999999999
tabular,4,23_mammography,0.04269670832599903,LOF,ECOD,0.9031121281464531,0.8604154198204541,0.030813041522423812,hard_K30,0.04269670832599903,flip,0.04269670832599903,0.04269670832599903,0.04269670832599903,0.04269670832599903,0.04269670832599903,0.04269670832599903,-0.5833333333333334,-0.6,-0.48333333333333334,-0.5333333333333333,-0.31666666666666665,-0.3
tabular,4,25_musk,0.0,LOF,CBLOF,1.0,1.0,0.016915561273274093,hard_K30,0.0,ok,0.0,0.0,0.0,0.0,0.0,0.0,0.6963106238227914,0.6963106238227914,0.6789028582272216,0.7572378034072856,0.809461100193995,0.6876067410250065
tabular,4,26_optdigits,0.0015351742274819502,KNN,LOF,0.9985798816568048,0.9970447074293228,0.18596277120315585,smallest_K50,0.0,ok,0.0015351742274819502,0.0015351742274819502,0.0015351742274819502,0.0015351742274819502,0.17431295200525976,0.0,0.7857142857142858,0.9047619047619048,0.8571428571428572,0.6428571428571429,0.4523809523809524,0.4047619047619048
tabular,4,27_PageBlocks,0.0,LOF,LOF,0.9462159070383527,0.9462159070383527,0.10749961533572816,hard_K30,0.0,ok,0.0,0.0,0.0,0.0,0.014075701928673245,0.014075701928673245,0.3,0.31666666666666665,0.19999999999999998,0.6166666666666666,-0.03333333333333333,0.8833333333333333
tabular,4,28_pendigits,0.006500945071309938,LOF,KNN,0.998906962979934,0.992406017908624,0.04199786589957866,hard_K30,0.006500945071309938,ok,0.006500945071309938,0.006500945071309938,0.006500945071309938,0.006500945071309938,0.006500945071309938,0.006500945071309938,0.9166666666666666,0.9,0.9166666666666666,0.9,0.9,0.9500000000000001
tabular,4,29_Pima,0.0,IForest,IForest,0.7328731343283582,0.7328731343283582,0.058461857379767834,smallest_K30,0.0,ok,0.03727611940298503,0.03727611940298503,0.08220149253731346,0.08220149253731346,0.0,0.0,0.03333333333333333,0.13333333333333333,0.16666666666666669,0.39999999999999997,0.39999999999999997,0.6
tabular,4,30_satellite,0.02854974102518304,LOF,CBLOF,0.8775356090373281,0.848985868012145,0.11562689145879224,hard_K30,0.02854974102518304,flip,0.02854974102518304,0.02854974102518304,0.02854974102518304,0.02854974102518304,0.02854974102518304,0.02854974102518304,0.8333333333333333,0.8166666666666667,0.8666666666666667,0.7999999999999999,0.7999999999999999,0.7999999999999999
tabular,4,31_satimage-2,0.003708388079128544,LOF,KNN,0.9992632341564645,0.9955548460773359,0.013246776990529785,smallest_K30,0.0,ok,0.003708388079128544,0.003708388079128544,0.003708388079128544,0.024890406080774086,0.0,0.0,0.6333333333333333,0.5,0.7166666666666667,0.43333333333333335,0.8833333333333333,0.9166666666666666
tabular,4,32_shuttle,0.0,LOF,LOF,0.999108589186906,0.999108589186906,0.010307450984900046,hard_K30,0.0,ok,0.0,0.0,0.0,0.0,0.0028404133807146126,0.0,0.2333333333333333,0.21666666666666667,0.6166666666666666,0.45,0.6333333333333333,0.6666666666666667
tabular,4,35_SpamBase,0.03163408955547131,PCA,IForest,0.835429874266397,0.8037957847109257,0.11120998419338535,random_K50,0.0,weighting_failure,0.1992221984194431,0.13465042480113565,0.03163408955547131,0.0,0.03163408955547131,0.03163408955547131,-0.38333333333333336,-0.38333333333333336,0.3666666666666667,0.5833333333333334,0.26666666666666666,0.13333333333333333
tabular,4,36_speech,0.0,LOF,LOF,0.49910684002261163,0.49910684002261163,0.0289177815463853,random_K30,0.0,ok,0.017388355002826428,0.017388355002826428,0.0,0.0,0.0,0.0,0.5166666666666667,0.5833333333333334,0.15,0.6166666666666666,0.06666666666666667,0.31666666666666665
tabular,4,37_Stamps,0.032258064516129004,LOF,KNN,0.9464099895941728,0.9141519250780438,0.021158515435310554,smallest_K30,0.0,weighting_failure,0.032258064516129004,0.032258064516129004,0.012486992715920908,0.012486992715920908,0.0,0.0,0.08333333333333334,0.08333333333333334,0.25,0.25,0.4666666666666666,0.4666666666666666
tabular,4,38_thyroid,0.014032550257129461,LOF,HBOS,0.9919866175783076,0.9779540673211782,0.027039179782868406,hard_K30,0.014032550257129461,flip,0.014032550257129461,0.014032550257129461,0.014032550257129461,0.014032550257129461,0.014032550257129461,0.014032550257129461,-0.31666666666666665,-0.11666666666666665,-0.08333333333333334,0.06666666666666667,0.43333333333333335,0.16666666666666669
tabular,4,39_vertebral,0.11111111111111116,CBLOF,LOF,0.5603174603174603,0.44920634920634916,0.14365079365079364,hard_K30,0.11111111111111116,flip,0.11111111111111116,0.11111111111111116,0.11111111111111116,0.11111111111111116,0.11825396825396822,0.11825396825396822,0.48333333333333334,0.48333333333333334,0.21666666666666667,0.21666666666666667,0.45,0.5499999999999999
tabular,4,40_vowels,0.007659574468085184,LOF,KNN,0.9678014184397163,0.9601418439716312,0.22211189913317575,smallest_K50,0.0,ok,0.007659574468085184,0.007659574468085184,0.007659574468085184,0.007659574468085184,0.007659574468085184,0.0,0.9666666666666667,0.8333333333333333,0.9833333333333333,0.9500000000000001,0.9166666666666666,0.9666666666666667
tabular,4,41_Waveform,0.0,KNN,KNN,0.7907025411061286,0.7907025411061286,0.08555680119581466,hard_K50,0.0,ok,0.10149476831091175,0.0,0.0,0.0,0.0,0.10149476831091175,,,,,,
tabular,4,42_WBC,0.0,CBLOF,CBLOF,1.0,1.0,0.005426356589147252,hard_K30,0.0,ok,0.0,0.0,0.0,0.0,0.0046511627906976605,0.0046511627906976605,-0.4199206274206273,-0.4199206274206273,-0.5294651389216606,-0.5294651389216606,-0.6755244875897048,-0.6755244875897048
tabular,4,43_WDBC,0.008333333333333304,IForest,CBLOF,0.9986111111111111,0.9902777777777778,0.01327160493827162,hard_K30,0.0,ok,0.0,0.0,0.008333333333333304,0.008333333333333304,0.05972222222222223,0.05972222222222223,0.7781908761707192,0.7781908761707192,-0.7694471584609358,-0.7257285699120191,-0.8481406178489861,-0.8481406178489861
tabular,4,44_Wilt,0.10581697145852587,KNN,LOF,0.8920819464628943,0.7862649750043684,0.37922921493780803,random_K50,0.0,weighting_failure,0.10581697145852587,0.10581697145852587,0.10581697145852587,0.0,0.10581697145852587,0.10581697145852587,0.5333333333333333,0.4666666666666666,0.8333333333333333,0.6,0.7166666666666667,0.65
tabular,4,47_yeast,0.03960874290544614,LOF,CBLOF,0.5210823974560238,0.48147365455057767,0.08053241020273982,hard_K30,0.03960874290544614,flip,0.03960874290544614,0.03960874290544614,0.03960874290544614,0.03960874290544614,0.07107635953789798,0.03960874290544614,0.6833333333333333,0.8333333333333333,0.31666666666666665,0.5333333333333333,0.11666666666666665,0.31666666666666665
tabular,4,6_cardio,0.03283781928041751,LOF,IForest,0.9577210931062895,0.924883273825872,0.039234156138423515,hard_K30,0.03283781928041751,flip,0.03283781928041751,0.03283781928041751,0.03283781928041751,0.03283781928041751,0.03283781928041751,0.04830403735237565,,,,,,
cv,0,CIFAR10_0,0.019315589353612106,LOF,KNN,0.7440608365019011,0.724745247148289,0.034843683988170726,smallest_K30,0.0,weighting_failure,0.019315589353612106,0.019315589353612106,0.019315589353612106,0.019315589353612106,0.0,0.02815589353612169,0.7166666666666667,0.75,0.5166666666666667,0.7833333333333333,0.6,-0.33333333333333337
cv,0,CIFAR10_1,0.0,LOF,LOF,0.7346996197718632,0.7346996197718632,0.16029277566539923,hard_K30,0.0,ok,0.0,0.0,0.0,0.0,0.11508745247148289,0.3109011406844107,0.9333333333333332,0.9166666666666666,0.8666666666666667,0.9500000000000001,0.016666666666666666,-0.26666666666666666
cv,0,CIFAR10_2,0.0,LOF,LOF,0.6630342205323194,0.6630342205323194,0.053513307984790925,hard_K30,0.0,ok,0.0,0.0,0.0,0.0,0.04147528517110266,0.04147528517110266,0.6166666666666666,0.6333333333333333,0.7666666666666667,0.5333333333333333,0.7833333333333333,0.5333333333333333
cv,0,CIFAR10_3,0.0,LOF,LOF,0.6561596958174906,0.6561596958174906,0.10268678707224344,hard_K30,0.0,ok,0.0,0.0,0.0,0.0,0.05719771863117873,0.05719771863117873,,,,,,
cv,0,CIFAR10_4,0.019334600760456233,LOF,KNN,0.7877984790874525,0.7684638783269963,0.03206590621039285,hard_K30,0.019334600760456233,flip,0.019334600760456233,0.019334600760456233,0.019334600760456233,0.019334600760456233,0.039125475285171185,0.019334600760456233,0.5499999999999999,0.6666666666666667,0.7833333333333333,0.7,0.13333333333333333,0.9500000000000001
cv,0,CIFAR10_5,0.0,LOF,LOF,0.623425855513308,0.623425855513308,0.09069919729615539,hard_K30,0.0,ok,0.0,0.0,0.0,0.0,0.0,0.0,0.6833333333333333,0.8666666666666667,0.7666666666666667,0.7666666666666667,0.38333333333333336,0.45
cv,0,CIFAR10_6,0.0,LOF,LOF,0.7604448669201521,0.7604448669201521,0.06912463033375582,hard_K30,0.0,ok,0.0,0.0,0.0,0.0,0.05385931558935353,0.05385931558935353,0.6666666666666667,0.7166666666666667,0.6666666666666667,0.5666666666666667,0.33333333333333337,-0.19999999999999998
cv,0,CIFAR10_7,0.0,LOF,LOF,0.7320114068441065,0.7320114068441065,0.08674862695395025,hard_K30,0.0,ok,0.0,0.0,0.0,0.0,0.06487832699619778,0.0,0.9333333333333332,0.9333333333333332,0.6,0.9333333333333332,0.11666666666666665,0.7333333333333334
cv,0,CIFAR10_8,0.0,LOF,LOF,0.7836425855513307,0.7836425855513307,0.059487114490916815,hard_K30,0.0,ok,0.0,0.0,0.0,0.0,0.042505703422053065,0.041384030418250894,0.75,0.3666666666666667,0.48333333333333334,0.5,-0.08333333333333334,-0.09999999999999999
cv,0,CIFAR10_9,0.0,LOF,LOF,0.7761558935361217,0.7761558935361217,0.09369708491761719,hard_K30,0.0,ok,0.0,0.0,0.0,0.0,0.06936882129277566,0.06693536121673005,0.65,0.75,0.7833333333333333,0.7166666666666667,0.21666666666666667,-0.2333333333333333
cv,0,FashionMNIST_0,0.016521164021163992,LOF,KNN,0.9119523809523811,0.8954312169312171,0.07139535567313349,smallest_K30,0.0,weighting_failure,0.016521164021163992,0.016521164021163992,0.016521164021163992,0.016521164021163992,0.0,0.0,0.6833333333333333,0.5333333333333333,0.6333333333333333,0.8166666666666667,0.5166666666666667,0.5166666666666667
cv,0,FashionMNIST_1,0.006743386243386107,LOF,KNN,0.9907830687830688,0.9840396825396827,0.037440329218106916,hard_K30,0.006743386243386107,ok,0.006743386243386107,0.006743386243386107,0.006743386243386107,0.006743386243386107,0.09542857142857131,0.006743386243386107,0.6666666666666667,0.9166666666666666,0.65,0.9166666666666666,-0.8499999999999999,0.75
cv,0,FashionMNIST_2,0.023166666666666447,LOF,KNN,0.895648148148148,0.8724814814814815,0.09926455026455017,smallest_K30,0.0,weighting_failure,0.023166666666666447,0.023166666666666447,0.023166666666666447,0.023166666666666447,0.0,0.023928571428571188,0.6166666666666666,0.6666666666666667,0.5833333333333334,0.8833333333333333,0.9333333333333332,0.5833333333333334
cv,0,FashionMNIST_3,0.0,LOF,LOF,0.9249920634920636,0.9249920634920636,0.05738154027042919,hard_K30,0.0,ok,0.0,0.0,0.0,0.0,0.011433862433862574,0.03494179894179905,0.7666666666666667,0.7333333333333334,0.7999999999999999,0.7999999999999999,0.7,-0.19999999999999998
cv,0,FashionMNIST_4,0.0,LOF,LOF,0.8763227513227512,0.8763227513227512,0.09174661963550845,hard_K30,0.0,ok,0.0,0.0,0.0,0.0,0.006470899470899294,0.04019576719576701,0.6666666666666667,0.9,0.9166666666666666,0.9166666666666666,0.6666666666666667,0.21666666666666667
cv,0,FashionMNIST_5,0.029915343915344006,LOF,CBLOF,0.966309523809524,0.93639417989418,0.026328924162257517,smallest_K50,0.0,weighting_failure,0.029915343915344006,0.029915343915344006,0.029915343915344006,0.029915343915344006,0.029190476190476322,0.0,0.7,0.7,0.5166666666666667,0.6833333333333333,0.15,0.5499999999999999
cv,0,FashionMNIST_6,0.006417989417989434,LOF,KNN,0.8248597883597883,0.8184417989417989,0.1117372134038801,hard_K30,0.006417989417989434,ok,0.006417989417989434,0.006417989417989434,0.006417989417989434,0.006417989417989434,0.006417989417989434,0.045589947089947236,0.8833333333333333,0.8833333333333333,0.9166666666666666,0.8833333333333333,0.6833333333333333,0.7833333333333333
cv,0,FashionMNIST_7,0.0,LOF,LOF,0.9709444444444445,0.9709444444444445,0.013913286302175254,hard_K30,0.0,ok,0.0,0.0,0.0,0.0,0.027542328042328035,0.01641005291005282,0.8499999999999999,0.9166666666666666,0.6666666666666667,0.5499999999999999,-0.5666666666666667,-0.38333333333333336
cv,0,FashionMNIST_8,0.0,LOF,LOF,0.8994576719576719,0.8994576719576719,0.1372539682539683,hard_K30,0.0,ok,0.0,0.0,0.0,0.0,0.023095238095238058,0.1469814814814815,0.9333333333333332,0.7833333333333333,0.9500000000000001,0.9500000000000001,-0.11666666666666665,-0.5666666666666667
cv,0,FashionMNIST_9,0.0,LOF,LOF,0.976915343915344,0.976915343915344,0.021088771310993626,hard_K30,0.0,ok,0.0,0.0,0.0,0.0,0.0,0.007425925925925947,0.8499999999999999,0.6833333333333333,0.8166666666666667,0.6666666666666667,0.8666666666666667,0.8166666666666667
cv,1,CIFAR10_0,0.01168821292775657,LOF,KNN,0.7389201520912547,0.7272319391634982,0.03840895648500198,smallest_K30,0.0,weighting_failure,0.01168821292775657,0.01168821292775657,0.01168821292775657,0.01168821292775657,0.0,0.01168821292775657,0.5166666666666667,0.5666666666666667,0.8333333333333333,0.7,0.8333333333333333,0.7333333333333334
cv,1,CIFAR10_1,0.0,LOF,LOF,0.7608022813688214,0.7608022813688214,0.16509209970426708,hard_K30,0.0,ok,0.0,0.0,0.0,0.0,0.1754942965779469,0.30665399239543745,0.8833333333333333,0.8166666666666667,0.8333333333333333,0.8666666666666667,-0.26666666666666666,-0.41666666666666663
cv,1,CIFAR10_2,0.0,LOF,LOF,0.6594752851711027,0.6594752851711027,0.0577401774397972,hard_K30,0.0,ok,0.0,0.0,0.0,0.0,0.04798859315589343,0.046159695817490465,0.6833333333333333,0.6833333333333333,0.6666666666666667,0.8499999999999999,0.8333333333333333,0.11666666666666665
cv,1,CIFAR10_3,0.0,LOF,LOF,0.6598365019011406,0.6598365019011406,0.08482002534854227,hard_K30,0.0,ok,0.0,0.0,0.0,0.0,0.08225475285171091,0.06145627376425844,0.9,0.7333333333333334,0.7666666666666667,0.3666666666666667,-0.6833333333333333,0.33333333333333337
cv,1,CIFAR10_4,0.012140684410646418,LOF,KNN,0.7921254752851711,0.7799847908745247,0.03134347275031679,smallest_K50,0.0,weighting_failure,0.012140684410646418,0.012140684410646418,0.012140684410646418,0.012140684410646418,0.02344106463878326,0.0,0.7333333333333334,0.43333333333333335,0.7999999999999999,0.7333333333333334,0.8833333333333333,0.6333333333333333
cv,1,CIFAR10_5,0.0,LOF,LOF,0.6176007604562737,0.6176007604562737,0.08750697084917614,hard_K30,0.0,ok,0.0,0.0,0.0,0.0,0.03293916349809878,0.20708365019011388,0.8833333333333333,0.9333333333333332,0.7166666666666667,0.8333333333333333,0.31666666666666665,-0.7999999999999999
cv,1,CIFAR10_6,0.0,LOF,LOF,0.7568669201520912,0.7568669201520912,0.05818546683565695,hard_K30,0.0,ok,0.0,0.0,0.0,0.0,0.003946768060836492,0.05110646387832707,0.9,0.9166666666666666,0.8499999999999999,0.8666666666666667,0.2333333333333333,-0.43333333333333335
cv,1,CIFAR10_7,0.0,LOF,LOF,0.7188859315589353,0.7188859315589353,0.09292062737642581,hard_K30,0.0,ok,0.0,0.0,0.0,0.0,0.0,0.05522813688212924,,,,,,
cv,1,CIFAR10_8,0.0,LOF,LOF,0.7714980988593155,0.7714980988593155,0.06735868187579208,hard_K30,0.0,ok,0.0,0.0,0.0,0.0,0.11960456273764253,0.04742965779467678,0.7999999999999999,0.8166666666666667,0.8333333333333333,0.6,-0.48333333333333334,-0.39999999999999997
cv,1,CIFAR10_9,0.0,LOF,LOF,0.768277566539924,0.768277566539924,0.08477904520490076,hard_K30,0.0,ok,0.0,0.0,0.0,0.0,0.0,0.0,0.75,0.8166666666666667,0.8166666666666667,0.8499999999999999,0.9666666666666667,0.8333333333333333
cv,1,FashionMNIST_0,0.017965608465608685,LOF,KNN,0.9203068783068784,0.9023412698412697,0.06843356848912407,hard_K30,0.017965608465608685,flip,0.017965608465608685,0.017965608465608685,0.017965608465608685,0.017965608465608685,0.026727513227513322,0.041320105820105923,0.7666666666666667,0.65,0.8333333333333333,0.8166666666666667,0.7999999999999999,0.21666666666666667
cv,1,FashionMNIST_1,0.004153439153439131,LOF,KNN,0.9924153439153439,0.9882619047619048,0.03670223398001182,smallest_K30,0.0,ok,0.004153439153439131,0.004153439153439131,0.004153439153439131,0.004153439153439131,0.0,0.018611111111111134,0.7,0.9166666666666666,0.65,0.8666666666666667,0.8666666666666667,0.5166666666666667
cv,1,FashionMNIST_2,0.02552645502645501,LOF,KNN,0.8959999999999999,0.8704735449735449,0.10788389182833624,smallest_K50,0.0,weighting_failure,0.02552645502645501,0.02552645502645501,0.02552645502645501,0.02552645502645501,0.02552645502645501,0.0,0.7,0.6666666666666667,0.8333333333333333,0.6333333333333333,0.7,0.8333333333333333
cv,1,FashionMNIST_3,0.0,LOF,LOF,0.9302830687830688,0.9302830687830688,0.06558406819517937,hard_K30,0.0,ok,0.0,0.0,0.0,0.0,0.012433862433862464,0.04219576719576712,0.7999999999999999,0.6,0.8499999999999999,0.7,0.21666666666666667,0.8166666666666667
cv,1,FashionMNIST_4,0.0,LOF,LOF,0.8789365079365079,0.8789365079365079,0.07886860670194007,hard_K30,0.0,ok,0.0,0.0,0.0,0.0,0.03090476190476188,0.0445820105820105,0.9166666666666666,0.5833333333333334,0.8833333333333333,0.9166666666666666,0.33333333333333337,-0.08333333333333334
cv,1,FashionMNIST_5,0.030380952380952286,LOF,CBLOF,0.9627089947089946,0.9323280423280423,0.02988918283362718,smallest_K50,0.007992063492063384,weighting_failure,0.030380952380952286,0.030380952380952286,0.030380952380952286,0.030380952380952286,0.018121693121693094,0.007992063492063384,0.7833333333333333,0.5833333333333334,0.6333333333333333,0.75,0.18333333333333335,0.6
cv,1,FashionMNIST_6,0.0,LOF,LOF,0.8073174603174603,0.8073174603174603,0.12663051146384496,hard_K30,0.0,ok,0.0,0.0,0.0,0.0,0.001526455026454987,0.001526455026454987,0.8666666666666667,0.7833333333333333,0.9,0.9500000000000001,0.8333333333333333,0.6666666666666667
cv,1,FashionMNIST_7,0.0,LOF,LOF,0.9734074074074074,0.9734074074074074,0.01630864197530857,hard_K30,0.0,ok,0.0,0.0,0.0,0.0,0.016256613756613802,0.016256613756613802,0.8833333333333333,0.8833333333333333,0.7166666666666667,0.6333333333333333,0.03333333333333333,-0.5166666666666667
cv,1,FashionMNIST_8,0.0,LOF,LOF,0.9110476190476191,0.9110476190476191,0.14378218694885359,hard_K30,0.0,ok,0.0,0.0,0.0,0.0,0.0,0.02173015873015871,0.8666666666666667,0.9,0.8666666666666667,0.9,0.8499999999999999,0.0
cv,1,FashionMNIST_9,0.0,LOF,LOF,0.9786031746031746,0.9786031746031746,0.023141975308642038,hard_K30,0.0,ok,0.0,0.0,0.0,0.0,0.0,0.0,0.9500000000000001,0.6833333333333333,0.8166666666666667,0.8833333333333333,0.7999999999999999,0.049999999999999996
cv,2,CIFAR10_0,0.0033384030418250887,LOF,KNN,0.7415665399239544,0.7382281368821293,0.030879594423320555,smallest_K30,0.0,ok,0.0033384030418250887,0.0033384030418250887,0.0033384030418250887,0.0033384030418250887,0.0,0.0,0.7333333333333334,0.5,0.7833333333333333,0.7166666666666667,0.5833333333333334,0.5833333333333334
cv,2,CIFAR10_1,0.0,LOF,LOF,0.7402737642585552,0.7402737642585552,0.16361258977608784,hard_K30,0.0,ok,0.0,0.0,0.10454752851711013,0.0,0.29989353612167297,0.29989353612167297,0.8333333333333333,0.6166666666666666,0.8333333333333333,0.8166666666666667,-0.39999999999999997,-0.3
cv,2,CIFAR10_2,0.0,LOF,LOF,0.679403041825095,0.679403041825095,0.06445532319391634,hard_K30,0.0,ok,0.0,0.0,0.0,0.0,0.0,,,,,,,
cv,2,CIFAR10_3,0.0,LOF,LOF,0.664019011406844,0.664019011406844,0.08522053231939164,hard_K30,0.0,ok,0.0,0.0,0.0,0.0,0.06108365019011386,0.06108365019011386,0.7999999999999999,0.8666666666666667,0.9,0.4666666666666666,0.21666666666666667,0.5666666666666667
cv,2,CIFAR10_4,0.010410646387832734,LOF,KNN,0.7873764258555134,0.7769657794676806,0.026037600337980638,smallest_K30,0.0,weighting_failure,0.010410646387832734,0.010410646387832734,0.010410646387832734,0.010410646387832734,0.0,0.04168060836501908,0.5333333333333333,0.5333333333333333,0.5333333333333333,0.7666666666666667,0.8833333333333333,0.0
cv,2,CIFAR10_5,0.0,LOF,LOF,0.6158403041825096,0.6158403041825096,0.08637727080692859,hard_K30,0.0,ok,0.0,0.0,0.0,0.0,0.03184790874524723,0.0,0.8166666666666667,0.9166666666666666,0.8166666666666667,0.8499999999999999,0.2333333333333333,0.7666666666666667
cv,2,CIFAR10_6,0.0,LOF,LOF,0.7703269961977187,0.7703269961977187,0.06108829742289823,hard_K30,0.0,ok,0.0,0.0,0.0,0.0,0.008901140684410724,0.008901140684410724,0.7999999999999999,0.8166666666666667,0.5666666666666667,0.7,0.5833333333333334,-0.5166666666666667
cv,2,CIFAR10_7,0.0,LOF,LOF,0.7271901140684411,0.7271901140684411,0.08355597803126324,hard_K30,0.0,ok,0.0,0.0,0.0,0.0,0.057615969581749193,0.057615969581749193,0.39999999999999997,0.8833333333333333,0.8666666666666667,0.8333333333333333,0.3666666666666667,-0.48333333333333334
cv,2,CIFAR10_8,0.0,LOF,LOF,0.7767376425855513,0.7767376425855513,0.07545796366708912,hard_K30,0.0,ok,0.0,0.0,0.0,0.0,0.04820532319391646,0.04820532319391646,0.5833333333333334,0.7333333333333334,0.8666666666666667,0.7666666666666667,0.5499999999999999,0.19999999999999998
cv,2,CIFAR10_9,0.0,LOF,LOF,0.7753802281368821,0.7753802281368821,0.09747486269539485,hard_K30,0.0,ok,0.0,0.0,0.07680988593155891,0.0,0.06846768060836506,0.06846768060836506,0.7999999999999999,0.75,0.75,0.7999999999999999,0.06666666666666667,0.03333333333333333
cv,2,FashionMNIST_0,0.018833333333333147,LOF,KNN,0.9176904761904762,0.898857142857143,0.06948500881834219,smallest_K30,0.0,weighting_failure,0.018833333333333147,0.018833333333333147,0.018833333333333147,0.018833333333333147,0.0,0.026235449735449667,0.7,0.9,0.7833333333333333,0.8333333333333333,0.39999999999999997,0.45
cv,2,FashionMNIST_1,0.0056851851851852375,LOF,KNN,0.9920079365079365,0.9863227513227513,0.04065990593768376,smallest_K30,0.0,ok,0.0056851851851852375,0.0056851851851852375,0.0056851851851852375,0.0056851851851852375,0.0,0.0056851851851852375,0.6166666666666666,0.65,0.6166666666666666,0.8833333333333333,0.7,0.33333333333333337
cv,2,FashionMNIST_2,0.02647619047619043,LOF,KNN,0.8980449735449735,0.871568783068783,0.11336272780717216,smallest_K50,0.0,weighting_failure,0.02647619047619043,0.02647619047619043,0.02647619047619043,0.02647619047619043,0.01613227513227511,0.0,0.6166666666666666,0.8333333333333333,0.8166666666666667,0.7666666666666667,0.6666666666666667,0.8166666666666667
cv,2,FashionMNIST_3,0.0,LOF,LOF,0.9236402116402116,0.9236402116402116,0.05289976484420922,hard_K30,0.0,ok,0.0,0.0,0.0,0.0,0.010746031746031615,0.010746031746031615,0.8166666666666667,0.8666666666666667,0.7166666666666667,0.7999999999999999,0.43333333333333335,0.03333333333333333
cv,2,FashionMNIST_4,0.0,LOF,LOF,0.8834206349206349,0.8834206349206349,0.08432451499118165,hard_K30,0.0,ok,0.0,0.0,0.0,0.0,0.00642857142857145,0.00642857142857145,0.5833333333333334,0.9,0.8833333333333333,0.6166666666666666,0.08333333333333334,0.15
cv,2,FashionMNIST_5,0.027335978835978714,LOF,CBLOF,0.9647460317460318,0.9374100529100531,0.02324985302763094,smallest_K30,0.006772486772486763,weighting_failure,0.027335978835978714,0.027335978835978714,0.027335978835978714,0.027335978835978714,0.006772486772486763,0.006772486772486763,0.43333333333333335,0.2333333333333333,0.21666666666666667,0.43333333333333335,0.5,0.18333333333333335
cv,2,FashionMNIST_6,0.00465608465608458,LOF,KNN,0.8218968253968253,0.8172407407407407,0.1393159905937682,smallest_K50,0.0,ok,0.00465608465608458,0.00465608465608458,0.00465608465608458,0.00465608465608458,0.00465608465608458,0.0,0.7666666666666667,0.6166666666666666,0.9,0.8333333333333333,0.8333333333333333,0.5666666666666667
cv,2,FashionMNIST_7,0.0,LOF,LOF,0.9724312169312169,0.9724312169312169,0.013970605526161028,hard_K30,0.0,ok,0.0,0.0,0.0,0.0,0.00017195767195776757,0.00017195767195776757,0.7,0.8833333333333333,0.8666666666666667,0.7666666666666667,0.2333333333333333,0.75
cv,2,FashionMNIST_8,0.0,LOF,LOF,0.9171931216931217,0.9171931216931217,0.14332392710170494,hard_K30,0.0,ok,0.0,0.0,0.0,0.0,0.01637830687830688,0.01637830687830688,0.8166666666666667,0.9,0.8333333333333333,0.9,0.6166666666666666,0.09999999999999999
cv,2,FashionMNIST_9,0.0,LOF,LOF,0.9768703703703703,0.9768703703703703,0.02121604938271615,hard_K30,0.0,ok,0.0,0.0,0.0,0.0,0.0,0.008071428571428507,0.8333333333333333,0.8333333333333333,0.7999999999999999,0.9166666666666666,0.48333333333333334,0.7666666666666667
cv,3,CIFAR10_0,0.0063155893536124275,LOF,KNN,0.7460608365019012,0.7397452471482888,0.03816814533164359,smallest_K50,0.0,ok,0.0063155893536124275,0.0063155893536124275,0.0063155893536124275,0.0063155893536124275,0.04238022813688225,0.0,0.43333333333333335,0.43333333333333335,0.6166666666666666,0.38333333333333336,0.0,0.5833333333333334
cv,3,CIFAR10_1,0.0,LOF,LOF,0.7448707224334601,0.7448707224334601,0.15456991972961565,hard_K30,0.0,ok,0.0,0.0,0.0,0.0,0.11328897338403043,0.11328897338403043,0.9166666666666666,0.9166666666666666,0.8833333333333333,0.8833333333333333,0.19999999999999998,0.2333333333333333
cv,3,CIFAR10_2,0.0,LOF,LOF,0.6712813688212927,0.6712813688212927,0.05606506125897759,hard_K30,0.0,ok,0.0,0.0,0.0,0.05505323193916356,0.0450570342205322,0.0450570342205322,0.7999999999999999,0.7666666666666667,0.7166666666666667,0.6166666666666666,0.18333333333333335,-0.25
cv,3,CIFAR10_3,0.0,LOF,LOF,0.6667718631178707,0.6667718631178707,0.08681073088297431,hard_K30,0.0,ok,0.0,0.0,0.0,0.0,0.07669961977186313,0.05882889733840302,0.7833333333333333,0.43333333333333335,0.7166666666666667,0.7,0.3666666666666667,0.13333333333333333
cv,3,CIFAR10_4,0.017494296577946655,LOF,KNN,0.7986920152091255,0.7811977186311788,0.03813350232361645,hard_K30,0.017494296577946655,flip,0.017494296577946655,0.017494296577946655,0.017494296577946655,0.017494296577946655,0.027136882129277562,0.017494296577946655,0.38333333333333336,0.5666666666666667,0.6166666666666666,0.5166666666666667,0.15,0.9
cv,3,CIFAR10_5,0.0,LOF,LOF,0.6284068441064639,0.6284068441064639,0.07769750739332482,hard_K30,0.0,ok,0.0,0.0,0.0,0.0,0.19241444866920143,0.032965779467680645,0.3666666666666667,0.8166666666666667,0.8833333333333333,0.65,-0.8666666666666667,-0.38333333333333336
cv,3,CIFAR10_6,0.0,LOF,LOF,0.7543764258555132,0.7543764258555132,0.06467596113223484,hard_K30,0.0,ok,0.0,0.0,0.0,0.0,0.04538403041825079,0.0036121673003800536,0.7833333333333333,0.8666666666666667,0.9,0.7833333333333333,0.33333333333333337,-0.18333333333333335
cv,3,CIFAR10_7,0.0,LOF,LOF,0.7257832699619772,0.7257832699619772,0.08094212082805241,hard_K30,0.0,ok,0.0,0.0,0.0,0.0,0.05698479087452479,0.05698479087452479,0.5666666666666667,0.8499999999999999,0.3666666666666667,0.65,0.3666666666666667,-0.6833333333333333
cv,3,CIFAR10_8,0.0,LOF,LOF,0.7646121673003802,0.7646121673003802,0.059427122940430954,hard_K30,0.0,ok,0.0,0.0,0.0,0.0,0.038365019011406765,0.04026996197718624,0.7999999999999999,0.5499999999999999,0.8333333333333333,0.8333333333333333,-0.38333333333333336,0.016666666666666666
cv,3,CIFAR10_9,0.0,LOF,LOF,0.7734372623574144,0.7734372623574144,0.0872513730460498,hard_K30,0.0,ok,0.0,0.0,0.05883269961977178,0.05883269961977178,0.0,0.07144866920152082,0.75,0.7666666666666667,0.5166666666666667,0.4666666666666666,0.7833333333333333,0.6333333333333333
cv,3,FashionMNIST_0,0.012626984126984153,LOF,KNN,0.9145449735449735,0.9019179894179894,0.06985920047031158,smallest_K30,0.0,weighting_failure,0.012626984126984153,0.012626984126984153,0.012626984126984153,0.012626984126984153,0.0,0.0,0.8166666666666667,0.5166666666666667,0.7999999999999999,0.5833333333333334,0.8666666666666667,0.43333333333333335
cv,3,FashionMNIST_1,0.005658730158730085,LOF,KNN,0.9897698412698412,0.9841111111111112,0.03510670194003529,hard_K30,0.005658730158730085,ok,0.005658730158730085,0.005658730158730085,0.005658730158730085,0.005658730158730085,0.011304232804232761,0.03359259259259251,0.6666666666666667,0.8499999999999999,0.7,0.9166666666666666,0.5166666666666667,0.45
cv,3,FashionMNIST_2,0.033074074074074034,LOF,KNN,0.8882328042328043,0.8551587301587302,0.11269753086419754,hard_K30,0.033074074074074034,flip,0.033074074074074034,0.033074074074074034,0.033074074074074034,0.033074074074074034,0.033074074074074034,0.033074074074074034,0.75,0.8833333333333333,0.6833333333333333,0.5499999999999999,0.7166666666666667,0.8499999999999999
cv,3,FashionMNIST_3,0.0,LOF,LOF,0.9345132275132275,0.9345132275132275,0.06147854203409764,hard_K30,0.0,ok,0.0,0.0,0.0,0.0,0.007859788359788289,0.007859788359788289,0.7833333333333333,0.7999999999999999,0.7999999999999999,0.8499999999999999,0.31666666666666665,0.5833333333333334
cv,3,FashionMNIST_4,0.0,LOF,LOF,0.8858571428571428,0.8858571428571428,0.09145679012345687,hard_K30,0.0,ok,0.0,0.0,0.0,0.0,0.00865343915343908,0.00865343915343908,0.7666666666666667,0.7999999999999999,0.7166666666666667,0.8833333333333333,0.2333333333333333,0.11666666666666665
cv,3,FashionMNIST_5,0.026058201058201003,LOF,CBLOF,0.966185185185185,0.940126984126984,0.02820487948265704,smallest_K30,0.0,weighting_failure,0.026058201058201003,0.026058201058201003,0.026058201058201003,0.026058201058201003,0.0,0.0,0.7666666666666667,0.6666666666666667,0.7,0.7166666666666667,0.8333333333333333,0.9
cv,3,FashionMNIST_6,0.0,LOF,LOF,0.8226825396825396,0.8226825396825396,0.1305796590241034,hard_K30,0.0,ok,0.0,0.0,0.0,0.05063756613756609,0.0,0.0,0.75,0.7166666666666667,0.9,0.9166666666666666,0.8833333333333333,0.8333333333333333
cv,3,FashionMNIST_7,0.0,LOF,LOF,0.9739444444444445,0.9739444444444445,0.0157674897119342,hard_K30,0.0,ok,0.0,0.0,0.0,0.0,0.0,0.001642857142857168,0.7,0.6666666666666667,0.8833333333333333,0.8166666666666667,0.9666666666666667,0.6166666666666666
cv,3,FashionMNIST_8,0.0,LOF,LOF,0.9118544973544974,0.9118544973544974,0.13731510875955333,hard_K30,0.0,ok,0.0,0.0,0.0,0.0,0.2701798941798942,0.02143121693121708,0.9500000000000001,0.9333333333333332,0.8833333333333333,0.9,-0.8166666666666667,0.35
cv,3,FashionMNIST_9,0.0,LOF,LOF,0.9748412698412698,0.9748412698412698,0.020727807172251755,hard_K30,0.0,ok,0.0,0.0,0.0,0.0,0.0,0.0,0.8333333333333333,0.6833333333333333,0.6,0.7833333333333333,0.09999999999999999,0.9
cv,4,CIFAR10_0,0.01073764258555121,LOF,KNN,0.7453041825095057,0.7345665399239545,0.038678495986480876,hard_K30,0.01073764258555121,flip,0.01073764258555121,0.01073764258555121,0.01073764258555121,0.01073764258555121,0.03744106463878327,0.03744106463878327,0.7,0.7999999999999999,0.8333333333333333,0.75,0.7333333333333334,0.31666666666666665
cv,4,CIFAR10_1,0.0,LOF,LOF,0.744384030418251,0.744384030418251,0.15804816223067175,hard_K30,0.0,ok,0.0,0.0,0.0,0.0,0.3098174904942965,0.3098174904942965,0.6666666666666667,0.8666666666666667,0.9333333333333332,0.9333333333333332,-0.5166666666666667,-0.75
cv,4,CIFAR10_2,0.0,LOF,LOF,0.6671825095057035,0.6671825095057035,0.07111153358681876,hard_K30,0.0,ok,0.0,0.0,0.0,0.0,0.07793536121673006,0.05468821292775661,0.7999999999999999,0.6,0.6333333333333333,0.6333333333333333,0.38333333333333336,0.3666666666666667
cv,4,CIFAR10_3,0.0,LOF,LOF,0.6588174904942966,0.6588174904942966,0.08323912125052801,hard_K30,0.0,ok,0.0,0.0,0.0,0.0,0.18692775665399242,0.07406844106463872,0.5666666666666667,0.6166666666666666,0.8499999999999999,0.9,-0.8333333333333333,0.33333333333333337
cv,4,CIFAR10_4,0.01766159695817493,LOF,KNN,0.7813307984790875,0.7636692015209126,0.036049852133502314,smallest_K30,0.0,weighting_failure,0.01766159695817493,0.01766159695817493,0.01766159695817493,0.01766159695817493,0.0,0.0,0.6333333333333333,0.5666666666666667,0.8333333333333333,0.5499999999999999,0.7666666666666667,0.21666666666666667
cv,4,CIFAR10_5,0.0,LOF,LOF,0.6204904942965779,0.6204904942965779,0.08803422053231935,hard_K30,0.0,ok,0.0,0.0,0.0,0.0,0.1953536121673003,0.05900760456273757,0.8833333333333333,0.8833333333333333,0.8499999999999999,0.7,-0.75,0.21666666666666667
cv,4,CIFAR10_6,0.0,LOF,LOF,0.7583498098859316,0.7583498098859316,0.06643346007604578,hard_K30,0.0,ok,0.0,0.0,0.0,0.0,0.05623193916349811,0.004627376425855534,0.7,0.45,0.8166666666666667,0.7,-0.13333333333333333,0.2333333333333333
cv,4,CIFAR10_7,0.0,LOF,LOF,0.7281178707224334,0.7281178707224334,0.09675369666244182,hard_K30,0.0,ok,0.0,0.0,0.0,0.0,0.09304562737642574,0.06567300380228125,0.7666666666666667,0.7666666666666667,0.6666666666666667,0.8666666666666667,-0.06666666666666667,-0.09999999999999999
cv,4,CIFAR10_8,0.0,LOF,LOF,0.7880912547528516,0.7880912547528516,0.06970046472327829,hard_K30,0.0,ok,0.0,0.0,0.0,0.0,0.0,0.05277946768060826,0.8666666666666667,0.7999999999999999,0.8666666666666667,0.6,0.6166666666666666,0.06666666666666667
cv,4,CIFAR10_9,0.0,LOF,LOF,0.771768060836502,0.771768060836502,0.08845289395859746,hard_K30,0.0,ok,0.0,0.0,0.06838022813688216,0.0,0.06982889733840303,0.06982889733840303,0.6666666666666667,0.6666666666666667,0.7166666666666667,0.7833333333333333,-0.4666666666666666,-0.25
cv,4,FashionMNIST_0,0.01487566137566132,LOF,KNN,0.916547619047619,0.9016719576719577,0.0777645502645502,smallest_K30,0.0,weighting_failure,0.01487566137566132,0.01487566137566132,0.01487566137566132,0.01487566137566132,0.0,0.0,0.6333333333333333,0.7,0.8166666666666667,0.7833333333333333,0.4666666666666666,0.48333333333333334
cv,4,FashionMNIST_1,0.0075529100529099225,LOF,KNN,0.9921560846560846,0.9846031746031747,0.03757466196355075,smallest_K50,0.0,ok,0.0075529100529099225,0.0075529100529099225,0.0075529100529099225,0.0075529100529099225,0.034674603174603136,0.0,0.8333333333333333,0.8666666666666667,0.7666666666666667,0.8166666666666667,-0.35,0.9333333333333332
cv,4,FashionMNIST_2,0.024298941798941875,LOF,KNN,0.8877989417989418,0.8634999999999999,0.10921399176954727,smallest_K30,0.0,weighting_failure,0.024298941798941875,0.024298941798941875,0.024298941798941875,0.024298941798941875,0.0,0.0,0.7333333333333334,0.6333333333333333,0.7166666666666667,0.8833333333333333,0.75,0.7833333333333333
cv,4,FashionMNIST_3,0.0,LOF,LOF,0.9287407407407406,0.9287407407407406,0.06953497942386822,hard_K30,0.0,ok,0.0,0.0,0.0,0.0,0.014632275132275052,0.014632275132275052,0.6,0.6166666666666666,0.7999999999999999,0.7833333333333333,0.9166666666666666,0.16666666666666669
cv,4,FashionMNIST_4,0.0,LOF,LOF,0.8860000000000001,0.8860000000000001,0.08819370958259865,hard_K30,0.0,ok,0.0,0.0,0.0,0.0,0.011396825396825627,0.011396825396825627,0.8666666666666667,0.9166666666666666,0.8833333333333333,0.75,0.7166666666666667,0.3
cv,4,FashionMNIST_5,0.027902116402116484,LOF,CBLOF,0.965915343915344,0.9380132275132275,0.028622574955908475,smallest_K30,0.0,weighting_failure,0.027902116402116484,0.027902116402116484,0.027902116402116484,0.027902116402116484,0.0,0.007637566137566165,0.7,0.5666666666666667,0.6333333333333333,0.7333333333333334,0.75,0.8666666666666667
cv,4,FashionMNIST_6,0.0031984126984125894,LOF,KNN,0.8102063492063492,0.8070079365079366,0.13035626102292752,smallest_K30,0.0,ok,0.0031984126984125894,0.0031984126984125894,0.0031984126984125894,0.0031984126984125894,0.0,0.0,0.7999999999999999,0.5833333333333334,0.6666666666666667,0.8833333333333333,0.9833333333333333,0.9333333333333332
cv,4,FashionMNIST_7,0.0,LOF,LOF,0.9721534391534392,0.9721534391534392,0.017074661963550897,hard_K30,0.0,ok,0.0,0.0,0.0,0.0,0.0030211640211641466,0.015439153439153586,0.8666666666666667,0.6166666666666666,0.75,0.7999999999999999,0.7333333333333334,-0.39999999999999997
cv,4,FashionMNIST_8,0.0,LOF,LOF,0.9085000000000001,0.9085000000000001,0.14411934156378603,hard_K30,0.0,ok,0.0,0.0,0.0,0.0,0.013986772486772492,0.013986772486772492,0.7333333333333334,0.7333333333333334,0.8333333333333333,0.8499999999999999,0.08333333333333334,0.5
cv,4,FashionMNIST_9,0.0,LOF,LOF,0.9778941798941798,0.9778941798941798,0.02515667254556131,hard_K30,0.0,ok,0.0,0.0,0.0,0.0,0.051412698412698354,0.0216666666666665,0.7833333333333333,0.6333333333333333,0.8666666666666667,0.7999999999999999,-0.38333333333333336,0.7666666666666667
nlp,0,20news_0,0.0,LOF,LOF,0.786873840445269,0.786873840445269,0.13492922421493847,hard_K30,0.0,ok,0.0,0.0,0.0,0.0,0.08642547928262223,0.08642547928262223,0.7333333333333334,0.7666666666666667,0.9,0.7666666666666667,0.7166666666666667,0.2833333333333333
nlp,0,20news_1,0.0,LOF,LOF,0.5524435146443515,0.5524435146443515,0.06327568572756864,hard_K30,0.0,ok,0.0,0.0,0.0,0.0,0.01641841004184097,0.085071129707113,0.8333333333333333,0.8499999999999999,0.9166666666666666,0.9500000000000001,0.5166666666666667,0.016666666666666666
nlp,0,20news_2,0.0,LOF,LOF,0.5165874363327674,0.5165874363327674,0.04183738917185437,hard_K30,0.0,ok,0.0,0.0,0.0,0.0,0.0,0.03511035653650246,0.43333333333333335,0.21666666666666667,0.18333333333333335,0.6,0.6166666666666666,0.11666666666666665
nlp,0,20news_3,0.022222222222222143,LOF,KNN,0.6626780626780626,0.6404558404558405,0.02630579297245972,hard_K30,0.022222222222222143,flip,0.022222222222222143,0.022222222222222143,0.022222222222222143,0.022222222222222143,0.04472934472934453,0.04472934472934453,0.5523060897787773,0.3849406080276326,0.5355695416036628,0.35146751167740364,0.03347309635022892,0.03347309635022892
nlp,0,20news_4,0.0,LOF,LOF,0.6101238869531552,0.6101238869531552,0.04479717813051143,hard_K30,0.0,ok,0.0,0.0,0.0,0.0,0.06008517228029431,0.0,0.5,0.5833333333333334,0.5166666666666667,0.4666666666666666,0.2833333333333333,0.38333333333333336
nlp,0,20news_5,0.0,LOF,LOF,0.5867429704397981,0.5867429704397981,0.03206360650484652,hard_K30,0.0,ok,0.0,0.0,0.0,0.0,0.06141852919971147,0.06141852919971147,0.13333333333333333,0.15,0.049999999999999996,-0.09999999999999999,-0.35,-0.41666666666666663
nlp,0,agnews_0,0.0,LOF,LOF,0.6834831578947369,0.6834831578947369,0.11832140350877185,hard_K30,0.0,ok,0.0,0.0,0.0,0.0,0.10936736842105266,0.07236842105263164,0.8166666666666667,0.8499999999999999,0.8166666666666667,0.6333333333333333,0.7166666666666667,0.5833333333333334
nlp,0,agnews_1,0.0,LOF,LOF,0.8248684210526316,0.8248684210526316,0.20655894736842106,hard_K30,0.0,ok,0.0,0.0,0.0,0.0,0.0,0.16246736842105258,0.8499999999999999,0.8499999999999999,0.6333333333333333,0.65,0.65,0.45
nlp,0,agnews_2,0.0,LOF,LOF,0.7796157894736842,0.7796157894736842,0.11319543859649106,hard_K30,0.0,ok,0.0,0.0,0.0,0.0,0.0,0.0888199999999999,0.7,0.8333333333333333,0.75,0.7,0.21666666666666667,0.6666666666666667
nlp,0,agnews_3,0.0,LOF,LOF,0.7404557894736842,0.7404557894736842,0.15517637426900588,hard_K30,0.0,ok,0.0,0.0,0.0,0.0,0.0,0.10194842105263147,0.9,0.9,0.7666666666666667,0.7,0.7166666666666667,0.7666666666666667
nlp,0,amazon,0.023525263157894605,LOF,KNN,0.6111031578947368,0.5875778947368422,0.043241403508771925,hard_K30,0.023525263157894605,flip,0.023525263157894605,0.023525263157894605,0.023525263157894605,0.023525263157894605,0.04125789473684205,0.03737684210526315,0.48333333333333334,0.5,0.39999999999999997,0.8333333333333333,-0.06666666666666667,0.7
nlp,0,imdb,0.0,LOF,LOF,0.5137242105263158,0.5137242105263158,0.022087602339181334,hard_K30,0.0,ok,0.0,0.0,0.0,0.0,0.02076736842105259,0.0005789473684210122,0.41666666666666663,0.33333333333333337,0.7999999999999999,0.7333333333333334,0.5,0.6666666666666667
nlp,0,yelp,0.002902105263157817,LOF,KNN,0.6897315789473684,0.6868294736842105,0.06209134502923974,hard_K30,0.002902105263157817,ok,0.002902105263157817,0.002902105263157817,0.002902105263157817,0.002902105263157817,0.04145894736842104,0.04145894736842104,0.6833333333333333,0.8333333333333333,0.7666666666666667,0.7666666666666667,0.7166666666666667,0.65
nlp,1,20news_0,0.0,LOF,LOF,0.7769624083399593,0.7769624083399593,0.12782587782587784,hard_K30,0.0,ok,0.0,0.0,0.0,0.0,0.0,0.08463645198339065,0.9166666666666666,0.9,0.8166666666666667,0.8499999999999999,0.9500000000000001,0.8333333333333333
nlp,1,20news_1,0.0,LOF,LOF,0.5404267782426779,0.5404267782426779,0.04326731752673185,hard_K30,0.0,ok,0.0,0.0,0.0,0.0,0.010711297071129833,0.010711297071129833,0.8333333333333333,0.7833333333333333,0.6833333333333333,0.8499999999999999,0.6833333333333333,0.5833333333333334
nlp,1,20news_2,0.0,LOF,LOF,0.5182342954159592,0.5182342954159592,0.04570081116770419,hard_K30,0.0,ok,0.0,0.0,0.0,0.0,0.0698471986417657,0.0,0.3666666666666667,0.65,0.41666666666666663,0.43333333333333335,-0.16666666666666669,0.03333333333333333
nlp,1,20news_3,0.041595441595441485,LOF,CBLOF,0.7330484330484329,0.6914529914529914,0.0396327951883505,smallest_K30,0.0034188034188032956,weighting_failure,0.041595441595441485,0.041595441595441485,0.041595441595441485,0.041595441595441485,0.0034188034188032956,0.0034188034188032956,0.16666666666666669,0.11666666666666665,0.5333333333333333,0.6166666666666666,0.4666666666666666,0.5666666666666667
nlp,1,20news_4,0.0,LOF,LOF,0.5523035230352304,0.5523035230352304,0.03936852066933372,hard_K30,0.0,ok,0.0,0.0,0.0,0.0,0.057917150600077516,0.057917150600077516,0.5166666666666667,0.4666666666666666,0.38333333333333336,0.5,0.0,-0.4666666666666666
nlp,1,20news_5,0.0,LOF,LOF,0.5737653208363375,0.5737653208363375,0.024903869262196676,hard_K30,0.0,ok,0.0,0.0,0.0,0.0,0.0,0.044069935111751946,0.65,0.5499999999999999,0.2833333333333333,0.38333333333333336,0.5499999999999999,0.26666666666666666
nlp,1,agnews_0,0.0,LOF,LOF,0.6831368421052632,0.6831368421052632,0.13127602339181277,hard_K30,0.0,ok,0.0,0.0,0.0,0.0,0.07408315789473685,0.07408315789473685,0.5166666666666667,0.5499999999999999,0.9,0.9833333333333333,0.7833333333333333,0.8833333333333333
nlp,1,agnews_1,0.0,LOF,LOF,0.8281,0.8281,0.20677824561403513,hard_K30,0.0,ok,0.0,0.0,0.0,0.0,0.22589052631578943,0.1641968421052632,0.9333333333333332,0.9,0.7833333333333333,0.8833333333333333,0.18333333333333335,0.6666666666666667
nlp,1,agnews_2,0.0,LOF,LOF,0.768718947368421,0.768718947368421,0.11643076023391796,hard_K30,0.0,ok,0.0,0.0,0.0,0.0,0.16193789473684195,0.16193789473684195,0.6,0.75,0.9166666666666666,0.9333333333333332,0.26666666666666666,0.2333333333333333
nlp,1,agnews_3,0.0,LOF,LOF,0.7409978947368421,0.7409978947368421,0.1512342690058479,hard_K30,0.0,ok,0.0,0.0,0.0,0.0,0.20396421052631575,0.10359052631578947,0.7999999999999999,0.21666666666666667,0.7999999999999999,0.4666666666666666,-0.33333333333333337,0.5666666666666667
nlp,1,amazon,0.009348421052631561,LOF,KNN,0.5887147368421053,0.5793663157894737,0.034903040935672536,smallest_K50,0.0,ok,0.009348421052631561,0.009348421052631561,0.009348421052631561,0.009348421052631561,0.04439789473684219,0.0,0.5499999999999999,0.39999999999999997,0.39999999999999997,0.8666666666666667,-0.33333333333333337,0.45
nlp,1,imdb,0.0,LOF,LOF,0.5263357894736842,0.5263357894736842,0.018219415204678402,hard_K30,0.0,ok,0.0,0.0,0.0,0.0,0.018928421052631483,0.002152631578947406,0.35,0.2833333333333333,0.5666666666666667,0.6333333333333333,0.33333333333333337,0.39999999999999997
nlp,1,yelp,0.0038863157894737377,LOF,KNN,0.683241052631579,0.6793547368421052,0.059028654970760264,hard_K30,0.0038863157894737377,ok,0.0038863157894737377,0.0038863157894737377,0.049644210526315846,0.0038863157894737377,0.049644210526315846,0.049644210526315846,0.7333333333333334,0.8499999999999999,0.8333333333333333,0.8833333333333333,0.8166666666666667,0.9
nlp,2,20news_0,0.0,LOF,LOF,0.7746709073239687,0.7746709073239687,0.1336665979523124,hard_K30,0.0,ok,0.0,0.0,0.0,0.0,0.0771821715699269,0.0771821715699269,0.8666666666666667,0.9500000000000001,0.9166666666666666,0.8499999999999999,0.016666666666666666,-0.016666666666666666
nlp,2,20news_1,0.0,LOF,LOF,0.5724769874476987,0.5724769874476987,0.058977219897721866,hard_K30,0.0,ok,0.0,0.0,0.0,0.0,0.07911297071129703,0.009037656903765567,0.9333333333333332,0.5666666666666667,0.7833333333333333,0.65,-0.26666666666666666,0.35
nlp,2,20news_2,0.0,LOF,LOF,0.5421986417657046,0.5421986417657046,0.05447651386530855,hard_K30,0.0,ok,0.0,0.0,0.0,0.0,0.0877758913412564,0.0,0.6833333333333333,0.8833333333333333,0.6166666666666666,0.8333333333333333,-0.049999999999999996,0.48333333333333334
nlp,2,20news_3,0.05555555555555569,LOF,CBLOF,0.7148148148148149,0.6592592592592592,0.0545742323520102,hard_K30,0.05555555555555569,flip,0.05555555555555569,0.05555555555555569,0.05555555555555569,0.05555555555555569,0.07264957264957272,0.07264957264957272,0.35,0.2833333333333333,0.049999999999999996,0.09999999999999999,-0.3666666666666667,-0.26666666666666666
nlp,2,20news_4,0.0,LOF,LOF,0.5768099109562524,0.5768099109562524,0.05247558824794596,hard_K30,0.0,ok,0.0,0.0,0.0,0.0,0.0,0.0,0.45,0.6833333333333333,0.45,0.45,0.15,0.48333333333333334
nlp,2,20news_5,0.0388428262436914,LOF,CBLOF,0.6123377793799567,0.5734949531362653,0.05798385804694384,hard_K30,0.0388428262436914,flip,0.0388428262436914,0.0388428262436914,0.0388428262436914,0.0388428262436914,0.0388428262436914,0.06520367700072105,0.6833333333333333,0.8166666666666667,0.75,0.6833333333333333,0.6333333333333333,0.5333333333333333
nlp,2,agnews_0,0.0,LOF,LOF,0.6819052631578947,0.6819052631578947,0.12014877192982454,hard_K30,0.0,ok,0.0,0.0,0.0,0.0,0.10655789473684207,0.0,0.8166666666666667,0.5499999999999999,0.8333333333333333,0.8666666666666667,0.5333333333333333,0.7166666666666667
nlp,2,agnews_1,0.0,LOF,LOF,0.8328242105263156,0.8328242105263156,0.21524385964912274,hard_K30,0.0,ok,0.0,0.0,0.0,0.0,0.164455789473684,0.25821684210526297,0.7666666666666667,0.4666666666666666,0.8666666666666667,0.8833333333333333,0.06666666666666667,0.03333333333333333
nlp,2,agnews_2,0.0,LOF,LOF,0.7693105263157894,0.7693105263157894,0.11099134502923969,hard_K30,0.0,ok,0.0,0.0,0.0,0.0,0.0,0.16014421052631578,0.8166666666666667,0.9166666666666666,0.6833333333333333,0.9333333333333332,0.7833333333333333,-0.38333333333333336
nlp,2,agnews_3,0.0,LOF,LOF,0.7384,0.7384,0.14768666666666663,hard_K30,0.0,ok,0.0,0.0,0.0,0.0,0.19856421052631568,0.10121684210526305,0.7166666666666667,0.9,0.7,0.6333333333333333,-0.11666666666666665,0.41666666666666663
nlp,2,amazon,0.0201315789473685,LOF,KNN,0.6027547368421053,0.5826231578947368,0.03300619883040945,smallest_K30,0.0,weighting_failure,0.0201315789473685,0.0201315789473685,0.0201315789473685,0.0201315789473685,0.0,0.04161789473684219,0.6666666666666667,0.5333333333333333,0.7999999999999999,0.7666666666666667,0.5666666666666667,-0.016666666666666666
nlp,2,imdb,0.006721052631579072,LOF,COPOD,0.5132178947368422,0.5064968421052631,0.01814619883040941,hard_K30,0.006721052631579072,ok,0.006721052631579072,0.006721052631579072,0.006721052631579072,0.006721052631579072,0.015991578947368468,0.015991578947368468,-0.09999999999999999,0.25,0.11666666666666665,0.5166666666666667,0.5166666666666667,0.5499999999999999
nlp,2,yelp,0.0,LOF,LOF,0.6817105263157894,0.6817105263157894,0.06116608187134487,hard_K30,0.0,ok,0.0,0.0,0.05689473684210522,0.0,0.07856315789473678,0.002798947368421123,0.7999999999999999,0.7,0.7999999999999999,0.65,-0.15,0.7999999999999999
nlp,3,20news_0,0.0,LOF,LOF,0.7911807580174927,0.7911807580174927,0.14387681479518222,hard_K30,0.0,ok,0.0,0.0,0.0,0.0,0.09174838766675497,0.09174838766675497,0.8833333333333333,0.7999999999999999,0.7833333333333333,0.7833333333333333,0.7666666666666667,0.7999999999999999
nlp,3,20news_1,0.0,LOF,LOF,0.5689707112970711,0.5689707112970711,0.0874012087401208,hard_K30,0.0,ok,0.0,0.0,0.0,0.0,0.11789121338912134,0.015564853556485403,0.7833333333333333,0.9666666666666667,0.7999999999999999,0.9333333333333332,0.5833333333333334,0.5666666666666667
nlp,3,20news_2,0.0,LOF,LOF,0.531893039049236,0.531893039049236,0.05315034899075649,hard_K30,0.0,ok,0.0,0.0,0.0,0.0,0.04514431239388794,0.07981324278438034,0.5833333333333334,0.5833333333333334,0.4666666666666666,0.38333333333333336,0.0,-0.18333333333333335
nlp,3,20news_3,0.017378917378917502,LOF,LODA,0.7014245014245015,0.684045584045584,0.03434631212409012,hard_K30,0.017378917378917502,flip,0.017378917378917502,0.017378917378917502,0.017378917378917502,0.017378917378917502,0.017378917378917502,0.017378917378917502,0.48333333333333334,0.6166666666666666,0.0,0.31666666666666665,0.65,0.39999999999999997
nlp,3,20news_4,0.02144792876500201,LOF,LODA,0.590572977158343,0.569125048393341,0.03271820019787497,hard_K30,0.02144792876500201,flip,0.02144792876500201,0.02144792876500201,0.02144792876500201,0.02144792876500201,0.06426635694928373,0.06426635694928373,0.41666666666666663,0.31666666666666665,0.38333333333333336,-0.21666666666666667,-0.3666666666666667,-0.16666666666666669
nlp,3,20news_5,0.006759192501802236,LOF,IForest,0.5706110310021628,0.5638518385003606,0.028724064728029908,hard_K30,0.006759192501802236,ok,0.006759192501802236,0.006759192501802236,0.006759192501802236,0.006759192501802236,0.03622927180966096,0.03622927180966096,0.08333333333333334,0.13333333333333333,0.19999999999999998,0.08333333333333334,-0.21666666666666667,-0.16666666666666669
nlp,3,agnews_0,0.0,LOF,LOF,0.6677631578947367,0.6677631578947367,0.11168467836257301,hard_K30,0.0,ok,0.0,0.0,0.0,0.0,0.13929684210526305,0.0881947368421051,0.7999999999999999,0.39999999999999997,0.7833333333333333,0.9333333333333332,0.5166666666666667,0.39999999999999997
nlp,3,agnews_1,0.0,LOF,LOF,0.8224884210526315,0.8224884210526315,0.2101360233918127,hard_K30,0.0,ok,0.0,0.0,0.0,0.0,0.2444747368421052,0.15861684210526306,0.7666666666666667,0.6666666666666667,0.9500000000000001,0.9666666666666667,-0.049999999999999996,0.3666666666666667
nlp,3,agnews_2,0.0,LOF,LOF,0.7676,0.7676,0.11893169590643271,hard_K30,0.0,ok,0.0,0.0,0.0,0.0,0.0877526315789473,0.036926315789473585,0.8499999999999999,0.6666666666666667,0.8166666666666667,0.8333333333333333,0.21666666666666667,0.65
nlp,3,agnews_3,0.0,LOF,LOF,0.7474315789473683,0.7474315789473683,0.16721146198830394,hard_K30,0.0,ok,0.0,0.0,0.0,0.0,0.1140021052631578,0.0,0.7999999999999999,0.8499999999999999,0.6666666666666667,0.7999999999999999,0.6,0.8833333333333333
nlp,3,amazon,0.021926315789473794,LOF,KNN,0.6050800000000001,0.5831536842105263,0.03523754385964917,smallest_K50,0.0,weighting_failure,0.021926315789473794,0.021926315789473794,0.021926315789473794,0.021926315789473794,0.023661052631579027,0.0,0.5833333333333334,0.65,0.6333333333333333,0.7999999999999999,0.7333333333333334,0.8333333333333333
nlp,3,imdb,0.0,LOF,LOF,0.5232147368421053,0.5232147368421053,0.030852163742690064,hard_K30,0.0,ok,0.0,0.0,0.0,0.0,0.01589157894736848,0.024686315789473667,0.43333333333333335,0.11666666666666665,0.7333333333333334,0.7999999999999999,0.016666666666666666,0.35
nlp,3,yelp,0.0,LOF,LOF,0.6840094736842105,0.6840094736842105,0.07544467836257296,hard_K30,0.0,ok,0.0,0.0,0.0,0.0,0.061416842105263214,0.08613157894736845,0.7833333333333333,0.75,0.7999999999999999,0.6333333333333333,0.7999999999999999,0.25
nlp,4,20news_0,0.0,LOF,LOF,0.7908108048414171,0.7908108048414171,0.1208857280285851,hard_K30,0.0,ok,0.0,0.0,0.0,0.0,0.11955561445357366,0.0786509408958389,0.7833333333333333,0.6833333333333333,0.8166666666666667,0.5666666666666667,-0.33333333333333337,0.45
nlp,4,20news_1,0.0,LOF,LOF,0.5519497907949791,0.5519497907949791,0.03998140399814043,hard_K30,0.0,ok,0.0,0.0,0.0,0.0,0.0058577405857740406,0.0058577405857740406,0.7666666666666667,0.8166666666666667,0.8166666666666667,0.75,0.5833333333333334,0.5
nlp,4,20news_2,0.0,LOF,LOF,0.5239558573853991,0.5239558573853991,0.04153555932842867,hard_K30,0.0,ok,0.0,0.0,0.0,0.0,0.0,0.0,0.8166666666666667,0.8499999999999999,0.6333333333333333,0.9166666666666666,0.7666666666666667,0.6666666666666667
nlp,4,20news_3,0.035327635327635276,LOF,CBLOF,0.6945868945868946,0.6592592592592593,0.044349477682811056,hard_K30,0.035327635327635276,flip,0.035327635327635276,0.035327635327635276,0.035327635327635276,0.035327635327635276,0.040455840455840386,0.040455840455840386,0.8166666666666667,0.9333333333333332,0.75,0.75,0.6333333333333333,0.6833333333333333
nlp,4,20news_4,0.012891986062717908,LOF,CBLOF,0.5654277971351143,0.5525358110723964,0.042233406461048784,hard_K30,0.012891986062717908,flip,0.012891986062717908,0.012891986062717908,0.012891986062717908,0.012891986062717908,0.06140147115756878,0.06140147115756878,0.6,0.6,0.5,0.5333333333333333,0.2833333333333333,0.03333333333333333
nlp,4,20news_5,0.022936193222782952,LOF,CBLOF,0.5663752703677001,0.5434390771449171,0.04408495553953373,hard_K30,0.022936193222782952,flip,0.022936193222782952,0.022936193222782952,0.022936193222782952,0.022936193222782952,0.05510994953136272,0.022936193222782952,0.6166666666666666,0.5666666666666667,0.4666666666666666,0.5166666666666667,-0.15,0.33333333333333337
nlp,4,agnews_0,0.0,LOF,LOF,0.6856726315789474,0.6856726315789474,0.12911415204678378,hard_K30,0.0,ok,0.0,0.0,0.0,0.0,0.16452315789473693,0.08310000000000006,0.6,0.8333333333333333,0.8166666666666667,0.7333333333333334,-0.7833333333333333,0.19999999999999998
nlp,4,agnews_1,0.0,LOF,LOF,0.8253052631578948,0.8253052631578948,0.21880584795321645,hard_K30,0.0,ok,0.0,0.0,0.16087052631578946,0.0,0.16087052631578946,0.16087052631578946,0.8833333333333333,0.6666666666666667,0.65,0.75,0.2833333333333333,0.39999999999999997
nlp,4,agnews_2,0.0,LOF,LOF,0.7664168421052632,0.7664168421052632,0.12061309941520482,hard_K30,0.0,ok,0.0,0.0,0.0,0.0,0.0,0.04243263157894739,0.8666666666666667,0.7833333333333333,0.7833333333333333,0.75,0.5499999999999999,0.7
nlp,4,agnews_3,0.0,LOF,LOF,0.7423105263157894,0.7423105263157894,0.15097941520467828,hard_K30,0.0,ok,0.0,0.0,0.0,0.0,0.11000947368421043,0.11000947368421043,0.8499999999999999,0.7333333333333334,0.9166666666666666,0.2333333333333333,0.48333333333333334,0.18333333333333335
nlp,4,amazon,0.023382105263157982,LOF,KNN,0.6156473684210527,0.5922652631578947,0.04804888888888892,hard_K30,0.023382105263157982,flip,0.023382105263157982,0.023382105263157982,0.023382105263157982,0.023382105263157982,0.026953684210526352,0.023382105263157982,0.43333333333333335,0.43333333333333335,0.6666666666666667,0.5166666666666667,0.6833333333333333,0.48333333333333334
nlp,4,imdb,0.0,LOF,LOF,0.5208042105263158,0.5208042105263158,0.029462690058479457,hard_K30,0.0,ok,0.0,0.0,0.0,0.0,0.015593684210526315,0.03618526315789472,0.3,-0.06666666666666667,0.6666666666666667,0.45,0.31666666666666665,0.35
nlp,4,yelp,0.002342105263158034,LOF,KNN,0.6891652631578948,0.6868231578947368,0.06324081871345033,hard_K30,0.002342105263158034,ok,0.002342105263158034,0.002342105263158034,0.058404210526315836,0.002342105263158034,0.058404210526315836,0.07591368421052636,0.7166666666666667,0.6833333333333333,0.8166666666666667,0.9166666666666666,0.4666666666666666,0.39999999999999997
ts,0,ts_amplitude,0.0,KNN,CBLOF,1.0,1.0,0.0020283975659229903,hard_K30,0.0,ok,0.0,0.0,0.0,0.0,,,,,,,,
ts,0,ts_freq_shift,0.0026634382566586012,KNN,HBOS,1.0,0.9973365617433414,0.013559322033898313,hard_K30,0.0026634382566586012,ok,0.0026634382566586012,0.0026634382566586012,0.0026634382566586012,0.0026634382566586012,0.0026634382566586012,0.0026634382566586012,,,,,,
ts,0,ts_mixed,0.0,LOF,CBLOF,1.0,1.0,0.007965411624084817,hard_K30,0.0,ok,0.0,0.0,0.0,0.0,0.0,0.0,,,,,,
ts,0,ts_point_spikes_0,0.0,LOF,CBLOF,1.0,1.0,0.012650475923852156,hard_K30,0.0,ok,0.0,0.0,,0.0,0.0,0.0,0.7325886315065459,,,,,
ts,0,ts_point_spikes_1,0.0,KNN,CBLOF,1.0,1.0,0.027354426619132566,hard_K30,0.0,ok,0.0,0.0,0.0,0.0,0.0,0.0,,0.7325886315065459,,,,
ts,0,ts_point_spikes_2,0.0,KNN,HBOS,1.0,1.0,0.04614405510631925,hard_K30,0.0,ok,0.0,0.0,0.0,0.0,,0.0,,,,,,
ts,0,ts_point_spikes_3,0.0,LOF,CBLOF,1.0,1.0,0.043926846100759254,hard_K30,0.0,ok,0.0,0.0,0.0,0.0,0.0,0.0,0.38797014489949266,0.15975241260567344,0.5249007842757842,0.7074749701108396,0.5477225575051661,0.5477225575051661
ts,0,ts_subseq_0,0.010622562861368867,KNN,LODA,0.9969073551163103,0.9862847922549415,0.005193626462283163,hard_K30,0.001344628210299903,ill_posed,0.001344628210299903,0.010622562861368867,0.010622562861368867,0.010622562861368867,0.010622562861368867,0.007126529514589253,,,,,,
ts,0,ts_subseq_1,0.004049844236760136,KNN,HBOS,1.0,0.9959501557632399,0.010397196261682229,smallest_K30,0.004049844236760136,ok,0.006957424714434168,0.006957424714434168,0.006957424714434168,0.006957424714434168,0.004049844236760136,0.004049844236760136,,,,,,
ts,0,ts_trend,0.0030602636534839966,KNN,LOF,0.9792843691148776,0.9762241054613936,0.03235509520820268,hard_K30,0.0030602636534839966,ok,0.0030602636534839966,0.0030602636534839966,0.024482109227871973,0.0030602636534839966,0.024482109227871973,0.0030602636534839966,0.65,0.8166666666666667,0.7333333333333334,0.6333333333333333,0.18333333333333335,0.6666666666666667
ts,1,ts_amplitude,0.0,KNN,CBLOF,1.0,1.0,0.0007606490872210658,hard_K30,0.0,ok,0.0,0.0,,0.0,0.0,0.0,,,,,,
ts,1,ts_freq_shift,0.001210653753026647,KNN,HBOS,1.0,0.9987893462469734,0.01216707021791763,hard_K30,,ok,,0.001210653753026647,0.001210653753026647,0.001210653753026647,0.001210653753026647,0.001210653753026647,,,,,,
ts,1,ts_mixed,0.0,LOF,CBLOF,1.0,1.0,0.008040116539668296,hard_K30,0.0,ok,0.0,0.0,0.0,0.0,0.0,0.0,,,,,,
ts,1,ts_point_spikes_0,0.0,LOF,CBLOF,1.0,1.0,0.013840285554311271,hard_K30,0.0,ok,0.0,0.0,0.0,,0.0,0.0,,,,,,0.4052617961525573
ts,1,ts_point_spikes_1,0.0,LOF,CBLOF,1.0,1.0,0.02294266191325023,hard_K30,0.0,ok,0.0,0.0,0.0,0.0,0.0,,,0.7637626158259734,0.7325886315065459,0.7637626158259734,0.6546536707079772,
ts,1,ts_point_spikes_2,0.0,KNN,CBLOF,1.0,1.0,0.0519064465408805,hard_K30,0.0,ok,0.0,0.0,0.0,0.0,0.0,0.0,,,,,,
ts,1,ts_point_spikes_3,0.0,LOF,CBLOF,1.0,1.0,0.04864849321371045,hard_K30,0.0,ok,0.0,0.0,0.0,0.0,0.0,0.0,0.4520227726316985,0.15975241260567344,0.7074749701108396,0.7302967433402214,0.45643546458763845,0.3423265984407288
ts,1,ts_subseq_0,0.010891488503428803,KNN,LODA,0.9966384294742503,0.9857469409708215,0.007076105956702827,hard_K30,0.006723141051499182,ill_posed,0.006723141051499182,0.010891488503428803,0.006723141051499182,0.010891488503428803,0.010891488503428803,0.010891488503428803,,,,,,
ts,1,ts_subseq_1,0.005503634475597208,KNN,HBOS,1.0,0.9944963655244028,0.008917445482866104,smallest_K30,0.005503634475597208,ok,0.009241952232606487,0.009241952232606487,0.009241952232606487,0.009241952232606487,0.005503634475597208,0.005503634475597208,,,,,,
ts,1,ts_trend,0.007062146892655385,KNN,LOF,0.9825800376647834,0.975517890772128,0.03386467581382835,hard_K30,0.007062146892655385,ok,0.007062146892655385,0.007062146892655385,0.007062146892655385,0.007062146892655385,0.028954802259887114,0.007062146892655385,,,,,,
ts,2,ts_amplitude,0.0,KNN,CBLOF,1.0,1.0,0.0011590843233845183,hard_K30,0.0,ok,0.0,0.0,0.0,,0.0,,0.48319675695112596,,,,,
ts,2,ts_freq_shift,0.001210653753026647,KNN,HBOS,0.9997578692493947,0.998547215496368,0.013498789346247042,hard_K50,0.001210653753026647,ok,0.004842615012106588,0.001210653753026647,0.001210653753026647,0.001210653753026647,0.001210653753026647,0.001210653753026647,,,,,,
ts,2,ts_mixed,0.0,LOF,CBLOF,1.0,1.0,0.00963693411026445,hard_K30,0.0,ok,0.0,0.0,0.0,0.0,0.0,,,,,,,
ts,2,ts_point_spikes_0,0.0,LOF,COPOD,1.0,1.0,0.009678451447768355,hard_K30,0.0,ok,0.0,0.0,,0.0,,0.0,,,,,,
ts,2,ts_point_spikes_1,0.0,KNN,HBOS,1.0,1.0,0.03163568457686117,hard_K30,0.0,ok,0.0,0.0,,0.0,0.0,,,,,,,
ts,2,ts_point_spikes_2,0.0,LOF,CBLOF,1.0,1.0,0.042158018867924474,hard_K30,0.0,ok,0.0,0.0,0.0,0.0,,0.0,,,,,,
ts,2,ts_point_spikes_3,0.0,KNN,CBLOF,1.0,1.0,0.045462387853692277,hard_K30,0.0,ok,0.0,0.0,0.0,0.0,0.0,0.0,0.38797014489949266,0.15975241260567344,0.7074749701108396,0.7302967433402214,0.5477225575051661,0.5477225575051661
ts,2,ts_subseq_0,0.011429339787548787,KNN,LODA,0.9975796692214602,0.9861503294339115,0.007328223746134177,hard_K30,0.005647438483259326,ill_posed,0.005647438483259326,0.005647438483259326,0.011429339787548787,0.011429339787548787,0.011429339787548787,0.011429339787548787,,,,,,
ts,2,ts_subseq_1,0.009968847352024968,LOF,HBOS,0.9997923156801661,0.9898234683281412,0.010267393561786076,hard_K30,0.009968847352024968,ok,0.009968847352024968,0.009968847352024968,0.009968847352024968,0.009968847352024968,,0.012461059190031154,,,,,,
ts,2,ts_trend,0.0,KNN,KNN,0.9837570621468927,0.9837570621468927,0.034898775894538714,hard_K30,0.0,ok,0.0,0.0,0.0,0.0,0.0,0.04072504708097935,,,,,,
ts,3,ts_amplitude,0.0,KNN,CBLOF,1.0,1.0,0.0029299075952220477,hard_K30,0.0,ok,0.0,0.0,0.0,0.0,0.0,0.0011590843233846293,0.7398300378117159,0.7833494518006403,0.5048252022715237,0.3655630775069655,-0.21759706994462227,-0.3394514291136108
ts,3,ts_freq_shift,0.00024213075060541822,KNN,HBOS,0.9990314769975788,0.9987893462469734,0.013861985472155003,hard_K30,0.00024213075060541822,ok,0.00024213075060541822,0.00024213075060541822,0.00024213075060541822,0.00024213075060541822,0.00024213075060541822,0.00024213075060541822,,0.4311454542887732,,,,
ts,3,ts_mixed,0.0,LOF,CBLOF,1.0,1.0,0.009057971014492683,hard_K30,0.0,ok,0.0,0.0,0.0,0.0,0.0,0.0,,,,,,
ts,3,ts_point_spikes_0,0.0,LOF,HBOS,1.0,1.0,0.015217565189569626,hard_K30,0.0,ok,0.0,0.0,0.0,0.0,0.0,0.0,,,,,,
ts,3,ts_point_spikes_1,0.0,LOF,CBLOF,1.0,1.0,0.02405674390968504,hard_K30,0.0,ok,0.0,0.0,0.0,,,,,,,,,
ts,3,ts_point_spikes_2,0.0,KNN,CBLOF,1.0,1.0,0.039581877474959115,hard_K30,0.0,ok,0.0,0.0,0.0,0.0,0.0,0.0,0.27386127875258304,0.31173984319427483,0.5020790110464023,0.7302967433402214,0.6390096504226938,0.45643546458763845
ts,3,ts_point_spikes_3,0.0,KNN,CBLOF,1.0,1.0,0.04791235334713606,hard_K30,0.0,ok,0.0,0.0,0.0,0.0,0.0,0.0,0.7074749701108396,0.27386127875258304,0.7302967433402214,0.59336610396393,0.25103950552320115,0.15975241260567344
ts,3,ts_subseq_0,0.002958182062659631,LOF,LODA,0.9967728922952803,0.9938147102326207,0.0071937609251042645,hard_K30,0.002958182062659631,ok,0.002958182062659631,0.002958182062659631,0.002958182062659631,0.0095468602931289,,0.0095468602931289,,,,,,
ts,3,ts_subseq_1,0.004465212876427982,KNN,HBOS,0.9998961578400831,0.9954309449636551,0.010163551401869197,smallest_K50,0.004465212876427982,ok,0.010072689511941957,0.010072689511941957,0.010072689511941957,0.010072689511941957,0.009138110072689498,0.004465212876427982,,,,,,
ts,3,ts_trend,0.005178907721280712,KNN,LOF,0.9861111111111112,0.9809322033898304,0.04243173258003774,hard_K50,0.0,ok,0.005178907721280712,0.0,0.005178907721280712,0.005178907721280712,0.005178907721280712,0.005178907721280712,,,,,,
ts,4,ts_amplitude,0.0,KNN,CBLOF,1.0,1.0,0.0006882063170094987,hard_K30,0.0,ok,0.0,0.0,0.0,,0.0,,,,0.8624886920341297,,,
ts,4,ts_freq_shift,0.0004842615012106144,KNN,HBOS,1.0,0.9995157384987894,0.019915254237288127,hard_K30,0.0004842615012106144,ok,0.0004842615012106144,0.0004842615012106144,0.0004842615012106144,0.0004842615012106144,0.0004842615012106144,0.0009685230024213398,,,,,,
ts,4,ts_mixed,0.0,LOF,CBLOF,1.0,1.0,0.011289780367548241,hard_K30,0.0,ok,0.0,0.0,0.0,0.0,0.0,0.0,,,,,,
ts,4,ts_point_spikes_0,0.0,KNN,CBLOF,1.0,1.0,0.011556900895856703,hard_K30,0.0,ok,0.0,0.0,0.0,0.0,0.0,0.0,,,,,,
ts,4,ts_point_spikes_1,0.0,KNN,CBLOF,1.0,1.0,0.024844028520499162,hard_K30,0.0,ok,0.0,0.0,0.0,0.0,,0.0,0.4520227726316985,,0.7637626158259734,,,
ts,4,ts_point_spikes_2,0.0,KNN,CBLOF,1.0,1.0,0.04954140461215939,hard_K30,0.0,ok,0.0,0.0,0.0,0.0,0.0,0.0,,,,,,
ts,4,ts_point_spikes_3,0.0,LOF,CBLOF,1.0,1.0,0.04986197377501733,hard_K30,0.0,ok,0.0,0.0,0.0,0.0,0.0,0.0,0.59336610396393,0.27386127875258304,0.5020790110464023,0.7074749701108396,0.3651483716701107,0.15975241260567344
ts,4,ts_subseq_0,0.008067769261799085,KNN,LOF,0.9942180986957105,0.9861503294339115,0.0036902574216006734,hard_K30,0.0,ok,0.0,0.008067769261799085,0.008067769261799085,0.008067769261799085,0.008067769261799085,0.008067769261799085,0.016666666666666666,-0.2333333333333333,-0.30952380952380953,-0.33333333333333337,-0.39999999999999997,-0.7833333333333333
ts,4,ts_subseq_1,0.00830737279335414,LOF,PCA,1.0,0.9916926272066459,0.008168916580131635,hard_K50,0.0,ok,0.00830737279335414,0.0,0.00830737279335414,0.00830737279335414,0.0,0.003842159916926269,0.25,0.5166666666666667,0.2833333333333333,-0.08333333333333334,0.25,0.0
ts,4,ts_trend,0.0,KNN,KNN,0.987758945386064,0.987758945386064,0.04634533898305093,hard_K30,0.0,ok,0.0,0.0,0.0,,,0.0,,,,,,
dami,0,Annthyroid,0.09234523941358375,LOF,HBOS,0.7688806353695485,0.6765353959559648,0.12842946190903026,hard_K30,0.09234523941358375,flip,0.09234523941358375,0.09234523941358375,0.09234523941358375,0.09234523941358375,0.1544808943331829,0.1544808943331829,-0.38333333333333336,-0.48333333333333334,-0.049999999999999996,-0.3,-0.2333333333333333,-0.03333333333333333
dami,0,Cardiotocography,0.0,LOF,LOF,0.7811939133827546,0.7811939133827546,0.042703049811418925,hard_K30,0.0,ok,0.0,0.0,0.0,0.0,0.024535050071530784,0.024535050071530784,,,,,,
dami,0,InternetAds,0.0830120584239129,KNN,LOF,0.8448072350543478,0.761795176630435,0.17340589145531415,hard_K30,0.0,weighting_failure,0.0,0.0,0.0830120584239129,0.0,0.0830120584239129,0.0830120584239129,0.9500000000000001,0.7333333333333334,0.9,0.9500000000000001,0.5333333333333333,0.7999999999999999
dami,0,PageBlocks,0.0039215686274508554,LOF,PCA,0.9254239669255624,0.9215023982981115,0.039724669578965366,hard_K30,0.0039215686274508554,ok,0.0039215686274508554,0.0039215686274508554,0.0039215686274508554,0.0039215686274508554,0.008742248178698286,0.0039215686274508554,-0.06666666666666667,0.21666666666666667,0.2833333333333333,0.09999999999999999,0.6833333333333333,0.2333333333333333
dami,0,Pima,0.07574626865671641,LOF,KNN,0.7355970149253731,0.6598507462686567,0.06383913764510785,hard_K30,0.07574626865671641,flip,0.07574626865671641,0.07574626865671641,0.07574626865671641,0.07574626865671641,0.07574626865671641,0.07574626865671641,-0.11666666666666665,0.08333333333333334,0.5166666666666667,0.5166666666666667,0.5333333333333333,0.5166666666666667
dami,0,Stamps,0.03537981269510926,LOF,HBOS,0.9495317377731529,0.9141519250780437,0.019135160134119422,hard_K30,0.03537981269510926,ill_posed,0.03537981269510926,0.03537981269510926,0.03537981269510926,0.03537981269510926,0.03537981269510926,0.03537981269510926,0.11666666666666665,0.0,0.0,0.016666666666666666,0.2333333333333333,0.2333333333333333
dami,0,WBC,0.0,CBLOF,CBLOF,1.0,1.0,0.007235142118863114,hard_K30,0.0,ok,0.0,0.0,0.0,0.0,0.0,0.0,0.40009056945661187,0.40009056945661187,0.4681910919173118,0.5022413531476617,0.5703418756083616,0.5703418756083616
dami,0,WDBC,0.04999999999999993,CBLOF,COPOD,0.9638888888888889,0.913888888888889,0.03456790123456788,hard_K30,0.04999999999999993,flip,0.04999999999999993,0.04999999999999993,0.04999999999999993,0.04999999999999993,0.04999999999999993,0.04999999999999993,-0.45,-0.25,-0.09999999999999999,-0.09999999999999999,-0.31666666666666665,-0.31666666666666665
dami,0,Waveform,0.046816143497757756,HBOS,KNN,0.7694319880418535,0.7226158445440958,0.05364391297126725,hard_K30,0.0,weighting_failure,0.0,0.10557548579970111,0.0,0.0,0.046816143497757756,0.046816143497757756,0.5333333333333333,-0.4666666666666666,0.7,0.6833333333333333,-0.33333333333333337,-0.2333333333333333
dami,0,Wilt,0.0,LOF,LOF,0.5626084102948761,0.5626084102948761,0.11777992763413048,hard_K30,0.0,ok,0.0,0.0,0.0,0.0,0.0,0.0,0.5,0.5499999999999999,0.5666666666666667,0.6833333333333333,0.7166666666666667,0.6
dami,1,Annthyroid,0.0871886828348567,LOF,HBOS,0.7689949257893138,0.6818062429544571,0.098139582282319,hard_K30,0.0871886828348567,flip,0.0871886828348567,0.0871886828348567,0.0871886828348567,0.0871886828348567,0.15056449529066684,0.0871886828348567,-0.43333333333333335,0.11666666666666665,-0.39999999999999997,-0.5833333333333334,-0.45,0.16666666666666669
dami,1,Cardiotocography,0.0036090518923136417,LOF,CBLOF,0.8197717518532969,0.8161626999609832,0.046204805566393614,hard_K30,0.0036090518923136417,ok,0.0036090518923136417,0.0036090518923136417,0.0036090518923136417,0.0036090518923136417,0.038190922096501434,0.038190922096501434,,,,,,
dami,1,InternetAds,0.10028872282608692,KNN,LOF,0.861221976902174,0.760933254076087,0.20175969957729467,hard_K30,0.07682150135869559,flip,0.07682150135869559,0.07682150135869559,0.10028872282608692,0.10028872282608692,0.10028872282608692,0.10028872282608692,0.7666666666666667,0.8333333333333333,0.9166666666666666,0.9166666666666666,0.5499999999999999,0.5666666666666667
dami,1,PageBlocks,0.0057820057398598745,LOF,PCA,0.9330122222891203,0.9272302165492604,0.03407556813240464,hard_K30,0.0057820057398598745,ok,0.0057820057398598745,0.0057820057398598745,0.0057820057398598745,0.0057820057398598745,0.0057820057398598745,0.0057820057398598745,-0.09999999999999999,0.13333333333333333,0.31666666666666665,0.4666666666666666,0.26666666666666666,0.16666666666666669
dami,1,Pima,0.061679104477611935,LOF,KNN,0.7350373134328358,0.6733582089552239,0.05112769485903812,smallest_K30,0.0,weighting_failure,0.061679104477611935,0.061679104477611935,0.061679104477611935,0.061679104477611935,0.0,0.0,0.5833333333333334,0.26666666666666666,0.6333333333333333,0.6166666666666666,0.7666666666666667,0.33333333333333337
dami,1,Stamps,0.031217481789802326,LOF,IForest,0.9484911550468262,0.9172736732570239,0.030003468609087647,hard_K30,0.031217481789802326,flip,0.031217481789802326,0.031217481789802326,0.031217481789802326,0.031217481789802326,0.031217481789802326,0.031217481789802326,0.4666666666666666,0.4666666666666666,0.5166666666666667,0.5166666666666667,0.5,0.5
dami,1,WBC,1.1102230246251565e-16,CBLOF,IForest,0.986046511627907,0.9860465116279069,0.012661498708010366,hard_K30,1.1102230246251565e-16,ok,1.1102230246251565e-16,1.1102230246251565e-16,1.1102230246251565e-16,1.1102230246251565e-16,0.018604651162790642,0.018604651162790642,0.27122540144832413,0.2542738138578039,0.23732222626728364,0.16951587590520262,-0.11866111313364182,-0.11866111313364182
dami,1,WDBC,0.06666666666666665,CBLOF,COPOD,0.9694444444444444,0.9027777777777778,0.033796296296296435,smallest_K30,0.03749999999999998,flip,0.06666666666666665,0.06666666666666665,0.06666666666666665,0.06666666666666665,0.03749999999999998,0.03749999999999998,-0.7166666666666667,-0.7166666666666667,-0.5166666666666667,-0.4666666666666666,0.016666666666666666,-0.016666666666666666
dami,1,Waveform,0.0,KNN,KNN,0.7592526158445442,0.7592526158445442,0.060783922936389456,hard_K50,0.0,ok,0.04533632286995537,0.0,0.0,0.0,0.04533632286995537,0.0,0.06666666666666667,0.3,0.6666666666666667,0.6666666666666667,0.26666666666666666,0.6
dami,1,Wilt,0.0,LOF,LOF,0.5619819213180987,0.5619819213180987,0.10949185256531369,hard_K30,0.0,ok,0.0,0.0,0.0,0.0,0.0,0.0,0.6333333333333333,0.6,0.5333333333333333,0.5666666666666667,0.5333333333333333,0.5499999999999999
dami,2,Annthyroid,0.09861559517623453,LOF,HBOS,0.7733152456321184,0.6746996504558839,0.10241368115481142,hard_K30,0.09861559517623453,flip,0.09861559517623453,0.09861559517623453,0.09861559517623453,0.09861559517623453,0.09861559517623453,0.09861559517623453,-0.5666666666666667,-0.48333333333333334,-0.2833333333333333,-0.15,-0.16666666666666669,0.06666666666666667
dami,2,Cardiotocography,0.0,LOF,LOF,0.816211470932501,0.816211470932501,0.04779473923787225,hard_K30,0.0,ok,0.0,0.0,0.0,0.04355572896345428,0.04355572896345428,0.04355572896345428,,,,,,
dami,2,InternetAds,0.10257302989130446,KNN,LOF,0.8473760190217392,0.7448029891304347,0.21393606582125613,hard_K30,0.0,weighting_failure,0.0,0.10257302989130446,0.10257302989130446,0.0,0.0,0.10257302989130446,0.8166666666666667,0.8499999999999999,0.9,0.9666666666666667,0.8333333333333333,0.5666666666666667
dami,2,PageBlocks,0.013422441648102357,LOF,PCA,0.9319344933469805,0.9185120516988782,0.043363259098703755,smallest_K30,0.009035262006542588,weighting_failure,0.013422441648102357,0.013422441648102357,0.013422441648102357,0.013422441648102357,0.009035262006542588,0.009035262006542588,0.19999999999999998,0.19999999999999998,0.15,0.08333333333333334,0.7999999999999999,0.7166666666666667
dami,2,Pima,0.06701492537313436,LOF,HBOS,0.7182089552238806,0.6511940298507463,0.05875207296849094,smallest_K30,0.004589552238805972,weighting_failure,0.06701492537313436,0.06701492537313436,0.06701492537313436,0.06701492537313436,0.004589552238805972,0.06701492537313436,0.31666666666666665,0.31666666666666665,0.31666666666666665,0.45,0.5666666666666667,0.11666666666666665
dami,2,Stamps,0.006243496357960399,LOF,HBOS,0.9469302809573361,0.9406867845993757,0.017978957104867632,hard_K30,0.006243496357960399,ok,0.006243496357960399,0.006243496357960399,0.006243496357960399,0.006243496357960399,0.006243496357960399,0.006243496357960399,0.26666666666666666,0.16666666666666669,0.31666666666666665,0.31666666666666665,0.03333333333333333,0.03333333333333333
dami,2,WBC,0.0023255813953488857,CBLOF,LODA,0.9906976744186047,0.9883720930232558,0.007235142118863003,random_K30,0.0023255813953488857,ok,0.006976744186046546,0.006976744186046546,0.0023255813953488857,0.0023255813953488857,0.0023255813953488857,0.0023255813953488857,-0.06810052246069989,0.22132669799727464,0.6554675286842364,0.6554675286842364,-0.34050261230349943,-0.34050261230349943
dami,2,WDBC,0.07500000000000007,LOF,COPOD,0.9777777777777779,0.9027777777777778,0.03703703703703709,hard_K30,0.07500000000000007,flip,0.07500000000000007,0.07500000000000007,0.07500000000000007,0.07500000000000007,0.07500000000000007,0.07500000000000007,-0.6778302010921357,-0.6778302010921357,-0.7113032974423646,-0.7113032974423646,-0.7029350233548073,-0.7029350233548073
dami,2,Waveform,0.0,KNN,KNN,0.7685949177877428,0.7685949177877428,0.062061119415379395,hard_K30,0.0,ok,0.0,0.0,0.0,0.0,0.0,0.0,0.65,0.7333333333333334,0.3666666666666667,0.8166666666666667,0.6,0.7166666666666667
dami,2,Wilt,0.0,LOF,LOF,0.5706121266104389,0.5706121266104389,0.12262491778220058,hard_K30,0.0,ok,0.0,0.0,0.0,0.0,0.0,0.0,0.6,0.5499999999999999,0.6666666666666667,0.6666666666666667,0.5,0.6166666666666666
dami,3,Annthyroid,0.10292668660005178,LOF,HBOS,0.780426807279377,0.6775001206793252,0.10906397960345893,hard_K30,0.10292668660005178,flip,0.10292668660005178,0.10292668660005178,0.10292668660005178,0.10292668660005178,0.16475496417953683,0.16475496417953683,-0.03333333333333333,-0.11666666666666665,-0.3666666666666667,-0.18333333333333335,-0.4666666666666666,-0.5
dami,3,Cardiotocography,0.01348679932370922,LOF,LODA,0.818724801664716,0.8052380023410067,0.061294544153986386,hard_K30,0.01348679932370922,flip,0.01348679932370922,0.01348679932370922,0.01348679932370922,0.01348679932370922,0.01348679932370922,0.05236051502145933,,,,,,
dami,3,InternetAds,0.08012907608695641,KNN,LOF,0.8494480298913043,0.7693189538043479,0.17190991092995178,hard_K50,0.0,weighting_failure,0.08012907608695641,0.0,0.0,0.08012907608695641,0.08012907608695641,0.08012907608695641,0.9333333333333332,0.8833333333333333,0.9666666666666667,0.9166666666666666,0.5333333333333333,0.5833333333333334
dami,3,PageBlocks,0.016462961847994007,LOF,PCA,0.9356553675717983,0.9191924057238043,0.03368153812190178,smallest_K50,0.007016276316053394,weighting_failure,0.016462961847994007,0.016462961847994007,0.016462961847994007,0.016462961847994007,0.016462961847994007,0.007016276316053394,0.0,-0.03333333333333333,0.35,0.25,0.18333333333333335,0.6
dami,3,Pima,0.05186567164179112,LOF,KNN,0.7579850746268657,0.7061194029850746,0.0638308457711444,smallest_K30,0.03817164179104482,flip,0.05186567164179112,0.05186567164179112,0.05186567164179112,0.05186567164179112,0.03817164179104482,0.05186567164179112,0.13333333333333333,0.38333333333333336,0.5,0.6833333333333333,0.7,0.8166666666666667
dami,3,Stamps,0.031217481789802104,LOF,PCA,0.9640998959417273,0.9328824141519252,0.027228581338883173,smallest_K30,0.01664932362122784,flip,0.031217481789802104,0.031217481789802104,0.031217481789802104,0.031217481789802104,0.01664932362122784,0.01664932362122784,-0.08333333333333334,0.03333333333333333,0.09999999999999999,-0.15,0.21666666666666667,0.21666666666666667
dami,3,WBC,0.0046511627906976605,CBLOF,COPOD,0.9930232558139535,0.9883720930232558,0.01744186046511631,hard_K30,0.0046511627906976605,ok,0.0046511627906976605,0.0046511627906976605,0.06976744186046502,0.06976744186046502,0.06976744186046502,0.06976744186046502,-0.5546414324985718,-0.5546414324985718,-0.5378341163622515,-0.5210268002259311,-0.44539387761248944,-0.44539387761248944
dami,3,WDBC,0.09444444444444455,CBLOF,COPOD,0.9750000000000001,0.8805555555555555,0.037808641975308754,smallest_K30,0.07083333333333353,flip,0.09444444444444455,0.09444444444444455,0.09444444444444455,0.09444444444444455,0.07083333333333353,0.07083333333333353,-0.7833333333333333,-0.8166666666666667,-0.8166666666666667,-0.8166666666666667,-0.5499999999999999,-0.5499999999999999
dami,3,Waveform,0.0,KNN,KNN,0.763677130044843,0.763677130044843,0.06262414881248957,hard_K30,0.0,ok,0.0,0.0,0.0,0.0,0.0,0.00034379671150974733,0.6833333333333333,0.7166666666666667,0.7333333333333334,0.7666666666666667,0.7333333333333334,0.6833333333333333
dami,3,Wilt,0.0,LOF,LOF,0.5545833848304431,0.5545833848304431,0.10898682573709528,hard_K30,0.0,ok,0.0,0.0,0.0,0.0,0.0,0.0,0.5166666666666667,0.6333333333333333,0.5,0.48333333333333334,0.6833333333333333,0.5
dami,4,Annthyroid,0.09774244476436289,LOF,HBOS,0.7876192950623699,0.689876850298007,0.1314103201172908,hard_K30,0.09774244476436289,flip,0.09774244476436289,0.09774244476436289,0.09774244476436289,0.09774244476436289,0.17009041011093984,0.09774244476436289,-0.43333333333333335,-0.5,-0.11666666666666665,-0.6,-0.2333333333333333,-0.2333333333333333
dami,4,Cardiotocography,0.059422551697229875,LOF,LODA,0.8601996358434126,0.8007770841461828,0.08880543633762517,hard_K30,0.059422551697229875,flip,0.059422551697229875,0.059422551697229875,0.059422551697229875,0.059422551697229875,0.059422551697229875,0.09057744830277004,,,,,,
dami,4,InternetAds,0.10004670516304359,KNN,LOF,0.8552904211956522,0.7552437160326086,0.1920228525060388,hard_K30,0.0,weighting_failure,0.0,0.0716117527173914,0.0,0.0,0.10004670516304359,0.10004670516304359,0.8166666666666667,0.9666666666666667,1.0,0.9833333333333333,0.5666666666666667,0.5666666666666667
dami,4,PageBlocks,0.01696269091055036,LOF,PCA,0.9349127982820559,0.9179501073715055,0.03430714717366545,hard_K30,0.01696269091055036,flip,0.01696269091055036,0.01696269091055036,0.01696269091055036,0.01696269091055036,0.01696269091055036,0.01696269091055036,0.26666666666666666,0.39999999999999997,0.2333333333333333,0.21666666666666667,0.16666666666666669,0.5666666666666667
dami,4,Pima,0.028246268656716422,LOF,KNN,0.7483582089552239,0.7201119402985074,0.048942786069651745,smallest_K30,0.0,weighting_failure,0.028246268656716422,0.028246268656716422,0.028246268656716422,0.028246268656716422,0.0,0.028246268656716422,0.45,0.5833333333333334,0.3666666666666667,0.5166666666666667,0.6666666666666667,0.7
dami,4,Stamps,0.03798126951092606,LOF,KNN,0.945369406867846,0.9073881373569199,0.021505376344086002,smallest_K30,0.0,weighting_failure,0.03798126951092606,0.03798126951092606,0.03798126951092606,0.03798126951092606,0.0,0.0,0.08333333333333334,0.08333333333333334,0.26666666666666666,0.19999999999999998,0.2833333333333333,0.41666666666666663
dami,4,WBC,0.046511627906976716,LOF,COPOD,1.0,0.9534883720930233,0.007751937984496138,random_K30,0.0046511627906976605,ill_posed,0.046511627906976716,0.046511627906976716,0.0046511627906976605,0.0046511627906976605,0.009302325581395321,0.009302325581395321,-0.7916685736056361,-0.7916685736056361,-0.7576183123752863,-0.7576183123752863,-0.7916685736056361,-0.7491057470676987
dami,4,WDBC,0.09027777777777779,CBLOF,COPOD,0.9625,0.8722222222222222,0.03750000000000009,smallest_K30,0.07361111111111118,flip,0.09027777777777779,0.09027777777777779,0.09027777777777779,0.09027777777777779,0.07361111111111118,0.07361111111111118,-0.6666666666666667,-0.6666666666666667,-0.75,-0.65,-0.5666666666666667,-0.5333333333333333
dami,4,Waveform,0.002062780269058151,KNN,LOF,0.765067264573991,0.7630044843049328,0.06433482810164415,hard_K50,0.002062780269058151,ok,0.07218236173393133,0.002062780269058151,0.002062780269058151,0.002062780269058151,0.002062780269058151,0.002062780269058151,-0.19999999999999998,0.6666666666666667,0.7166666666666667,0.6833333333333333,0.8166666666666667,0.7999999999999999
dami,4,Wilt,0.0,LOF,LOF,0.5504025298221539,0.5504025298221539,0.09725969080898528,hard_K30,0.0,ok,0.0,0.0,0.0,0.0,0.0,0.0,0.35,0.26666666666666666,0.5499999999999999,0.6333333333333333,0.75,0.5166666666666667
