dataset,status,n,d,rate,seed,regret,random_regret,best_regret_possible,pick,max_regime_var,score_json,true_auc_json,regime_var_json
TextCategorization.npz,filtered,9282,5,0.0005,,,,,,,,,
StudentAssessment.npz,filtered,117017,10,0.135,,,,,,,,,
JobStatus.npz,filtered,38081,19,0.002,,,,,,,,,
CovtypeAnomaly.npz,filtered,286048,10,0.0096,,,,,,,,,
HousingConstruction.npz,filtered,21424,9,0.0009,,,,,,,,,
DifferentialExpression.npz,filtered,104014,6,0.0,,,,,,,,,
SystemLogs.npz,filtered,21834,3,0.0005,,,,,,,,,
FishSurveyAnomaly.npz,filtered,86743,7,0.0154,,,,,,,,,
FacilityViolation.npz,filtered,45987,5,0.0038,,,,,,,,,
BuildingEmissions.npz,filtered,3655,9,0.0016,,,,,,,,,
MotionLearningEvents.npz,filtered,11036,3,0.0011,,,,,,,,,
OzoneLevels.npz,filtered,342858,6,0.2783,,,,,,,,,
TVShowAnomalies.npz,filtered,107613,3,0.0289,,,,,,,,,
TruckEnginePerformance.npz,filtered,6788,17,0.0009,,,,,,,,,
TreeRiskAssessment.npz,filtered,10254,14,0.0049,,,,,,,,,
WebTraffic.npz,filtered,9072,11,0.0017,,,,,,,,,
ProtestEvents.npz,filtered,24366,4,0.0043,,,,,,,,,
CancerTreatment.npz,filtered,124394,4,0.0063,,,,,,,,,
PopulationComparison.npz,filtered,80035,6,0.0001,,,,,,,,,
ShapeTrackingAnomaly.npz,filtered,115129,6,0.0003,,,,,,,,,
SystemMessageAnomalies.npz,filtered,7381,3,0.0028,,,,,,,,,
YouTubeFaceDetection.npz,filtered,55036,5,0.0717,,,,,,,,,
HockeyPlayerStatus.npz,filtered,6341,3,0.0038,,,,,,,,,
PatientReadmission.npz,filtered,78887,11,0.0885,,,,,,,,,
DroneNavigation.npz,filtered,6177,119,0.0015,,,,,,,,,
GasLeakIncident.npz,filtered,82006,13,0.0002,,,,,,,,,
TorontoPoliceContacts.npz,filtered,25802,5,0.0014,,,,,,,,,
MineralComposition.npz,filtered,27347,17,0.0012,,,,,,,,,
FraudulentTransactions.npz,filtered,110000,6,0.0505,,,,,,,,,
BankTransactions.npz,filtered,82163,3,0.0025,,,,,,,,,
CreditCardFraud.npz,filtered,59367,5,0.0037,,,,,,,,,
IncidentPortfolio.npz,filtered,7231,4,0.0019,,,,,,,,,
CourseEvaluation.npz,filtered,419829,4,0.1397,,,,,,,,,
SpeciesObservation.npz,filtered,49688,8,0.004,,,,,,,,,
DamageFunctionSources.npz,filtered,32580,3,0.0013,,,,,,,,,
AmbulanceDeployment.npz,filtered,133267,7,0.0001,,,,,,,,,
TurnaroundValidation.npz,filtered,34615,3,0.0043,,,,,,,,,
RoadCasualtyDefect.npz,filtered,10932,11,0.0015,,,,,,,,,
PlayerMatchEvents.npz,filtered,335787,9,0.1896,,,,,,,,,
AllegationAnalysis.npz,filtered,2134,5,0.0037,,,,,,,,,
MineAccident.npz,filtered,3826,21,0.0021,,,,,,,,,
PerformanceResult.npz,ok,1000,5,0.03,0.0,0.004295532646048095,0.0017659411989308094,0.0,LOF,0.021408964144591865,"{""CBLOF"": 6.778092502897387, ""COPOD"": 2.3295194604559977, ""ECOD"": 3.0772796181103788, ""HBOS"": 5.13405510879747, ""IForest"": 5.910326390623052, ""KNN"": 8.178436608217993, ""LODA"": 1.8083245492167264, ""LOF"": 8.821563391782005, ""PCA"": 2.962402369898987}","{""IForest"": 1.0, ""LOF"": 0.9957044673539519, ""KNN"": 1.0, ""ECOD"": 0.9905498281786942, ""COPOD"": 1.0, ""HBOS"": 0.9987113402061856, ""PCA"": 0.9998281786941581, ""CBLOF"": 1.0, ""LODA"": 0.9993127147766323}","{""smallest_K30"": 0.006776453893150834, ""random_K30"": 0.019452514546534544, ""hard_K30"": 0.015081074815501999, ""smallest_K50"": 0.0033881300194393803, ""random_K50"": 0.010233907017704201, ""hard_K50"": 0.021408964144591865}"
PerformanceResult.npz,ok,1000,5,0.03,1.0,0.0036082474226803996,0.0014891179839633395,0.0,LOF,0.034420901340510277,"{""CBLOF"": 6.742322086109238, ""COPOD"": 2.801094223791339, ""ECOD"": 2.508512468664043, ""HBOS"": 5.479908836547146, ""IForest"": 5.777769077343618, ""KNN"": 8.381522638533161, ""LODA"": 1.7317085255371245, ""LOF"": 8.618477361466843, ""PCA"": 2.958684782007495}","{""IForest"": 0.9987972508591065, ""LOF"": 0.9963917525773196, ""KNN"": 1.0, ""ECOD"": 0.9979381443298969, ""COPOD"": 1.0, ""HBOS"": 0.998109965635739, ""PCA"": 1.0, ""CBLOF"": 0.9953608247422681, ""LODA"": 1.0}","{""smallest_K30"": 0.0024836475290319028, ""random_K30"": 0.009781790021820318, ""hard_K30"": 0.034420901340510277, ""smallest_K50"": 0.008260631199545704, ""random_K50"": 0.013542538582976393, ""hard_K50"": 0.020806915423930258}"
PerformanceResult.npz,ok,1000,5,0.03,2.0,0.003264604810996552,0.004390988927071349,0.0,LOF,0.04174990416406703,"{""CBLOF"": 6.937751313969972, ""COPOD"": 2.9213205409030953, ""ECOD"": 2.6436143720813834, ""HBOS"": 5.143427931754079, ""IForest"": 5.91882075427595, ""KNN"": 8.213991065159444, ""LODA"": 1.804994186015624, ""LOF"": 8.786008934840558, ""PCA"": 2.630070900999898}","{""IForest"": 0.9982817869415808, ""LOF"": 0.9967353951890034, ""KNN"": 1.0, ""ECOD"": 0.9841924398625429, ""COPOD"": 1.0, ""HBOS"": 0.9991408934707904, ""PCA"": 0.9984536082474227, ""CBLOF"": 0.9926116838487973, ""LODA"": 0.99106529209622}","{""smallest_K30"": 0.0058381099772755254, ""random_K30"": 0.014128747107584966, ""hard_K30"": 0.04174990416406703, ""smallest_K50"": 0.006617896046238643, ""random_K50"": 0.01200056352330451, ""hard_K50"": 0.013451658063746735}"
VotingRecall.npz,ok,1515,3,0.2706,0.0,0.08687782805429867,0.09460937595801289,0.0,KNN,0.060825117051835846,"{""CBLOF"": 6.740916507087748, ""COPOD"": 3.191565664503639, ""ECOD"": 2.6323102721717753, ""HBOS"": 5.464263605903815, ""IForest"": 6.7466838158611075, ""KNN"": 8.423027101621704, ""LODA"": 2.83799618590115, ""LOF"": 6.922807879185693, ""PCA"": 2.040428967763357}","{""IForest"": 0.9390519810175479, ""LOF"": 0.8588897472685134, ""KNN"": 0.8792351837545525, ""ECOD"": 0.9265643968656881, ""COPOD"": 0.9073667365632933, ""HBOS"": 0.9661130118088511, ""PCA"": 0.9577805981679727, ""CBLOF"": 0.8224644079019977, ""LODA"": 0.586066659309127}","{""smallest_K30"": 0.011782728693063021, ""random_K30"": 0.020918437210099, ""hard_K30"": 0.060825117051835846, ""smallest_K50"": 0.010111677333839539, ""random_K50"": 0.019037889336133085, ""hard_K50"": 0.018802433930849502}"
VotingRecall.npz,ok,1515,3,0.2706,1.0,0.060826619578412844,0.08467363180419119,0.0,KNN,0.04441444772107106,"{""CBLOF"": 6.659900636462725, ""COPOD"": 3.847763308901493, ""ECOD"": 2.655491357003114, ""HBOS"": 5.084018134274394, ""IForest"": 6.881631309697862, ""KNN"": 8.231224369440326, ""LODA"": 2.5653413641138685, ""LOF"": 6.936287880504976, ""PCA"": 2.138341639601249}","{""IForest"": 0.9607769561858515, ""LOF"": 0.8847036750910497, ""KNN"": 0.9080675422138837, ""ECOD"": 0.9462697274031564, ""COPOD"": 0.9370047456130669, ""HBOS"": 0.9688941617922966, ""PCA"": 0.9671228341242688, ""CBLOF"": 0.8515395651694073, ""LODA"": 0.5336055622999669}","{""smallest_K30"": 0.011995301615467014, ""random_K30"": 0.02256358005796391, ""hard_K30"": 0.04441444772107106, ""smallest_K50"": 0.011289051430673361, ""random_K50"": 0.01910442127533777, ""hard_K50"": 0.0338312248512275}"
VotingRecall.npz,ok,1515,3,0.2706,2.0,0.08325240039730697,0.09312070043777343,0.0,KNN,0.03922868062338466,"{""CBLOF"": 6.408253965849372, ""COPOD"": 3.098840492822995, ""ECOD"": 2.5874874826159364, ""HBOS"": 5.217645318473284, ""IForest"": 6.9768384929125045, ""KNN"": 8.342381380911974, ""LODA"": 1.8956197536073842, ""LOF"": 7.178861865054068, ""PCA"": 3.294071247752486}","{""IForest"": 0.9459386381194128, ""LOF"": 0.8696887760732811, ""KNN"": 0.8843670676525771, ""ECOD"": 0.9350623551484384, ""COPOD"": 0.9202185189272708, ""HBOS"": 0.9676194680498841, ""PCA"": 0.963083544862598, ""CBLOF"": 0.8435272045028144, ""LODA"": 0.5409833351727182}","{""smallest_K30"": 0.014681803363052325, ""random_K30"": 0.02044416619093251, ""hard_K30"": 0.03922868062338466, ""smallest_K50"": 0.006740240383415124, ""random_K50"": 0.027172003754895098, ""hard_K50"": 0.02664805323330254}"
ElectronicTesting.npz,filtered,75387,12,0.2741,,,,,,,,,
BaseballBattedBall.npz,ok,1787,8,0.0532,0.0,0.01617761217202285,0.17845917645638187,0.0,IForest,0.005797399035898361,"{""CBLOF"": 3.41505080256457, ""COPOD"": 4.080430973400901, ""ECOD"": 3.4285106156063865, ""HBOS"": 7.567345700551504, ""IForest"": 8.732071650064762, ""KNN"": 4.098042982158175, ""LODA"": 4.7844895408490276, ""LOF"": 3.159210883287555, ""PCA"": 5.734846851517113}","{""IForest"": 0.792640894271076, ""LOF"": 0.5828442788386896, ""KNN"": 0.49669306008383785, ""ECOD"": 0.7669306008383792, ""COPOD"": 0.7650054339388294, ""HBOS"": 0.3719919267194535, ""PCA"": 0.8088185064430988, ""CBLOF"": 0.47489520260829055, ""LODA"": 0.6134140661387983}","{""smallest_K30"": 0.005797399035898361, ""random_K30"": 0.0017420890680650218, ""hard_K30"": 0.0018775796405992489, ""smallest_K50"": 0.0028951678217818506, ""random_K50"": 0.0016665303446863468, ""hard_K50"": 0.0025512913167842796}"
BaseballBattedBall.npz,ok,1787,8,0.0532,1.0,0.04924701133364384,0.17586641135779468,0.0,IForest,0.007229725591233655,"{""CBLOF"": 4.178709633980991, ""COPOD"": 5.662746683613358, ""ECOD"": 4.351724534151449, ""HBOS"": 3.1382006352679723, ""IForest"": 8.812406044862003, ""KNN"": 4.328546090791975, ""LODA"": 5.651086019154926, ""LOF"": 2.4715584828142423, ""PCA"": 6.405021875363083}","{""IForest"": 0.7414066138798324, ""LOF"": 0.552491849091756, ""KNN"": 0.5108213010402112, ""ECOD"": 0.7484862598975315, ""COPOD"": 0.7508461419034311, ""HBOS"": 0.3460332246545567, ""PCA"": 0.7906536252134763, ""CBLOF"": 0.5069709672411117, ""LODA"": 0.5853749417792268}","{""smallest_K30"": 0.007229725591233655, ""random_K30"": 0.0006322009546593165, ""hard_K30"": 0.0016358500365815593, ""smallest_K50"": 0.006278914996520607, ""random_K50"": 0.0004781726562144768, ""hard_K50"": 0.0017398494810223668}"
BaseballBattedBall.npz,ok,1787,8,0.0532,2.0,0.47914920043471504,0.1941037451051424,0.0,HBOS,0.004961024226654731,"{""CBLOF"": 5.5343324460567205, ""COPOD"": 2.6457953582563443, ""ECOD"": 1.869944781994173, ""HBOS"": 7.833238601646446, ""IForest"": 6.914575047640564, ""KNN"": 7.444462260822328, ""LODA"": 4.755025849634353, ""LOF"": 4.035441681296749, ""PCA"": 3.967183972652323}","{""IForest"": 0.7616829684831548, ""LOF"": 0.5447601304145319, ""KNN"": 0.4941468716037882, ""ECOD"": 0.7635460332246546, ""COPOD"": 0.7632044713553797, ""HBOS"": 0.3252600527868344, ""PCA"": 0.8044092532215494, ""CBLOF"": 0.5013196708585623, ""LODA"": 0.5344201210992082}","{""smallest_K30"": 0.0025099333141288963, ""random_K30"": 0.001067059622778131, ""hard_K30"": 0.000877449604448726, ""smallest_K50"": 0.0024075943812668713, ""random_K50"": 0.0012352113185416784, ""hard_K50"": 0.004961024226654731}"
AndroidIntentMalware.npz,ok,1594,3,0.2553,0.0,0.20806061982532564,0.1599649687884982,0.0,LOF,0.046704825903636366,"{""CBLOF"": 6.590030354023099, ""COPOD"": 3.5951207694464262, ""ECOD"": 4.110834145227721, ""HBOS"": 1.7460717226838913, ""IForest"": 6.160128918333153, ""KNN"": 7.979252663440721, ""LODA"": 4.502391139851045, ""LOF"": 8.926947977576324, ""PCA"": 1.3892223094176221}","{""IForest"": 0.5493207110854169, ""LOF"": 0.5152633534986476, ""KNN"": 0.5061373443726385, ""ECOD"": 0.5208587120351826, ""COPOD"": 0.5210548592901534, ""HBOS"": 0.6339221192162369, ""PCA"": 0.7233239733239732, ""CBLOF"": 0.5293653087770734, ""LODA"": 0.5709846592199533}","{""smallest_K30"": 0.002704736283926287, ""random_K30"": 0.020178652802691502, ""hard_K30"": 0.046704825903636366, ""smallest_K50"": 0.004761730622602624, ""random_K50"": 0.017502572677199988, ""hard_K50"": 0.03851295181249928}"
AndroidIntentMalware.npz,ok,1594,3,0.2553,1.0,0.19698862345921164,0.17013193483781708,0.0,LOF,0.03853945755889523,"{""CBLOF"": 6.413999847890059, ""COPOD"": 4.428020419211779, ""ECOD"": 4.760248964551478, ""HBOS"": 1.8733494316961523, ""IForest"": 6.217010634984793, ""KNN"": 7.995280050479061, ""LODA"": 3.1807201333618913, ""LOF"": 8.820225190958364, ""PCA"": 1.3111453268664215}","{""IForest"": 0.5414696591167178, ""LOF"": 0.5263611587140999, ""KNN"": 0.5170648111824583, ""ECOD"": 0.5072987425928602, ""COPOD"": 0.5066380360498007, ""HBOS"": 0.6170224846695436, ""PCA"": 0.7233497821733116, ""CBLOF"": 0.4958189664072017, ""LODA"": 0.5439369851134557}","{""smallest_K30"": 0.005503134847216577, ""random_K30"": 0.022962250850675183, ""hard_K30"": 0.03853945755889523, ""smallest_K50"": 0.00609665207391687, ""random_K50"": 0.025119369503235664, ""hard_K50"": 0.027525655137783264}"
AndroidIntentMalware.npz,ok,1594,3,0.2553,2.0,0.23450436685730813,0.19695421166009397,0.0,LOF,0.04263655331191701,"{""CBLOF"": 6.612235549393313, ""COPOD"": 4.563204277244531, ""ECOD"": 4.67410121279961, ""HBOS"": 2.081967290910358, ""IForest"": 5.921841472096648, ""KNN"": 7.820413783682883, ""LODA"": 3.26313094218305, ""LOF"": 8.88351925537249, ""PCA"": 1.179586216317116}","{""IForest"": 0.530485412838354, ""LOF"": 0.509172465054818, ""KNN"": 0.5233002291825821, ""ECOD"": 0.4855780149897797, ""COPOD"": 0.48622839799310386, ""HBOS"": 0.6044535750418103, ""PCA"": 0.7436768319121261, ""CBLOF"": 0.4997935292052939, ""LODA"": 0.5378151260504201}","{""smallest_K30"": 0.0061083393304753415, ""random_K30"": 0.010493986293245987, ""hard_K30"": 0.03002280346324155, ""smallest_K50"": 0.007221876600767423, ""random_K50"": 0.017957810463357565, ""hard_K50"": 0.04263655331191701}"
BaseballPitchingAnomalies.npz,ok,1576,38,0.1726,0.0,0.0,0.2376148016677937,0.0,IForest,0.002794041591057324,"{""CBLOF"": 4.8904356096801695, ""COPOD"": 5.034720102931642, ""ECOD"": 4.301851766195916, ""HBOS"": 5.97075222011938, ""IForest"": 6.18876047754715, ""KNN"": 5.889781488306865, ""LODA"": 3.190609597796626, ""LOF"": 6.17646139288496}","{""IForest"": 0.9307527608744648, ""LOF"": 0.5042821726391706, ""KNN"": 0.5199881676808654, ""ECOD"": 0.734787018255578, ""COPOD"": 0.8287835249042146, ""HBOS"": 0.8119083840432725, ""CBLOF"": 0.48323754789272033, ""LODA"": 0.7313640973630832}","{""smallest_K30"": 0.002794041591057324, ""random_K30"": 0.000295092439157244, ""hard_K30"": 0.001295086876157215, ""smallest_K50"": 0.00184585322688463, ""random_K50"": 0.00029225737801177166, ""hard_K50"": 0.0017862971386305626}"
BaseballPitchingAnomalies.npz,ok,1576,38,0.1726,1.0,0.4289074825332432,0.2627813697318008,0.0,LOF,0.0031583663120101765,"{""CBLOF"": 6.400207311366752, ""COPOD"": 3.2618370181928547, ""ECOD"": 3.2954856096178475, ""HBOS"": 6.006459886312174, ""IForest"": 5.541718255077164, ""KNN"": 6.6564101818134445, ""LODA"": 4.443783531791781, ""LOF"": 7.973215187907144}","{""IForest"": 0.9459798287130945, ""LOF"": 0.5170723461798513, ""KNN"": 0.5199036511156186, ""ECOD"": 0.7238421230561191, ""COPOD"": 0.8258677034032005, ""HBOS"": 0.8210220869957179, ""CBLOF"": 0.4810823754789272, ""LODA"": 0.6308175569078206}","{""smallest_K30"": 0.0003245400719984766, ""random_K30"": 0.0025057690406274794, ""hard_K30"": 0.0008754994251209903, ""smallest_K50"": 0.00037806100959380596, ""random_K50"": 0.00028611782035011164, ""hard_K50"": 0.0031583663120101765}"
BaseballPitchingAnomalies.npz,ok,1576,38,0.1726,2.0,0.41138438133874233,0.2524175259184134,0.0,KNN,0.017452870393247243,"{""CBLOF"": 2.3611832148181984, ""COPOD"": 2.0745917271057204, ""ECOD"": 3.1853830590487253, ""HBOS"": 4.913260368748743, ""IForest"": 6.938142444898375, ""KNN"": 7.216461338760034, ""LODA"": 5.8464885469286, ""LOF"": 5.076144027567679}","{""IForest"": 0.9213009916610322, ""LOF"": 0.495886860491323, ""KNN"": 0.5099166103222899, ""ECOD"": 0.7169399368942979, ""COPOD"": 0.8284313725490196, ""HBOS"": 0.8284172864548118, ""CBLOF"": 0.4929287807076853, ""LODA"": 0.5572458868604914}","{""smallest_K30"": 0.0003848868006714404, ""random_K30"": 0.017452870393247243, ""hard_K30"": 0.0011028881497513886, ""smallest_K50"": 0.0002533513183837435, ""random_K50"": 0.0009076183530147982, ""hard_K50"": 0.0028194913941458717}"
CallRecordOutcomes.npz,ok,1143,5,0.007,0.0,0.014317180616740144,0.2079662261380324,0.0,IForest,0.01806582107638428,"{""CBLOF"": 2.378105374162894, ""COPOD"": 6.182506554240817, ""ECOD"": 5.215699883948285, ""HBOS"": 7.095668678408922, ""IForest"": 8.674832019784624, ""KNN"": 1.3858593946559261, ""LODA"": 4.772996135803589, ""LOF"": 2.828147424047621, ""PCA"": 6.4661845349473195}","{""IForest"": 0.9757709251101322, ""LOF"": 0.4790748898678414, ""KNN"": 0.43502202643171806, ""ECOD"": 0.933920704845815, ""COPOD"": 0.9553964757709251, ""HBOS"": 0.9900881057268723, ""PCA"": 0.9311674008810573, ""CBLOF"": 0.5501101321585903, ""LODA"": 0.788546255506608}","{""smallest_K30"": 0.01806582107638428, ""random_K30"": 0.0007352416151185358, ""hard_K30"": 0.004728483422070377, ""smallest_K50"": 0.017765320354767113, ""random_K50"": 0.001356311591781221, ""hard_K50"": 0.0016493860350267927}"
CallRecordOutcomes.npz,ok,1143,5,0.007,1.0,0.024779735682819437,0.22283406754772406,0.0,IForest,0.02841574576647614,"{""CBLOF"": 2.3285282077164764, ""COPOD"": 5.722067735721065, ""ECOD"": 4.8102577809711775, ""HBOS"": 7.544748448218466, ""IForest"": 8.587728730949456, ""KNN"": 1.3581901969962094, ""LODA"": 4.15103953800861, ""LOF"": 3.2638545160351105, ""PCA"": 7.233584845383426}","{""IForest"": 0.9592511013215859, ""LOF"": 0.45044052863436124, ""KNN"": 0.41079295154185025, ""ECOD"": 0.9080396475770924, ""COPOD"": 0.9196035242290748, ""HBOS"": 0.9840308370044053, ""PCA"": 0.9174008810572687, ""CBLOF"": 0.5055066079295154, ""LODA"": 0.795704845814978}","{""smallest_K30"": 0.02841574576647614, ""random_K30"": 0.0006529083357167712, ""hard_K30"": 0.0017774734027401064, ""smallest_K50"": 0.0166840688004479, ""random_K50"": 0.0019228027025765854, ""hard_K50"": 0.0007444785201542458}"
CallRecordOutcomes.npz,ok,1143,5,0.007,2.0,0.0534140969162995,0.20814977973568272,0.0,PCA,0.03520237459024364,"{""CBLOF"": 2.687440591877066, ""COPOD"": 6.684303990505679, ""ECOD"": 5.396129317695957, ""HBOS"": 5.405698340427785, ""IForest"": 8.46477648062531, ""KNN"": 2.0069137439675764, ""LODA"": 4.176029280131553, ""LOF"": 1.6871382461068116, ""PCA"": 8.491570008662267}","{""IForest"": 0.9526431718061674, ""LOF"": 0.5231277533039648, ""KNN"": 0.4025330396475771, ""ECOD"": 0.888215859030837, ""COPOD"": 0.9218061674008812, ""HBOS"": 0.9845814977973568, ""PCA"": 0.9311674008810573, ""CBLOF"": 0.5297356828193833, ""LODA"": 0.8540748898678415}","{""smallest_K30"": 0.03520237459024364, ""random_K30"": 0.002067101720788825, ""hard_K30"": 0.0011109441200021029, ""smallest_K50"": 0.02739303764171043, ""random_K50"": 0.0009175202110428034, ""hard_K50"": 0.0007946487370236776}"
PlanetaryEmissions.npz,ok,1744,3,0.2907,0.0,0.04155134567665586,0.03896082090871167,0.0,LOF,0.029880435776723488,"{""CBLOF"": 6.74960005576351, ""COPOD"": 2.620630867534257, ""ECOD"": 2.3134499262350845, ""HBOS"": 4.879548740986875, ""IForest"": 5.679791264931182, ""KNN"": 8.039769122489322, ""LODA"": 3.1676570014438155, ""LOF"": 8.96023087751068, ""PCA"": 2.5893221431052775}","{""IForest"": 0.6706313227715213, ""LOF"": 0.6290799770948654, ""KNN"": 0.6669052618184133, ""ECOD"": 0.6395702105999872, ""COPOD"": 0.6421629445822995, ""HBOS"": 0.6195123115098302, ""PCA"": 0.6156232105363619, ""CBLOF"": 0.5880972831965388, ""LODA"": 0.6134519946554686}","{""smallest_K30"": 0.004600489910617074, ""random_K30"": 0.029880435776723488, ""hard_K30"": 0.02886018318488018, ""smallest_K50"": 0.010564292187412786, ""random_K50"": 0.015671288637145744, ""hard_K50"": 0.02610325551328788}"
PlanetaryEmissions.npz,ok,1744,3,0.2907,1.0,0.015759209772857385,0.033390949644051204,0.0,LOF,0.026327508075613876,"{""CBLOF"": 7.0, ""COPOD"": 2.6082192740218377, ""ECOD"": 2.43445288280173, ""HBOS"": 4.84681604954166, ""IForest"": 5.418652367478013, ""KNN"": 8.102394791074616, ""LODA"": 3.553095061515493, ""LOF"": 8.897605208925384, ""PCA"": 2.1387643646412666}","{""IForest"": 0.6264713367691036, ""LOF"": 0.6177347776293186, ""KNN"": 0.633493987402176, ""ECOD"": 0.6075547178214673, ""COPOD"": 0.6086244194184641, ""HBOS"": 0.5957919768403639, ""PCA"": 0.5722466119488452, ""CBLOF"": 0.578489851752879, ""LODA"": 0.5605196602405039}","{""smallest_K30"": 0.011414016205625828, ""random_K30"": 0.022522190526779735, ""hard_K30"": 0.026327508075613876, ""smallest_K50"": 0.01081805133841177, ""random_K50"": 0.0159746009325259, ""hard_K50"": 0.02441430526518874}"
PlanetaryEmissions.npz,ok,1744,3,0.2907,2.0,0.0505384297257746,0.042997939244837524,0.0,LOF,0.031278374878074944,"{""CBLOF"": 6.923524653231882, ""COPOD"": 2.788825632143664, ""ECOD"": 2.131328824695707, ""HBOS"": 4.929700600558026, ""IForest"": 5.670136978028714, ""KNN"": 8.0, ""LODA"": 3.038605482562322, ""LOF"": 9.000000000000002, ""PCA"": 2.5178778287796892}","{""IForest"": 0.6754509448368009, ""LOF"": 0.6249125151110263, ""KNN"": 0.6649010625437424, ""ECOD"": 0.6466684163644462, ""COPOD"": 0.6496866450340396, ""HBOS"": 0.6481755424063116, ""PCA"": 0.5981978112871413, ""CBLOF"": 0.5945552586371445, ""LODA"": 0.5895288541070178}","{""smallest_K30"": 0.007149688999129006, ""random_K30"": 0.020182482699008995, ""hard_K30"": 0.022121518041690928, ""smallest_K50"": 0.008326807869627764, ""random_K50"": 0.019823378087619095, ""hard_K50"": 0.031278374878074944}"
DisasterIncidentType.npz,filtered,56981,4,0.0001,,,,,,,,,
LoanCreditScore.npz,filtered,102617,5,0.0445,,,,,,,,,
RxJavaPackage.npz,ok,1671,4,0.0138,0.0,0.22891963109354418,0.3473063973063973,0.0,IForest,0.01664108098449293,"{""CBLOF"": 3.4231271535987187, ""COPOD"": 5.237445531473419, ""ECOD"": 3.8641327354599095, ""HBOS"": 6.74188501666252, ""IForest"": 7.2762503888554635, ""KNN"": 4.9584150148824175, ""LODA"": 4.700617252553483, ""LOF"": 5.145466959049024, ""PCA"": 3.6526599474650467}","{""IForest"": 0.6181159420289855, ""LOF"": 0.7389986824769433, ""KNN"": 0.05177865612648219, ""ECOD"": 0.8470355731225296, ""COPOD"": 0.6372859025032938, ""HBOS"": 0.2852437417654809, ""PCA"": 0.7050065876152832, ""CBLOF"": 0.37602108036890647, ""LODA"": 0.2380764163372859}","{""smallest_K30"": 0.01664108098449293, ""random_K30"": 0.00175473390744904, ""hard_K30"": 0.011551069234722057, ""smallest_K50"": 0.010368163253547372, ""random_K50"": 0.0021560882851380772, ""hard_K50"": 0.008251433136802483}"
RxJavaPackage.npz,ok,1671,4,0.0138,1.0,0.06192358366271411,0.29860196164544006,0.0,LOF,0.010954049460235916,"{""CBLOF"": 5.209181048986401, ""COPOD"": 3.3206236070988195, ""ECOD"": 2.9343390135130507, ""HBOS"": 5.998884204409719, ""IForest"": 5.685599431733177, ""KNN"": 6.194266855871348, ""LODA"": 5.068181983686858, ""LOF"": 6.459511492185331, ""PCA"": 4.1294123625153025}","{""IForest"": 0.6739789196310935, ""LOF"": 0.7659420289855073, ""KNN"": 0.055599472990777325, ""ECOD"": 0.8278656126482214, ""COPOD"": 0.6387351778656127, ""HBOS"": 0.2875494071146245, ""PCA"": 0.7772068511198946, ""CBLOF"": 0.4304347826086956, ""LODA"": 0.30606060606060603}","{""smallest_K30"": 0.006764049128102928, ""random_K30"": 0.0015661852871047004, ""hard_K30"": 0.010954049460235916, ""smallest_K50"": 0.00259052504623209, ""random_K50"": 0.0007293648234273207, ""hard_K50"": 0.0072310389821730325}"
RxJavaPackage.npz,ok,1671,4,0.0138,2.0,0.16969696969696957,0.30603864734299513,0.0,IForest,0.018319177195397267,"{""CBLOF"": 3.340890834801497, ""COPOD"": 5.555876521045696, ""ECOD"": 4.678360749985839, ""HBOS"": 4.920871276475246, ""IForest"": 7.575303305118052, ""KNN"": 5.147893712102656, ""LODA"": 5.1501887939178355, ""LOF"": 3.8376816465659322, ""PCA"": 4.79293315998725}","{""IForest"": 0.6591567852437418, ""LOF"": 0.6826086956521739, ""KNN"": 0.06277997364953886, ""ECOD"": 0.8288537549407113, ""COPOD"": 0.6268774703557312, ""HBOS"": 0.2744400527009223, ""PCA"": 0.7877470355731224, ""CBLOF"": 0.4986824769433465, ""LODA"": 0.2841897233201582}","{""smallest_K30"": 0.018319177195397267, ""random_K30"": 0.003788853119490257, ""hard_K30"": 0.0069810654175726326, ""smallest_K50"": 0.014564591647739654, ""random_K50"": 0.0007418648804299843, ""hard_K50"": 0.007594205449264032}"
BillingStatus.npz,ok,1108,12,0.0208,0.0,0.0,0.1645851421447495,0.0,PCA,0.010079182636937906,"{""CBLOF"": 2.872474288667644, ""COPOD"": 5.8085918853138825, ""ECOD"": 5.998131222891929, ""HBOS"": 3.501293700989521, ""IForest"": 7.701289421394767, ""KNN"": 4.946128015272505, ""LODA"": 3.492991262400035, ""LOF"": 2.478955510972864, ""PCA"": 8.200144692096853}","{""IForest"": 0.7978361049889802, ""LOF"": 0.9523141654978964, ""KNN"": 0.9541174113404127, ""ECOD"": 0.8230815467842114, ""COPOD"": 0.8056501703065517, ""HBOS"": 0.33139651372470447, ""PCA"": 1.0, ""CBLOF"": 0.9272690843518333, ""LODA"": 0.9270687237026648}","{""smallest_K30"": 0.010079182636937906, ""random_K30"": 0.001084791486612877, ""hard_K30"": 0.002412985280837335, ""smallest_K50"": 0.008065157860859092, ""random_K50"": 0.0006140162490167827, ""hard_K50"": 0.0006512674438252871}"
BillingStatus.npz,ok,1108,12,0.0208,1.0,0.1428571428571429,0.1383378971036755,0.0,IForest,0.010308456506480919,"{""CBLOF"": 2.94909314272042, ""COPOD"": 5.9655710738169505, ""ECOD"": 5.388242272659233, ""HBOS"": 3.96854312789154, ""IForest"": 7.928586018067037, ""KNN"": 4.661661305284628, ""LODA"": 4.12444407058123, ""LOF"": 2.21409560801885, ""PCA"": 7.799763380960112}","{""IForest"": 0.8571428571428571, ""LOF"": 0.9477058705670206, ""KNN"": 0.9629332799038268, ""ECOD"": 0.8337006611901422, ""COPOD"": 0.8160689240633139, ""HBOS"": 0.4229613303947105, ""PCA"": 1.0, ""CBLOF"": 0.9200561009817673, ""LODA"": 0.9943899018232819}","{""smallest_K30"": 0.005388527496036449, ""random_K30"": 0.0010158413620770224, ""hard_K30"": 0.0011110685146484961, ""smallest_K50"": 0.010308456506480919, ""random_K50"": 0.0012318780200327474, ""hard_K50"": 0.0012013575431941267}"
BillingStatus.npz,ok,1108,12,0.0208,2.0,0.0,0.156414880117545,0.0,PCA,0.0168686825404307,"{""CBLOF"": 2.3065601777230365, ""COPOD"": 6.269059278528435, ""ECOD"": 5.941417794942112, ""HBOS"": 5.232024963289293, ""IForest"": 8.29392629966479, ""KNN"": 3.5959940661490406, ""LODA"": 3.4572805723685485, ""LOF"": 1.569936593355282, ""PCA"": 8.333800253979465}","{""IForest"": 0.8619515127229013, ""LOF"": 0.9515127229012221, ""KNN"": 0.9479062312161891, ""ECOD"": 0.8046483670607093, ""COPOD"": 0.8060508916048887, ""HBOS"": 0.3472250050090162, ""PCA"": 1.0, ""CBLOF"": 0.9146463634542175, ""LODA"": 0.9583249849729513}","{""smallest_K30"": 0.0168686825404307, ""random_K30"": 0.0013760273281858424, ""hard_K30"": 0.0011097092241892537, ""smallest_K50"": 0.00543899623843901, ""random_K50"": 0.0009218507606642769, ""hard_K50"": 0.0006072315413844069}"
EnvironmentalConcernSurvey.npz,ok,2188,5,0.2093,0.0,0.031271297675240506,0.07481601613224409,0.0,IForest,0.004845939287104172,"{""CBLOF"": 2.7415720147750458, ""COPOD"": 4.145128068748691, ""ECOD"": 2.708045047477868, ""HBOS"": 6.248435487667939, ""IForest"": 8.561894589135042, ""KNN"": 7.380621843098017, ""LODA"": 6.374501538648168, ""LOF"": 2.659662496136442, ""PCA"": 4.1801389143127885}","{""IForest"": 0.6176483580281192, ""LOF"": 0.5079763737789333, ""KNN"": 0.48686801120731, ""ECOD"": 0.5912423959411364, ""COPOD"": 0.6308402958325972, ""HBOS"": 0.6349704672236666, ""PCA"": 0.6489196557033597, ""CBLOF"": 0.4727642173814272, ""LODA"": 0.5757029810434915}","{""smallest_K30"": 0.004845939287104172, ""random_K30"": 0.0015451408043889985, ""hard_K30"": 0.0014035580327382204, ""smallest_K50"": 0.004672113104603975, ""random_K50"": 0.0021781591988754307, ""hard_K50"": 0.0009229788572206088}"
EnvironmentalConcernSurvey.npz,ok,2188,5,0.2093,1.0,0.017221142438851977,0.0728776647511028,0.0,IForest,0.006288609324859876,"{""CBLOF"": 3.9016554897561506, ""COPOD"": 3.3693941843139927, ""ECOD"": 2.0, ""HBOS"": 6.5006625845405415, ""IForest"": 7.972181875111031, ""KNN"": 7.584159817881459, ""LODA"": 5.733688287717664, ""LOF"": 3.952860461535035, ""PCA"": 3.9853972991441258}","{""IForest"": 0.6477585380013631, ""LOF"": 0.5219224070474797, ""KNN"": 0.5222757906959133, ""ECOD"": 0.6043743847338264, ""COPOD"": 0.6521695231844915, ""HBOS"": 0.651882398970139, ""PCA"": 0.664979680440215, ""CBLOF"": 0.4788979478506702, ""LODA"": 0.5846574702779109}","{""smallest_K30"": 0.006288609324859876, ""random_K30"": 0.0020218193148644373, ""hard_K30"": 0.0034340175310672034, ""smallest_K50"": 0.004151130285361887, ""random_K50"": 0.0010950802946938832, ""hard_K50"": 0.0011180735606915791}"
EnvironmentalConcernSurvey.npz,ok,2188,5,0.2093,2.0,0.03944329454527096,0.07784186362195789,0.0,IForest,0.0039712673903173085,"{""CBLOF"": 5.034735140917869, ""COPOD"": 3.3852053768241297, ""ECOD"": 3.0091339647961144, ""HBOS"": 6.233725078368538, ""IForest"": 7.988420610939986, ""KNN"": 6.858751516859412, ""LODA"": 5.707743301808823, ""LOF"": 2.664735581094697, ""PCA"": 4.117549428390428}","{""IForest"": 0.6140387964762601, ""LOF"": 0.5050641138905015, ""KNN"": 0.5128353989448974, ""ECOD"": 0.5838024080571472, ""COPOD"": 0.6310990231466289, ""HBOS"": 0.6534820910215311, ""PCA"": 0.6318436529772573, ""CBLOF"": 0.47040411944367316, ""LODA"": 0.5781924426382613}","{""smallest_K30"": 0.0039712673903173085, ""random_K30"": 0.001441437087131368, ""hard_K30"": 0.0029669289474706134, ""smallest_K50"": 0.0028450917012719686, ""random_K50"": 0.0015470417564700568, ""hard_K50"": 0.0011493033543933653}"
TestCycleAnomalies.npz,filtered,56763,3,0.137,,,,,,,,,
SchoolLevy.npz,ok,1552,4,0.2835,0.0,0.0,0.30236784889251245,0.0,LOF,0.035386898959016824,"{""CBLOF"": 5.21558540781098, ""COPOD"": 3.5137946948598584, ""ECOD"": 2.3242267515047375, ""HBOS"": 4.0436054412862115, ""IForest"": 5.958862950042745, ""KNN"": 8.396082621349063, ""LODA"": 3.246164184157506, ""LOF"": 8.603917378650937, ""PCA"": 3.6977605703379615}","{""IForest"": 0.7509936812066856, ""LOF"": 0.9782307378719934, ""KNN"": 0.844236649001223, ""ECOD"": 0.6504484304932735, ""COPOD"": 0.7496840603342845, ""HBOS"": 0.552226865063188, ""PCA"": 0.7451487973909499, ""CBLOF"": 0.7149612719119445, ""LODA"": 0.09683550754178558}","{""smallest_K30"": 0.035386898959016824, ""random_K30"": 0.020374506977655745, ""hard_K30"": 0.03139618608951825, ""smallest_K50"": 0.025366600563743215, ""random_K50"": 0.014836257079043028, ""hard_K50"": 0.026025476014489773}"
SchoolLevy.npz,ok,1552,4,0.2835,1.0,0.0,0.2578509308329936,0.0,LOF,0.029376349747385566,"{""CBLOF"": 5.180892166109025, ""COPOD"": 4.275144334503198, ""ECOD"": 3.268515524727602, ""HBOS"": 3.028129452072815, ""IForest"": 5.261461145813392, ""KNN"": 7.86091790124238, ""LODA"": 3.3546986613174408, ""LOF"": 9.0, ""PCA"": 3.770240814214145}","{""IForest"": 0.7200876477782308, ""LOF"": 0.9808703628210355, ""KNN"": 0.8291225030574806, ""ECOD"": 0.6575112107623318, ""COPOD"": 0.7473298002445985, ""HBOS"": 0.5578067672238075, ""PCA"": 0.7750305748063595, ""CBLOF"": 0.700417855686914, ""LODA"": 0.5389981655116184}","{""smallest_K30"": 0.024323978288193847, ""random_K30"": 0.018756151480729413, ""hard_K30"": 0.029376349747385566, ""smallest_K50"": 0.024886213248557654, ""random_K50"": 0.012527062245278366, ""hard_K50"": 0.0177495625247713}"
SchoolLevy.npz,ok,1552,4,0.2835,2.0,0.0,0.319069619966481,0.0,LOF,0.03415315321252729,"{""CBLOF"": 5.622061677486325, ""COPOD"": 4.172015053365579, ""ECOD"": 2.657307937582715, ""HBOS"": 3.4246478562928875, ""IForest"": 6.007781967970882, ""KNN"": 8.420263730108482, ""LODA"": 3.164042369627013, ""LOF"": 8.57973626989152, ""PCA"": 2.9521431376746}","{""IForest"": 0.7185589074602527, ""LOF"": 0.9830207908683245, ""KNN"": 0.807225845902976, ""ECOD"": 0.6341520587036282, ""COPOD"": 0.7192927028128823, ""HBOS"": 0.5325519771708113, ""PCA"": 0.7559111292295149, ""CBLOF"": 0.6948940073379536, ""LODA"": 0.12995311863024867}","{""smallest_K30"": 0.03074331637585924, ""random_K30"": 0.022756383139824424, ""hard_K30"": 0.030347240156573745, ""smallest_K50"": 0.03415315321252729, ""random_K50"": 0.014863643321080705, ""hard_K50"": 0.02155470378569659}"
TrafficStopAnomalies.npz,filtered,49787,4,0.0003,,,,,,,,,
EnergySystemAnomaly.npz,filtered,9830,9,0.0011,,,,,,,,,
PokemonTypeAnomaly.npz,filtered,117184,8,0.2622,,,,,,,,,
TextFraudDetection.npz,ok,3734,3,0.0051,0.0,0.07111992632995678,0.15497863096503028,0.0,LOF,0.03916085995918048,"{""CBLOF"": 2.977439219644542, ""COPOD"": 3.9852441314060645, ""ECOD"": 2.8461606716477448, ""HBOS"": 3.346707109476511, ""IForest"": 7.000000000000001, ""KNN"": 8.119406242147482, ""LODA"": 3.8882850799158555, ""LOF"": 8.88059375785252, ""PCA"": 3.9561637879092832}","{""IForest"": 0.8472054969186087, ""LOF"": 0.8104413118934617, ""KNN"": 0.8815612382234185, ""ECOD"": 0.8608769568605228, ""COPOD"": 0.8440886873981723, ""HBOS"": 0.4919246298788694, ""PCA"": 0.3009846284621378, ""CBLOF"": 0.7940780619111709, ""LODA"": 0.7080824537791315}","{""smallest_K30"": 0.022984634611380023, ""random_K30"": 0.021717157398126314, ""hard_K30"": 0.03916085995918048, ""smallest_K50"": 0.01864466241738371, ""random_K50"": 0.022704568441183286, ""hard_K50"": 0.030932905603113164}"
TextFraudDetection.npz,ok,3734,3,0.0051,1.0,0.06704682297938636,0.15451032246385354,0.0,LOF,0.0402731471141965,"{""CBLOF"": 2.311559556181617, ""COPOD"": 5.2153509433985565, ""ECOD"": 3.6631325217015496, ""HBOS"": 2.7220202406650458, ""IForest"": 7.0, ""KNN"": 8.23422525302374, ""LODA"": 5.297324240928783, ""LOF"": 8.49311802714842, ""PCA"": 2.06326921695229}","{""IForest"": 0.8638166749309344, ""LOF"": 0.8263441241056882, ""KNN"": 0.8933909470850746, ""ECOD"": 0.8801090883332153, ""COPOD"": 0.8638875115109442, ""HBOS"": 0.49327052489905787, ""PCA"": 0.29676985195154776, ""CBLOF"": 0.8037472550825248, ""LODA"": 0.7285896436920025}","{""smallest_K30"": 0.022144300727753422, ""random_K30"": 0.023863822085740574, ""hard_K30"": 0.0402731471141965, ""smallest_K50"": 0.014040755985907408, ""random_K50"": 0.023168883495830447, ""hard_K50"": 0.030997371621453693}"
TextFraudDetection.npz,ok,3734,3,0.0051,2.0,0.10101296309414165,0.153676024965959,0.0,LOF,0.04321496107443809,"{""CBLOF"": 2.195342743643277, ""COPOD"": 4.913500843874379, ""ECOD"": 2.908430065995235, ""HBOS"": 3.342063524637646, ""IForest"": 7.0, ""KNN"": 8.090267282176269, ""LODA"": 5.458825605668428, ""LOF"": 8.90973271782373, ""PCA"": 2.1818372161810338}","{""IForest"": 0.8680314514415243, ""LOF"": 0.797549054331657, ""KNN"": 0.8985620174257987, ""ECOD"": 0.882907133243607, ""COPOD"": 0.8673939222214351, ""HBOS"": 0.5450874831763123, ""PCA"": 0.3073599206630304, ""CBLOF"": 0.8086703973932138, ""LODA"": 0.7284125522419778}","{""smallest_K30"": 0.023549546970455866, ""random_K30"": 0.02709365833495522, ""hard_K30"": 0.03780474952725475, ""smallest_K50"": 0.015263853518606665, ""random_K50"": 0.022169420806319052, ""hard_K50"": 0.04321496107443809}"
CoastalMonitoring.npz,ok,1004,8,0.0189,0.0,0.0435479561848785,0.1996912755662421,0.0,IForest,0.0028312674507100337,"{""CBLOF"": 4.103990800508849, ""COPOD"": 4.2096542890340825, ""ECOD"": 4.311106569129118, ""HBOS"": 6.168828819912549, ""IForest"": 7.592416672197695, ""KNN"": 5.859047750253974, ""LODA"": 3.058807327539295, ""LOF"": 4.139092476127128, ""PCA"": 5.557055295297314}","{""IForest"": 0.8145872294950574, ""LOF"": 0.504942559444296, ""KNN"": 0.5546353192626235, ""ECOD"": 0.7830617152017099, ""COPOD"": 0.7640929735506279, ""HBOS"": 0.8581351856799359, ""PCA"": 0.7721079348116484, ""CBLOF"": 0.48330216403954046, ""LODA"": 0.39113010953780386}","{""smallest_K30"": 0.0021238365660152117, ""random_K30"": 0.0009258295173488028, ""hard_K30"": 0.0011459821960368064, ""smallest_K50"": 0.0028312674507100337, ""random_K50"": 0.000902235672517174, ""hard_K50"": 0.0023679357293666546}"
CoastalMonitoring.npz,ok,1004,8,0.0189,1.0,0.2592839967940155,0.17276694273755455,0.0,KNN,0.006962497330384614,"{""CBLOF"": 5.493407784111072, ""COPOD"": 2.9942805358951996, ""ECOD"": 1.9062668788472803, ""HBOS"": 5.012672193459286, ""IForest"": 5.281051329235502, ""KNN"": 8.941588794912244, ""LODA"": 4.643751186804212, ""LOF"": 7.100137964984079, ""PCA"": 3.6268433317511315}","{""IForest"": 0.7841303767031793, ""LOF"": 0.5605129575207053, ""KNN"": 0.5720010686615015, ""ECOD"": 0.753673523911301, ""COPOD"": 0.7472615549024847, ""HBOS"": 0.831285065455517, ""PCA"": 0.7603526582954848, ""CBLOF"": 0.5052097248196633, ""LODA"": 0.41223617419182473}","{""smallest_K30"": 0.0023589486785499923, ""random_K30"": 0.0007485610499350213, ""hard_K30"": 0.006962497330384614, ""smallest_K50"": 0.0008393911711116262, ""random_K50"": 0.0009415976193503489, ""hard_K50"": 0.0025193834272219874}"
CoastalMonitoring.npz,ok,1004,8,0.0189,2.0,0.10045418113812443,0.20126458277673887,0.0,IForest,0.004103384593978218,"{""CBLOF"": 4.571952150700038, ""COPOD"": 4.5676554580297655, ""ECOD"": 2.581974372862399, ""HBOS"": 4.767213030271885, ""IForest"": 6.767169837314426, ""KNN"": 6.718035490515943, ""LODA"": 4.888935468369086, ""LOF"": 5.306831734341295, ""PCA"": 4.830232457595169}","{""IForest"": 0.7761154154421588, ""LOF"": 0.5682607534063585, ""KNN"": 0.5936414640662571, ""ECOD"": 0.7643601389259951, ""COPOD"": 0.7518033662837296, ""HBOS"": 0.8765695965802832, ""PCA"": 0.7456585626502805, ""CBLOF"": 0.4787603526582955, ""LODA"": 0.5225754742185412}","{""smallest_K30"": 0.001729229201886525, ""random_K30"": 0.000877151494622423, ""hard_K30"": 0.003439898805651078, ""smallest_K50"": 0.004103384593978218, ""random_K50"": 0.0008229609923859779, ""hard_K50"": 0.00323644040696978}"
GameEngagement.npz,ok,2166,9,0.048,0.0,0.04819333209163723,0.0702955236853543,0.0,IForest,0.006253359721311424,"{""CBLOF"": 2.738504532768802, ""COPOD"": 6.118659818186677, ""ECOD"": 3.9350791244093557, ""HBOS"": 5.039301023069293, ""IForest"": 8.132855890705672, ""KNN"": 5.343906212912407, ""LODA"": 2.84265387724622, ""LOF"": 3.528367933901005, ""PCA"": 7.320671586800569}","{""IForest"": 0.938978394486869, ""LOF"": 0.9363708325572732, ""KNN"": 0.983702737940026, ""ECOD"": 0.8852672750977836, ""COPOD"": 0.8978161668839635, ""HBOS"": 0.6912600111752655, ""PCA"": 0.9871717265785063, ""CBLOF"": 0.9648910411622276, ""LODA"": 0.9664276401564538}","{""smallest_K30"": 0.006253359721311424, ""random_K30"": 0.0019525814367114293, ""hard_K30"": 0.0018190781979773162, ""smallest_K50"": 0.005642525871034128, ""random_K50"": 0.0008373182971937107, ""hard_K50"": 0.0015572877201575064}"
GameEngagement.npz,ok,2166,9,0.048,1.0,0.0,0.06996699157716102,0.0,PCA,0.008812883416393736,"{""CBLOF"": 5.0838508964516596, ""COPOD"": 3.6862145495423517, ""ECOD"": 5.706855497358056, ""HBOS"": 6.723114144667414, ""IForest"": 6.3756265570699675, ""KNN"": 2.859984353030192, ""LODA"": 1.9754802396044306, ""LOF"": 4.987580530653724, ""PCA"": 7.601293231622202}","{""IForest"": 0.9306435090333396, ""LOF"": 0.9373253864779288, ""KNN"": 0.9841916558018253, ""ECOD"": 0.8856397839448686, ""COPOD"": 0.9021931458372137, ""HBOS"": 0.724529707580555, ""PCA"": 0.9882892531197616, ""CBLOF"": 0.9626792698826597, ""LODA"": 0.9494086422052523}","{""smallest_K30"": 0.008812883416393736, ""random_K30"": 0.0013433106498680555, ""hard_K30"": 0.002451724382235587, ""smallest_K50"": 0.006951607728563394, ""random_K50"": 0.0011252947230421307, ""hard_K50"": 0.003040085551498024}"
GameEngagement.npz,ok,2166,9,0.048,2.0,0.042233190538275234,0.07594233097411052,0.0,IForest,0.0070440647140347385,"{""CBLOF"": 3.2433908216179423, ""COPOD"": 5.391552543723186, ""ECOD"": 4.54370579566821, ""HBOS"": 4.8062052091956655, ""IForest"": 6.930009079555765, ""KNN"": 5.432729327422464, ""LODA"": 3.479339608310746, ""LOF"": 3.3517293708580005}","{""IForest"": 0.9429363009871484, ""LOF"": 0.9356258148631028, ""KNN"": 0.9851694915254237, ""ECOD"": 0.8834280126653008, ""COPOD"": 0.9000977835723598, ""HBOS"": 0.7057645744086424, ""CBLOF"": 0.9679642391506799, ""LODA"": 0.9528310672378468}","{""smallest_K30"": 0.005619404162736613, ""random_K30"": 0.0004894509760371017, ""hard_K30"": 0.001383108318340123, ""smallest_K50"": 0.0070440647140347385, ""random_K50"": 0.0006747917120517358, ""hard_K50"": 0.0030895870610513007}"
BuildingEnergyCompliance.npz,ok,2501,25,0.044,0.0,0.14776997532738656,0.14959432529891825,0.0,IForest,0.007753530672309244,"{""CBLOF"": 4.502656669951508, ""COPOD"": 6.203153469545632, ""ECOD"": 4.6168140837990235, ""HBOS"": 3.524469930643633, ""IForest"": 6.833835745580482, ""KNN"": 4.752738050631541, ""LODA"": 3.359757597759879, ""LOF"": 4.0457650299000925}","{""IForest"": 0.514215221104574, ""LOF"": 0.5261909280698426, ""KNN"": 0.5492123742645664, ""ECOD"": 0.4178022395141393, ""COPOD"": 0.45705067375213515, ""HBOS"": 0.6619851964319605, ""CBLOF"": 0.4050104384133612, ""LODA"": 0.5676598975137597}","{""smallest_K30"": 0.005223356064842635, ""random_K30"": 0.0010035689717517008, ""hard_K30"": 0.0015402662099651926, ""smallest_K50"": 0.007753530672309244, ""random_K50"": 0.001845998062458395, ""hard_K50"": 0.0029152422705310457}"
BuildingEnergyCompliance.npz,ok,2501,25,0.044,1.0,0.19087113304232306,0.16919956348453213,0.0,IForest,0.012664069369975321,"{""CBLOF"": 3.937922308417048, ""COPOD"": 6.080640257578187, ""ECOD"": 4.971446605254, ""HBOS"": 2.830265278575327, ""IForest"": 7.865965368499493, ""KNN"": 5.300947985947061, ""LODA"": 3.5431201007567443, ""LOF"": 2.7487473693486155}","{""IForest"": 0.4657620041753653, ""LOF"": 0.5117669386980451, ""KNN"": 0.5194913645853103, ""ECOD"": 0.39339533118238756, ""COPOD"": 0.42209147845891065, ""HBOS"": 0.6566331372176883, ""CBLOF"": 0.40091098880242926, ""LODA"": 0.5294173467451129}","{""smallest_K30"": 0.012664069369975321, ""random_K30"": 0.0005129677809772331, ""hard_K30"": 0.002461634230603469, ""smallest_K50"": 0.00960353597828824, ""random_K50"": 0.0001434692217032031, ""hard_K50"": 0.0021904068221325905}"
BuildingEnergyCompliance.npz,ok,2501,25,0.044,2.0,0.18157145568419053,0.18542773771114063,0.0,IForest,0.009707646803855175,"{""CBLOF"": 3.7096311245501727, ""COPOD"": 4.58949366123555, ""ECOD"": 4.765613554801605, ""HBOS"": 4.360275833816119, ""IForest"": 7.142816643162673, ""KNN"": 4.840865733567413, ""LODA"": 2.8921497155528435, ""LOF"": 4.195063364666752}","{""IForest"": 0.4917062061112165, ""LOF"": 0.5279180110077814, ""KNN"": 0.5180489656481305, ""ECOD"": 0.38656291516416774, ""COPOD"": 0.41812488138166637, ""HBOS"": 0.673277661795407, ""CBLOF"": 0.4172518504460049, ""LODA"": 0.4699089011197571}","{""smallest_K30"": 0.005232065081683518, ""random_K30"": 0.0034389141810931305, ""hard_K30"": 0.0059234952434901265, ""smallest_K50"": 0.009707646803855175, ""random_K50"": 0.0005144896021937733, ""hard_K50"": 0.0019327706298013047}"
SensorAnomaly.npz,ok,1140,24,0.0132,0.0,0.0,0.1206666666666667,0.0,IForest,0.01735575050111839,"{""CBLOF"": 3.4551065110224393, ""COPOD"": 6.503804390807333, ""ECOD"": 5.663947983628067, ""HBOS"": 6.006461970964851, ""IForest"": 6.66811312237366, ""KNN"": 4.639961611422057, ""LODA"": 1.9719074924131355, ""LOF"": 2.942339016358936}","{""IForest"": 0.9928888888888889, ""LOF"": 0.7757037037037037, ""KNN"": 0.8557037037037037, ""ECOD"": 0.9825185185185186, ""COPOD"": 0.9703703703703703, ""HBOS"": 0.9594074074074074, ""CBLOF"": 0.6077037037037036, ""LODA"": 0.8334814814814815}","{""smallest_K30"": 0.01735575050111839, ""random_K30"": 0.004515272126436458, ""hard_K30"": 0.001530199675557716, ""smallest_K50"": 0.008575123228822883, ""random_K50"": 0.00020448022431631449, ""hard_K50"": 0.004763009296439455}"
SensorAnomaly.npz,ok,1140,24,0.0132,1.0,0.0,0.12183333333333324,0.0,IForest,0.017673718684039174,"{""CBLOF"": 1.9325479450386498, ""COPOD"": 5.543019793922797, ""ECOD"": 4.697024454378475, ""HBOS"": 6.762547275802515, ""IForest"": 8.109992107027646, ""KNN"": 4.0398031119411915, ""LODA"": 3.6251093051523293, ""LOF"": 2.0852782487068646}","{""IForest"": 0.991111111111111, ""LOF"": 0.7856296296296297, ""KNN"": 0.8740740740740741, ""ECOD"": 0.9762962962962963, ""COPOD"": 0.9694814814814814, ""HBOS"": 0.9546666666666667, ""CBLOF"": 0.6017777777777777, ""LODA"": 0.8011851851851852}","{""smallest_K30"": 0.017663430787116022, ""random_K30"": 0.0013706968418740564, ""hard_K30"": 0.002695850996318851, ""smallest_K50"": 0.017673718684039174, ""random_K50"": 0.0008535271201899799, ""hard_K50"": 0.0002555482009677529}"
SensorAnomaly.npz,ok,1140,24,0.0132,2.0,0.0,0.1187407407407407,0.0,IForest,0.013979073722154206,"{""CBLOF"": 2.764226184463661, ""COPOD"": 4.579583411962325, ""ECOD"": 4.911901739360696, ""HBOS"": 6.593778339686494, ""IForest"": 7.130634185295644, ""KNN"": 4.448973655924766, ""LODA"": 4.45196186577666, ""LOF"": 3.11513281962395}","{""IForest"": 0.989037037037037, ""LOF"": 0.7896296296296296, ""KNN"": 0.8794074074074074, ""ECOD"": 0.9828148148148148, ""COPOD"": 0.9721481481481481, ""HBOS"": 0.9508148148148148, ""CBLOF"": 0.6097777777777778, ""LODA"": 0.7887407407407407}","{""smallest_K30"": 0.012356958411514246, ""random_K30"": 0.0005509721719215563, ""hard_K30"": 0.004805025044563984, ""smallest_K50"": 0.013979073722154206, ""random_K50"": 0.00155598664050966, ""hard_K50"": 0.003766504307205884}"
ExamPerformance.npz,ok,1000,4,0.102,0.0,0.011056644880174216,0.01438248910675377,0.0,LOF,0.02573352317119171,"{""CBLOF"": 6.809512597439204, ""COPOD"": 3.254489751473551, ""ECOD"": 1.3029623603078373, ""HBOS"": 5.996896200641801, ""IForest"": 5.193591201918993, ""KNN"": 8.22318588022441, ""LODA"": 2.1196409599324904, ""LOF"": 8.77681411977559}","{""IForest"": 0.9950980392156863, ""LOF"": 0.9880174291938999, ""KNN"": 0.9964869281045751, ""ECOD"": 0.9396514161220044, ""COPOD"": 0.9990740740740741, ""HBOS"": 0.9964596949891067, ""CBLOF"": 0.9727124183006536, ""LODA"": 0.9900326797385621}","{""smallest_K30"": 0.0031512785502469617, ""random_K30"": 0.015018707149047664, ""hard_K30"": 0.02573352317119171, ""smallest_K50"": 0.009125367307207276, ""random_K50"": 0.012029293801160978, ""hard_K50"": 0.014635143843107816}"
ExamPerformance.npz,ok,1000,4,0.102,1.0,0.004466230936819193,0.0168391430646333,0.0,LOF,0.037768312394205326,"{""CBLOF"": 6.777976304462832, ""COPOD"": 3.6550891687361307, ""ECOD"": 2.613427878069024, ""HBOS"": 6.009530547070602, ""IForest"": 5.093052363184103, ""KNN"": 8.156745526131132, ""LODA"": 1.1194407852824602, ""LOF"": 8.843254473868864, ""PCA"": 2.7314829531948446}","{""IForest"": 0.9910675381263616, ""LOF"": 0.9942265795206972, ""KNN"": 0.9986928104575163, ""ECOD"": 0.9313725490196079, ""COPOD"": 0.998202614379085, ""HBOS"": 0.9949618736383442, ""PCA"": 0.989760348583878, ""CBLOF"": 0.9651416122004357, ""LODA"": 0.9732570806100218}","{""smallest_K30"": 0.0038792715990399545, ""random_K30"": 0.022653631933044278, ""hard_K30"": 0.037768312394205326, ""smallest_K50"": 0.0025416893180613756, ""random_K50"": 0.008676509781847051, ""hard_K50"": 0.020798936582241124}"
ExamPerformance.npz,ok,1000,4,0.102,2.0,0.005228758169934733,0.01657815904139437,0.0,LOF,0.025532990556417123,"{""CBLOF"": 6.876045778674322, ""COPOD"": 2.6463898569279403, ""ECOD"": 2.4495251397875597, ""HBOS"": 5.516193639893443, ""IForest"": 5.525124433881783, ""KNN"": 8.359919765840232, ""LODA"": 2.739507404732509, ""LOF"": 8.640080234159766}","{""IForest"": 0.9886710239651417, ""LOF"": 0.9925925925925925, ""KNN"": 0.9927559912854031, ""ECOD"": 0.9411764705882353, ""COPOD"": 0.9978213507625272, ""HBOS"": 0.9961328976034858, ""CBLOF"": 0.9702614379084968, ""LODA"": 0.9705337690631808}","{""smallest_K30"": 0.0019199368324635782, ""random_K30"": 0.022347083202153856, ""hard_K30"": 0.02051925966448083, ""smallest_K50"": 0.01100975946976218, ""random_K50"": 0.011605449404035975, ""hard_K50"": 0.025532990556417123}"
RealEstateIrregularity.npz,ok,2503,10,0.2617,0.0,0.1272374664741076,0.17658207826146743,0.0,IForest,0.009867014276252122,"{""CBLOF"": 2.520521053418349, ""COPOD"": 4.637899741834745, ""ECOD"": 4.496096661428719, ""HBOS"": 6.4808891082296345, ""IForest"": 6.595412743562344, ""KNN"": 4.6287969006502365, ""LODA"": 3.782275906286535, ""LOF"": 5.335437498708603, ""PCA"": 6.522670385880839}","{""IForest"": 0.6444893748710543, ""LOF"": 0.5272374664741077, ""KNN"": 0.7717268413451619, ""ECOD"": 0.522706828966371, ""COPOD"": 0.6488467093047245, ""HBOS"": 0.5488136991953786, ""PCA"": 0.45602228182380855, ""CBLOF"": 0.7035320817000206, ""LODA"": 0.5329275840726222}","{""smallest_K30"": 0.009867014276252122, ""random_K30"": 0.001358318742050839, ""hard_K30"": 0.0029223928827462613, ""smallest_K50"": 0.004983144412648444, ""random_K50"": 0.0012969447946861166, ""hard_K50"": 0.0036154142328564654}"
RealEstateIrregularity.npz,ok,2503,10,0.2617,1.0,0.09272952341654639,0.16877793824358722,0.0,IForest,0.009317674806314931,"{""CBLOF"": 3.6548240612249967, ""COPOD"": 6.107193360517089, ""ECOD"": 4.7033682017860095, ""HBOS"": 6.415830643926222, ""IForest"": 7.350653385379861, ""KNN"": 5.834355627929032, ""LODA"": 2.2255934982933883, ""LOF"": 3.9227202912863683, ""PCA"": 4.785460929657037}","{""IForest"": 0.6802351970290901, ""LOF"": 0.5318857024963894, ""KNN"": 0.7729647204456365, ""ECOD"": 0.5277821332783165, ""COPOD"": 0.6618609449143801, ""HBOS"": 0.5732184856612337, ""PCA"": 0.4701959975242418, ""CBLOF"": 0.7020301217247781, ""LODA"": 0.517507736744378}","{""smallest_K30"": 0.009317674806314931, ""random_K30"": 0.0009097083953245074, ""hard_K30"": 0.0021065755837925172, ""smallest_K50"": 0.005129558466225826, ""random_K50"": 0.0010285850408532408, ""hard_K50"": 0.0016556485178059678}"
RealEstateIrregularity.npz,ok,2503,10,0.2617,2.0,0.12828760057767674,0.17551589757696617,0.0,IForest,0.009217284501085115,"{""CBLOF"": 2.3362062362152933, ""COPOD"": 4.784718386965076, ""ECOD"": 4.668576144834014, ""HBOS"": 6.903845266091438, ""IForest"": 7.358277521571644, ""KNN"": 4.281156302223338, ""LODA"": 2.8179085980221403, ""LOF"": 4.535497320408146, ""PCA"": 7.31381422366891}","{""IForest"": 0.6356983701258512, ""LOF"": 0.5513534144831854, ""KNN"": 0.7639859707035279, ""ECOD"": 0.5124736950691149, ""COPOD"": 0.6425500309469775, ""HBOS"": 0.5837652155972767, ""PCA"": 0.4493047245719001, ""CBLOF"": 0.7115535382710956, ""LODA"": 0.44554569837012586}","{""smallest_K30"": 0.006456016581499836, ""random_K30"": 0.0011630778766724525, ""hard_K30"": 0.001734504616885741, ""smallest_K50"": 0.009217284501085115, ""random_K50"": 0.0012660454331768676, ""hard_K50"": 0.0028822249883035645}"
CoralDisease.npz,filtered,213853,8,0.0427,,,,,,,,,
RealEstateBlockType.npz,ok,2788,3,0.099,0.0,0.18008975134699062,0.09277027048658137,0.0,HBOS,0.008654222857997974,"{""CBLOF"": 6.634509041202403, ""COPOD"": 2.906088657257505, ""ECOD"": 3.7222074147943625, ""HBOS"": 6.777058593034285, ""IForest"": 5.284165068242246, ""KNN"": 6.2531229649359314, ""LODA"": 3.8699299702498786, ""LOF"": 5.813464960070039, ""PCA"": 3.739453330213348}","{""IForest"": 0.6482121762180539, ""LOF"": 0.5394661019390901, ""KNN"": 0.5951176995995044, ""ECOD"": 0.6046186648226582, ""COPOD"": 0.6687123635001586, ""HBOS"": 0.488622612153168, ""PCA"": 0.5526983029360071, ""CBLOF"": 0.554657561875126, ""LODA"": 0.531373354078428}","{""smallest_K30"": 0.004672808066879495, ""random_K30"": 0.002189436994658425, ""hard_K30"": 0.004769899702261874, ""smallest_K50"": 0.0026828441189742356, ""random_K50"": 0.001499797258900538, ""hard_K50"": 0.008654222857997974}"
RealEstateBlockType.npz,ok,2788,3,0.099,1.0,0.06930158181346702,0.09314723574815187,0.0,KNN,0.007633725432165929,"{""CBLOF"": 5.627518013361845, ""COPOD"": 4.05412220752527, ""ECOD"": 3.0925656267511608, ""HBOS"": 5.593018915737524, ""IForest"": 6.466877409005796, ""KNN"": 7.196184851349048, ""LODA"": 4.12452522771795, ""LOF"": 5.359258913877919, ""PCA"": 3.4859288346734933}","{""IForest"": 0.6379836920505949, ""LOF"": 0.48814000057625273, ""KNN"": 0.5816622007087907, ""ECOD"": 0.5932520817126228, ""COPOD"": 0.6509637825222577, ""HBOS"": 0.49271400582015157, ""PCA"": 0.5384144408908866, ""CBLOF"": 0.5336819661739707, ""LODA"": 0.5035367505114242}","{""smallest_K30"": 0.005672832652883187, ""random_K30"": 0.0040396038189259385, ""hard_K30"": 0.007633725432165929, ""smallest_K50"": 0.0022053950801235967, ""random_K50"": 0.0012807018684267894, ""hard_K50"": 0.003243384034793462}"
RealEstateBlockType.npz,ok,2788,3,0.099,2.0,0.17633690609963393,0.09637945275208648,0.0,HBOS,0.004930332178779324,"{""CBLOF"": 5.460599066740362, ""COPOD"": 4.046207453800958, ""ECOD"": 3.099166540210022, ""HBOS"": 6.919429807116538, ""IForest"": 6.505222348559138, ""KNN"": 5.324972571506545, ""LODA"": 4.799102430467162, ""LOF"": 4.846875007217218, ""PCA"": 3.9984247743820642}","{""IForest"": 0.6580588930186994, ""LOF"": 0.4869658858443542, ""KNN"": 0.5808842596594347, ""ECOD"": 0.6080545711239808, ""COPOD"": 0.664520125623073, ""HBOS"": 0.4881832195234391, ""PCA"": 0.5623649407900424, ""CBLOF"": 0.5626890828939407, ""LODA"": 0.5015450773619154}","{""smallest_K30"": 0.004606764187084903, ""random_K30"": 0.0034238186770882977, ""hard_K30"": 0.004555599327655189, ""smallest_K50"": 0.004930332178779324, ""random_K50"": 0.0014291318290702315, ""hard_K50"": 0.003945565174447101}"
CityTreeCondition.npz,ok,1226,10,0.0595,0.0,0.0,0.1750578188934353,0.0,KNN,0.011874811414120454,"{""CBLOF"": 6.305456726271852, ""COPOD"": 1.4002733778814815, ""ECOD"": 2.220310380573941, ""HBOS"": 5.145369702378714, ""IForest"": 7.928984274300703, ""KNN"": 8.731411505830144, ""LODA"": 3.217671955383284, ""LOF"": 6.496970505257584, ""PCA"": 3.5535515721222866}","{""IForest"": 0.6909209511949237, ""LOF"": 0.5764691929075492, ""KNN"": 0.7414457688430292, ""ECOD"": 0.49131234062740914, ""COPOD"": 0.45211409594971236, ""HBOS"": 0.5898713158987131, ""PCA"": 0.5146771037181996, ""CBLOF"": 0.6541540651129691, ""LODA"": 0.38652671529383853}","{""smallest_K30"": 0.005411747399505154, ""random_K30"": 0.004017042839057587, ""hard_K30"": 0.011874811414120454, ""smallest_K50"": 0.005482305254362064, ""random_K50"": 0.00893587379304579, ""hard_K50"": 0.004838604016083133}"
CityTreeCondition.npz,ok,1226,10,0.0595,1.0,0.0,0.1363438692205815,0.0,KNN,0.013511623886540489,"{""CBLOF"": 6.244669086377666, ""COPOD"": 2.483375189164072, ""ECOD"": 1.3409623499392265, ""HBOS"": 5.092737129236272, ""IForest"": 7.456861397020768, ""KNN"": 8.319128810072112, ""LODA"": 3.6536276654705526, ""LOF"": 6.54431878545133, ""PCA"": 3.8643195872680054}","{""IForest"": 0.6945976398031193, ""LOF"": 0.5716954278598114, ""KNN"": 0.7254936843977939, ""ECOD"": 0.4680661803949475, ""COPOD"": 0.4485560101998458, ""HBOS"": 0.5880922730237799, ""PCA"": 0.5066121093518354, ""CBLOF"": 0.6523157208088715, ""LODA"": 0.6469192907549073}","{""smallest_K30"": 0.005412637177807467, ""random_K30"": 0.004532437983621115, ""hard_K30"": 0.013511623886540489, ""smallest_K50"": 0.005217552625528486, ""random_K50"": 0.002972355996975815, ""hard_K50"": 0.0036570907184061514}"
CityTreeCondition.npz,ok,1226,10,0.0595,2.0,0.0,0.17014897836815646,0.0,KNN,0.008919011834072895,"{""CBLOF"": 6.348876601900626, ""COPOD"": 1.4783377153177393, ""ECOD"": 2.108516741231894, ""HBOS"": 5.368541519103903, ""IForest"": 7.801685941054668, ""KNN"": 8.717104044238937, ""LODA"": 3.2996331058618478, ""LOF"": 6.287047710131666, ""PCA"": 3.590256621158723}","{""IForest"": 0.6781118424954041, ""LOF"": 0.6022060131649173, ""KNN"": 0.7369388602265314, ""ECOD"": 0.4531222202455079, ""COPOD"": 0.42198896993417545, ""HBOS"": 0.5889224930320821, ""PCA"": 0.490363517760778, ""CBLOF"": 0.6669631738124888, ""LODA"": 0.46249184605348986}","{""smallest_K30"": 0.006472728120712919, ""random_K30"": 0.008837231424422365, ""hard_K30"": 0.008919011834072895, ""smallest_K50"": 0.006318893463970657, ""random_K50"": 0.007578941558824983, ""hard_K50"": 0.007089893675134832}"
LandRarity.npz,ok,3181,7,0.1188,0.0,0.15869714889322734,0.19461944897674743,0.0,LOF,0.007888312320310741,"{""CBLOF"": 4.887026266539278, ""COPOD"": 3.0674449466655167, ""ECOD"": 2.2749346569163453, ""HBOS"": 5.0590166642461165, ""IForest"": 7.725065343083655, ""KNN"": 6.249952752167054, ""LODA"": 4.652926541810375, ""LOF"": 8.161251215235964, ""PCA"": 2.922381613335695}","{""IForest"": 0.5337761367173132, ""LOF"": 0.48670410925312885, ""KNN"": 0.2611596827283102, ""ECOD"": 0.5360538154655802, ""COPOD"": 0.4162941270784408, ""HBOS"": 0.6454012581463562, ""PCA"": 0.4284983353610805, ""CBLOF"": 0.4177654226673834, ""LODA"": 0.33138339510888526}","{""smallest_K30"": 0.004342285439930756, ""random_K30"": 0.005812271522513422, ""hard_K30"": 0.005442251359212935, ""smallest_K50"": 0.0033479470404110183, ""random_K50"": 0.0018585218348747905, ""hard_K50"": 0.007888312320310741}"
LandRarity.npz,ok,3181,7,0.1188,1.0,0.14628545020701877,0.19815988497905707,0.0,IForest,0.00837715502314935,"{""CBLOF"": 4.564617231257245, ""COPOD"": 2.965740391171021, ""ECOD"": 2.863450932015451, ""HBOS"": 5.499304991903472, ""IForest"": 7.841059659155009, ""KNN"": 6.738721461264683, ""LODA"": 1.6983152019156518, ""LOF"": 7.711239305529937, ""PCA"": 5.117550825787532}","{""IForest"": 0.513972592403965, ""LOF"": 0.5077431646059096, ""KNN"": 0.2935494062945044, ""ECOD"": 0.5605117467862566, ""COPOD"": 0.4417140593611181, ""HBOS"": 0.6602580426109838, ""PCA"": 0.4598647539824011, ""CBLOF"": 0.36495675711361986, ""LODA"": 0.3563128955285818}","{""smallest_K30"": 0.0029200029687417037, ""random_K30"": 0.0027665379233364107, ""hard_K30"": 0.00588997761251288, ""smallest_K50"": 0.004045566926970083, ""random_K50"": 0.004533634160406329, ""hard_K50"": 0.00837715502314935}"
LandRarity.npz,ok,3181,7,0.1188,2.0,0.09103405672033127,0.1808784493969679,0.0,IForest,0.005497052249832287,"{""CBLOF"": 3.843610451773318, ""COPOD"": 3.160244983221344, ""ECOD"": 2.598712734645782, ""HBOS"": 4.841282833867989, ""IForest"": 8.201948732846628, ""KNN"": 6.5181346424985644, ""LODA"": 3.377075856858672, ""LOF"": 7.5509628210812805, ""PCA"": 4.9080269432064165}","{""IForest"": 0.5623131407445132, ""LOF"": 0.5228475228475229, ""KNN"": 0.28472163276084844, ""ECOD"": 0.5459261145535655, ""COPOD"": 0.42254477548595193, ""HBOS"": 0.6533471974648445, ""PCA"": 0.44324194324194327, ""CBLOF"": 0.30688773826028737, ""LODA"": 0.5103886672514123}","{""smallest_K30"": 0.002896334387909402, ""random_K30"": 0.00222170518813425, ""hard_K30"": 0.005492027930999792, ""smallest_K50"": 0.002315256213789214, ""random_K50"": 0.0022356106891018735, ""hard_K50"": 0.005497052249832287}"
SystemFailureCases.npz,ok,1759,4,0.1592,0.0,0.0,0.09363763875482622,0.0,IForest,0.01139599801622395,"{""CBLOF"": 6.28738938647391, ""COPOD"": 2.3137895187163693, ""ECOD"": 3.544171981324123, ""HBOS"": 2.3948297913321377, ""IForest"": 7.626129081693411, ""KNN"": 7.061814441506982, ""LODA"": 3.2318130456227117, ""LOF"": 7.235546691707033}","{""IForest"": 0.8446368243243243, ""LOF"": 0.7400820463320463, ""KNN"": 0.8352919884169885, ""ECOD"": 0.757112693050193, ""COPOD"": 0.775102557915058, ""HBOS"": 0.731714527027027, ""CBLOF"": 0.7714346042471043, ""LODA"": 0.5526182432432433}","{""smallest_K30"": 0.01139599801622395, ""random_K30"": 0.0016537158155167154, ""hard_K30"": 0.005424629038471244, ""smallest_K50"": 0.010486657165771424, ""random_K50"": 0.0015516283867619979, ""hard_K50"": 0.010704846734097266}"
SystemFailureCases.npz,ok,1759,4,0.1592,1.0,0.0,0.09873687861969116,0.0,IForest,0.010641614703146375,"{""CBLOF"": 5.075656927504974, ""COPOD"": 3.5870339768972817, ""ECOD"": 4.581224488599979, ""HBOS"": 3.0905413167748397, ""IForest"": 8.272297538830012, ""KNN"": 6.67280025609912, ""LODA"": 1.8796933867805128, ""LOF"": 5.0382859951250305}","{""IForest"": 0.8318653474903476, ""LOF"": 0.7059905888030888, ""KNN"": 0.8124276061776061, ""ECOD"": 0.7490588803088802, ""COPOD"": 0.7679898648648649, ""HBOS"": 0.7232866795366795, ""CBLOF"": 0.7641047297297299, ""LODA"": 0.5103040540540541}","{""smallest_K30"": 0.010641614703146375, ""random_K30"": 0.003972269195109743, ""hard_K30"": 0.004456144351786032, ""smallest_K50"": 0.0073344710025825275, ""random_K50"": 0.0011925195225114872, ""hard_K50"": 0.003317586356274766}"
SystemFailureCases.npz,ok,1759,4,0.1592,2.0,0.0,0.10968937687687674,0.0,IForest,0.013650114688422964,"{""CBLOF"": 6.470868634678363, ""COPOD"": 3.0738370964530617, ""ECOD"": 3.5038466144778146, ""HBOS"": 4.169219384850339, ""IForest"": 8.2803971817565, ""KNN"": 7.721255101227204, ""LODA"": 1.7923125982635053, ""LOF"": 5.335545490001313, ""PCA"": 4.652717898291903}","{""IForest"": 0.8258747586872587, ""LOF"": 0.680984555984556, ""KNN"": 0.8168617277992278, ""ECOD"": 0.7373491795366796, ""COPOD"": 0.7536015926640929, ""HBOS"": 0.6987512065637066, ""PCA"": 0.7592845077220078, ""CBLOF"": 0.7787222490347491, ""LODA"": 0.39423865830115834}","{""smallest_K30"": 0.010182054610731586, ""random_K30"": 0.002715986476790231, ""hard_K30"": 0.004568048727580898, ""smallest_K50"": 0.013650114688422964, ""random_K50"": 0.0019474607183661242, ""hard_K50"": 0.0035895315539305984}"
ElectricBuildingUsage.npz,filtered,312958,10,0.0304,,,,,,,,,
HurricaneTracks.npz,ok,4400,7,0.0073,0.0,0.0,0.09179538520213582,0.0,LOF,0.010438068033501906,"{""CBLOF"": 6.424211590113332, ""COPOD"": 1.8488231312667482, ""ECOD"": 2.1175568539684133, ""HBOS"": 3.7726051733209744, ""IForest"": 6.153369276665414, ""KNN"": 8.21943604003013, ""LODA"": 3.304421661149555, ""LOF"": 8.780563959969873, ""PCA"": 4.379012313515568}","{""IForest"": 0.8348469679633868, ""LOF"": 0.9743993135011442, ""KNN"": 0.9662113844393592, ""ECOD"": 0.9225185926773455, ""COPOD"": 0.7201802059496567, ""HBOS"": 0.7656965102974829, ""PCA"": 0.9369279176201374, ""CBLOF"": 0.915296052631579, ""LODA"": 0.907358409610984}","{""smallest_K30"": 0.0036235092904408944, ""random_K30"": 0.004114905973141593, ""hard_K30"": 0.010438068033501906, ""smallest_K50"": 0.0031002565836261904, ""random_K50"": 0.0049614154474224995, ""hard_K50"": 0.006642325725832135}"
HurricaneTracks.npz,ok,4400,7,0.0073,1.0,0.0033967391304348116,0.07703645436053908,0.0,LOF,0.007392520443465162,"{""CBLOF"": 6.483442120579634, ""COPOD"": 2.2464255049225073, ""ECOD"": 2.7517507642165113, ""HBOS"": 2.6515813743722116, ""IForest"": 6.146822807135699, ""KNN"": 8.256389481680092, ""LODA"": 3.909375182027562, ""LOF"": 8.74361051831991, ""PCA"": 3.81060224674588}","{""IForest"": 0.7901530320366132, ""LOF"": 0.9541261441647597, ""KNN"": 0.9575228832951945, ""ECOD"": 0.9252359839816933, ""COPOD"": 0.7169979977116705, ""HBOS"": 0.7512514302059496, ""PCA"": 0.9467963386727688, ""CBLOF"": 0.9345680778032037, ""LODA"": 0.9477259725400456}","{""smallest_K30"": 0.0038110052259334943, ""random_K30"": 0.0039579795274390815, ""hard_K30"": 0.005725971590688693, ""smallest_K50"": 0.0053415324858224434, ""random_K50"": 0.004072486335844326, ""hard_K50"": 0.007392520443465162}"
HurricaneTracks.npz,ok,4400,7,0.0073,2.0,0.005756578947368585,0.0889468916857361,0.0,LOF,0.009928470766995282,"{""CBLOF"": 5.8639148946424005, ""COPOD"": 2.227732105942727, ""ECOD"": 1.676746615742967, ""HBOS"": 4.524887460641943, ""IForest"": 6.323122025961341, ""KNN"": 8.111373805948904, ""LODA"": 3.6867684842373176, ""LOF"": 8.888626194051094, ""PCA"": 3.6968284128313}","{""IForest"": 0.8142162471395881, ""LOF"": 0.9536613272311212, ""KNN"": 0.9594179061784898, ""ECOD"": 0.9261656178489703, ""COPOD"": 0.7237557208237986, ""HBOS"": 0.7621925057208238, ""PCA"": 0.9479762585812358, ""CBLOF"": 0.9201587528604118, ""LODA"": 0.8266947940503433}","{""smallest_K30"": 0.0019260288105102373, ""random_K30"": 0.004295653426279846, ""hard_K30"": 0.009928470766995282, ""smallest_K50"": 0.0032724356789176636, ""random_K50"": 0.003855917250040741, ""hard_K50"": 0.0061039476077140355}"
HardwareDesignMetrics.npz,ok,2660,11,0.282,0.0,0.012310645724258329,0.3639626963350785,0.0,KNN,0.014415838426207405,"{""CBLOF"": 4.631047937413419, ""COPOD"": 2.5718764186230816, ""ECOD"": 3.10707895535663, ""HBOS"": 6.123084936481908, ""IForest"": 6.440696278124998, ""KNN"": 8.25707545863136, ""LODA"": 3.046816938859571, ""LOF"": 7.461746223649488}","{""IForest"": 0.5372408376963351, ""LOF"": 0.9961675392670157, ""KNN"": 0.9838568935427574, ""ECOD"": 0.6934624781849912, ""COPOD"": 0.38150785340314136, ""HBOS"": 0.9201151832460733, ""CBLOF"": 0.5200034904013962, ""LODA"": 0.025284467713787086}","{""smallest_K30"": 0.007429814270793926, ""random_K30"": 0.011794542299875681, ""hard_K30"": 0.014415838426207405, ""smallest_K50"": 0.007676556136509832, ""random_K50"": 0.006260126875752916, ""hard_K50"": 0.011185519956532273}"
HardwareDesignMetrics.npz,ok,2660,11,0.282,1.0,0.013329842931937175,0.3856228184991275,0.0,KNN,0.010965741700759805,"{""CBLOF"": 4.407766454693776, ""COPOD"": 2.54568603326532, ""ECOD"": 2.6722054408162346, ""HBOS"": 6.064161169822086, ""IForest"": 6.614166226604582, ""KNN"": 8.327440523784365, ""LODA"": 3.1419614752077294, ""LOF"": 7.577485931673861}","{""IForest"": 0.454064572425829, ""LOF"": 0.9971623036649215, ""KNN"": 0.9838324607329844, ""ECOD"": 0.6587225130890053, ""COPOD"": 0.35566143106457243, ""HBOS"": 0.9199825479930193, ""CBLOF"": 0.4838499127399651, ""LODA"": 0.03904013961605585}","{""smallest_K30"": 0.0101444435415349, ""random_K30"": 0.007490169404610498, ""hard_K30"": 0.010965741700759805, ""smallest_K50"": 0.008236982932628945, ""random_K50"": 0.00952358567357071, ""hard_K50"": 0.009775764600072819}"
HardwareDesignMetrics.npz,ok,2660,11,0.282,2.0,0.02004886561954633,0.35926527050610824,0.0,KNN,0.012377376440276259,"{""CBLOF"": 4.366323924293557, ""COPOD"": 3.0447083795657774, ""ECOD"": 2.957693837596074, ""HBOS"": 5.741393616129379, ""IForest"": 6.592438414445259, ""KNN"": 8.037600481736769, ""LODA"": 3.2528672269373615, ""LOF"": 7.438910907704852, ""PCA"": 3.5680632115909736}","{""IForest"": 0.5135619546247818, ""LOF"": 0.9964886561954626, ""KNN"": 0.9764397905759162, ""ECOD"": 0.673696335078534, ""COPOD"": 0.3944886561954625, ""HBOS"": 0.922694589877836, ""PCA"": 0.7083490401396161, ""CBLOF"": 0.5158010471204189, ""LODA"": 0.03349040139616056}","{""smallest_K30"": 0.008235795790336663, ""random_K30"": 0.007953087949919406, ""hard_K30"": 0.011982117573482252, ""smallest_K50"": 0.006232483496281903, ""random_K50"": 0.008827544540356938, ""hard_K50"": 0.012377376440276259}"
SalesPerformance.npz,ok,3002,7,0.1213,0.0,0.1406562187812187,0.1424628612128611,0.0,IForest,0.011380116339828994,"{""CBLOF"": 4.156360349049683, ""COPOD"": 4.296616769832613, ""ECOD"": 3.521788037984794, ""HBOS"": 3.419974058746065, ""IForest"": 8.820333607577961, ""KNN"": 6.932666850306077, ""LODA"": 2.725027870073965, ""LOF"": 6.083229397005375, ""PCA"": 5.044003059423467}","{""IForest"": 0.6947375541125541, ""LOF"": 0.5320955086580086, ""KNN"": 0.6863917332667333, ""ECOD"": 0.6607715201465202, ""COPOD"": 0.725383991008991, ""HBOS"": 0.8353937728937728, ""PCA"": 0.7356601731601732, ""CBLOF"": 0.6297868797868797, ""LODA"": 0.7361570720945722}","{""smallest_K30"": 0.010898438936029719, ""random_K30"": 0.003777162996035682, ""hard_K30"": 0.011380116339828994, ""smallest_K50"": 0.009206488885502871, ""random_K50"": 0.002959448420303373, ""hard_K50"": 0.004763548041481981}"
SalesPerformance.npz,ok,3002,7,0.1213,1.0,0.11300678488178495,0.12935501998002008,0.0,IForest,0.00911144479452273,"{""CBLOF"": 3.580308544535276, ""COPOD"": 3.3883210836253586, ""ECOD"": 3.961364036708084, ""HBOS"": 3.1258884542516796, ""IForest"": 8.67214352046247, ""KNN"": 6.22586100781522, ""LODA"": 2.8910856523010153, ""LOF"": 7.520882710687935, ""PCA"": 5.6341449896129605}","{""IForest"": 0.6914023476523476, ""LOF"": 0.503535526973027, ""KNN"": 0.6561589452214451, ""ECOD"": 0.6405157342657344, ""COPOD"": 0.6974900099900099, ""HBOS"": 0.8044091325341326, ""PCA"": 0.7174544205794205, ""CBLOF"": 0.6064040126540127, ""LODA"": 0.7581168831168832}","{""smallest_K30"": 0.005149781944627634, ""random_K30"": 0.007142351899342109, ""hard_K30"": 0.00911144479452273, ""smallest_K50"": 0.008601038664098528, ""random_K50"": 0.003428191368238108, ""hard_K50"": 0.0027519690379137806}"
SalesPerformance.npz,ok,3002,7,0.1213,2.0,0.1490826881451882,0.14283690846190866,0.0,IForest,0.008758912888343216,"{""CBLOF"": 4.5608358867857675, ""COPOD"": 4.087179102969983, ""ECOD"": 3.159847880726389, ""HBOS"": 3.768869190582932, ""IForest"": 8.730791629719935, ""KNN"": 7.461752242052026, ""LODA"": 2.191281768646899, ""LOF"": 5.691238789739872, ""PCA"": 5.3482035087762}","{""IForest"": 0.6741695804195804, ""LOF"": 0.4946225649350649, ""KNN"": 0.6657743298368298, ""ECOD"": 0.6437052530802531, ""COPOD"": 0.7024589993339994, ""HBOS"": 0.8232522685647686, ""PCA"": 0.7104666167166167, ""CBLOF"": 0.6522175740925741, ""LODA"": 0.7570710539460539}","{""smallest_K30"": 0.008758912888343216, ""random_K30"": 0.003495175029162308, ""hard_K30"": 0.0085751865860918, ""smallest_K50"": 0.005512747475877851, ""random_K50"": 0.003178827915416003, ""hard_K50"": 0.0013867647618300307}"
BusinessProcessFraud.npz,ok,4228,7,0.0307,0.0,0.2531613508442776,0.21877840316864694,0.0,IForest,0.006589879418827401,"{""CBLOF"": 4.142275778682248, ""COPOD"": 5.457511813902379, ""ECOD"": 4.657990129325982, ""HBOS"": 3.016355780224221, ""IForest"": 7.706019304522623, ""KNN"": 5.299804530681131, ""LODA"": 3.5843530361549316, ""LOF"": 4.166493414811889, ""PCA"": 6.969196211694593}","{""IForest"": 0.6642307692307693, ""LOF"": 0.4466791744840526, ""KNN"": 0.6518386491557223, ""ECOD"": 0.9173921200750469, ""COPOD"": 0.7740619136960601, ""HBOS"": 0.8284990619136962, ""PCA"": 0.7884896810506566, ""CBLOF"": 0.8286679174484052, ""LODA"": 0.38766416510318946}","{""smallest_K30"": 0.006589879418827401, ""random_K30"": 0.0007514262545739523, ""hard_K30"": 0.0019493779328774946, ""smallest_K50"": 0.004819920040307774, ""random_K50"": 0.0008290510317746072, ""hard_K50"": 0.0014336499112687837}"
BusinessProcessFraud.npz,ok,4228,7,0.0307,1.0,0.22247654784240145,0.22705701480091722,0.0,IForest,0.00794059116852805,"{""CBLOF"": 3.5051124070999213, ""COPOD"": 6.042838070626738, ""ECOD"": 4.634715226207063, ""HBOS"": 4.193547575759338, ""IForest"": 7.6862840944628354, ""KNN"": 5.124886262368543, ""LODA"": 3.585979478193786, ""LOF"": 3.0958098178844247, ""PCA"": 7.130827067397348}","{""IForest"": 0.6985365853658537, ""LOF"": 0.5378470919324578, ""KNN"": 0.6498874296435272, ""ECOD"": 0.9210131332082552, ""COPOD"": 0.7815290806754221, ""HBOS"": 0.8184615384615385, ""PCA"": 0.7914446529080676, ""CBLOF"": 0.8336960600375234, ""LODA"": 0.21318949343339588}","{""smallest_K30"": 0.00794059116852805, ""random_K30"": 0.0008477059223904984, ""hard_K30"": 0.0017874380967677372, ""smallest_K50"": 0.004101141708224925, ""random_K50"": 0.0001612705858043005, ""hard_K50"": 0.0013234121010411155}"
BusinessProcessFraud.npz,ok,4228,7,0.0307,2.0,0.25203564727954986,0.20896497811131964,0.0,IForest,0.00802598876824839,"{""CBLOF"": 3.607011349787512, ""COPOD"": 5.243179207946225, ""ECOD"": 4.963697704677395, ""HBOS"": 3.934265942218728, ""IForest"": 7.028838251111069, ""KNN"": 4.985475851960268, ""LODA"": 4.05545729119341, ""LOF"": 4.485070339030087, ""PCA"": 6.697004062075305}","{""IForest"": 0.6646622889305815, ""LOF"": 0.4846904315196998, ""KNN"": 0.6578330206378986, ""ECOD"": 0.9166979362101314, ""COPOD"": 0.7820731707317072, ""HBOS"": 0.8292917448405253, ""PCA"": 0.7893621013133209, ""CBLOF"": 0.8288273921200751, ""LODA"": 0.41615853658536583}","{""smallest_K30"": 0.00802598876824839, ""random_K30"": 0.0002612368243923066, ""hard_K30"": 0.0021517963917079335, ""smallest_K50"": 0.005641797880927984, ""random_K50"": 0.0006066943857023295, ""hard_K50"": 0.003575264017461984}"
VoteResult.npz,ok,2963,5,0.1417,0.0,0.015282065674993017,0.09166169660398549,0.0,KNN,0.016490734333460048,"{""CBLOF"": 4.551548699099892, ""COPOD"": 2.918035738463281, ""ECOD"": 2.7572032967079987, ""HBOS"": 5.647414472227368, ""IForest"": 7.17811437607405, ""KNN"": 8.345379109523524, ""LODA"": 3.2814835122720925, ""LOF"": 6.41920620128646}","{""IForest"": 0.9786135279259052, ""LOF"": 0.9269927027785574, ""KNN"": 0.9633314622509122, ""ECOD"": 0.9431939376929555, ""COPOD"": 0.9712929179530359, ""HBOS"": 0.9730423800168397, ""CBLOF"": 0.5164608476003367, ""LODA"": 0.8226868743568154}","{""smallest_K30"": 0.013651704661096921, ""random_K30"": 0.010263134962147969, ""hard_K30"": 0.016490734333460048, ""smallest_K50"": 0.008732461021165813, ""random_K50"": 0.003153466137328524, ""hard_K50"": 0.01609667899915697}"
VoteResult.npz,ok,2963,5,0.1417,1.0,0.01949667882870243,0.08913940603528026,0.0,KNN,0.022475768239661034,"{""CBLOF"": 5.252430973605274, ""COPOD"": 3.254888590956683, ""ECOD"": 2.573493006327899, ""HBOS"": 5.440227434986111, ""IForest"": 6.563616632524865, ""KNN"": 8.580285638298431, ""LODA"": 3.1387817789819965, ""LOF"": 7.006792631970531, ""PCA"": 3.189483312348216}","{""IForest"": 0.9854663672934793, ""LOF"": 0.932294882589578, ""KNN"": 0.9659696884647768, ""ECOD"": 0.945069697820189, ""COPOD"": 0.9734540181494995, ""HBOS"": 0.9742305173542896, ""PCA"": 0.983759004584152, ""CBLOF"": 0.5588829637945552, ""LODA"": 0.7478155112732716}","{""smallest_K30"": 0.00812726437481242, ""random_K30"": 0.0068513710637250124, ""hard_K30"": 0.022475768239661034, ""smallest_K50"": 0.011143298169161419, ""random_K50"": 0.005505565487415487, ""hard_K50"": 0.018359968352071147}"
VoteResult.npz,ok,2963,5,0.1417,2.0,0.015296098793151858,0.06888311971809002,0.0,KNN,0.01990900595246836,"{""CBLOF"": 4.720904601803426, ""COPOD"": 3.1492423993454066, ""ECOD"": 2.545641634847914, ""HBOS"": 6.624411311398636, ""IForest"": 6.139547699098286, ""KNN"": 8.587185861277016, ""LODA"": 3.119224077490572, ""LOF"": 7.062354773330245, ""PCA"": 3.0514876414084955}","{""IForest"": 0.9823744035924782, ""LOF"": 0.9421016933295911, ""KNN"": 0.9699691271400505, ""ECOD"": 0.9478622883338012, ""COPOD"": 0.9683366077275704, ""HBOS"": 0.976115632893629, ""PCA"": 0.9852652259332023, ""CBLOF"": 0.49531293853494246, ""LODA"": 0.9801010384507437}","{""smallest_K30"": 0.005619921333085787, ""random_K30"": 0.005345118202978734, ""hard_K30"": 0.01990900595246836, ""smallest_K50"": 0.010928743669130981, ""random_K50"": 0.005106920019143338, ""hard_K50"": 0.006037816811224067}"
GeospatialInvestigation.npz,ok,1246,5,0.1429,0.0,0.016906437047149003,0.20568185795792648,0.0,LOF,0.006279426729313948,"{""CBLOF"": 2.365115250661953, ""COPOD"": 2.325321649681222, ""ECOD"": 2.9268285628674784, ""HBOS"": 5.808468778812072, ""IForest"": 6.947710391272111, ""KNN"": 7.984930358864137, ""LODA"": 4.74109491388839, ""LOF"": 8.334216006417167, ""PCA"": 3.5663140875354626}","{""IForest"": 0.7315315551821905, ""LOF"": 0.8035020476740523, ""KNN"": 0.7146382442507613, ""ECOD"": 0.6412632573768771, ""COPOD"": 0.47939199831985724, ""HBOS"": 0.4561850257271868, ""PCA"": 0.8204084847212013, ""CBLOF"": 0.5440249921243306, ""LODA"": 0.3415940354930169}","{""smallest_K30"": 0.003433817975892508, ""random_K30"": 0.006279426729313948, ""hard_K30"": 0.005760618213254404, ""smallest_K50"": 0.003679566932291284, ""random_K50"": 0.003621899584490002, ""hard_K50"": 0.002802618522774653}"
GeospatialInvestigation.npz,ok,1246,5,0.1429,1.0,0.13832300745563375,0.22757330206400872,0.0,KNN,0.010254703840834595,"{""CBLOF"": 2.7623816566187234, ""COPOD"": 2.2420695441452123, ""ECOD"": 2.809619758626575, ""HBOS"": 6.145213835315524, ""IForest"": 6.320286139255446, ""KNN"": 8.725738194289894, ""LODA"": 4.548332097409473, ""LOF"": 8.140762634551589, ""PCA"": 3.3055961397875655}","{""IForest"": 0.709689698624383, ""LOF"": 0.749842486611362, ""KNN"": 0.6730284574188806, ""ECOD"": 0.6182925548671637, ""COPOD"": 0.4306153523049459, ""HBOS"": 0.42321222303895834, ""PCA"": 0.8113514648745144, ""CBLOF"": 0.5239420350729812, ""LODA"": 0.31402919248136085}","{""smallest_K30"": 0.009832945245423516, ""random_K30"": 0.0066144784627052014, ""hard_K30"": 0.010254703840834595, ""smallest_K50"": 0.0024559213804666697, ""random_K50"": 0.002337189971945488, ""hard_K50"": 0.005297819200093661}"
GeospatialInvestigation.npz,ok,1246,5,0.1429,2.0,0.038039483356085424,0.19782952384286,0.0,LOF,0.00812368060608254,"{""CBLOF"": 3.3110255819830554, ""COPOD"": 2.06901367526227, ""ECOD"": 2.6343752684560666, ""HBOS"": 6.022011690951892, ""IForest"": 6.7450706603310655, ""KNN"": 7.846885358995762, ""LODA"": 4.616600082092917, ""LOF"": 8.242014168403971, ""PCA"": 3.5130035135230027}","{""IForest"": 0.6232804788407015, ""LOF"": 0.7494749553712065, ""KNN"": 0.6927963876929539, ""ECOD"": 0.6035125485666282, ""COPOD"": 0.4316916937939725, ""HBOS"": 0.44435839546361444, ""PCA"": 0.7875144387272919, ""CBLOF"": 0.5418985613777172, ""LODA"": 0.4326367741258007}","{""smallest_K30"": 0.0031452182818428147, ""random_K30"": 0.003918621178687651, ""hard_K30"": 0.005207107214728442, ""smallest_K50"": 0.0032872388966101564, ""random_K50"": 0.003935007055503368, ""hard_K50"": 0.00812368060608254}"
PostcodeValidation.npz,filtered,15435,9,0.0005,,,,,,,,,
ProstateCancerTreatment.npz,ok,1362,13,0.0125,0.0,0.01290181500109333,0.10797677187355736,0.0,PCA,0.008738420563450124,"{""CBLOF"": 2.1020299632853776, ""COPOD"": 6.193790754626668, ""ECOD"": 5.298854382014359, ""HBOS"": 4.25146033795873, ""IForest"": 7.560407164775332, ""KNN"": 4.101406642045449, ""LODA"": 3.1624728166841503, ""LOF"": 4.09348760189921, ""PCA"": 8.236090336710724}","{""IForest"": 0.9737590203367592, ""LOF"": 0.6728624535315985, ""KNN"": 0.792696260660398, ""ECOD"": 0.9173409140607917, ""COPOD"": 0.9702602230483272, ""HBOS"": 0.9717909468620163, ""PCA"": 0.9608572053356659, ""CBLOF"": 0.6429040017493987, ""LODA"": 0.8895692105838618}","{""smallest_K30"": 0.008738420563450124, ""random_K30"": 0.000746465062530911, ""hard_K30"": 0.0008273978961206455, ""smallest_K50"": 0.0027745835176387094, ""random_K50"": 7.558595371666864e-05, ""hard_K50"": 0.0005264754669826158}"
ProstateCancerTreatment.npz,ok,1362,13,0.0125,1.0,0.2869013776514323,0.11098962509415167,0.0,LOF,0.004271436204742701,"{""CBLOF"": 4.2630322558759, ""COPOD"": 3.9228074315409907, ""ECOD"": 4.193434603523425, ""HBOS"": 3.9495770254589395, ""IForest"": 6.116630172590254, ""KNN"": 5.905546962414984, ""LODA"": 3.8151055719299025, ""LOF"": 6.4180930111213925, ""PCA"": 6.415772965544211}","{""IForest"": 0.9822873387273124, ""LOF"": 0.6953859610758801, ""KNN"": 0.797944456593046, ""ECOD"": 0.9420511699103433, ""COPOD"": 0.9816313142357315, ""HBOS"": 0.9733216706757053, ""PCA"": 0.968073474743057, ""CBLOF"": 0.7408703258254975, ""LODA"": 0.7601137109118741}","{""smallest_K30"": 0.004271436204742701, ""random_K30"": 0.0009656323830099911, ""hard_K30"": 0.003395319174532386, ""smallest_K50"": 0.0025157692782384116, ""random_K50"": 0.0006106316806085956, ""hard_K50"": 0.000449781822772496}"
ProstateCancerTreatment.npz,ok,1362,13,0.0125,2.0,0.019024710255849397,0.10693199212770599,0.0,PCA,0.006904101259016982,"{""CBLOF"": 1.8158617975602362, ""COPOD"": 6.199502900833901, ""ECOD"": 5.750551984727213, ""HBOS"": 4.212404488423311, ""IForest"": 7.370146340999959, ""KNN"": 4.539284788924614, ""LODA"": 2.4886088157365545, ""LOF"": 4.424985208901731, ""PCA"": 8.198653673892476}","{""IForest"": 0.9805379400830964, ""LOF"": 0.7012901815001094, ""KNN"": 0.8036300021867483, ""ECOD"": 0.9230264596544937, ""COPOD"": 0.9704788978788541, ""HBOS"": 0.9713535972009621, ""PCA"": 0.961513229827247, ""CBLOF"": 0.7679860048108463, ""LODA"": 0.7826372184561557}","{""smallest_K30"": 0.006904101259016982, ""random_K30"": 0.00035907628946991457, ""hard_K30"": 0.0013561576143445977, ""smallest_K50"": 0.0056432052359689676, ""random_K50"": 0.0002919197355927351, ""hard_K50"": 0.0004898440223475975}"
CancerDiagnosis.npz,ok,3809,7,0.0063,0.0,0.11316600616468508,0.07974873403786875,0.0,LOF,0.016096344147061018,"{""CBLOF"": 6.507655566685046, ""COPOD"": 2.492738271968074, ""ECOD"": 2.3983828353998122, ""HBOS"": 4.701733317874075, ""IForest"": 6.057475318232619, ""KNN"": 7.8237764532819165, ""LODA"": 3.8494871409359672, ""LOF"": 8.545766512874323}","{""IForest"": 0.5881770145310437, ""LOF"": 0.5386393659180978, ""KNN"": 0.5989652135623075, ""ECOD"": 0.5805261999119331, ""COPOD"": 0.6244495816820783, ""HBOS"": 0.4331241743725231, ""CBLOF"": 0.6518053720827829, ""LODA"": 0.5607661822985469}","{""smallest_K30"": 0.00371470109852395, ""random_K30"": 0.016096344147061018, ""hard_K30"": 0.01002645620089872, ""smallest_K50"": 0.0013582943854446353, ""random_K50"": 0.0027491558605740513, ""hard_K50"": 0.002550113746747883}"
CancerDiagnosis.npz,ok,3809,7,0.0063,1.0,0.11856010568031705,0.07343268383971813,0.0,LOF,0.011869792912985394,"{""CBLOF"": 5.473334797898377, ""COPOD"": 2.3622771140823167, ""ECOD"": 3.002244788408031, ""HBOS"": 5.758699593275064, ""IForest"": 5.4625678649778795, ""KNN"": 7.489333001021784, ""LODA"": 2.7188334550562705, ""LOF"": 8.32163359848474}","{""IForest"": 0.5798656979304271, ""LOF"": 0.5166226332012329, ""KNN"": 0.5561426684280053, ""ECOD"": 0.5907089387934831, ""COPOD"": 0.63518273888155, ""HBOS"": 0.4379678555702335, ""CBLOF"": 0.5851497137824746, ""LODA"": 0.592360193747248}","{""smallest_K30"": 0.002551273492789124, ""random_K30"": 0.004921239241024046, ""hard_K30"": 0.011869792912985394, ""smallest_K50"": 0.0016200941924519956, ""random_K50"": 0.0034617213303825612, ""hard_K50"": 0.004681611863741626}"
CancerDiagnosis.npz,ok,3809,7,0.0063,2.0,0.10667107001321008,0.06811426684280053,0.0,LOF,0.010993701365846894,"{""CBLOF"": 6.137259791660232, ""COPOD"": 4.175441429417355, ""ECOD"": 2.192507303677415, ""HBOS"": 3.2011526207128873, ""IForest"": 6.017870784570555, ""KNN"": 7.896820705381593, ""LODA"": 3.856722785567619, ""LOF"": 8.582159554801146}","{""IForest"": 0.6174042272126816, ""LOF"": 0.5433179216204316, ""KNN"": 0.617844561867019, ""ECOD"": 0.5918648172611184, ""COPOD"": 0.6499889916336417, ""HBOS"": 0.4479579480405108, ""CBLOF"": 0.6138265081461911, ""LODA"": 0.5727928225451342}","{""smallest_K30"": 0.004441375614985441, ""random_K30"": 0.005929544195711198, ""hard_K30"": 0.010993701365846894, ""smallest_K50"": 0.0016680159570605976, ""random_K50"": 0.0015496454529779758, ""hard_K50"": 0.006007038162886426}"
AttackScenario.npz,ok,2296,4,0.0065,0.0,0.00043763676148789177,0.07427060539751995,0.0,LOF,0.02646891564710902,"{""CBLOF"": 4.710409670487226, ""COPOD"": 2.31224609425087, ""ECOD"": 1.7366436985720992, ""HBOS"": 4.929900674488288, ""IForest"": 7.373846189259511, ""KNN"": 8.020010531254671, ""LODA"": 4.303855890365218, ""LOF"": 8.606143279485813}","{""IForest"": 0.9962800875273523, ""LOF"": 0.9973012399708242, ""KNN"": 0.9968636032093363, ""ECOD"": 0.9936542669584245, ""COPOD"": 0.9956965718453683, ""HBOS"": 0.4588621444201313, ""CBLOF"": 0.9977388767323121, ""LODA"": 0.9513493800145879}","{""smallest_K30"": 0.010486812254158834, ""random_K30"": 0.018332923217400713, ""hard_K30"": 0.018062851735703184, ""smallest_K50"": 0.009619062851455066, ""random_K50"": 0.01912684209955703, ""hard_K50"": 0.02646891564710902}"
AttackScenario.npz,ok,2296,4,0.0065,1.0,0.0002188183807440014,0.08476477024070017,0.0,LOF,0.02788337867986094,"{""CBLOF"": 5.447139333165559, ""COPOD"": 2.014199632823368, ""ECOD"": 2.529501518207381, ""HBOS"": 4.622964034707329, ""IForest"": 7.537983560930213, ""KNN"": 7.856135197975822, ""LODA"": 3.2159064348817763, ""LOF"": 8.605881241093966}","{""IForest"": 0.9967906637490882, ""LOF"": 0.9965718453683442, ""KNN"": 0.9954048140043763, ""ECOD"": 0.9910284463894967, ""COPOD"": 0.9945295404814003, ""HBOS"": 0.4412837345003647, ""CBLOF"": 0.9967177242888402, ""LODA"": 0.8838803792851934}","{""smallest_K30"": 0.02788337867986094, ""random_K30"": 0.021131223716649484, ""hard_K30"": 0.022350589818934893, ""smallest_K50"": 0.009335500440949917, ""random_K50"": 0.014895536226927433, ""hard_K50"": 0.022526490499492156}"
AttackScenario.npz,ok,2296,4,0.0065,2.0,0.0,0.07762582056892775,0.0,LOF,0.022707050100743174,"{""CBLOF"": 4.165307926380537, ""COPOD"": 3.2815075593708207, ""ECOD"": 1.616156042444862, ""HBOS"": 5.380901462109377, ""IForest"": 7.4354247119925985, ""KNN"": 7.839445527242271, ""LODA"": 3.3014706794244955, ""LOF"": 8.72512976076513}","{""IForest"": 0.9938730853391685, ""LOF"": 1.0, ""KNN"": 0.9979576951130562, ""ECOD"": 0.9946024799416484, ""COPOD"": 0.9967906637490882, ""HBOS"": 0.4512035010940919, ""CBLOF"": 1.0, ""LODA"": 0.9445660102115245}","{""smallest_K30"": 0.01306953443277607, ""random_K30"": 0.01778079001452739, ""hard_K30"": 0.022707050100743174, ""smallest_K50"": 0.01332610031548907, ""random_K50"": 0.014511552379558939, ""hard_K50"": 0.01556781858978732}"
CodeStrata.npz,ok,1795,4,0.0262,0.0,0.027902735562310044,0.08033772374197912,0.0,KNN,0.01935458050336871,"{""CBLOF"": 4.742156967454676, ""COPOD"": 3.165644903219996, ""ECOD"": 3.4063619726579417, ""HBOS"": 7.095190314879445, ""IForest"": 6.101348534784537, ""KNN"": 7.846320647435893, ""LODA"": 1.8352473488407823, ""LOF"": 7.159309642957466, ""PCA"": 3.648419667769262}","{""IForest"": 0.7617021276595745, ""LOF"": 0.7001519756838905, ""KNN"": 0.7337993920972644, ""ECOD"": 0.7014589665653496, ""COPOD"": 0.7379331306990881, ""HBOS"": 0.7336170212765957, ""PCA"": 0.630516717325228, ""CBLOF"": 0.6293009118541033, ""LODA"": 0.5037993920972643}","{""smallest_K30"": 0.011006566146775656, ""random_K30"": 0.011975943824761043, ""hard_K30"": 0.015912674800328815, ""smallest_K50"": 0.003125199619370562, ""random_K50"": 0.008957003987777356, ""hard_K50"": 0.01935458050336871}"
CodeStrata.npz,ok,1795,4,0.0262,1.0,0.0534954407294832,0.11144208037825065,0.0,HBOS,0.014166255875362846,"{""CBLOF"": 4.950071771628761, ""COPOD"": 2.674800035781889, ""ECOD"": 2.905665529046707, ""HBOS"": 7.78021936980727, ""IForest"": 5.966122765844124, ""KNN"": 7.62380106971271, ""LODA"": 3.328775666015504, ""LOF"": 6.117682696682995, ""PCA"": 3.6528610954800462}","{""IForest"": 0.7895440729483283, ""LOF"": 0.7388449848024315, ""KNN"": 0.7337993920972644, ""ECOD"": 0.716048632218845, ""COPOD"": 0.7506382978723403, ""HBOS"": 0.7360486322188451, ""PCA"": 0.6207902735562311, ""CBLOF"": 0.5248024316109423, ""LODA"": 0.49240121580547114}","{""smallest_K30"": 0.008085929452702948, ""random_K30"": 0.007360216427343018, ""hard_K30"": 0.012209976457403699, ""smallest_K50"": 0.003314111058526589, ""random_K50"": 0.009680952512043872, ""hard_K50"": 0.014166255875362846}"
CodeStrata.npz,ok,1795,4,0.0262,2.0,0.060364741641337205,0.09243161094224905,0.0,KNN,0.01592329468291426,"{""CBLOF"": 4.383515794198686, ""COPOD"": 2.880891271322992, ""ECOD"": 3.7434821756142336, ""HBOS"": 6.788446448594226, ""IForest"": 6.347785452755173, ""KNN"": 7.527513018068257, ""LODA"": 3.183188027615044, ""LOF"": 6.1909567437376785, ""PCA"": 3.9542210680937147}","{""IForest"": 0.7904559270516716, ""LOF"": 0.7053495440729484, ""KNN"": 0.7300911854103344, ""ECOD"": 0.7240121580547112, ""COPOD"": 0.7607294832826748, ""HBOS"": 0.7398176291793312, ""PCA"": 0.6431003039513677, ""CBLOF"": 0.6671732522796352, ""LODA"": 0.5214893617021278}","{""smallest_K30"": 0.012304250022787813, ""random_K30"": 0.012180787552151672, ""hard_K30"": 0.012436195469577391, ""smallest_K50"": 0.004322370023841942, ""random_K50"": 0.004711394790615217, ""hard_K50"": 0.01592329468291426}"
CardioCatchBMI.npz,filtered,68129,7,0.0277,,,,,,,,,
HomicideCircumstance.npz,ok,2488,7,0.0181,0.0,0.1314928425357873,0.1328839405185691,0.0,IForest,0.006639378320799352,"{""CBLOF"": 1.9693656290591794, ""COPOD"": 1.6264975375528563, ""ECOD"": 3.0575480630171556, ""HBOS"": 7.110909639535076, ""IForest"": 8.194765904504532, ""KNN"": 5.178131067818579, ""LODA"": 4.356771645531058, ""LOF"": 8.096027492306726, ""PCA"": 5.409983020674839}","{""IForest"": 0.650215860031811, ""LOF"": 0.5029311520109065, ""KNN"": 0.7817087025675983, ""ECOD"": 0.61813224267212, ""COPOD"": 0.7133378777550556, ""HBOS"": 0.7107021131561009, ""PCA"": 0.6476255396500794, ""CBLOF"": 0.5498295841854124, ""LODA"": 0.664939786412179}","{""smallest_K30"": 0.004035535389152729, ""random_K30"": 0.002786798121617084, ""hard_K30"": 0.006579538058064577, ""smallest_K50"": 0.0019496834814917842, ""random_K50"": 0.0025962699622682655, ""hard_K50"": 0.006639378320799352}"
HomicideCircumstance.npz,ok,2488,7,0.0181,1.0,0.23858214042263115,0.11355247544749936,0.0,LOF,0.008649239711817873,"{""CBLOF"": 3.41810289149287, ""COPOD"": 1.8887292356624221, ""ECOD"": 2.6647528614806677, ""HBOS"": 7.337540674423106, ""IForest"": 7.676458601805976, ""KNN"": 5.916812107781308, ""LODA"": 4.283426359281718, ""LOF"": 7.750972174447711, ""PCA"": 4.063205093624215}","{""IForest"": 0.6694614860259033, ""LOF"": 0.5348784367189275, ""KNN"": 0.7734605771415587, ""ECOD"": 0.6309929561463304, ""COPOD"": 0.7276073619631902, ""HBOS"": 0.6889116109975005, ""PCA"": 0.6596682572142695, ""CBLOF"": 0.6358554873892297, ""LODA"": 0.618336741649625}","{""smallest_K30"": 0.0034375074851167656, ""random_K30"": 0.008649239711817873, ""hard_K30"": 0.006927968215918484, ""smallest_K50"": 0.0070224893694958174, ""random_K50"": 0.003898741984731614, ""hard_K50"": 0.00494277449133767}"
HomicideCircumstance.npz,ok,2488,7,0.0181,2.0,0.11311065666893894,0.11967987073644881,0.0,IForest,0.005536882920340552,"{""CBLOF"": 3.0790641102328338, ""COPOD"": 2.742099406255354, ""ECOD"": 2.4622463687331644, ""HBOS"": 7.200157959857756, ""IForest"": 8.085391325803876, ""KNN"": 6.1921247041498315, ""LODA"": 4.037814065027129, ""LOF"": 7.020869025299443, ""PCA"": 4.180233034640613}","{""IForest"": 0.6594410361281526, ""LOF"": 0.5380140877073393, ""KNN"": 0.7725516927970916, ""ECOD"": 0.6155419222903885, ""COPOD"": 0.7077027948193592, ""HBOS"": 0.7000908884344467, ""PCA"": 0.6478982049534195, ""CBLOF"": 0.5887752783458304, ""LODA"": 0.6458304930697569}","{""smallest_K30"": 0.0030091614708312483, ""random_K30"": 0.005063635977437314, ""hard_K30"": 0.005536882920340552, ""smallest_K50"": 0.0051968977813135085, ""random_K50"": 0.0025461206065570774, ""hard_K50"": 0.004380745150565228}"
DevCycleAnomalies.npz,ok,1257,9,0.2617,0.0,0.0,0.2186815700885708,0.0,LOF,0.04522988270585134,"{""CBLOF"": 6.855369311296636, ""COPOD"": 2.323671364890123, ""ECOD"": 2.7412144990824463, ""HBOS"": 5.4832420832812225, ""IForest"": 5.4691881789695, ""KNN"": 8.048210229567786, ""LODA"": 3.716270535657366, ""LOF"": 8.951789770432212, ""PCA"": 1.4110440268227027}","{""IForest"": 0.7236820603327124, ""LOF"": 0.9099258097199073, ""KNN"": 0.8265516227081087, ""ECOD"": 0.5122070791254045, ""COPOD"": 0.39946726803281357, ""HBOS"": 0.5485014870738961, ""PCA"": 0.7047586364676276, ""CBLOF"": 0.8769160375200183, ""LODA"": 0.7191881557015394}","{""smallest_K30"": 0.006570479745214017, ""random_K30"": 0.019624147833833237, ""hard_K30"": 0.04522988270585134, ""smallest_K50"": 0.01720061480247288, ""random_K50"": 0.016483307499365347, ""hard_K50"": 0.031179649924369852}"
DevCycleAnomalies.npz,ok,1257,9,0.2617,1.0,0.0,0.227415065202471,0.0,LOF,0.04476384712942489,"{""CBLOF"": 6.952259193713919, ""COPOD"": 1.2557172362086635, ""ECOD"": 2.342098120931212, ""HBOS"": 4.163380387961139, ""IForest"": 5.704427545166929, ""KNN"": 8.08523907873622, ""LODA"": 3.205766974043337, ""LOF"": 8.914760921263778}","{""IForest"": 0.7654181782527699, ""LOF"": 0.905578978331209, ""KNN"": 0.8189283263065005, ""ECOD"": 0.49111023956597055, ""COPOD"": 0.40020263424518737, ""HBOS"": 0.5407719711082786, ""CBLOF"": 0.8574860280419648, ""LODA"": 0.6458149491780241}","{""smallest_K30"": 0.004950916158171048, ""random_K30"": 0.01733340334465227, ""hard_K30"": 0.04476384712942489, ""smallest_K50"": 0.0038887236605179873, ""random_K50"": 0.01449760390693642, ""hard_K50"": 0.018269580853055502}"
DevCycleAnomalies.npz,ok,1257,9,0.2617,2.0,0.0,0.22155676119300005,0.0,LOF,0.024230680485425857,"{""CBLOF"": 6.904651073063091, ""COPOD"": 1.6367522228159377, ""ECOD"": 2.2566086300458084, ""HBOS"": 3.9940405311545715, ""IForest"": 5.557413191529916, ""KNN"": 8.142904982577296, ""LODA"": 2.6843082784563226, ""LOF"": 8.82531204177707, ""PCA"": 4.9980090485799895}","{""IForest"": 0.8222047913194104, ""LOF"": 0.9123933718992059, ""KNN"": 0.8154312514298787, ""ECOD"": 0.5086282968918522, ""COPOD"": 0.404206294734778, ""HBOS"": 0.5479295355753833, ""PCA"": 0.7125698597901755, ""CBLOF"": 0.8271562571493939, ""LODA"": 0.6670098375657745}","{""smallest_K30"": 0.002941089018014058, ""random_K30"": 0.019114425068122283, ""hard_K30"": 0.022606983167254117, ""smallest_K50"": 0.010282854503311827, ""random_K50"": 0.013360583926404072, ""hard_K50"": 0.024230680485425857}"
BuildingCalls.npz,filtered,51010,10,0.0002,,,,,,,,,
LandShapeAnomaly.npz,ok,4036,11,0.1214,0.0,0.06922391491807989,0.07383587237711986,0.0,LOF,0.01177046945541311,"{""CBLOF"": 3.14787864643478, ""COPOD"": 3.4612795755689114, ""ECOD"": 2.542370631382154, ""HBOS"": 6.900983284228556, ""IForest"": 6.759525021506184, ""KNN"": 6.771913557284623, ""LODA"": 2.6164572905743113, ""LOF"": 8.531438578790809, ""PCA"": 4.268153414229672}","{""IForest"": 0.7147743604484047, ""LOF"": 0.6455504455303248, ""KNN"": 0.623584363322794, ""ECOD"": 0.636636964645013, ""COPOD"": 0.6949784420810577, ""HBOS"": 0.6015521701638401, ""PCA"": 0.6479218166139695, ""CBLOF"": 0.583886174187985, ""LODA"": 0.6195616556481748}","{""smallest_K30"": 0.006910665171991466, ""random_K30"": 0.01177046945541311, ""hard_K30"": 0.00908500659220147, ""smallest_K50"": 0.0024123517788019132, ""random_K50"": 0.005077050913124048, ""hard_K50"": 0.005077228702006959}"
LandShapeAnomaly.npz,ok,4036,11,0.1214,1.0,0.0864271342339753,0.08637683242311012,0.0,LOF,0.012689833984032811,"{""CBLOF"": 3.5306272273252697, ""COPOD"": 2.5602850007228035, ""ECOD"": 2.5642875313119715, ""HBOS"": 6.948208545122187, ""IForest"": 6.874133999445833, ""KNN"": 7.279929063806421, ""LODA"": 2.994018391959449, ""LOF"": 8.508289473274846, ""PCA"": 3.740220767031223}","{""IForest"": 0.7084363322793906, ""LOF"": 0.6220091980454153, ""KNN"": 0.6042598447829837, ""ECOD"": 0.6388588674906582, ""COPOD"": 0.6904282839896522, ""HBOS"": 0.5915291750503018, ""PCA"": 0.6517706237424548, ""CBLOF"": 0.570620868065536, ""LODA"": 0.5206223052601322}","{""smallest_K30"": 0.008686835084538014, ""random_K30"": 0.008750031994496883, ""hard_K30"": 0.008865289663201508, ""smallest_K50"": 0.007353620991373727, ""random_K50"": 0.010302201160303422, ""hard_K50"": 0.012689833984032811}"
LandShapeAnomaly.npz,ok,4036,11,0.1214,2.0,0.07414486921529162,0.07210421257704958,0.0,LOF,0.013335865857338902,"{""CBLOF"": 2.410358311242676, ""COPOD"": 3.560408556063765, ""ECOD"": 2.37122710349973, ""HBOS"": 7.809560075153931, ""IForest"": 6.576354303914188, ""KNN"": 6.701860219596936, ""LODA"": 2.0799696685724696, ""LOF"": 8.713465547732902, ""PCA"": 4.776796214223403}","{""IForest"": 0.7125610807703363, ""LOF"": 0.6384162115550447, ""KNN"": 0.6175136533486634, ""ECOD"": 0.6423282552457602, ""COPOD"": 0.6898878988215005, ""HBOS"": 0.5920350675481459, ""PCA"": 0.6556021845357861, ""CBLOF"": 0.5991980454153493, ""LODA"": 0.616569416498994}","{""smallest_K30"": 0.011468155761734591, ""random_K30"": 0.00831130966752809, ""hard_K30"": 0.013335865857338902, ""smallest_K50"": 0.005937701137636958, ""random_K50"": 0.009512444068077743, ""hard_K50"": 0.01118201305379119}"
BikeSharingTemperature.npz,filtered,17379,6,0.0039,,,,,,,,,
AquaticMacroInverts.npz,ok,2550,23,0.1839,0.0,0.287892500498535,0.18447012113123984,0.0,LOF,0.002475960916003968,"{""CBLOF"": 4.439963934113399, ""COPOD"": 2.886462324898727, ""ECOD"": 1.9950198715523433, ""HBOS"": 6.241452168296516, ""IForest"": 6.591358406740046, ""KNN"": 5.967123599349989, ""LODA"": 5.84124153487203, ""LOF"": 6.670698306544356}","{""IForest"": 0.8781733674893772, ""LOF"": 0.5902808669908423, ""KNN"": 0.7319057334090083, ""ECOD"": 0.5539363818113953, ""COPOD"": 0.6132134803883973, ""HBOS"": 0.6548194280396579, ""CBLOF"": 0.6775833064891371, ""LODA"": 0.8497134062472836}","{""smallest_K30"": 0.002475960916003968, ""random_K30"": 0.0014701954752504745, ""hard_K30"": 0.0017250584803331958, ""smallest_K50"": 0.0013196201251959748, ""random_K50"": 0.001459386935648138, ""hard_K50"": 0.001224857789677396}"
AquaticMacroInverts.npz,ok,2550,23,0.1839,1.0,0.26003589452531795,0.17547752842502118,0.0,HBOS,0.008045885122189707,"{""CBLOF"": 3.4665311931828393, ""COPOD"": 3.950686644599092, ""ECOD"": 5.074177881615754, ""HBOS"": 7.920865731186167, ""IForest"": 6.875413195495616, ""KNN"": 2.047800121295188, ""LODA"": 2.895876566953853, ""LOF"": 4.871511821123703, ""PCA"": 7.897136844547786}","{""IForest"": 0.8782091597510903, ""LOF"": 0.5976949783456817, ""KNN"": 0.7270379858160381, ""ECOD"": 0.5485470898334637, ""COPOD"": 0.605830048115026, ""HBOS"": 0.629033660065551, ""PCA"": 0.8890695545908689, ""CBLOF"": 0.6912866295449781, ""LODA"": 0.8556191294299317}","{""smallest_K30"": 0.008045885122189707, ""random_K30"": 0.0031008617033404843, ""hard_K30"": 0.002314723872129634, ""smallest_K50"": 0.0042038367030034045, ""random_K50"": 0.0003936950262315404, ""hard_K50"": 0.001155942283390211}"
AquaticMacroInverts.npz,ok,2550,23,0.1839,2.0,0.19870841067018452,0.1781409272013803,0.0,HBOS,0.00907181576995709,"{""CBLOF"": 3.090067801848946, ""COPOD"": 4.167801286767896, ""ECOD"": 4.5324654074643185, ""HBOS"": 7.775262365613988, ""IForest"": 7.190642168202815, ""KNN"": 2.6768050395422223, ""LODA"": 3.0812719822278485, ""LOF"": 5.117127316923789, ""PCA"": 7.368556631408182}","{""IForest"": 0.8697570728065736, ""LOF"": 0.5545090579988036, ""KNN"": 0.7392073547984639, ""ECOD"": 0.5851625735658808, ""COPOD"": 0.6413461980948291, ""HBOS"": 0.6986496090973703, ""PCA"": 0.8973580197675548, ""CBLOF"": 0.6778849841235755, ""LODA"": 0.8090789628425192}","{""smallest_K30"": 0.00907181576995709, ""random_K30"": 0.0012295665772972123, ""hard_K30"": 0.0019285599887232832, ""smallest_K50"": 0.0024822994818228857, ""random_K50"": 0.0005583123577899259, ""hard_K50"": 0.0010193767475264817}"
FishingGearPerformance.npz,ok,1050,23,0.0095,0.0,0.37451923076923077,0.23239182692307692,0.0,IForest,0.017682567162855583,"{""CBLOF"": 3.0865381567590493, ""COPOD"": 5.186056899573453, ""ECOD"": 4.371991883499397, ""HBOS"": 5.0834493106232985, ""IForest"": 7.401609585293863, ""KNN"": 4.9395114702864245, ""LODA"": 3.5700396053785135, ""LOF"": 5.9124997818876865}","{""IForest"": 0.31971153846153844, ""LOF"": 0.6942307692307692, ""KNN"": 0.5307692307692308, ""ECOD"": 0.3629807692307693, ""COPOD"": 0.37740384615384615, ""HBOS"": 0.3076923076923077, ""CBLOF"": 0.5980769230769231, ""LODA"": 0.5038461538461538}","{""smallest_K30"": 0.017682567162855583, ""random_K30"": 0.0015787430847216746, ""hard_K30"": 0.001910616389328885, ""smallest_K50"": 0.0011057974492480948, ""random_K50"": 0.002521124892620486, ""hard_K50"": 0.005626186305934151}"
FishingGearPerformance.npz,ok,1050,23,0.0095,1.0,0.40865384615384615,0.21766826923076926,0.0,HBOS,0.010801044527314953,"{""CBLOF"": 3.512293041707224, ""COPOD"": 4.489811376297341, ""ECOD"": 3.7316259674877212, ""HBOS"": 6.994645575614759, ""IForest"": 6.416783680681947, ""KNN"": 4.837057725591388, ""LODA"": 4.398728432239044, ""LOF"": 4.2629904604113396}","{""IForest"": 0.31490384615384615, ""LOF"": 0.6817307692307693, ""KNN"": 0.5221153846153845, ""ECOD"": 0.3701923076923077, ""COPOD"": 0.35, ""HBOS"": 0.2730769230769231, ""CBLOF"": 0.6451923076923076, ""LODA"": 0.5552884615384616}","{""smallest_K30"": 0.010801044527314953, ""random_K30"": 0.0015044232668993854, ""hard_K30"": 0.007244877014401429, ""smallest_K50"": 0.004825983172502579, ""random_K50"": 0.001017142926782045, ""hard_K50"": 0.0049950412967872376}"
FishingGearPerformance.npz,ok,1050,23,0.0095,2.0,0.0,0.4612713675213675,0.0,PCA,0.02161056920780395,"{""CBLOF"": 3.5363254160282, ""COPOD"": 5.305261981377593, ""ECOD"": 4.340185029310026, ""HBOS"": 6.57397488597882, ""IForest"": 7.331863292548067, ""KNN"": 4.682849708983309, ""LODA"": 1.9861100177090587, ""LOF"": 3.8330831242762504, ""PCA"": 7.410346543788678}","{""IForest"": 0.17259615384615387, ""LOF"": 0.6908653846153847, ""KNN"": 0.508173076923077, ""ECOD"": 0.3802884615384615, ""COPOD"": 0.34615384615384615, ""HBOS"": 0.2826923076923077, ""PCA"": 0.9028846153846154, ""CBLOF"": 0.25769230769230766, ""LODA"": 0.43317307692307694}","{""smallest_K30"": 0.02161056920780395, ""random_K30"": 0.002359431406473496, ""hard_K30"": 0.0036816946629199083, ""smallest_K50"": 0.004209704564877484, ""random_K50"": 0.0014182511406890994, ""hard_K50"": 0.0034594176187436017}"
BiodiversityThreats.npz,ok,2252,3,0.2549,0.0,0.24333468143354908,0.16646801632238273,0.0,LOF,0.040717570196468156,"{""CBLOF"": 6.198676913128515, ""COPOD"": 2.5653502662391703, ""ECOD"": 3.988900230561828, ""HBOS"": 4.572387509945973, ""IForest"": 6.966518545855338, ""KNN"": 8.223698435953722, ""LODA"": 2.045734835872671, ""LOF"": 8.61110610506242}","{""IForest"": 0.8515741662518667, ""LOF"": 0.649999481499917, ""KNN"": 0.8670099137215862, ""ECOD"": 0.6238696698191472, ""COPOD"": 0.7539613406338144, ""HBOS"": 0.5695049361207898, ""CBLOF"": 0.6056755019080803, ""LODA"": 0.8933341629334661}","{""smallest_K30"": 0.012448155555855454, ""random_K30"": 0.0258041428791038, ""hard_K30"": 0.040717570196468156, ""smallest_K50"": 0.007909046883886925, ""random_K50"": 0.029942240969500957, ""hard_K50"": 0.03388704860055682}"
BiodiversityThreats.npz,ok,2252,3,0.2549,1.0,0.22004625020739998,0.21904781348515012,0.0,LOF,0.053809031809299954,"{""CBLOF"": 5.922901239889702, ""COPOD"": 2.7943376069142105, ""ECOD"": 3.484440551628187, ""HBOS"": 3.8506590226189314, ""IForest"": 6.116654983016288, ""KNN"": 8.200284946738565, ""LODA"": 3.2306481391740594, ""LOF"": 8.642699790108342}","{""IForest"": 0.8655114484818317, ""LOF"": 0.7799537497926, ""KNN"": 0.8919445827111333, ""ECOD"": 0.6705709722913555, ""COPOD"": 0.7868186908909905, ""HBOS"": 0.6071869296499087, ""CBLOF"": 0.645631118300979, ""LODA"": 1.0}","{""smallest_K30"": 0.008853878745236042, ""random_K30"": 0.02138291151877174, ""hard_K30"": 0.053809031809299954, ""smallest_K50"": 0.012498481868894386, ""random_K50"": 0.025362641392201544, ""hard_K50"": 0.047259005174558465}"
BiodiversityThreats.npz,ok,2252,3,0.2549,2.0,0.3607179152148665,0.2582405866309939,0.0,LOF,0.037702067718113144,"{""CBLOF"": 6.718541615924545, ""COPOD"": 2.8812866244248148, ""ECOD"": 3.6120979384194576, ""HBOS"": 2.791413547413299, ""IForest"": 6.512005182622207, ""KNN"": 8.344690856668329, ""LODA"": 2.8356508027824714, ""LOF"": 8.424762344784913}","{""IForest"": 0.8406467770034842, ""LOF"": 0.6392820847851335, ""KNN"": 0.854239256678281, ""ECOD"": 0.6487369337979093, ""COPOD"": 0.7457534843205574, ""HBOS"": 0.5759576696532271, ""CBLOF"": 0.6294591007134561, ""LODA"": 1.0}","{""smallest_K30"": 0.016401128989718933, ""random_K30"": 0.02405612522398095, ""hard_K30"": 0.02630986838512677, ""smallest_K50"": 0.016732763649018177, ""random_K50"": 0.023955244090945144, ""hard_K50"": 0.037702067718113144}"
RulePriorityAnomalies.npz,ok,4198,4,0.2413,0.0,0.023886492861249553,0.0575038023916884,0.0,LOF,0.02031850059235363,"{""CBLOF"": 4.997738978774515, ""COPOD"": 2.1972818053253502, ""ECOD"": 2.6685745864402213, ""HBOS"": 5.629100047526778, ""IForest"": 6.506239104297006, ""KNN"": 8.082530620111127, ""LODA"": 3.1548440528537283, ""LOF"": 8.66987751955549, ""PCA"": 3.093813285115784}","{""IForest"": 0.575048699713768, ""LOF"": 0.6034479552319068, ""KNN"": 0.6273344480931563, ""ECOD"": 0.5504981550673272, ""COPOD"": 0.5701903511803386, ""HBOS"": 0.508641196625966, ""PCA"": 0.5622527240070605, ""CBLOF"": 0.5949934989562686, ""LODA"": 0.5360687824374187}","{""smallest_K30"": 0.004606892303148099, ""random_K30"": 0.010523546801697545, ""hard_K30"": 0.01640402030627263, ""smallest_K50"": 0.005259026618717379, ""random_K50"": 0.0066101399247350005, ""hard_K50"": 0.02031850059235363}"
RulePriorityAnomalies.npz,ok,4198,4,0.2413,1.0,0.04993560944766695,0.047652194246468715,0.0,LOF,0.02298016115814474,"{""CBLOF"": 4.17660457640122, ""COPOD"": 2.0792970341804247, ""ECOD"": 2.63804445734463, ""HBOS"": 5.951214667984878, ""IForest"": 6.069022440719262, ""KNN"": 7.997424271640765, ""LODA"": 3.9341870217656303, ""LOF"": 8.743200591729572, ""PCA"": 3.411004938233617}","{""IForest"": 0.5910270099383059, ""LOF"": 0.576314039929891, ""KNN"": 0.626249649377558, ""ECOD"": 0.565491623029347, ""COPOD"": 0.5900080740018689, ""HBOS"": 0.5227652759030561, ""PCA"": 0.577108267560954, ""CBLOF"": 0.591469452843025, ""LODA"": 0.5669437035957978}","{""smallest_K30"": 0.004757373405754375, ""random_K30"": 0.009235128184002083, ""hard_K30"": 0.02298016115814474, ""smallest_K50"": 0.004573867676289381, ""random_K50"": 0.010265565094767917, ""hard_K50"": 0.019432113447018336}"
RulePriorityAnomalies.npz,ok,4198,4,0.2413,2.0,0.03471975774894964,0.059129106372090456,0.0,LOF,0.01710912865028461,"{""CBLOF"": 3.7621553468509146, ""COPOD"": 1.7242214059818028, ""ECOD"": 2.06484015823483, ""HBOS"": 5.94768645072422, ""IForest"": 6.585905832672923, ""KNN"": 7.9596825141976755, ""LODA"": 4.26131698848509, ""LOF"": 8.910637169332666, ""PCA"": 3.783554133519883}","{""IForest"": 0.5855727969675226, ""LOF"": 0.6049023603670339, ""KNN"": 0.6396221181159836, ""ECOD"": 0.5533511756893509, ""COPOD"": 0.5810135429371079, ""HBOS"": 0.5304386771034635, ""PCA"": 0.5570828832710091, ""CBLOF"": 0.5977085951701662, ""LODA"": 0.5747449560734006}","{""smallest_K30"": 0.0024388306474610673, ""random_K30"": 0.01284044825081164, ""hard_K30"": 0.01710912865028461, ""smallest_K50"": 0.0014833922278604573, ""random_K50"": 0.01017220926650916, ""hard_K50"": 0.016446634134045415}"
GenomicSequencing.npz,ok,2621,10,0.0446,0.0,0.0,0.24630013477318857,0.0,IForest,0.011592148531923014,"{""CBLOF"": 4.032250908794691, ""COPOD"": 4.976835678657805, ""ECOD"": 4.723964315423391, ""HBOS"": 4.608037393596354, ""IForest"": 8.429735320934384, ""KNN"": 3.852107311309322, ""LODA"": 5.184918998055193, ""LOF"": 3.109495539790085}","{""IForest"": 0.9121074091133972, ""LOF"": 0.43117184434549705, ""KNN"": 0.43045532865892155, ""ECOD"": 0.9100943412320658, ""COPOD"": 0.8892983264240749, ""HBOS"": 0.5947762594469181, ""CBLOF"": 0.487008888206493, ""LODA"": 0.6715457972943003}","{""smallest_K30"": 0.011592148531923014, ""random_K30"": 0.0023128625942578874, ""hard_K30"": 0.0029499999623492723, ""smallest_K50"": 0.011582759018469144, ""random_K50"": 0.0008647790277028135, ""hard_K50"": 0.004872156949286933}"
GenomicSequencing.npz,ok,2621,10,0.0446,1.0,0.0,0.2736492826313185,0.0,IForest,0.019656841281212707,"{""CBLOF"": 4.410035605098527, ""COPOD"": 5.3794493944680495, ""ECOD"": 4.762876251662142, ""HBOS"": 3.8853571917585357, ""IForest"": 8.062056162628371, ""KNN"": 2.686607917819515, ""LODA"": 4.869012978528611, ""LOF"": 4.153401125486905}","{""IForest"": 0.9095910742617329, ""LOF"": 0.42881757851817737, ""KNN"": 0.4215159424740263, ""ECOD"": 0.9046351740962519, ""COPOD"": 0.875838067454834, ""HBOS"": 0.6069996758619512, ""CBLOF"": 0.4440861866011567, ""LODA"": 0.49605063377518466}","{""smallest_K30"": 0.019625277639039002, ""random_K30"": 0.0008706704352082881, ""hard_K30"": 0.007580575364299717, ""smallest_K50"": 0.019656841281212707, ""random_K50"": 0.0016075474618758294, ""hard_K50"": 0.005211107245062481}"
GenomicSequencing.npz,ok,2621,10,0.0446,2.0,0.0027978231571046397,0.26257207806609006,0.0,IForest,0.021650144862847748,"{""CBLOF"": 4.146294459903499, ""COPOD"": 5.608575919752818, ""ECOD"": 5.11433075472935, ""HBOS"": 4.22936543573258, ""IForest"": 7.959321372280751, ""KNN"": 3.966157732684254, ""LODA"": 4.744833964909465, ""LOF"": 2.852235649637835}","{""IForest"": 0.9128921643891703, ""LOF"": 0.45228346725352714, ""KNN"": 0.40138526366071275, ""ECOD"": 0.915689987546275, ""COPOD"": 0.8889912482726854, ""HBOS"": 0.5789105549584591, ""CBLOF"": 0.4789395567838681, ""LODA"": 0.5958510329767814}","{""smallest_K30"": 0.021650144862847748, ""random_K30"": 0.0020064863154373586, ""hard_K30"": 0.009613856329804497, ""smallest_K50"": 0.016706827301137914, ""random_K50"": 0.0010082875797274406, ""hard_K50"": 0.0034339000425215754}"
NavigationBugReport.npz,ok,1102,8,0.0436,0.0,0.004936808846761398,0.19441701772862918,0.0,IForest,0.02163229262699234,"{""CBLOF"": 1.9780751973593467, ""COPOD"": 6.987419147123333, ""ECOD"": 5.660360701996633, ""HBOS"": 4.563152703691004, ""IForest"": 8.622186659864356, ""KNN"": 3.4310742159357313, ""LODA"": 4.56131432027682, ""LOF"": 2.048588774322987, ""PCA"": 7.147828279429785}","{""IForest"": 0.9682069510268563, ""LOF"": 0.5150572669826223, ""KNN"": 0.6210505529225908, ""ECOD"": 0.9174565560821485, ""COPOD"": 0.9201224328593997, ""HBOS"": 0.5175750394944707, ""PCA"": 0.9731437598736177, ""CBLOF"": 0.6049565560821485, ""LODA"": 0.9709715639810427}","{""smallest_K30"": 0.02163229262699234, ""random_K30"": 0.0003414373820281955, ""hard_K30"": 0.002289192849331213, ""smallest_K50"": 0.014392359979020946, ""random_K50"": 0.00016384089995642888, ""hard_K50"": 0.0008319927670427706}"
NavigationBugReport.npz,ok,1102,8,0.0436,1.0,0.0,0.19712129190802175,0.0,IForest,0.02599904163870314,"{""CBLOF"": 3.4332342162794482, ""COPOD"": 6.250796991955842, ""ECOD"": 5.219841224968526, ""HBOS"": 4.957782841807512, ""IForest"": 7.976991656772546, ""KNN"": 2.741687951355456, ""LODA"": 4.435251293407474, ""LOF"": 3.5976100966433995, ""PCA"": 6.3868037268097995}","{""IForest"": 0.9632701421800948, ""LOF"": 0.4852883096366508, ""KNN"": 0.6563981042654029, ""ECOD"": 0.9049170616113744, ""COPOD"": 0.9097551342812007, ""HBOS"": 0.4873617693522907, ""PCA"": 0.9600118483412322, ""CBLOF"": 0.5725710900473934, ""LODA"": 0.9557661927330173}","{""smallest_K30"": 0.02599904163870314, ""random_K30"": 0.0011012855877897093, ""hard_K30"": 0.005249977015089018, ""smallest_K50"": 0.008089239622246358, ""random_K50"": 0.0003613471958092893, ""hard_K50"": 0.003894845206250444}"
NavigationBugReport.npz,ok,1102,8,0.0436,2.0,0.0030608214849920934,0.1719106547305599,0.0,IForest,0.024152024475556068,"{""CBLOF"": 2.462377229376932, ""COPOD"": 6.686519326393116, ""ECOD"": 4.816365810756608, ""HBOS"": 4.99105967213503, ""IForest"": 8.784833133871674, ""KNN"": 2.5686695476507557, ""LODA"": 5.139622918532263, ""LOF"": 1.861571417522453, ""PCA"": 7.688980943761172}","{""IForest"": 0.951718009478673, ""LOF"": 0.5201421800947867, ""KNN"": 0.693522906793049, ""ECOD"": 0.8959320695102686, ""COPOD"": 0.9091627172195893, ""HBOS"": 0.497827804107425, ""PCA"": 0.9440165876777251, ""CBLOF"": 0.6787124802527645, ""LODA"": 0.9547788309636651}","{""smallest_K30"": 0.024152024475556068, ""random_K30"": 0.0009438177218121361, ""hard_K30"": 0.0009260916213299144, ""smallest_K50"": 0.013652196471834655, ""random_K50"": 0.0013726565907508752, ""hard_K50"": 0.0013547603900091265}"
BusTracking.npz,ok,2045,8,0.1535,0.0,0.00944859487141847,0.1671500333461825,0.0,KNN,0.024530601970627126,"{""CBLOF"": 6.457613731639745, ""COPOD"": 2.361856117652469, ""ECOD"": 1.789949301823782, ""HBOS"": 5.029725593730876, ""IForest"": 5.374293290314171, ""KNN"": 8.851756767210109, ""LODA"": 4.260098254432053, ""LOF"": 7.854857054613618, ""PCA"": 3.0198498885831713}","{""IForest"": 0.602553277409644, ""LOF"": 0.7636566383377081, ""KNN"": 0.7542080434662897, ""ECOD"": 0.4803226931478184, ""COPOD"": 0.5404834890508269, ""HBOS"": 0.6938636905963764, ""PCA"": 0.5049927494998073, ""CBLOF"": 0.6293617724260724, ""LODA"": 0.39911709098918846}","{""smallest_K30"": 0.005012550591309794, ""random_K30"": 0.0051184884207896965, ""hard_K30"": 0.024530601970627126, ""smallest_K50"": 0.009911434915235526, ""random_K50"": 0.011861506705635324, ""hard_K50"": 0.011906068240535665}"
BusTracking.npz,ok,2045,8,0.1535,1.0,0.02312817782998955,0.20014490802776197,0.0,KNN,0.017417326615622206,"{""CBLOF"": 6.336087540949795, ""COPOD"": 1.9952202932415533, ""ECOD"": 1.9391243881126061, ""HBOS"": 5.3099856409518145, ""IForest"": 5.420681123076663, ""KNN"": 8.921893837471599, ""LODA"": 3.9092866882853397, ""LOF"": 7.790287084279736, ""PCA"": 3.3774334036308864}","{""IForest"": 0.5999192349345619, ""LOF"": 0.7853760164467042, ""KNN"": 0.7622478386167146, ""ECOD"": 0.461985352154041, ""COPOD"": 0.5196681290038363, ""HBOS"": 0.6907386332348244, ""PCA"": 0.48017584757429466, ""CBLOF"": 0.5574716863378549, ""LODA"": 0.4094972374676481}","{""smallest_K30"": 0.0048943880632167465, ""random_K30"": 0.009798570728906466, ""hard_K30"": 0.017417326615622206, ""smallest_K50"": 0.00824691037185155, ""random_K50"": 0.005983905425712964, ""hard_K50"": 0.016322175350329107}"
BusTracking.npz,ok,2045,8,0.1535,2.0,0.0,0.1795691917986748,0.0,KNN,0.013285266380820886,"{""CBLOF"": 5.627874586785812, ""COPOD"": 2.5121141582792705, ""ECOD"": 3.062883645612065, ""HBOS"": 5.017602789022279, ""IForest"": 6.241638926391278, ""KNN"": 8.159487825499014, ""LODA"": 3.1899472946853993, ""LOF"": 7.202630724997585, ""PCA"": 3.9858200487272963}","{""IForest"": 0.6378650489179317, ""LOF"": 0.7647809247599993, ""KNN"": 0.7705813249141872, ""ECOD"": 0.4572220488628646, ""COPOD"": 0.5298738963637365, ""HBOS"": 0.6738238587345583, ""PCA"": 0.47998311275904476, ""CBLOF"": 0.5780117109344886, ""LODA"": 0.4269672717928009}","{""smallest_K30"": 0.0071789038766101095, ""random_K30"": 0.006570301015718395, ""hard_K30"": 0.013076934546176847, ""smallest_K50"": 0.006073439597134179, ""random_K50"": 0.005061792724424883, ""hard_K50"": 0.013285266380820886}"
LandslideVolume.npz,ok,3096,4,0.0058,0.0,0.11431277056277056,0.16779902196568863,0.0,LOF,0.028627957174390845,"{""CBLOF"": 4.426650204558746, ""COPOD"": 2.6007387493093916, ""ECOD"": 4.069295481870645, ""HBOS"": 7.2137596695023225, ""IForest"": 5.300847692510603, ""KNN"": 7.31449613219907, ""LODA"": 2.267060549610584, ""LOF"": 8.128191341423522, ""PCA"": 3.67896017901511}","{""IForest"": 0.7499098124098125, ""LOF"": 0.8173701298701299, ""KNN"": 0.7283549783549783, ""ECOD"": 0.682449494949495, ""COPOD"": 0.622564935064935, ""HBOS"": 0.9316829004329005, ""PCA"": 0.8511904761904762, ""CBLOF"": 0.7600108225108225, ""LODA"": 0.7314213564213564}","{""smallest_K30"": 0.008010568911263017, ""random_K30"": 0.015425880258252348, ""hard_K30"": 0.028627957174390845, ""smallest_K50"": 0.007552381118314074, ""random_K50"": 0.014273533189575836, ""hard_K50"": 0.025080372060736322}"
LandslideVolume.npz,ok,3096,4,0.0058,1.0,0.09600468975468979,0.19470498637165312,0.0,LOF,0.02315439623994754,"{""CBLOF"": 3.960486183090028, ""COPOD"": 2.751417211582266, ""ECOD"": 3.5516486204271107, ""HBOS"": 6.883406505468101, ""IForest"": 4.98677253264359, ""KNN"": 7.306583086764569, ""LODA"": 3.164487123602332, ""LOF"": 7.612317120697285, ""PCA"": 4.782881615724722}","{""IForest"": 0.7393578643578643, ""LOF"": 0.8334235209235209, ""KNN"": 0.7275432900432901, ""ECOD"": 0.6592712842712842, ""COPOD"": 0.6007395382395383, ""HBOS"": 0.9294282106782107, ""PCA"": 0.8437950937950938, ""CBLOF"": 0.7599206349206349, ""LODA"": 0.5190295815295815}","{""smallest_K30"": 0.007919474825629649, ""random_K30"": 0.012706879162166186, ""hard_K30"": 0.02054761545376277, ""smallest_K50"": 0.011030162612009382, ""random_K50"": 0.012282027964247226, ""hard_K50"": 0.02315439623994754}"
LandslideVolume.npz,ok,3096,4,0.0058,2.0,0.09992784992784998,0.1913129308962641,0.0,LOF,0.02917308170848222,"{""CBLOF"": 3.869427967392351, ""COPOD"": 3.0627990765548017, ""ECOD"": 4.0555471763507445, ""HBOS"": 6.570066092266439, ""IForest"": 5.122191678861211, ""KNN"": 7.370095620828971, ""LODA"": 2.2862120459629454, ""LOF"": 7.644213023462975, ""PCA"": 5.019447318319562}","{""IForest"": 0.7532467532467533, ""LOF"": 0.8177308802308801, ""KNN"": 0.7291666666666667, ""ECOD"": 0.6700937950937951, ""COPOD"": 0.6131854256854257, ""HBOS"": 0.9176587301587301, ""PCA"": 0.845959595959596, ""CBLOF"": 0.7768759018759018, ""LODA"": 0.4131944444444444}","{""smallest_K30"": 0.011213926485900073, ""random_K30"": 0.01631063343870472, ""hard_K30"": 0.02917308170848222, ""smallest_K50"": 0.010454386280067498, ""random_K50"": 0.008670757716434833, ""hard_K50"": 0.02062998981722274}"
ServiceErrorLocation.npz,filtered,16215,4,0.0006,,,,,,,,,
ChainConfig.npz,ok,4330,3,0.2485,0.0,0.03208532483625426,0.05283486594195308,0.0,KNN,0.024838652161859105,"{""CBLOF"": 1.7883477205339893, ""COPOD"": 5.9928446106977304, ""ECOD"": 5.081592682509803, ""HBOS"": 3.2981257508992177, ""IForest"": 7.0331022031245904, ""KNN"": 8.953396062852327, ""LODA"": 3.1992280430990148, ""LOF"": 7.37927660353665, ""PCA"": 2.274086322746678}","{""IForest"": 0.7099979157030362, ""LOF"": 0.6976106247751529, ""KNN"": 0.6779125908667819, ""ECOD"": 0.6919830229729498, ""COPOD"": 0.6868479433984891, ""HBOS"": 0.5943130100103359, ""PCA"": 0.5474584425447839, ""CBLOF"": 0.6391232533305923, ""LODA"": 0.6692206442476258}","{""smallest_K30"": 0.004559596146316533, ""random_K30"": 0.020862690755215345, ""hard_K30"": 0.024838652161859105, ""smallest_K50"": 0.003952711952586971, ""random_K50"": 0.011319870763253673, ""hard_K50"": 0.019281457265609057}"
ChainConfig.npz,ok,4330,3,0.2485,1.0,0.03238797617620026,0.05440633702415698,0.0,KNN,0.025946113838937006,"{""CBLOF"": 2.749170795640331, ""COPOD"": 4.862317208290562, ""ECOD"": 3.833156715840906, ""HBOS"": 3.472950536177879, ""IForest"": 7.125060802422349, ""KNN"": 8.999999999999998, ""LODA"": 3.7904036163260395, ""LOF"": 7.686200415464162, ""PCA"": 2.480739909837765}","{""IForest"": 0.7123013493681439, ""LOF"": 0.7029412856400504, ""KNN"": 0.6799133731919437, ""ECOD"": 0.6979268383213701, ""COPOD"": 0.6901935255454862, ""HBOS"": 0.5541396136341573, ""PCA"": 0.5449608551898995, ""CBLOF"": 0.6401889572233738, ""LODA"": 0.6984893129814583}","{""smallest_K30"": 0.002546811984215231, ""random_K30"": 0.018358343573340777, ""hard_K30"": 0.024469673970928654, ""smallest_K50"": 0.006968604889613633, ""random_K50"": 0.00904820807929036, ""hard_K50"": 0.025946113838937006}"
ChainConfig.npz,ok,4330,3,0.2485,2.0,0.005997350373174837,0.04991756399299274,0.0,LOF,0.04122534115169437,"{""CBLOF"": 2.0997885169783737, ""COPOD"": 6.059769068876705, ""ECOD"": 4.586062484755542, ""HBOS"": 2.798680610240919, ""IForest"": 6.869455770682109, ""KNN"": 8.344318006750047, ""LODA"": 4.272387194362083, ""LOF"": 8.655681993249958, ""PCA"": 1.3138563541042763}","{""IForest"": 0.7122992079671537, ""LOF"": 0.7063018575939789, ""KNN"": 0.6923342127353399, ""ECOD"": 0.6986798976695846, ""COPOD"": 0.6913677270884371, ""HBOS"": 0.5567542642431718, ""PCA"": 0.5577500157036072, ""CBLOF"": 0.6439856611789697, ""LODA"": 0.7019619515872063}","{""smallest_K30"": 0.015682752824389502, ""random_K30"": 0.013358890111730767, ""hard_K30"": 0.04122534115169437, ""smallest_K50"": 0.008502477306773937, ""random_K50"": 0.01701835917874472, ""hard_K50"": 0.024345814642359638}"
FantasyFootball.npz,ok,3065,10,0.2323,0.0,0.2546041174646342,0.25209365416371776,0.0,IForest,0.007632632244880235,"{""CBLOF"": 3.8508361619858493, ""COPOD"": 3.5204404775813707, ""ECOD"": 3.651536093969503, ""HBOS"": 5.110991669388769, ""IForest"": 6.869133956852504, ""KNN"": 6.320158630383761, ""LODA"": 4.707405564348251, ""LOF"": 6.1345805010719126, ""PCA"": 4.834916944418078}","{""IForest"": 0.686550251675851, ""LOF"": 0.8180538657887831, ""KNN"": 0.781113576182638, ""ECOD"": 0.5529980438464658, ""COPOD"": 0.5630919153605763, ""HBOS"": 0.5511969512631504, ""PCA"": 0.9411543691404852, ""CBLOF"": 0.57440838283356, ""LODA"": 0.7329790786993965}","{""smallest_K30"": 0.004116268157239691, ""random_K30"": 0.002969346059707351, ""hard_K30"": 0.007632632244880235, ""smallest_K50"": 0.007487924479953888, ""random_K50"": 0.0011995694485161471, ""hard_K50"": 0.00494151891649576}"
FantasyFootball.npz,ok,3065,10,0.2323,1.0,0.2679632147713449,0.26881356505005694,0.0,IForest,0.008172448948775177,"{""CBLOF"": 4.676088690326, ""COPOD"": 3.328643738635006, ""ECOD"": 3.2055028832025063, ""HBOS"": 4.756559989733638, ""IForest"": 6.54735583210118, ""KNN"": 6.381159465604394, ""LODA"": 4.592398584682151, ""LOF"": 6.168387175076255, ""PCA"": 5.343903640638868}","{""IForest"": 0.6735907345117964, ""LOF"": 0.7917412152007443, ""KNN"": 0.7501804074524678, ""ECOD"": 0.55377036665951, ""COPOD"": 0.5600771726424773, ""HBOS"": 0.5503709535055702, ""PCA"": 0.9415539492831413, ""CBLOF"": 0.545593883441876, ""LODA"": 0.6877847754001765}","{""smallest_K30"": 0.008172448948775177, ""random_K30"": 0.004392419927677549, ""hard_K30"": 0.007288636137050624, ""smallest_K50"": 0.004528181408958335, ""random_K50"": 0.002120463038365497, ""hard_K50"": 0.0055097100292659405}"
FantasyFootball.npz,ok,3065,10,0.2323,2.0,0.1661806102244806,0.2477728211285788,0.0,KNN,0.007801840802129001,"{""CBLOF"": 4.52477673580264, ""COPOD"": 3.0037568004983184, ""ECOD"": 3.3534240624389073, ""HBOS"": 3.860373401520997, ""IForest"": 6.6096755889651195, ""KNN"": 7.139527483713495, ""LODA"": 4.725569507178892, ""LOF"": 7.0182068369796395, ""PCA"": 4.764689582901995}","{""IForest"": 0.6335522078293852, ""LOF"": 0.8066896872539898, ""KNN"": 0.7691023163720508, ""ECOD"": 0.5659307235382524, ""COPOD"": 0.5678004007729192, ""HBOS"": 0.5427789307951049, ""PCA"": 0.9352829265965314, ""CBLOF"": 0.6032437558147856, ""LODA"": 0.7632100002385552}","{""smallest_K30"": 0.006019384403374141, ""random_K30"": 0.0033298570003915326, ""hard_K30"": 0.007801840802129001, ""smallest_K50"": 0.003550684099996438, ""random_K50"": 0.0012670809957677984, ""hard_K50"": 0.005455494166916378}"
CogLoadReaction.npz,filtered,76612,11,0.0472,,,,,,,,,
GroceryErrorDept.npz,ok,4555,3,0.0362,0.0,0.05322012839097123,0.06980741354317677,0.0,LOF,0.017928144127604614,"{""CBLOF"": 5.841249193442998, ""COPOD"": 4.177726125939177, ""ECOD"": 2.988045478532631, ""HBOS"": 2.7784583921042154, ""IForest"": 6.627934931405933, ""KNN"": 7.949432345190727, ""LODA"": 3.115193396525822, ""LOF"": 8.47255153308587, ""PCA"": 3.0494086037726222}","{""IForest"": 0.8134465382756955, ""LOF"": 0.7929246911023676, ""KNN"": 0.8461448194933389, ""ECOD"": 0.7916960033133154, ""COPOD"": 0.8110512873610823, ""HBOS"": 0.763802029405674, ""PCA"": 0.761717401808518, ""CBLOF"": 0.8154483329881962, ""LODA"": 0.5908055498032717}","{""smallest_K30"": 0.00964783547017367, ""random_K30"": 0.01453376030386176, ""hard_K30"": 0.017928144127604614, ""smallest_K50"": 0.013739997715570277, ""random_K50"": 0.011260520111115073, ""hard_K50"": 0.0138142435330278}"
GroceryErrorDept.npz,ok,4555,3,0.0362,1.0,0.04904397045627107,0.0736576087373354,0.0,LOF,0.019943177817868175,"{""CBLOF"": 5.156013157822212, ""COPOD"": 4.058456851411011, ""ECOD"": 3.1771907094491922, ""HBOS"": 3.6692352395761763, ""IForest"": 5.9700910273472525, ""KNN"": 8.198415667803333, ""LODA"": 3.0549434540366565, ""LOF"": 8.206337328786667, ""PCA"": 3.509316563767502}","{""IForest"": 0.8141575205356526, ""LOF"": 0.7921136191067855, ""KNN"": 0.8411575895630565, ""ECOD"": 0.789846068889349, ""COPOD"": 0.8034789811555187, ""HBOS"": 0.754089873679851, ""PCA"": 0.7655415199834333, ""CBLOF"": 0.7580451439221372, ""LODA"": 0.5890695105957064}","{""smallest_K30"": 0.01688662352127105, ""random_K30"": 0.015556506565732015, ""hard_K30"": 0.019943177817868175, ""smallest_K50"": 0.019464980316376765, ""random_K50"": 0.011052977259659402, ""hard_K50"": 0.015197767145216382}"
GroceryErrorDept.npz,ok,4555,3,0.0362,2.0,0.039676951749844536,0.06043272512520792,0.0,LOF,0.01916497191767269,"{""CBLOF"": 5.282663473501662, ""COPOD"": 4.852889766893774, ""ECOD"": 3.057853075011512, ""HBOS"": 2.4696957730450726, ""IForest"": 6.247785035621923, ""KNN"": 8.085516432675396, ""LODA"": 3.403109374020247, ""LOF"": 8.39489526872815, ""PCA"": 3.205591800502268}","{""IForest"": 0.805025195002416, ""LOF"": 0.7946538275695452, ""KNN"": 0.8343307793193897, ""ECOD"": 0.7920411403327121, ""COPOD"": 0.8041485469731484, ""HBOS"": 0.7584075377925037, ""PCA"": 0.7680265065230896, ""CBLOF"": 0.81860978808587, ""LODA"": 0.5898391661489611}","{""smallest_K30"": 0.01916497191767269, ""random_K30"": 0.016924272042140545, ""hard_K30"": 0.019134195456854717, ""smallest_K50"": 0.011039502328571763, ""random_K50"": 0.012908999165854172, ""hard_K50"": 0.015844529431439026}"
SharkAttacks.npz,ok,3832,3,0.0057,0.0,0.1179611071343355,0.08856610726689473,0.0,LOF,0.06056773606848598,"{""CBLOF"": 4.668362719732685, ""COPOD"": 2.4478996191307925, ""ECOD"": 3.3937034763728, ""HBOS"": 6.083994777598152, ""IForest"": 5.485650760778702, ""KNN"": 8.247309039334127, ""LODA"": 1.2384715475350605, ""LOF"": 8.752690960665872, ""PCA"": 4.681917098851805}","{""IForest"": 0.5869720830350752, ""LOF"": 0.4749761393462181, ""KNN"": 0.4391553328561202, ""ECOD"": 0.5929372464805536, ""COPOD"": 0.5227272727272727, ""HBOS"": 0.47527439751849204, ""PCA"": 0.5362681937485088, ""CBLOF"": 0.5523741350513004, ""LODA"": 0.3586554521593892}","{""smallest_K30"": 0.04190310426633171, ""random_K30"": 0.03720866645128552, ""hard_K30"": 0.05629734473158872, ""smallest_K50"": 0.020909205112161468, ""random_K50"": 0.03709701470313737, ""hard_K50"": 0.06056773606848598}"
SharkAttacks.npz,ok,3832,3,0.0057,1.0,0.129414220949654,0.11774114173228345,0.0,LOF,0.05357976872269627,"{""CBLOF"": 5.427115689478222, ""COPOD"": 2.1219727396609565, ""ECOD"": 2.2505478381146764, ""HBOS"": 6.3225258734695124, ""IForest"": 5.753266663615499, ""KNN"": 8.314053554457988, ""LODA"": 2.616434875009813, ""LOF"": 8.685946445542008}","{""IForest"": 0.5739083750894775, ""LOF"": 0.4924540682414698, ""KNN"": 0.4391851586733476, ""ECOD"": 0.5943092340730136, ""COPOD"": 0.5301240753996659, ""HBOS"": 0.42543545693151996, ""CBLOF"": 0.6218682891911238, ""LODA"": 0.35573252207110473}","{""smallest_K30"": 0.015126874722489905, ""random_K30"": 0.037759115030128874, ""hard_K30"": 0.05357976872269627, ""smallest_K50"": 0.014274505189261556, ""random_K50"": 0.039958539000483476, ""hard_K50"": 0.05315165050936552}"
SharkAttacks.npz,ok,3832,3,0.0057,2.0,0.15169410641851588,0.10066544712213998,0.0,LOF,0.05524597232722717,"{""CBLOF"": 5.1867264438252185, ""COPOD"": 1.8023330293812414, ""ECOD"": 3.2533753306784026, ""HBOS"": 5.660965592378032, ""IForest"": 5.964441675001133, ""KNN"": 8.080403747836634, ""LODA"": 1.4194381554586022, ""LOF"": 8.919596252163366, ""PCA"": 4.712719773277369}","{""IForest"": 0.6238964447625864, ""LOF"": 0.47220233834407055, ""KNN"": 0.44601527081842035, ""ECOD"": 0.6062992125984252, ""COPOD"": 0.5433070866141733, ""HBOS"": 0.5135707468384634, ""PCA"": 0.5615604867573372, ""CBLOF"": 0.5940706275351945, ""LODA"": 0.3481567644953472}","{""smallest_K30"": 0.018586072036565385, ""random_K30"": 0.04171104748828116, ""hard_K30"": 0.05524597232722717, ""smallest_K50"": 0.02802052671928831, ""random_K50"": 0.03267839420999121, ""hard_K50"": 0.05491726196201912}"
ServerLoadTest.npz,filtered,21831,3,0.0018,,,,,,,,,
BugSeverity.npz,ok,2784,22,0.0819,0.0,0.025167900219298378,0.0566449081688597,0.0,IForest,0.008930701756388945,"{""CBLOF"": 4.315278379874107, ""COPOD"": 4.211000308897535, ""ECOD"": 3.6873355852889564, ""HBOS"": 5.784479806437546, ""IForest"": 6.2031050108655785, ""KNN"": 5.93815207356794, ""LODA"": 4.445688108768196, ""LOF"": 5.590963455273761, ""PCA"": 4.823997271026384}","{""IForest"": 0.6019351356907894, ""LOF"": 0.5217070997807017, ""KNN"": 0.5235488623903508, ""ECOD"": 0.5922423245614035, ""COPOD"": 0.6231925027412281, ""HBOS"": 0.6271030359100878, ""PCA"": 0.5895096628289473, ""CBLOF"": 0.5189401726973684, ""LODA"": 0.5359443530701755}","{""smallest_K30"": 0.0028647029491427286, ""random_K30"": 0.0020057474461466795, ""hard_K30"": 0.006278669130584751, ""smallest_K50"": 0.008930701756388945, ""random_K50"": 0.0009001831821131736, ""hard_K50"": 0.005986662372972873}"
BugSeverity.npz,ok,2784,22,0.0819,1.0,0.0002484237938595868,0.039642333984375,0.0,IForest,0.009827278521194872,"{""CBLOF"": 4.060993069786091, ""COPOD"": 4.014939359052955, ""ECOD"": 4.549519283055282, ""HBOS"": 5.547026380616592, ""IForest"": 5.970619655522022, ""KNN"": 5.940740937416112, ""LODA"": 3.536920402529846, ""LOF"": 5.367715689189777}","{""IForest"": 0.6092979029605263, ""LOF"": 0.5331945586622807, ""KNN"": 0.5333316200657895, ""ECOD"": 0.5751353481359649, ""COPOD"": 0.6077131304824561, ""HBOS"": 0.6095463267543859, ""CBLOF"": 0.5181863349780702, ""LODA"": 0.5728267201206141}","{""smallest_K30"": 0.009827278521194872, ""random_K30"": 0.0014873752455317605, ""hard_K30"": 0.005369777095514671, ""smallest_K50"": 0.006711799140153704, ""random_K50"": 0.0016167718196112653, ""hard_K50"": 0.00844279360274817}"
BugSeverity.npz,ok,2784,22,0.0819,2.0,0.059497498629386025,0.03546731513843204,0.0,KNN,0.009015862047141667,"{""CBLOF"": 5.3349803577261135, ""COPOD"": 2.7022430212163218, ""ECOD"": 2.830927560118146, ""HBOS"": 3.147261626353974, ""IForest"": 5.353127327797305, ""KNN"": 7.844083997267497, ""LODA"": 5.178630870325158, ""LOF"": 6.64132587613768}","{""IForest"": 0.5953947368421053, ""LOF"": 0.5241142406798246, ""KNN"": 0.5413925438596491, ""ECOD"": 0.5685478344298246, ""COPOD"": 0.5991810581140351, ""HBOS"": 0.6008900424890351, ""CBLOF"": 0.5403217516447368, ""LODA"": 0.5535396107456141}","{""smallest_K30"": 0.003249188072099671, ""random_K30"": 0.0028804532410917597, ""hard_K30"": 0.009015862047141667, ""smallest_K50"": 0.0033636764353887, ""random_K50"": 0.0014107191910544578, ""hard_K50"": 0.0030626934597704665}"
SoftwareQualityMetrics.npz,ok,1497,56,0.1396,0.0,0.0,0.041475546983502865,0.0,IForest,0.0033938757985999355,"{""CBLOF"": 4.677968620175026, ""COPOD"": 3.973673852458838, ""ECOD"": 4.352633290040081, ""HBOS"": 5.080081979897337, ""IForest"": 6.584181955349346, ""KNN"": 5.7049009815113125, ""LODA"": 2.8619261099332305, ""LOF"": 5.515868175669349, ""PCA"": 6.248765034965481}","{""IForest"": 0.7211156856199695, ""LOF"": 0.5894811023329996, ""KNN"": 0.6932791810392791, ""ECOD"": 0.6852119728496717, ""COPOD"": 0.7109157672193168, ""HBOS"": 0.7138366529431401, ""PCA"": 0.6918326471570045, ""CBLOF"": 0.6696153703497645, ""LODA"": 0.6414728682170542}","{""smallest_K30"": 0.0024520128317369176, ""random_K30"": 0.00039915997615510705, ""hard_K30"": 0.003184999281474504, ""smallest_K50"": 0.0033938757985999355, ""random_K50"": 0.000437493807006545, ""hard_K50"": 0.0021066149868520477}"
SoftwareQualityMetrics.npz,ok,1497,56,0.1396,1.0,0.0,0.050072326694113656,0.0,IForest,0.0028086508769776643,"{""CBLOF"": 4.729427336567983, ""COPOD"": 4.815271111518539, ""ECOD"": 4.7717533150744424, ""HBOS"": 4.56170806972263, ""IForest"": 7.020644748350441, ""KNN"": 5.609221002232577, ""LODA"": 2.463190538726276, ""LOF"": 5.2835347591515065, ""PCA"": 5.745249118655608}","{""IForest"": 0.7236378472608582, ""LOF"": 0.6296502355253885, ""KNN"": 0.7053892659767813, ""ECOD"": 0.6914988316457105, ""COPOD"": 0.7128630243685323, ""HBOS"": 0.7156633656021661, ""PCA"": 0.700715848818664, ""CBLOF"": 0.6691888283075554, ""LODA"": 0.5134824375950446}","{""smallest_K30"": 0.002054159703014657, ""random_K30"": 0.001199855319110941, ""hard_K30"": 0.0012244199523464318, ""smallest_K50"": 0.0028086508769776643, ""random_K50"": 0.0013853702267193366, ""hard_K50"": 0.002007961239882209}"
SoftwareQualityMetrics.npz,ok,1497,56,0.1396,2.0,0.0,0.05513725587165008,0.0,IForest,0.002855915072594855,"{""CBLOF"": 4.7582357845391, ""COPOD"": 4.787382478671182, ""ECOD"": 3.736885100632292, ""HBOS"": 4.609525452066329, ""IForest"": 6.867485588940315, ""KNN"": 6.245310650268637, ""LODA"": 2.6492833161808993, ""LOF"": 5.322498669199031, ""PCA"": 6.023392959502218}","{""IForest"": 0.7202626015355514, ""LOF"": 0.5623122287748972, ""KNN"": 0.6817996365119988, ""ECOD"": 0.6917399206260896, ""COPOD"": 0.7123623011015913, ""HBOS"": 0.7150142798857609, ""PCA"": 0.6953006194132264, ""CBLOF"": 0.6647750454360001, ""LODA"": 0.5425614776899966}","{""smallest_K30"": 0.002855915072594855, ""random_K30"": 0.0002693614227347918, ""hard_K30"": 0.0026711315156401007, ""smallest_K50"": 0.0025058373151810322, ""random_K50"": 0.0006992982362258989, ""hard_K50"": 0.001204371633378421}"
SpeciesValidation.npz,ok,1800,3,0.0467,0.0,0.25423934108527135,0.1783772456010828,0.0,HBOS,0.030825220289320866,"{""CBLOF"": 5.000676487216154, ""COPOD"": 2.2411169455411533, ""ECOD"": 2.8668820852450896, ""HBOS"": 8.48094471611481, ""IForest"": 7.243333180304582, ""KNN"": 6.780633663894588, ""LODA"": 2.569378856942542, ""LOF"": 5.780461819967271, ""PCA"": 4.0365722447738115}","{""IForest"": 0.7172965116279071, ""LOF"": 0.8303398394241418, ""KNN"": 0.8256160022148394, ""ECOD"": 0.5333956256921373, ""COPOD"": 0.5752007198228128, ""HBOS"": 0.5761004983388704, ""PCA"": 0.5268549280177187, ""CBLOF"": 0.7450858250276856, ""LODA"": 0.5377733942414176}","{""smallest_K30"": 0.00631402481466903, ""random_K30"": 0.016443930044960007, ""hard_K30"": 0.022089841550602275, ""smallest_K50"": 0.009991732703324173, ""random_K50"": 0.01566353310482719, ""hard_K50"": 0.030825220289320866}"
SpeciesValidation.npz,ok,1800,3,0.0467,1.0,0.22830149501661146,0.17000238402854695,0.0,HBOS,0.024933836147949626,"{""CBLOF"": 4.701164785118244, ""COPOD"": 3.1205314497891594, ""ECOD"": 2.6298282688211674, ""HBOS"": 8.318159147966535, ""IForest"": 7.480740193029772, ""KNN"": 7.365350456737283, ""LODA"": 2.821017055757856, ""LOF"": 5.843539150707258, ""PCA"": 2.7196694920727236}","{""IForest"": 0.7171234772978959, ""LOF"": 0.8382129014396458, ""KNN"": 0.8322259136212624, ""ECOD"": 0.5479305094130675, ""COPOD"": 0.5985603543743079, ""HBOS"": 0.6099114064230343, ""PCA"": 0.5455426356589148, ""CBLOF"": 0.7567483388704319, ""LODA"": 0.567639119601329}","{""smallest_K30"": 0.014161218174210235, ""random_K30"": 0.015390121148122857, ""hard_K30"": 0.024933836147949626, ""smallest_K50"": 0.008160423154099665, ""random_K50"": 0.011373694373491136, ""hard_K50"": 0.024192663333606583}"
SpeciesValidation.npz,ok,1800,3,0.0467,2.0,0.11650401439645641,0.15485274778516067,0.0,IForest,0.02228652212325752,"{""CBLOF"": 5.612150984078282, ""COPOD"": 2.798482208900779, ""ECOD"": 3.3770130986974882, ""HBOS"": 7.836115161959809, ""IForest"": 7.960494694701859, ""KNN"": 6.5525375462136175, ""LODA"": 2.280564158363775, ""LOF"": 4.685289775659987}","{""IForest"": 0.7157392026578073, ""LOF"": 0.8322432170542637, ""KNN"": 0.8249584717607972, ""ECOD"": 0.5463385935769657, ""COPOD"": 0.6015711517165004, ""HBOS"": 0.5970549557032115, ""CBLOF"": 0.7380952380952382, ""LODA"": 0.5631229235880398}","{""smallest_K30"": 0.01521445048117677, ""random_K30"": 0.019024748444017206, ""hard_K30"": 0.02228652212325752, ""smallest_K50"": 0.013039696822341448, ""random_K50"": 0.016082021864487664, ""hard_K50"": 0.013323986911081812}"
CellMorphology.npz,ok,1636,14,0.0465,0.0,0.0,0.12792866246813628,0.0,LOF,0.011851294384034336,"{""CBLOF"": 4.169801852245252, ""COPOD"": 2.2500605860948912, ""ECOD"": 2.687383414479997, ""HBOS"": 6.254790976315638, ""IForest"": 7.2939685787597375, ""KNN"": 6.822109978656083, ""LODA"": 2.824723583584424, ""LOF"": 8.721919186198546, ""PCA"": 3.9752418436654335}","{""IForest"": 0.8975202429149798, ""LOF"": 0.9601889338731445, ""KNN"": 0.9443741565452092, ""ECOD"": 0.8375506072874495, ""COPOD"": 0.7979504048582995, ""HBOS"": 0.5709767206477733, ""PCA"": 0.8840671390013496, ""CBLOF"": 0.8796390013495277, ""LODA"": 0.7180752361673415}","{""smallest_K30"": 0.010979606471174543, ""random_K30"": 0.00791149738033635, ""hard_K30"": 0.011851294384034336, ""smallest_K50"": 0.004285823504673274, ""random_K50"": 0.00570029276897355, ""hard_K50"": 0.00975177705421307}"
CellMorphology.npz,ok,1636,14,0.0465,1.0,0.0,0.12025790973159389,0.0,LOF,0.017888431174433214,"{""CBLOF"": 4.3068007768643035, ""COPOD"": 2.5918407566714725, ""ECOD"": 2.3650735544543515, ""HBOS"": 6.931756689519474, ""IForest"": 6.753845904360901, ""KNN"": 7.039927926056563, ""LODA"": 3.7892653996595107, ""LOF"": 8.263478953765532, ""PCA"": 2.9580100386478914}","{""IForest"": 0.9257338056680162, ""LOF"": 0.9580381241565452, ""KNN"": 0.935096153846154, ""ECOD"": 0.8676197705802969, ""COPOD"": 0.8043184885290149, ""HBOS"": 0.5783147773279352, ""PCA"": 0.8966346153846154, ""CBLOF"": 0.90915991902834, ""LODA"": 0.6651062753036436}","{""smallest_K30"": 0.0025948337139651352, ""random_K30"": 0.005992351889064184, ""hard_K30"": 0.017888431174433214, ""smallest_K50"": 0.00468668528296271, ""random_K50"": 0.005225306560096988, ""hard_K50"": 0.011195964260974424}"
CellMorphology.npz,ok,1636,14,0.0465,2.0,0.052673751686909465,0.14502736542210215,0.0,IForest,0.008788835568112378,"{""CBLOF"": 4.863347582367311, ""COPOD"": 2.4800222988223393, ""ECOD"": 2.1660569476704628, ""HBOS"": 5.092256786902278, ""IForest"": 8.406222138054154, ""KNN"": 7.087123593770412, ""LODA"": 2.0987644624308697, ""LOF"": 7.768318234780351, ""PCA"": 5.0378879552018185}","{""IForest"": 0.8976045883940621, ""LOF"": 0.9502783400809716, ""KNN"": 0.9258603238866396, ""ECOD"": 0.8250253036437247, ""COPOD"": 0.7699898785425101, ""HBOS"": 0.5779352226720648, ""PCA"": 0.8712044534412956, ""CBLOF"": 0.9019062078272605, ""LODA"": 0.5274544534412956}","{""smallest_K30"": 0.0057582899357129765, ""random_K30"": 0.007072115308176962, ""hard_K30"": 0.008788835568112378, ""smallest_K50"": 0.002795485748608097, ""random_K50"": 0.004964304927983225, ""hard_K50"": 0.005297566006984886}"
BridgeCondition.npz,filtered,8288,3,0.0033,,,,,,,,,
NFTPrimateRarity.npz,ok,2566,7,0.2514,0.0,0.0,0.21221836303231656,0.0,KNN,0.020109299582378323,"{""CBLOF"": 5.181006789912358, ""COPOD"": 2.291754175448137, ""ECOD"": 3.233161007818035, ""HBOS"": 6.294469482079315, ""IForest"": 5.960243825231396, ""KNN"": 8.573331347810447, ""LODA"": 1.711507673827858, ""LOF"": 8.426668652189555}","{""IForest"": 0.6866324373301118, ""LOF"": 1.0, ""KNN"": 1.0, ""ECOD"": 0.7096788482834994, ""COPOD"": 0.6866767341185946, ""HBOS"": 0.6819248968086178, ""CBLOF"": 0.9557837511325883, ""LODA"": 0.581556428068056}","{""smallest_K30"": 0.00810757716673678, ""random_K30"": 0.014775394322581707, ""hard_K30"": 0.020109299582378323, ""smallest_K50"": 0.005792271686851155, ""random_K50"": 0.009670284940818077, ""hard_K50"": 0.011340748728326135}"
NFTPrimateRarity.npz,ok,2566,7,0.2514,1.0,0.0,0.18975938789892277,0.0,LOF,0.02224642532653292,"{""CBLOF"": 5.131758994192273, ""COPOD"": 2.207151789158731, ""ECOD"": 2.218484107352553, ""HBOS"": 4.776105633037604, ""IForest"": 5.64632665319244, ""KNN"": 8.437316140181226, ""LODA"": 4.144715211956013, ""LOF"": 8.562683859818774}","{""IForest"": 0.6554394442766536, ""LOF"": 1.0, ""KNN"": 1.0, ""ECOD"": 0.7283640390617134, ""COPOD"": 0.7097110641296688, ""HBOS"": 0.7078787878787879, ""CBLOF"": 0.9732890365448504, ""LODA"": 0.7072425249169435}","{""smallest_K30"": 0.00783876688958966, ""random_K30"": 0.007492134655132622, ""hard_K30"": 0.02224642532653292, ""smallest_K50"": 0.006925355270023719, ""random_K50"": 0.006838701847974641, ""hard_K50"": 0.015189338271908622}"
NFTPrimateRarity.npz,ok,2566,7,0.2514,2.0,0.0,0.22615171650055377,0.0,LOF,0.022089343922597832,"{""CBLOF"": 5.677084813100372, ""COPOD"": 2.3306272956084726, ""ECOD"": 2.954730434207053, ""HBOS"": 5.5790961498643385, ""IForest"": 5.941237503138086, ""KNN"": 8.343197492793806, ""LODA"": 2.9913657829980784, ""LOF"": 8.401959989655719}","{""IForest"": 0.6546501560455049, ""LOF"": 1.0, ""KNN"": 1.0, ""ECOD"": 0.6956448202959831, ""COPOD"": 0.677177086479412, ""HBOS"": 0.6643672606463303, ""CBLOF"": 0.9656095842142354, ""LODA"": 0.5333373603141045}","{""smallest_K30"": 0.007398168058307414, ""random_K30"": 0.007770072360325617, ""hard_K30"": 0.022089343922597832, ""smallest_K50"": 0.004218045000092464, ""random_K50"": 0.007553595520480825, ""hard_K50"": 0.017177074473737085}"
CognitiveResponse.npz,ok,5184,3,0.1111,0.0,0.0,0.24962246173776803,0.0,LOF,0.015818006379305437,"{""CBLOF"": 2.7801074452438663, ""COPOD"": 2.725545286717345, ""ECOD"": 2.5534341553132753, ""HBOS"": 6.8946614013633125, ""IForest"": 5.627168795114792, ""KNN"": 7.2473159078809095, ""LODA"": 5.2028906719699695, ""LOF"": 8.046251711362203, ""PCA"": 3.9226246250343304}","{""IForest"": 0.7802783803326103, ""LOF"": 0.997806323812967, ""KNN"": 0.9650047451193059, ""ECOD"": 0.8037686038804531, ""COPOD"": 0.8196741684743313, ""HBOS"": 0.7814486547963364, ""PCA"": 0.995211572065558, ""CBLOF"": 0.41624864425162694, ""LODA"": 0.17421366594360085}","{""smallest_K30"": 0.004014616950064988, ""random_K30"": 0.009957731045984632, ""hard_K30"": 0.013771964431484646, ""smallest_K50"": 0.006597892256085223, ""random_K50"": 0.00399296492562377, ""hard_K50"": 0.015818006379305437}"
CognitiveResponse.npz,ok,5184,3,0.1111,1.0,0.2139107315015667,0.25331206398462824,0.0,HBOS,0.026532019637746193,"{""CBLOF"": 4.134081648968302, ""COPOD"": 2.4438477703779764, ""ECOD"": 2.0113367476021233, ""HBOS"": 7.767023326465067, ""IForest"": 5.066039720411558, ""KNN"": 6.755658297985146, ""LODA"": 5.789858317952128, ""LOF"": 7.56044783336565, ""PCA"": 3.4717063368720478}","{""IForest"": 0.7430743853940709, ""LOF"": 0.9982657718727405, ""KNN"": 0.9653229693902146, ""ECOD"": 0.8009526015304893, ""COPOD"": 0.8237847222222223, ""HBOS"": 0.7843550403711738, ""PCA"": 0.9958762653651482, ""CBLOF"": 0.4131567847674138, ""LODA"": 0.17979483007953723}","{""smallest_K30"": 0.005225559456823699, ""random_K30"": 0.005824137838580614, ""hard_K30"": 0.026532019637746193, ""smallest_K50"": 0.006647506176652921, ""random_K50"": 0.008843945287002192, ""hard_K50"": 0.021181846090835538}"
CognitiveResponse.npz,ok,5184,3,0.1111,2.0,0.2073466497951314,0.24132195508957988,0.0,HBOS,0.01812499332866438,"{""CBLOF"": 3.7090225754125887, ""COPOD"": 1.8419223763081372, ""ECOD"": 1.8799355052503925, ""HBOS"": 8.278181306009149, ""IForest"": 5.383657419653961, ""KNN"": 7.161060842028742, ""LODA"": 5.443936828913648, ""LOF"": 8.037952210378208, ""PCA"": 3.264330936045176}","{""IForest"": 0.7732991006869124, ""LOF"": 0.9972433116413594, ""KNN"": 0.9631820167510243, ""ECOD"": 0.8056996038201976, ""COPOD"": 0.8134094812002892, ""HBOS"": 0.789896661846228, ""PCA"": 0.992684607736804, ""CBLOF"": 0.49850679380573637, ""LODA"": 0.16937063147746445}","{""smallest_K30"": 0.008639820746595174, ""random_K30"": 0.013537832987094128, ""hard_K30"": 0.01812499332866438, ""smallest_K50"": 0.0021015475411222378, ""random_K50"": 0.0037393998042402465, ""hard_K50"": 0.015322375508806614}"
GeospatialCrimeResolution.npz,filtered,129957,10,0.0013,,,,,,,,,
KickstarterCampaigns.npz,ok,3986,12,0.29,0.0,0.03500250651081471,0.2016382663368126,0.0,KNN,0.03059542240672544,"{""CBLOF"": 5.011381257363113, ""COPOD"": 3.267436295757808, ""ECOD"": 3.5085560034224335, ""HBOS"": 6.37262686642894, ""IForest"": 5.1565184903794075, ""KNN"": 7.730148222239444, ""LODA"": 4.24162563307744, ""LOF"": 6.638950617534856, ""PCA"": 3.0727566137965567}","{""IForest"": 0.4564616014770073, ""LOF"": 0.4883378470906134, ""KNN"": 0.6330880824580923, ""ECOD"": 0.4707945639282527, ""COPOD"": 0.3014109821854329, ""HBOS"": 0.668090588968907, ""PCA"": 0.3134208370523433, ""CBLOF"": 0.3743504468925379, ""LODA"": 0.4921159536356634}","{""smallest_K30"": 0.010643008464198458, ""random_K30"": 0.013913611685214945, ""hard_K30"": 0.0276305773800192, ""smallest_K50"": 0.023253226040250614, ""random_K50"": 0.010666873340327494, ""hard_K50"": 0.03059542240672544}"
KickstarterCampaigns.npz,ok,3986,12,0.29,1.0,0.04056726619144846,0.20776758531306933,0.0,KNN,0.029402977025495783,"{""CBLOF"": 5.619669932070989, ""COPOD"": 2.584285574415629, ""ECOD"": 3.2253459860282403, ""HBOS"": 6.5106952397708096, ""IForest"": 4.88813203001854, ""KNN"": 8.29105341093447, ""LODA"": 4.1295718149862735, ""LOF"": 7.138449151464568, ""PCA"": 2.612796860310475}","{""IForest"": 0.4973589934830719, ""LOF"": 0.48866873708535585, ""KNN"": 0.6453317764436891, ""ECOD"": 0.47841496814897233, ""COPOD"": 0.3078514922909509, ""HBOS"": 0.6858990426351376, ""PCA"": 0.31775526672943133, ""CBLOF"": 0.37644430043894506, ""LODA"": 0.5054585386430606}","{""smallest_K30"": 0.01127972688044957, ""random_K30"": 0.014271273754584398, ""hard_K30"": 0.028704549409576882, ""smallest_K50"": 0.017470234532639847, ""random_K50"": 0.013351886534636915, ""hard_K50"": 0.029402977025495783}"
KickstarterCampaigns.npz,ok,3986,12,0.29,2.0,0.034197060657561784,0.20973781149680132,0.0,KNN,0.030623741788612636,"{""CBLOF"": 4.924618438133795, ""COPOD"": 3.3363960496690406, ""ECOD"": 3.197397169636849, ""HBOS"": 5.6650121820699555, ""IForest"": 6.1372592038450815, ""KNN"": 7.440097454515701, ""LODA"": 4.155982152293739, ""LOF"": 6.233103390347055, ""PCA"": 3.91013395948878}","{""IForest"": 0.45561336153667453, ""LOF"": 0.4830810520009292, ""KNN"": 0.6344483230831305, ""ECOD"": 0.4506400772738943, ""COPOD"": 0.27263807206524265, ""HBOS"": 0.6686453837406923, ""PCA"": 0.31170754520889626, ""CBLOF"": 0.3626355655544279, ""LODA"": 0.49075876973113086}","{""smallest_K30"": 0.026831314025402155, ""random_K30"": 0.009996731860631417, ""hard_K30"": 0.030623741788612636, ""smallest_K50"": 0.01897498285989519, ""random_K50"": 0.014915065798400372, ""hard_K50"": 0.028281755208995285}"
AustinCrime.npz,ok,4846,4,0.0421,0.0,0.05277126997192849,0.11961874810921846,0.0,IForest,0.016393627196593374,"{""CBLOF"": 2.6781492218615375, ""COPOD"": 5.113052392322138, ""ECOD"": 5.669227826673829, ""HBOS"": 5.287669620879005, ""IForest"": 7.55663280671684, ""KNN"": 4.089784532304512, ""LODA"": 3.527509093336062, ""LOF"": 4.7182846433791745, ""PCA"": 6.3596898625268965}","{""IForest"": 0.7296692627535406, ""LOF"": 0.5115557525485975, ""KNN"": 0.7824405327254691, ""ECOD"": 0.6973131556174677, ""COPOD"": 0.7337850102366027, ""HBOS"": 0.6624506637961967, ""PCA"": 0.6478133772346397, ""CBLOF"": 0.5092762616349016, ""LODA"": 0.6910920449988394}","{""smallest_K30"": 0.016393627196593374, ""random_K30"": 0.0008598222777912398, ""hard_K30"": 0.0044369174985902276, ""smallest_K50"": 0.008640550493537232, ""random_K50"": 0.000880295195564982, ""hard_K50"": 0.0038509664869315983}"
AustinCrime.npz,ok,4846,4,0.0421,1.0,0.044436881318727584,0.10552788272347557,0.0,IForest,0.012494932228437979,"{""CBLOF"": 4.767134207211604, ""COPOD"": 5.47082592199869, ""ECOD"": 3.9941104538689887, ""HBOS"": 5.20425551368835, ""IForest"": 6.790675640811445, ""KNN"": 5.945187889029454, ""LODA"": 3.316632726301743, ""LOF"": 6.1604254863214445, ""PCA"": 3.350752160768282}","{""IForest"": 0.7371435657147681, ""LOF"": 0.5172966926275354, ""KNN"": 0.7815804470334957, ""ECOD"": 0.6981626881107663, ""COPOD"": 0.7318854344751895, ""HBOS"": 0.6685847105257605, ""PCA"": 0.673615947993837, ""CBLOF"": 0.6140589712741932, ""LODA"": 0.6621446210346356}","{""smallest_K30"": 0.012494932228437979, ""random_K30"": 0.0007339057363389298, ""hard_K30"": 0.005393940318076131, ""smallest_K50"": 0.0028227479123070264, ""random_K50"": 0.001381241867655204, ""hard_K50"": 0.0058627527265136805}"
AustinCrime.npz,ok,4846,4,0.0421,2.0,0.0464947550602588,0.11648386181407144,0.0,IForest,0.022627686408496,"{""CBLOF"": 3.6910136684759496, ""COPOD"": 4.822952736734672, ""ECOD"": 4.784915549615345, ""HBOS"": 4.702475175318836, ""IForest"": 7.635397683157971, ""KNN"": 6.144231925854297, ""LODA"": 3.3336841374025843, ""LOF"": 4.1101235491932435, ""PCA"": 5.775205574247103}","{""IForest"": 0.7390800776715422, ""LOF"": 0.5203201840477849, ""KNN"": 0.785574832731801, ""ECOD"": 0.6958040482070116, ""COPOD"": 0.7322336900314486, ""HBOS"": 0.6636167922497309, ""PCA"": 0.662825302349142, ""CBLOF"": 0.5424924544629478, ""LODA"": 0.6798713565081576}","{""smallest_K30"": 0.022627686408496, ""random_K30"": 0.0013359810574690373, ""hard_K30"": 0.005631552367542102, ""smallest_K50"": 0.008169761741759542, ""random_K50"": 0.0006126354346580432, ""hard_K50"": 0.004039073349564689}"
ResidueLigandClassification.npz,filtered,14498,9,0.0006,,,,,,,,,
BudgetGoal.npz,ok,3323,16,0.0813,0.0,0.0,0.1278641571194763,0.0,KNN,0.0846979506853938,"{""CBLOF"": 6.0, ""COPOD"": 1.398480570124293, ""ECOD"": 2.29057631425806, ""HBOS"": 3.7054070402563726, ""IForest"": 3.4570802535116183, ""KNN"": 7.7270778134336915, ""LODA"": 4.148455821849655, ""LOF"": 7.272922186566308}","{""IForest"": 0.9770867430441899, ""LOF"": 1.0, ""KNN"": 1.0, ""ECOD"": 1.0, ""COPOD"": 1.0, ""HBOS"": 1.0, ""CBLOF"": 0.9770867430441899, ""LODA"": 0.022913256955810146}","{""smallest_K30"": 0.0846979506853938, ""random_K30"": 0.052263834290896746, ""hard_K30"": 0.0778134538047854, ""smallest_K50"": 0.05269351465208581, ""random_K50"": 0.0639344271658038, ""hard_K50"": 0.062070214662901614}"
BudgetGoal.npz,ok,3323,16,0.0813,1.0,0.0,0.12827332242225853,0.0,KNN,0.06389081940844225,"{""CBLOF"": 6.0, ""COPOD"": 1.1450170131053032, ""ECOD"": 2.615753273865197, ""HBOS"": 3.9501906355089185, ""IForest"": 4.281315912221475, ""KNN"": 8.0, ""LODA"": 3.0077231652991054, ""LOF"": 7.0}","{""IForest"": 0.9869067103109657, ""LOF"": 1.0, ""KNN"": 1.0, ""ECOD"": 0.9999999999999999, ""COPOD"": 1.0, ""HBOS"": 1.0, ""CBLOF"": 0.9869067103109656, ""LODA"": 0.0}","{""smallest_K30"": 0.06389081940844225, ""random_K30"": 0.04525880482626492, ""hard_K30"": 0.05529138699842029, ""smallest_K50"": 0.06370043551757042, ""random_K50"": 0.0481537028925431, ""hard_K50"": 0.05576039240255014}"
BudgetGoal.npz,ok,3323,16,0.0813,2.0,0.0,0.12950081833060556,0.0,KNN,0.06026126994431865,"{""CBLOF"": 6.0, ""COPOD"": 1.312540492099848, ""ECOD"": 2.6514393599137027, ""HBOS"": 3.32132661733785, ""IForest"": 3.9912138747619976, ""KNN"": 7.839336691331075, ""LODA"": 3.7234796558866012, ""LOF"": 7.160663308668925}","{""IForest"": 0.9819967266775779, ""LOF"": 1.0, ""KNN"": 1.0, ""ECOD"": 1.0, ""COPOD"": 1.0, ""HBOS"": 1.0, ""CBLOF"": 0.9819967266775778, ""LODA"": 0.0}","{""smallest_K30"": 0.06025689113509399, ""random_K30"": 0.051502097673842194, ""hard_K30"": 0.0532426611080445, ""smallest_K50"": 0.06026126994431865, ""random_K50"": 0.051375317444150095, ""hard_K50"": 0.05252683959961237}"
SchoolTypeAnomaly.npz,ok,2486,7,0.0109,0.0,0.05525444143330327,0.09045970089330513,0.0,IForest,0.013477034227684079,"{""CBLOF"": 3.658170622658596, ""COPOD"": 4.414631764840258, ""ECOD"": 3.2512496902047943, ""HBOS"": 5.0672299156883245, ""IForest"": 8.360344898944053, ""KNN"": 6.851878585338709, ""LODA"": 3.395804491512051, ""LOF"": 3.8192156528426726, ""PCA"": 6.181474377970538}","{""IForest"": 0.5974480578139114, ""LOF"": 0.4296522131887986, ""KNN"": 0.4963113520024089, ""ECOD"": 0.5975609756097561, ""COPOD"": 0.5907106293285155, ""HBOS"": 0.6527024992472147, ""PCA"": 0.5690304125263476, ""CBLOF"": 0.5473501957241795, ""LODA"": 0.579418849744053}","{""smallest_K30"": 0.013477034227684079, ""random_K30"": 0.003411786374044653, ""hard_K30"": 0.007629525590259854, ""smallest_K50"": 0.008863818560479877, ""random_K50"": 0.0023767031255683326, ""hard_K50"": 0.005451370067188056}"
SchoolTypeAnomaly.npz,ok,2486,7,0.0109,1.0,0.026949713941583853,0.07318327812907754,0.0,IForest,0.02923892547419163,"{""CBLOF"": 6.561461028324912, ""COPOD"": 3.2682778514798887, ""ECOD"": 3.3363091125660373, ""HBOS"": 4.242534762463251, ""IForest"": 7.635967780899769, ""KNN"": 6.916690644519503, ""LODA"": 3.327740613950062, ""LOF"": 5.1378497566529004, ""PCA"": 4.573168449143678}","{""IForest"": 0.6105088828666064, ""LOF"": 0.45084311954230655, ""KNN"": 0.4816320385426076, ""ECOD"": 0.5959801264679314, ""COPOD"": 0.5756549232158988, ""HBOS"": 0.6374585968081903, ""PCA"": 0.5813760915386931, ""CBLOF"": 0.5517163504968383, ""LODA"": 0.593307738632942}","{""smallest_K30"": 0.014060151118122432, ""random_K30"": 0.007532692834409828, ""hard_K30"": 0.02923892547419163, ""smallest_K50"": 0.006481500502760945, ""random_K50"": 0.002064457462312334, ""hard_K50"": 0.008538874976023127}"
SchoolTypeAnomaly.npz,ok,2486,7,0.0109,2.0,0.07204155374887089,0.10884857305363194,0.0,IForest,0.020253551063479855,"{""CBLOF"": 6.012009799655593, ""COPOD"": 3.224977840641353, ""ECOD"": 3.987719930587074, ""HBOS"": 5.71407450284653, ""IForest"": 8.441430387838713, ""KNN"": 6.262218545651758, ""LODA"": 2.1838896291044465, ""LOF"": 4.548317461170755, ""PCA"": 4.625361902503768}","{""IForest"": 0.5777627220716651, ""LOF"": 0.36818729298404096, ""KNN"": 0.47545919903643485, ""ECOD"": 0.5827311050888286, ""COPOD"": 0.5714393255043662, ""HBOS"": 0.649804275820536, ""PCA"": 0.5589430894308942, ""CBLOF"": 0.552393857271906, ""LODA"": 0.5318804576934659}","{""smallest_K30"": 0.014469983740264009, ""random_K30"": 0.01000657660664248, ""hard_K30"": 0.020253551063479855, ""smallest_K50"": 0.007712327521295008, ""random_K50"": 0.004370966123380858, ""hard_K50"": 0.007964790156049442}"
EmailSpamDetection.npz,ok,2892,72,0.1663,0.0,0.056550578289708775,0.14229542490412062,0.0,IForest,0.006325584384228728,"{""CBLOF"": 4.262948507366333, ""COPOD"": 4.4162921663028545, ""ECOD"": 4.60123610370772, ""HBOS"": 4.22142318971606, ""IForest"": 6.611775344816608, ""KNN"": 4.708673364080364, ""LODA"": 2.8472137630237544, ""LOF"": 4.33043756098631}","{""IForest"": 0.7846747846747847, ""LOF"": 0.6772811990203296, ""KNN"": 0.6127632649371779, ""ECOD"": 0.7094605355474921, ""COPOD"": 0.6932331280157367, ""HBOS"": 0.8412253629644935, ""CBLOF"": 0.6112524373393938, ""LODA"": 0.6615487919835746}","{""smallest_K30"": 0.0011580272548697595, ""random_K30"": 0.0008421927097986967, ""hard_K30"": 0.0030403464195912023, ""smallest_K50"": 0.006325584384228728, ""random_K50"": 0.000575171841339005, ""hard_K50"": 0.0026730214345517095}"
EmailSpamDetection.npz,ok,2892,72,0.1663,1.0,0.004411960933699999,0.1282487097704489,0.0,IForest,0.00285783681984174,"{""CBLOF"": 4.686931773895287, ""COPOD"": 3.6549068293690086, ""ECOD"": 3.6789624996465102, ""HBOS"": 4.86568013802508, ""IForest"": 6.017600969261085, ""KNN"": 4.997246427380958, ""LODA"": 2.4057206564660034, ""LOF"": 5.6929507059560756}","{""IForest"": 0.8379239248804466, ""LOF"": 0.690207168468038, ""KNN"": 0.6252200600026687, ""ECOD"": 0.7254985515855081, ""COPOD"": 0.7054230532491402, ""HBOS"": 0.8423358858141466, ""CBLOF"": 0.6330668939364592, ""LODA"": 0.6530218704131747}","{""smallest_K30"": 0.002032200039670357, ""random_K30"": 0.000498155201936009, ""hard_K30"": 0.002643996842387629, ""smallest_K50"": 0.0012101864871198011, ""random_K50"": 0.000794376627009768, ""hard_K50"": 0.00285783681984174}"
EmailSpamDetection.npz,ok,2892,72,0.1663,2.0,0.0,0.13995574049921877,0.0,IForest,0.0031582369214176705,"{""CBLOF"": 3.3897395265904358, ""COPOD"": 4.966675928853819, ""ECOD"": 5.178108401595987, ""HBOS"": 4.05371513669304, ""IForest"": 6.96272202822366, ""KNN"": 4.36444683646575, ""LODA"": 2.3139443266806374, ""LOF"": 4.77064781489667}","{""IForest"": 0.8235473887647801, ""LOF"": 0.6804750283011153, ""KNN"": 0.6306177175742392, ""ECOD"": 0.6980281762890459, ""COPOD"": 0.6930953887475627, ""HBOS"": 0.8059253711427625, ""CBLOF"": 0.6203303159824899, ""LODA"": 0.5167137993224951}","{""smallest_K30"": 0.0031582369214176705, ""random_K30"": 0.0004756166188052601, ""hard_K30"": 0.0013499380644781589, ""smallest_K50"": 0.0017315816682190014, ""random_K50"": 0.0002438037617156697, ""hard_K50"": 0.0010534975571118356}"
FishingAnomalies.npz,ok,9148,3,0.053,0.0,0.15448807562120387,0.09876899403731487,0.0,KNN,0.05815997151747792,"{""CBLOF"": 6.02313567526621, ""COPOD"": 1.8915082352408028, ""ECOD"": 1.531625943663767, ""HBOS"": 4.7374095815169746, ""IForest"": 6.237355978043758, ""KNN"": 8.999999999999998, ""LODA"": 4.55839375715904, ""LOF"": 8.0, ""PCA"": 3.0205708291094506}","{""IForest"": 0.5866699186798413, ""LOF"": 0.5121052224555476, ""KNN"": 0.46947965806271236, ""ECOD"": 0.521908852416107, ""COPOD"": 0.5420764897293889, ""HBOS"": 0.4865765224478142, ""PCA"": 0.524799971445738, ""CBLOF"": 0.6239677336839162, ""LODA"": 0.4592042878983468}","{""smallest_K30"": 0.01530711552305331, ""random_K30"": 0.016255322975706175, ""hard_K30"": 0.04303074279172341, ""smallest_K50"": 0.01156905666495958, ""random_K50"": 0.03739428032944621, ""hard_K50"": 0.05815997151747792}"
FishingAnomalies.npz,ok,9148,3,0.053,1.0,0.09802440199641882,0.05235073623066555,0.0,KNN,0.050817000717015094,"{""CBLOF"": 5.679002829492627, ""COPOD"": 1.780572588618237, ""ECOD"": 2.0183909177017543, ""HBOS"": 5.040681583728599, ""IForest"": 6.4107619710700305, ""KNN"": 9.000000000000002, ""LODA"": 4.379140961295696, ""LOF"": 8.0, ""PCA"": 2.691449148093056}","{""IForest"": 0.5698651405999964, ""LOF"": 0.5181212485351069, ""KNN"": 0.47199064847918815, ""ECOD"": 0.5183520621531104, ""COPOD"": 0.5378748490490837, ""HBOS"": 0.48395072010279533, ""PCA"": 0.5221961796776937, ""CBLOF"": 0.570015050475607, ""LODA"": 0.46661292913189095}","{""smallest_K30"": 0.018045920457137654, ""random_K30"": 0.037904644913289716, ""hard_K30"": 0.050817000717015094, ""smallest_K50"": 0.013715039451276619, ""random_K50"": 0.028187765816368657, ""hard_K50"": 0.045620862502412415}"
FishingAnomalies.npz,ok,9148,3,0.053,2.0,0.11614505565106692,0.07762918985874234,0.0,KNN,0.05444223785869273,"{""CBLOF"": 5.984603659351167, ""COPOD"": 2.0369098403207477, ""ECOD"": 1.560586779201022, ""HBOS"": 4.432499911675408, ""IForest"": 6.268525566246622, ""KNN"": 9.000000000000002, ""LODA"": 4.342571459205203, ""LOF"": 8.0, ""PCA"": 3.3743027839998323}","{""IForest"": 0.5733136626194966, ""LOF"": 0.5189415886877531, ""KNN"": 0.4781708615653685, ""ECOD"": 0.5055621322895164, ""COPOD"": 0.529296672833594, ""HBOS"": 0.48563899084478973, ""PCA"": 0.5093562798555631, ""CBLOF"": 0.5943159172164354, ""LODA"": 0.4555844403067204}","{""smallest_K30"": 0.01566247756412835, ""random_K30"": 0.024774317894030975, ""hard_K30"": 0.05124662619292617, ""smallest_K50"": 0.015395843573062255, ""random_K50"": 0.0464014884283041, ""hard_K50"": 0.05444223785869273}"
PriceValidation.npz,ok,5807,3,0.0053,0.0,0.0,0.2630889484193426,0.0,KNN,0.04780643666496201,"{""CBLOF"": 5.330871240226841, ""COPOD"": 2.886089075858597, ""ECOD"": 2.5547081292019436, ""HBOS"": 4.374686552544756, ""IForest"": 7.0706053182533, ""KNN"": 8.620000015951916, ""LODA"": 3.0979616507355017, ""LOF"": 8.168184029288183, ""PCA"": 2.896893987938959}","{""IForest"": 0.8114465900212077, ""LOF"": 0.891226699408416, ""KNN"": 0.9718997655988393, ""ECOD"": 0.642984708114745, ""COPOD"": 0.7099285634557428, ""HBOS"": 0.4959677419354839, ""PCA"": 0.6997153700189753, ""CBLOF"": 0.7109889496595603, ""LODA"": 0.4451389664025003}","{""smallest_K30"": 0.012507939010885333, ""random_K30"": 0.029378757031143763, ""hard_K30"": 0.04780643666496201, ""smallest_K50"": 0.02014168679560449, ""random_K50"": 0.025698299236187203, ""hard_K50"": 0.04161981138487314}"
PriceValidation.npz,ok,5807,3,0.0053,1.0,0.0,0.25385087621386315,0.0,KNN,0.05029289357460724,"{""CBLOF"": 4.154933025310389, ""COPOD"": 2.8496608398250403, ""ECOD"": 3.1080658495595688, ""HBOS"": 3.9260685520133034, ""IForest"": 7.184175854460735, ""KNN"": 8.184175854460737, ""LODA"": 3.1341996034822186, ""LOF"": 8.142768167006448}","{""IForest"": 0.8147393682330617, ""LOF"": 0.8898872642035942, ""KNN"": 0.9646444915727201, ""ECOD"": 0.6439892845183615, ""COPOD"": 0.7102076124567474, ""HBOS"": 0.493721397477397, ""CBLOF"": 0.7273133162183278, ""LODA"": 0.44184618819064625}","{""smallest_K30"": 0.02208153968159179, ""random_K30"": 0.02895602693150365, ""hard_K30"": 0.05029289357460724, ""smallest_K50"": 0.011660598498721341, ""random_K50"": 0.029474589911849692, ""hard_K50"": 0.04074044146770961}"
PriceValidation.npz,ok,5807,3,0.0053,2.0,0.0,0.25957138073445707,0.0,KNN,0.05338824571267358,"{""CBLOF"": 4.304662924526908, ""COPOD"": 3.653385485754221, ""ECOD"": 2.713901153583569, ""HBOS"": 4.009403388276867, ""IForest"": 7.11093323949129, ""KNN"": 8.435551979202682, ""LODA"": 3.253388204151148, ""LOF"": 8.250638041354348}","{""IForest"": 0.8139580310302488, ""LOF"": 0.8594430181939948, ""KNN"": 0.9658164973769394, ""ECOD"": 0.6328831342783793, ""COPOD"": 0.707863600848309, ""HBOS"": 0.49115414666815493, ""CBLOF"": 0.7357405960486662, ""LODA"": 0.4431019086951668}","{""smallest_K30"": 0.024851708526941355, ""random_K30"": 0.04256081672334173, ""hard_K30"": 0.05338824571267358, ""smallest_K50"": 0.01853691717026344, ""random_K50"": 0.02149766770492252, ""hard_K50"": 0.0364991679950054}"
EmployeeAttrition.npz,filtered,51350,11,0.0013,,,,,,,,,
GeneticVariation.npz,ok,6016,6,0.2394,0.0,0.1640609837457544,0.054927615707046185,0.0,LOF,0.037613921545848375,"{""CBLOF"": 6.9240523463610595, ""COPOD"": 2.4588973034208554, ""ECOD"": 2.706898969979055, ""HBOS"": 6.010962018353015, ""IForest"": 4.794434286996352, ""KNN"": 8.046977762974954, ""LODA"": 1.4114846372144367, ""LOF"": 8.953022237025046, ""PCA"": 3.6932704376752246}","{""IForest"": 0.7223257065744784, ""LOF"": 0.5809649442018437, ""KNN"": 0.6924464004124212, ""ECOD"": 0.7152997634643377, ""COPOD"": 0.7155635917030568, ""HBOS"": 0.6547257854196992, ""PCA"": 0.7450259279475981, ""CBLOF"": 0.6848200206210578, ""LODA"": 0.6997126698204755}","{""smallest_K30"": 0.002356351590844615, ""random_K30"": 0.023139905403817995, ""hard_K30"": 0.037613921545848375, ""smallest_K50"": 0.0037907447794981197, ""random_K50"": 0.028548303618938745, ""hard_K50"": 0.03540196692526224}"
GeneticVariation.npz,ok,6016,6,0.2394,1.0,0.1633350770257156,0.05945843610167656,0.0,LOF,0.03621794008876551,"{""CBLOF"": 6.865355509167423, ""COPOD"": 2.260952111889945, ""ECOD"": 2.562791636254285, ""HBOS"": 5.2682435060583, ""IForest"": 5.014003669661935, ""KNN"": 8.084695860034175, ""LODA"": 1.4303438319582937, ""LOF"": 8.81540687836902, ""PCA"": 4.6982069966066256}","{""IForest"": 0.7233544850800582, ""LOF"": 0.5853552583697235, ""KNN"": 0.6942230713245997, ""ECOD"": 0.7174945414847163, ""COPOD"": 0.7162333970160117, ""HBOS"": 0.6468461911693353, ""PCA"": 0.748690335395439, ""CBLOF"": 0.6739435498544396, ""LODA"": 0.696946263949539}","{""smallest_K30"": 0.006680079989525828, ""random_K30"": 0.023572335061648943, ""hard_K30"": 0.03621794008876551, ""smallest_K50"": 0.0046470597291480495, ""random_K50"": 0.027461522634486223, ""hard_K50"": 0.035160063601124274}"
GeneticVariation.npz,ok,6016,6,0.2394,2.0,0.16225777838427946,0.058015804423419026,0.0,LOF,0.03572973226199755,"{""CBLOF"": 6.972355974673406, ""COPOD"": 1.9072677320449696, ""ECOD"": 2.9116790008778834, ""HBOS"": 5.041073769491887, ""IForest"": 5.4271679726611355, ""KNN"": 8.0, ""LODA"": 1.8833716190502983, ""LOF"": 9.000000000000002, ""PCA"": 3.8570839312004237}","{""IForest"": 0.7282887554585153, ""LOF"": 0.5831665453663271, ""KNN"": 0.6854458545608928, ""ECOD"": 0.7110398471615722, ""COPOD"": 0.7093071476225135, ""HBOS"": 0.643217415696264, ""PCA"": 0.7454243237506065, ""CBLOF"": 0.6803466915332363, ""LODA"": 0.7004400927947597}","{""smallest_K30"": 0.0032486211914067335, ""random_K30"": 0.014081122461984048, ""hard_K30"": 0.03483593994293438, ""smallest_K50"": 0.009167472424611951, ""random_K50"": 0.02045332554723745, ""hard_K50"": 0.03572973226199755}"
DataBreachRisk.npz,ok,5806,3,0.2704,0.0,7.06044946521267e-05,0.07056877512051174,0.0,LOF,0.03896544075215967,"{""CBLOF"": 2.488810871165534, ""COPOD"": 2.3606245042691025, ""ECOD"": 2.8885708346010914, ""HBOS"": 5.2638059853476955, ""IForest"": 6.986524106567641, ""KNN"": 7.732428608128364, ""LODA"": 3.8301462875510106, ""LOF"": 9.0, ""PCA"": 4.449088802369565}","{""IForest"": 0.9927532748467732, ""LOF"": 0.9999293955053479, ""KNN"": 0.9995343107799544, ""ECOD"": 0.8244389196010093, ""COPOD"": 0.9008742939550535, ""HBOS"": 1.0, ""PCA"": 1.0, ""CBLOF"": 0.9445927472659537, ""LODA"": 0.7027580819613027}","{""smallest_K30"": 0.010957913596305116, ""random_K30"": 0.02080724429371141, ""hard_K30"": 0.03896544075215967, ""smallest_K50"": 0.015603055846802128, ""random_K50"": 0.02543586914106273, ""hard_K50"": 0.028450560351924833}"
DataBreachRisk.npz,ok,5806,3,0.2704,1.0,0.00015773344549940838,0.06692446487468118,0.0,LOF,0.03749323712470039,"{""CBLOF"": 3.7270999796748203, ""COPOD"": 2.596426499101613, ""ECOD"": 3.1497082767480995, ""HBOS"": 5.410477035193772, ""IForest"": 6.4548841058416, ""KNN"": 8.145395278900997, ""LODA"": 2.8497855224070014, ""LOF"": 8.854604721099006, ""PCA"": 3.811618581033097}","{""IForest"": 0.9927314926090614, ""LOF"": 0.9998422665545006, ""KNN"": 0.9989672214878019, ""ECOD"": 0.8258863117413773, ""COPOD"": 0.8982108520610504, ""HBOS"": 0.9996695108760967, ""PCA"": 1.0, ""CBLOF"": 0.9750886311741377, ""LODA"": 0.7072835296238433}","{""smallest_K30"": 0.009666010786670341, ""random_K30"": 0.027797134056735454, ""hard_K30"": 0.030681692096911878, ""smallest_K50"": 0.021434512765206946, ""random_K50"": 0.02034975677834823, ""hard_K50"": 0.03749323712470039}"
DataBreachRisk.npz,ok,5806,3,0.2704,2.0,5.4080038456971735e-05,0.08138194527901299,0.0,LOF,0.03463944787160806,"{""CBLOF"": 3.3983329755988576, ""COPOD"": 2.9590851185649454, ""ECOD"": 2.94655622203653, ""HBOS"": 4.796729679021774, ""IForest"": 6.83398532240799, ""KNN"": 7.8923324238760415, ""LODA"": 3.550901748913215, ""LOF"": 9.0, ""PCA"": 3.6220765095806473}","{""IForest"": 0.9943816848936426, ""LOF"": 0.999945919961543, ""KNN"": 0.998816999158755, ""ECOD"": 0.8081247746665065, ""COPOD"": 0.8935637243119816, ""HBOS"": 0.9990085326282898, ""PCA"": 1.0, ""CBLOF"": 0.9717597043624564, ""LODA"": 0.6019611525057085}","{""smallest_K30"": 0.013627282514557313, ""random_K30"": 0.013637245806053345, ""hard_K30"": 0.028756536790172354, ""smallest_K50"": 0.015786770607990008, ""random_K50"": 0.02012083473400759, ""hard_K50"": 0.03463944787160806}"
AttackIncidents.npz,ok,5056,6,0.1088,0.0,0.026760733723039665,0.05197608009137933,0.0,LOF,0.006979575709620095,"{""CBLOF"": 3.402394917551393, ""COPOD"": 2.273344623934277, ""ECOD"": 2.70795742574691, ""HBOS"": 5.182918225963652, ""IForest"": 7.596955407505014, ""KNN"": 6.85732209762492, ""LODA"": 3.5218373142894106, ""LOF"": 8.600777150662509, ""PCA"": 4.856492836721913}","{""IForest"": 0.4603497278774441, ""LOF"": 0.5067113485184439, ""KNN"": 0.5334720822414836, ""ECOD"": 0.4548488208022576, ""COPOD"": 0.47322817980245924, ""HBOS"": 0.42378653497278773, ""PCA"": 0.4589850836524894, ""CBLOF"": 0.5091463414634146, ""LODA"": 0.5129359000201572}","{""smallest_K30"": 0.0056341452238407455, ""random_K30"": 0.0054296890264631465, ""hard_K30"": 0.006979575709620095, ""smallest_K50"": 0.0030524963390037387, ""random_K50"": 0.0030595553733216373, ""hard_K50"": 0.005249513321865509}"
AttackIncidents.npz,ok,5056,6,0.1088,1.0,0.025488812739367206,0.0493428744204798,0.0,LOF,0.00821518643603917,"{""CBLOF"": 4.665978830143047, ""COPOD"": 2.9063853752080004, ""ECOD"": 2.4438521648178044, ""HBOS"": 4.485225936973826, ""IForest"": 7.276524581007838, ""KNN"": 8.03603419949547, ""LODA"": 3.0702102514524117, ""LOF"": 8.374420840872023, ""PCA"": 3.7413678200295815}","{""IForest"": 0.4561570247933885, ""LOF"": 0.5056994557548881, ""KNN"": 0.5243731102600282, ""ECOD"": 0.4395857689981858, ""COPOD"": 0.4541997581132836, ""HBOS"": 0.43129510179399316, ""PCA"": 0.4631878653497279, ""CBLOF"": 0.5309221931062286, ""LODA"": 0.5311882684942553}","{""smallest_K30"": 0.003688834619848457, ""random_K30"": 0.0033674584517355785, ""hard_K30"": 0.005033513229189023, ""smallest_K50"": 0.00821518643603917, ""random_K50"": 0.006011428049111571, ""hard_K50"": 0.005844509127361461}"
AttackIncidents.npz,ok,5056,6,0.1088,2.0,0.03477827050997795,0.05602152343837491,0.0,LOF,0.01133864942175625,"{""CBLOF"": 4.243115204783433, ""COPOD"": 2.8230988707781073, ""ECOD"": 2.4330885444289496, ""HBOS"": 4.2211809823426965, ""IForest"": 7.637455127231335, ""KNN"": 7.651837914034653, ""LODA"": 3.707752334589796, ""LOF"": 8.536625915751337, ""PCA"": 3.7458451060596882}","{""IForest"": 0.46837633541624674, ""LOF"": 0.5090012094335818, ""KNN"": 0.5360985688369281, ""ECOD"": 0.4501501713364241, ""COPOD"": 0.4744668413626285, ""HBOS"": 0.42132029832695017, ""PCA"": 0.4545797218302761, ""CBLOF"": 0.5437794799435598, ""LODA"": 0.5320489820600686}","{""smallest_K30"": 0.0038365436418251885, ""random_K30"": 0.006390351988218962, ""hard_K30"": 0.01133864942175625, ""smallest_K50"": 0.00466847060278244, ""random_K50"": 0.0035133960501846136, ""hard_K50"": 0.00696165137716159}"
RNASequencingAnomaly.npz,ok,1728,101,0.1424,0.0,0.0668610221455751,0.2354900632339657,0.0,IForest,0.008050769233305378,"{""CBLOF"": 3.389132485446355, ""COPOD"": 5.452839441074373, ""ECOD"": 4.951674318708511, ""HBOS"": 4.59737775288672, ""IForest"": 6.792734132790011, ""KNN"": 2.9800677269166496, ""LODA"": 4.366021667763204, ""LOF"": 3.4701524744141823}","{""IForest"": 0.9253236976814212, ""LOF"": 0.9921847198269963, ""KNN"": 0.6963400947140784, ""ECOD"": 0.8458843174290329, ""COPOD"": 0.8192220306041444, ""HBOS"": 0.9121567983356601, ""CBLOF"": 0.56163258602283, ""LODA"": 0.30081300813008127}","{""smallest_K30"": 0.008050769233305378, ""random_K30"": 0.00024608753331497647, ""hard_K30"": 0.0024316463644659275, ""smallest_K50"": 0.005416611334894753, ""random_K50"": 0.0003049319839258671, ""hard_K50"": 0.0018203861590021654}"
RNASequencingAnomaly.npz,ok,1728,101,0.1424,1.0,0.06231693630067614,0.2186670225288111,0.0,IForest,0.005665668831833823,"{""CBLOF"": 3.4282276209815006, ""COPOD"": 4.933261408340668, ""ECOD"": 4.466109371808891, ""HBOS"": 4.802370973016231, ""IForest"": 6.51581661155298, ""KNN"": 3.977601810178204, ""LODA"": 4.545045016844416, ""LOF"": 3.331567187277109}","{""IForest"": 0.9335906490378035, ""LOF"": 0.9959075853384797, ""KNN"": 0.7292162820618106, ""ECOD"": 0.8681530754701485, ""COPOD"": 0.8353726971613151, ""HBOS"": 0.9125537214968109, ""CBLOF"": 0.5949878185650543, ""LODA"": 0.34814267334592536}","{""smallest_K30"": 0.004043739368907407, ""random_K30"": 0.0007754493625832692, ""hard_K30"": 0.0029583482612138634, ""smallest_K50"": 0.005665668831833823, ""random_K50"": 0.0011096850349296803, ""hard_K50"": 0.0017811590292822314}"
RNASequencingAnomaly.npz,ok,1728,101,0.1424,2.0,0.058046590566915746,0.19266342284634974,0.0,IForest,0.011046833976493564,"{""CBLOF"": 3.9185831848983512, ""COPOD"": 5.667348108627594, ""ECOD"": 5.291953675640241, ""HBOS"": 4.685815583459879, ""IForest"": 7.105924923206331, ""KNN"": 1.9033264587721077, ""LODA"": 4.296247255231378, ""LOF"": 3.1308008101641196}","{""IForest"": 0.9396676795050779, ""LOF"": 0.9977142700719936, ""KNN"": 0.7157756426049108, ""ECOD"": 0.8567654868467877, ""COPOD"": 0.8307054282664039, ""HBOS"": 0.9079412006241274, ""CBLOF"": 0.6091949303331416, ""LODA"": 0.5826421395527086}","{""smallest_K30"": 0.011046833976493564, ""random_K30"": 0.0009462662012200645, ""hard_K30"": 0.0016683956790352283, ""smallest_K50"": 0.00659110416966129, ""random_K50"": 0.0007350430484403807, ""hard_K50"": 0.0018438812608613066}"
WaterQualityComplaints.npz,ok,1404,6,0.1225,0.0,0.036154787684775536,0.07213957672954019,0.0,IForest,0.007640477835495685,"{""CBLOF"": 4.281617724895981, ""COPOD"": 3.2261469012287565, ""ECOD"": 2.854557030154137, ""HBOS"": 5.968470846248322, ""IForest"": 7.600014693089561, ""KNN"": 6.727864386862875, ""LODA"": 4.511863886476213, ""LOF"": 4.601113085931828, ""PCA"": 5.228351445112318}","{""IForest"": 0.5892335938235571, ""LOF"": 0.4888663967611336, ""KNN"": 0.5410742867903211, ""ECOD"": 0.5353780246681104, ""COPOD"": 0.6253883815083326, ""HBOS"": 0.5351191036625553, ""PCA"": 0.5473590057433386, ""CBLOF"": 0.5289049995292345, ""LODA"": 0.5879154505225497}","{""smallest_K30"": 0.005046181711626074, ""random_K30"": 0.0025753116184022502, ""hard_K30"": 0.007640477835495685, ""smallest_K50"": 0.0037214056161231526, ""random_K50"": 0.001345547862725788, ""hard_K50"": 0.003461694648709419}"
WaterQualityComplaints.npz,ok,1404,6,0.1225,1.0,0.050866208454947826,0.08031781899590962,0.0,IForest,0.007746911697205339,"{""CBLOF"": 2.5347051764938193, ""COPOD"": 4.18431447152046, ""ECOD"": 4.337403037317184, ""HBOS"": 7.190563465121684, ""IForest"": 8.828874250729704, ""KNN"": 5.045602748758116, ""LODA"": 3.9032874035853156, ""LOF"": 3.3491395102004504, ""PCA"": 5.626109936273266}","{""IForest"": 0.5667545428867338, ""LOF"": 0.4681056397702664, ""KNN"": 0.5289756143489314, ""ECOD"": 0.5235618115055078, ""COPOD"": 0.6176207513416816, ""HBOS"": 0.5328711985688729, ""PCA"": 0.5301996045570097, ""CBLOF"": 0.5579512286978627, ""LODA"": 0.5096859994350814}","{""smallest_K30"": 0.007746911697205339, ""random_K30"": 0.0026903506930332495, ""hard_K30"": 0.004083951483198284, ""smallest_K50"": 0.006177573603355439, ""random_K50"": 0.0022784771778715483, ""hard_K50"": 0.0008879426599153074}"
WaterQualityComplaints.npz,ok,1404,6,0.1225,2.0,0.0037190471706994854,0.05401902938622638,0.0,IForest,0.008693192902968709,"{""CBLOF"": 3.0213642484597574, ""COPOD"": 2.824005942203749, ""ECOD"": 4.121792053449672, ""HBOS"": 7.171497208991438, ""IForest"": 9.0, ""KNN"": 5.648339292065404, ""LODA"": 4.587532940392583, ""LOF"": 2.553798254048957, ""PCA"": 6.071670060388437}","{""IForest"": 0.6115478768477544, ""LOF"": 0.472165991902834, ""KNN"": 0.5157000282459279, ""ECOD"": 0.5503954429903022, ""COPOD"": 0.6152669240184538, ""HBOS"": 0.5592222954524055, ""PCA"": 0.5725214198286414, ""CBLOF"": 0.5776056868468129, ""LODA"": 0.5768053855569155}","{""smallest_K30"": 0.008693192902968709, ""random_K30"": 0.0021735452161319303, ""hard_K30"": 0.003254755778793664, ""smallest_K50"": 0.0049949969174017065, ""random_K50"": 0.0016889265577364617, ""hard_K50"": 0.0011411859511547208}"
GameRegret.npz,ok,1760,3,0.017,0.0,0.6036127167630059,0.389333119246414,0.0,LOF,0.024916650592000423,"{""CBLOF"": 5.14308431758903, ""COPOD"": 2.2583216864908393, ""ECOD"": 2.141227708446254, ""HBOS"": 5.705020947522699, ""IForest"": 7.137520057088602, ""KNN"": 8.233145535921699, ""LODA"": 3.1410932621188037, ""LOF"": 8.419841027653659, ""PCA"": 2.8207454571684227}","{""IForest"": 0.5977842003853564, ""LOF"": 0.34682080924855485, ""KNN"": 0.2167630057803468, ""ECOD"": 0.5241811175337188, ""COPOD"": 0.68121387283237, ""HBOS"": 0.4678709055876686, ""PCA"": 0.8229287090558767, ""CBLOF"": 0.44190751445086707, ""LODA"": 0.9504335260115607}","{""smallest_K30"": 0.024916650592000423, ""random_K30"": 0.015993749301343906, ""hard_K30"": 0.017907301832452767, ""smallest_K50"": 0.01856328831104172, ""random_K50"": 0.015814081320927802, ""hard_K50"": 0.024697769665488856}"
GameRegret.npz,ok,1760,3,0.017,1.0,0.6736030828516377,0.38632519803040033,0.0,KNN,0.03789968411121921,"{""CBLOF"": 4.851314074092323, ""COPOD"": 2.4370332813652427, ""ECOD"": 1.3810189546358158, ""HBOS"": 6.708577751270443, ""IForest"": 6.74732173371387, ""KNN"": 8.15007703648458, ""LODA"": 3.6795898666932674, ""LOF"": 8.101303861743052, ""PCA"": 2.9437634400014}","{""IForest"": 0.5818400770712909, ""LOF"": 0.3978323699421965, ""KNN"": 0.23776493256262043, ""ECOD"": 0.533815028901734, ""COPOD"": 0.6747109826589596, ""HBOS"": 0.42919075144508667, ""PCA"": 0.7985067437379576, ""CBLOF"": 0.16035645472061655, ""LODA"": 0.9113680154142582}","{""smallest_K30"": 0.01810686807638362, ""random_K30"": 0.019780924293613545, ""hard_K30"": 0.03789968411121921, ""smallest_K50"": 0.019026185233144394, ""random_K50"": 0.01738764518091679, ""hard_K50"": 0.014654056325613037}"
GameRegret.npz,ok,1760,3,0.017,2.0,0.34797687861271676,0.33274994647827016,0.0,LOF,0.032237813621219684,"{""CBLOF"": 4.764017175125663, ""COPOD"": 1.6548530481217996, ""ECOD"": 2.2965539924962033, ""HBOS"": 6.235982824874336, ""IForest"": 6.859681822997691, ""KNN"": 7.9501979609381275, ""LODA"": 3.504099053781345, ""LOF"": 8.67967763683396, ""PCA"": 3.0549364848308733}","{""IForest"": 0.6453757225433526, ""LOF"": 0.5834296724470135, ""KNN"": 0.2821772639691715, ""ECOD"": 0.5035163776493257, ""COPOD"": 0.6604046242774566, ""HBOS"": 0.508766859344894, ""PCA"": 0.7784200385356455, ""CBLOF"": 0.49441233140655105, ""LODA"": 0.9314065510597302}","{""smallest_K30"": 0.020217282059424142, ""random_K30"": 0.015076131427125508, ""hard_K30"": 0.03219578693940089, ""smallest_K50"": 0.01442800597434904, ""random_K50"": 0.012075829798631622, ""hard_K50"": 0.032237813621219684}"
GeologicalStructure.npz,ok,1004,4,0.012,0.0,0.00041876046901179187,0.002146147403685128,0.0,KNN,0.01895923695270686,"{""COPOD"": 1.6633017843810067, ""ECOD"": 1.5553107017291246, ""HBOS"": 5.418691708410719, ""IForest"": 6.675921475489108, ""KNN"": 9.000000000000002, ""LODA"": 4.643543568505098, ""LOF"": 7.890693756944935, ""PCA"": 3.109306243055066}","{""IForest"": 1.0, ""LOF"": 1.0, ""KNN"": 0.9995812395309882, ""ECOD"": 0.9949748743718593, ""COPOD"": 0.992462311557789, ""HBOS"": 0.9958123953098827, ""PCA"": 1.0, ""LODA"": 1.0}","{""smallest_K30"": 0.009158650676397912, ""random_K30"": 0.012515309882650118, ""hard_K30"": 0.01895923695270686, ""smallest_K50"": 0.008300234429164532, ""random_K50"": 0.01305206891849622, ""hard_K50"": 0.01395009254473328}"
GeologicalStructure.npz,ok,1004,4,0.012,1.0,0.0,0.01712265028847937,0.0,KNN,0.01566872531413374,"{""CBLOF"": 5.609361930280551, ""COPOD"": 1.2049061530775296, ""ECOD"": 1.7950938469224704, ""HBOS"": 4.346791458788211, ""IForest"": 6.785291698370487, ""KNN"": 9.0, ""LODA"": 4.719082988069818, ""LOF"": 8.0, ""PCA"": 3.539471924490936}","{""IForest"": 1.0, ""LOF"": 1.0, ""KNN"": 1.0, ""ECOD"": 0.9937185929648241, ""COPOD"": 0.9970686767169179, ""HBOS"": 0.981574539363484, ""PCA"": 1.0, ""CBLOF"": 0.9819932998324958, ""LODA"": 0.8915410385259632}","{""smallest_K30"": 0.00981922458473948, ""random_K30"": 0.014953395855590535, ""hard_K30"": 0.014650924557357774, ""smallest_K50"": 0.00803148543700504, ""random_K50"": 0.009853046709285463, ""hard_K50"": 0.01566872531413374}"
GeologicalStructure.npz,ok,1004,4,0.012,2.0,0.0,0.03801414479806431,0.0,KNN,0.024025766028703332,"{""CBLOF"": 5.390018111183497, ""COPOD"": 1.6551940603701398, ""ECOD"": 1.7900263688773603, ""HBOS"": 5.351438782122704, ""IForest"": 6.388005034548337, ""KNN"": 8.999999999999998, ""LODA"": 4.678490368939076, ""LOF"": 8.0, ""PCA"": 2.7468272739588824}","{""IForest"": 1.0, ""LOF"": 1.0, ""KNN"": 1.0, ""ECOD"": 0.9991624790619765, ""COPOD"": 0.9945561139028476, ""HBOS"": 0.7780569514237856, ""PCA"": 1.0, ""CBLOF"": 0.8911222780569514, ""LODA"": 0.9949748743718593}","{""smallest_K30"": 0.01038242807136265, ""random_K30"": 0.011259415892194206, ""hard_K30"": 0.011600383340737885, ""smallest_K50"": 0.007539429969299082, ""random_K50"": 0.013708797859659455, ""hard_K50"": 0.024025766028703332}"
IndustrialFanVibration.npz,filtered,440178,6,0.2645,,,,,,,,,
HousePriceSales.npz,ok,1299,23,0.0778,0.0,0.054496699669967064,0.07876959570957098,0.0,IForest,0.007577854239382191,"{""CBLOF"": 3.4871850223988035, ""COPOD"": 5.317686941125041, ""ECOD"": 4.173862908313797, ""HBOS"": 4.5461315334489605, ""IForest"": 7.029223645070397, ""KNN"": 3.5275430934853427, ""LODA"": 5.69697998818725, ""LOF"": 4.138086113487327}","{""IForest"": 0.5562293729372937, ""LOF"": 0.5355610561056106, ""KNN"": 0.5118811881188119, ""ECOD"": 0.5561468646864687, ""COPOD"": 0.5146452145214522, ""HBOS"": 0.6107260726072608, ""CBLOF"": 0.49839108910891095, ""LODA"": 0.47207095709570956}","{""smallest_K30"": 0.001006415124119039, ""random_K30"": 0.0016505932255193641, ""hard_K30"": 0.0016667749458878563, ""smallest_K50"": 0.007577854239382191, ""random_K50"": 0.0005617459112887307, ""hard_K50"": 0.0019733182688857404}"
HousePriceSales.npz,ok,1299,23,0.0778,1.0,0.06559405940594054,0.0844832920792079,0.0,IForest,0.008410440049349434,"{""CBLOF"": 3.8362459583208337, ""COPOD"": 5.167854267905572, ""ECOD"": 4.590295147394279, ""HBOS"": 6.239221951680872, ""IForest"": 7.116253414276174, ""KNN"": 3.3053407042285876, ""LODA"": 4.760415507506566, ""LOF"": 3.898607510943966}","{""IForest"": 0.5474009900990099, ""LOF"": 0.544513201320132, ""KNN"": 0.5117986798679868, ""ECOD"": 0.5367161716171617, ""COPOD"": 0.5087458745874587, ""HBOS"": 0.6129950495049504, ""CBLOF"": 0.4953795379537954, ""LODA"": 0.4705445544554456}","{""smallest_K30"": 0.008410440049349434, ""random_K30"": 0.002077197754385313, ""hard_K30"": 0.001003668470608207, ""smallest_K50"": 0.006528251129001136, ""random_K50"": 0.00013122808097683195, ""hard_K50"": 0.006640293396531155}"
HousePriceSales.npz,ok,1299,23,0.0778,2.0,0.049917491749174925,0.07639232673267338,0.0,IForest,0.009910948333686706,"{""CBLOF"": 2.773560682585016, ""COPOD"": 5.6247147041284284, ""ECOD"": 5.352964938454325, ""HBOS"": 4.825742682597778, ""IForest"": 7.405146938467086, ""KNN"": 3.5243382333844346, ""LODA"": 4.989704148939137, ""LOF"": 2.253834731378993}","{""IForest"": 0.5769389438943895, ""LOF"": 0.5470297029702971, ""KNN"": 0.5265676567656765, ""ECOD"": 0.5750412541254125, ""COPOD"": 0.5432343234323432, ""HBOS"": 0.6268564356435644, ""CBLOF"": 0.5266501650165016, ""LODA"": 0.48139438943894397}","{""smallest_K30"": 0.009910948333686706, ""random_K30"": 0.001644425268322393, ""hard_K30"": 0.0022449929976437015, ""smallest_K50"": 0.00943790037626917, ""random_K50"": 0.0012074350425612017, ""hard_K50"": 0.0014980627760444486}"
CPUVerification.npz,ok,1998,3,0.036,0.0,0.005181347150259086,0.023815806307170728,0.0,LOF,0.0419196104957553,"{""CBLOF"": 5.44495429517562, ""COPOD"": 2.512094260301695, ""ECOD"": 2.4879057396983053, ""HBOS"": 6.877961880685138, ""IForest"": 5.560474784284361, ""KNN"": 8.11660903985488, ""LODA"": 2.648053842759907, ""LOF"": 8.88339096014512, ""PCA"": 2.468555197094975}","{""IForest"": 1.0, ""LOF"": 0.9948186528497409, ""KNN"": 1.0, ""ECOD"": 0.9406663788140471, ""COPOD"": 0.946027633851468, ""HBOS"": 1.0, ""PCA"": 1.0, ""CBLOF"": 1.0, ""LODA"": 0.9041450777202072}","{""smallest_K30"": 0.02455145566880801, ""random_K30"": 0.030460244109062756, ""hard_K30"": 0.0419196104957553, ""smallest_K50"": 0.023459241167040318, ""random_K50"": 0.04019336927079618, ""hard_K50"": 0.04059466026506413}"
CPUVerification.npz,ok,1998,3,0.036,1.0,0.002590673575129543,0.022200633275762827,0.0,LOF,0.04468705294802314,"{""CBLOF"": 5.430510976796355, ""COPOD"": 1.572386119925566, ""ECOD"": 2.078436603766623, ""HBOS"": 7.0, ""IForest"": 5.569489023203646, ""KNN"": 8.124020017957761, ""LODA"": 2.597217312223335, ""LOF"": 8.875979982042239, ""PCA"": 3.751959964084476}","{""IForest"": 1.0, ""LOF"": 0.9974093264248705, ""KNN"": 1.0, ""ECOD"": 0.9440126655152561, ""COPOD"": 0.941673862982153, ""HBOS"": 1.0, ""PCA"": 1.0, ""CBLOF"": 1.0, ""LODA"": 0.9170984455958548}","{""smallest_K30"": 0.011942067173517281, ""random_K30"": 0.03437092412702212, ""hard_K30"": 0.04468705294802314, ""smallest_K50"": 0.024301614881874562, ""random_K50"": 0.040976273654930666, ""hard_K50"": 0.03967119931483153}"
CPUVerification.npz,ok,1998,3,0.036,2.0,0.005181347150259086,0.02000175909934121,0.0,LOF,0.042010638471255815,"{""CBLOF"": 5.465043787495708, ""COPOD"": 2.1582487857773813, ""ECOD"": 2.4559106650215923, ""HBOS"": 6.841751214222619, ""IForest"": 5.772329391170364, ""KNN"": 8.07912439288869, ""LODA"": 2.3193502346520813, ""LOF"": 8.841751214222619, ""PCA"": 3.066490314548945}","{""IForest"": 1.0, ""LOF"": 0.9948186528497409, ""KNN"": 1.0, ""ECOD"": 0.9586571675302245, ""COPOD"": 0.9520005757052389, ""HBOS"": 0.9999999999999999, ""PCA"": 1.0, ""CBLOF"": 1.0, ""LODA"": 0.9145077720207254}","{""smallest_K30"": 0.014891723121219417, ""random_K30"": 0.03869178828695928, ""hard_K30"": 0.04070301881616222, ""smallest_K50"": 0.01796856607948978, ""random_K50"": 0.03394074084575711, ""hard_K50"": 0.042010638471255815}"
FootballBetting.npz,ok,7539,4,0.2845,0.0,0.0,0.24201404266279147,0.0,LOF,0.04389242406285483,"{""CBLOF"": 6.442895979992612, ""COPOD"": 2.6545447379177682, ""ECOD"": 3.1556967790855914, ""HBOS"": 3.70917512408667, ""IForest"": 6.54192288999563, ""KNN"": 8.010479278309933, ""LODA"": 2.0345534945389856, ""LOF"": 8.962784738462096, ""PCA"": 3.487946977610715}","{""IForest"": 0.5405866607905533, ""LOF"": 0.7429027568045177, ""KNN"": 0.6001637534538369, ""ECOD"": 0.38867595178994624, ""COPOD"": 0.3320704010231351, ""HBOS"": 0.40089610729091724, ""PCA"": 0.5192081937216321, ""CBLOF"": 0.6266347801102203, ""LODA"": 0.3568598222907769}","{""smallest_K30"": 0.00039812614535419976, ""random_K30"": 0.02790754363310446, ""hard_K30"": 0.04389242406285483, ""smallest_K50"": 0.0010461413331018152, ""random_K50"": 0.02412825226346755, ""hard_K50"": 0.040448785720506246}"
FootballBetting.npz,ok,7539,4,0.2845,1.0,0.0,0.2568650551041654,0.0,LOF,0.04326872994902539,"{""CBLOF"": 6.938686275955017, ""COPOD"": 2.8675767921311053, ""ECOD"": 2.9491547865295398, ""HBOS"": 3.183689132527807, ""IForest"": 6.061313724044984, ""KNN"": 8.0, ""LODA"": 1.8721283249266345, ""LOF"": 9.0, ""PCA"": 4.1274509638849155}","{""IForest"": 0.5286378434663884, ""LOF"": 0.735782722066318, ""KNN"": 0.6016029691655271, ""ECOD"": 0.4049123875815257, ""COPOD"": 0.34019996068188835, ""HBOS"": 0.3520126768504897, ""PCA"": 0.525448323687434, ""CBLOF"": 0.49034416309671175, ""LODA"": 0.33131795606309045}","{""smallest_K30"": 0.004029946287022641, ""random_K30"": 0.02680439855604358, ""hard_K30"": 0.04326872994902539, ""smallest_K50"": 0.003935905362572383, ""random_K50"": 0.01551798523640943, ""hard_K50"": 0.03636258808036073}"
FootballBetting.npz,ok,7539,4,0.2845,2.0,0.0,0.24477159129615106,0.0,LOF,0.04210290055750724,"{""CBLOF"": 6.664167270574903, ""COPOD"": 2.9840995325769426, ""ECOD"": 3.510219056178684, ""HBOS"": 4.096407699728963, ""IForest"": 6.307557523973181, ""KNN"": 8.019841895504364, ""LODA"": 1.568521194701792, ""LOF"": 8.972345484230345, ""PCA"": 2.8768403425308264}","{""IForest"": 0.5495693370577522, ""LOF"": 0.7375580860288924, ""KNN"": 0.602365567703844, ""ECOD"": 0.40303289543326615, ""COPOD"": 0.3400651557278063, ""HBOS"": 0.338051938793366, ""PCA"": 0.5315858377026125, ""CBLOF"": 0.4745149506039219, ""LODA"": 0.45833468354320994}","{""smallest_K30"": 0.0011751712717713882, ""random_K30"": 0.03168063861054135, ""hard_K30"": 0.04158319613376886, ""smallest_K50"": 0.0018094388567669612, ""random_K50"": 0.032068261803349596, ""hard_K50"": 0.04210290055750724}"
HumanRobotCollaboration.npz,ok,10784,3,0.1746,0.0,0.0,0.17628656132984144,0.0,KNN,0.028358826857280243,"{""CBLOF"": 6.138656805417048, ""COPOD"": 2.3504683733842655, ""ECOD"": 1.5192462626723273, ""HBOS"": 7.517194531700238, ""IForest"": 5.180032398688888, ""KNN"": 9.0, ""LODA"": 4.67037995097969, ""LOF"": 6.325464116922224, ""PCA"": 2.2985575602353197}","{""IForest"": 0.6185999440008612, ""LOF"": 0.7140534281879627, ""KNN"": 0.7906234540972554, ""ECOD"": 0.517338711000014, ""COPOD"": 0.5794959660045271, ""HBOS"": 0.5763038958165543, ""PCA"": 0.464653301817169, ""CBLOF"": 0.546529231222472, ""LODA"": 0.7214341027599106}","{""smallest_K30"": 0.0107899186185109, ""random_K30"": 0.011293670280240864, ""hard_K30"": 0.0264364125668721, ""smallest_K50"": 0.007880492947522738, ""random_K50"": 0.008904315636670499, ""hard_K50"": 0.028358826857280243}"
HumanRobotCollaboration.npz,ok,10784,3,0.1746,1.0,0.0,0.2004777122135274,0.0,KNN,0.03226809814522989,"{""CBLOF"": 6.120527391333359, ""COPOD"": 2.265794960468085, ""ECOD"": 1.4571871877787679, ""HBOS"": 7.418323071771172, ""IForest"": 5.3689188911931645, ""KNN"": 8.999999999999998, ""LODA"": 4.336614304250124, ""LOF"": 6.598822014059081, ""PCA"": 2.4338121791462473}","{""IForest"": 0.6065320997619589, ""LOF"": 0.7036127793732331, ""KNN"": 0.7907498845278672, ""ECOD"": 0.5106814331843502, ""COPOD"": 0.5780915147588146, ""HBOS"": 0.5734460909887605, ""PCA"": 0.4779744175180096, ""CBLOF"": 0.524910820327747, ""LODA"": 0.5464505103883174}","{""smallest_K30"": 0.005640892837873826, ""random_K30"": 0.01438155363817277, ""hard_K30"": 0.02749651900713197, ""smallest_K50"": 0.004557432395224796, ""random_K50"": 0.009764505709121485, ""hard_K50"": 0.03226809814522989}"
HumanRobotCollaboration.npz,ok,10784,3,0.1746,2.0,0.0,0.18446204796027066,0.0,KNN,0.022574759995097914,"{""CBLOF"": 5.558168897698238, ""COPOD"": 1.993950764708873, ""ECOD"": 2.284601282130927, ""HBOS"": 6.6374626630841504, ""IForest"": 5.5958930316855655, ""KNN"": 8.890671908711578, ""LODA"": 4.419460751134099, ""LOF"": 6.7153955377193615, ""PCA"": 2.9043951631272025}","{""IForest"": 0.6265468718457621, ""LOF"": 0.7032164915376593, ""KNN"": 0.7863283976761848, ""ECOD"": 0.5208826394618595, ""COPOD"": 0.5801704604244424, ""HBOS"": 0.5831130988784368, ""PCA"": 0.5014886885019575, ""CBLOF"": 0.538319602412078, ""LODA"": 0.5767308967048473}","{""smallest_K30"": 0.005286017004219923, ""random_K30"": 0.01129493794048114, ""hard_K30"": 0.017858183497086313, ""smallest_K50"": 0.008763504088965831, ""random_K50"": 0.014380441498395912, ""hard_K50"": 0.022574759995097914}"
RideFailure.npz,ok,6202,9,0.0094,0.0,0.0,0.13872599908345262,0.0,KNN,0.03909868420459241,"{""CBLOF"": 4.161765039002514, ""COPOD"": 1.958980961632831, ""ECOD"": 2.780516207147132, ""HBOS"": 6.423294464907476, ""IForest"": 6.279490850701831, ""KNN"": 9.0, ""LODA"": 3.3345529552210635, ""LOF"": 7.237582420244173, ""PCA"": 3.823817101142983}","{""IForest"": 0.444979097107264, ""LOF"": 0.6037428803905615, ""KNN"": 0.6604752953059678, ""ECOD"": 0.48116635335708874, ""COPOD"": 0.4742641901181224, ""HBOS"": 0.5050924497067983, ""PCA"": 0.5109775258831121, ""CBLOF"": 0.5397154961981987, ""LODA"": 0.4753303779355237}","{""smallest_K30"": 0.011363185547948837, ""random_K30"": 0.01668256473947617, ""hard_K30"": 0.02044398400184686, ""smallest_K50"": 0.010513450872391514, ""random_K50"": 0.01778774638108284, ""hard_K50"": 0.03909868420459241}"
RideFailure.npz,ok,6202,9,0.0094,1.0,0.0,0.09414796941100911,0.0,KNN,0.04099445369745017,"{""CBLOF"": 4.501138662822343, ""COPOD"": 1.6394764282943224, ""ECOD"": 2.8455857337504593, ""HBOS"": 6.6186003783413, ""IForest"": 5.6186003783413, ""KNN"": 9.0, ""LODA"": 3.8007227147271667, ""LOF"": 7.362744658539594, ""PCA"": 3.613131045183515}","{""IForest"": 0.4420961813641592, ""LOF"": 0.5934247074997896, ""KNN"": 0.5972615807637272, ""ECOD"": 0.4774627535703263, ""COPOD"": 0.46983109340366436, ""HBOS"": 0.4869953143851182, ""PCA"": 0.5020973036671249, ""CBLOF"": 0.523982211497994, ""LODA"": 0.43487135602255833}","{""smallest_K30"": 0.011135081273411618, ""random_K30"": 0.014499976972220198, ""hard_K30"": 0.04099445369745017, ""smallest_K50"": 0.011873921628518674, ""random_K50"": 0.017297448438857135, ""hard_K50"": 0.029991849354482885}"
RideFailure.npz,ok,6202,9,0.0094,2.0,0.0,0.08288908840941622,0.0,KNN,0.03529931681496766,"{""CBLOF"": 3.9760385644080594, ""COPOD"": 2.155599267401665, ""ECOD"": 2.421208058748621, ""HBOS"": 7.037323000130852, ""IForest"": 5.915374194914067, ""KNN"": 9.0, ""LODA"": 3.566703744689387, ""LOF"": 6.896501202838668, ""PCA"": 4.031251966868683}","{""IForest"": 0.42075138183552646, ""LOF"": 0.5688813445189529, ""KNN"": 0.5888232653404787, ""ECOD"": 0.48766168177099406, ""COPOD"": 0.473380376532645, ""HBOS"": 0.49447967228753403, ""PCA"": 0.5147232120310878, ""CBLOF"": 0.5150739317078645, ""LODA"": 0.48963272635447935}","{""smallest_K30"": 0.0128432632803403, ""random_K30"": 0.014256434870514274, ""hard_K30"": 0.03529931681496766, ""smallest_K50"": 0.012562866992719468, ""random_K50"": 0.015827333471261227, ""hard_K50"": 0.02611586490428452}"
BridgeScour.npz,filtered,9815,11,0.0044,,,,,,,,,
FraudEventLog.npz,ok,8165,3,0.0331,0.0,0.0,0.09009335491286086,0.0,LOF,0.019701760166666235,"{""CBLOF"": 5.990347757885955, ""COPOD"": 2.8381790102689157, ""ECOD"": 2.800608585606005, ""HBOS"": 4.549348915019589, ""IForest"": 6.388413490820862, ""KNN"": 7.457794578185845, ""LODA"": 3.376171807666041, ""LOF"": 8.231731449703426, ""PCA"": 3.367404404843359}","{""IForest"": 0.7564093542560928, ""LOF"": 0.8018014214341003, ""KNN"": 0.8001724016606854, ""ECOD"": 0.7927907958623601, ""COPOD"": 0.7405941406891375, ""HBOS"": 0.4572701897591067, ""PCA"": 0.7271327375507236, ""CBLOF"": 0.5932059672085004, ""LODA"": 0.7359955902704477}","{""smallest_K30"": 0.005238426310080385, ""random_K30"": 0.00491699340004644, ""hard_K30"": 0.019701760166666235, ""smallest_K50"": 0.004253479627232882, ""random_K50"": 0.006002297952230607, ""hard_K50"": 0.010588806161509326}"
FraudEventLog.npz,ok,8165,3,0.0331,1.0,0.0046700912438720765,0.10476704274466575,0.0,LOF,0.013674668728196022,"{""CBLOF"": 5.521089873774835, ""COPOD"": 2.0954752531903176, ""ECOD"": 2.811591722055554, ""HBOS"": 4.188408277944447, ""IForest"": 6.4371753224818296, ""KNN"": 7.985402292880745, ""LODA"": 2.8455645436093304, ""LOF"": 8.7030646462203, ""PCA"": 4.412228067842644}","{""IForest"": 0.7758121642858818, ""LOF"": 0.8108906246334999, ""KNN"": 0.815560715877372, ""ECOD"": 0.7971207749865128, ""COPOD"": 0.747032814955551, ""HBOS"": 0.4545070719864893, ""PCA"": 0.7243743109797576, ""CBLOF"": 0.5571306265099805, ""LODA"": 0.7147139539793117}","{""smallest_K30"": 0.007242079588231486, ""random_K30"": 0.010414378090264314, ""hard_K30"": 0.013674668728196022, ""smallest_K50"": 0.003995477131870014, ""random_K50"": 0.002749260891254656, ""hard_K50"": 0.013224978188180008}"
FraudEventLog.npz,ok,8165,3,0.0331,2.0,0.0,0.09308582032176438,0.0,LOF,0.00994521616651305,"{""CBLOF"": 4.941599515085201, ""COPOD"": 3.5450637538329066, ""ECOD"": 2.979686392261796, ""HBOS"": 4.386672778086652, ""IForest"": 6.894630905120059, ""KNN"": 7.667155395085454, ""LODA"": 3.0100992797589097, ""LOF"": 8.001466185256366, ""PCA"": 3.573625795512662}","{""IForest"": 0.7473318790608214, ""LOF"": 0.801292426054934, ""KNN"": 0.796621162010649, ""ECOD"": 0.7935753993385406, ""COPOD"": 0.7375249220087725, ""HBOS"": 0.45301644266178775, ""PCA"": 0.726430230103441, ""CBLOF"": 0.6086881054582132, ""LODA"": 0.7093788849013675}","{""smallest_K30"": 0.004437628297909752, ""random_K30"": 0.006585547861932371, ""hard_K30"": 0.009527727511150734, ""smallest_K50"": 0.0035420979779430973, ""random_K50"": 0.003268544530753451, ""hard_K50"": 0.00994521616651305}"
StudentEnrollment.npz,filtered,56106,4,0.0087,,,,,,,,,
FishLandings.npz,filtered,105970,4,0.0081,,,,,,,,,
AxieInfinityBug.npz,ok,8799,8,0.0377,0.0,0.0,0.061483438674019175,0.0,IForest,0.0080888364046843,"{""CBLOF"": 1.9567210232329002, ""COPOD"": 5.419982852220383, ""ECOD"": 4.555950999464736, ""HBOS"": 5.238989524833738, ""IForest"": 9.000000000000002, ""KNN"": 2.7696974317850365, ""LODA"": 7.225003067191154, ""LOF"": 2.299844787362112, ""PCA"": 6.5338103139099415}","{""IForest"": 0.5869208830599849, ""LOF"": 0.5220462724570063, ""KNN"": 0.5016358231035121, ""ECOD"": 0.48597815109315656, ""COPOD"": 0.5156736746276724, ""HBOS"": 0.5551894709890328, ""PCA"": 0.5560180509523336, ""CBLOF"": 0.48846922518883085, ""LODA"": 0.5170054480021621}","{""smallest_K30"": 0.002009980416961282, ""random_K30"": 0.0015485706946686073, ""hard_K30"": 0.0013942516382651872, ""smallest_K50"": 0.0080888364046843, ""random_K50"": 0.001570467962471554, ""hard_K50"": 0.0010843525701968641}"
AxieInfinityBug.npz,ok,8799,8,0.0377,1.0,0.0,0.07091421569789591,0.0,IForest,0.005161645065128807,"{""CBLOF"": 3.4483340393299096, ""COPOD"": 4.716425625537398, ""ECOD"": 3.5658717670890443, ""HBOS"": 6.003223286416249, ""IForest"": 8.07459376930815, ""KNN"": 3.7726387088587456, ""LODA"": 5.825270720668095, ""LOF"": 3.2451782355570873, ""PCA"": 6.348463847235323}","{""IForest"": 0.6031582054309327, ""LOF"": 0.5102052246767471, ""KNN"": 0.48487930470405827, ""ECOD"": 0.4972137665182572, ""COPOD"": 0.5254797229057908, ""HBOS"": 0.5558633589849362, ""PCA"": 0.5647412554586706, ""CBLOF"": 0.4725306183411331, ""LODA"": 0.5761244505768055}","{""smallest_K30"": 0.0023877092241808605, ""random_K30"": 0.002857103218941082, ""hard_K30"": 0.0017359609483751828, ""smallest_K50"": 0.005161645065128807, ""random_K50"": 0.0006988193781064846, ""hard_K50"": 0.0033004036679504176}"
AxieInfinityBug.npz,ok,8799,8,0.0377,2.0,0.0,0.05616444526630726,0.0,IForest,0.004992029168998691,"{""CBLOF"": 3.9031830007754365, ""COPOD"": 4.350072218203327, ""ECOD"": 3.6807306529534984, ""HBOS"": 5.468770269200829, ""IForest"": 8.345872748582892, ""KNN"": 4.305811759530357, ""LODA"": 6.583437501856915, ""LOF"": 2.414902923138298, ""PCA"": 5.947218925758453}","{""IForest"": 0.5840937540006543, ""LOF"": 0.5213848309412383, ""KNN"": 0.48936537175858097, ""ECOD"": 0.495099642963827, ""COPOD"": 0.5181291873515312, ""HBOS"": 0.5540230579934852, ""PCA"": 0.5639766859646377, ""CBLOF"": 0.47428557204022703, ""LODA"": 0.5510056755949417}","{""smallest_K30"": 0.004657077616945059, ""random_K30"": 0.002191782915898464, ""hard_K30"": 0.0016181902648724376, ""smallest_K50"": 0.004992029168998691, ""random_K50"": 0.001045748216137102, ""hard_K50"": 0.0028357334855441817}"
UserTrackingAnomalies.npz,ok,1423,5,0.1167,0.0,0.0,0.1262789252247084,0.0,KNN,0.031338863959488004,"{""CBLOF"": 6.4584144867663165, ""COPOD"": 3.3860916880699237, ""ECOD"": 1.6561552467530574, ""HBOS"": 5.665041843513188, ""IForest"": 6.4436968106533845, ""KNN"": 8.260840897222286, ""LODA"": 2.6859247391764534, ""LOF"": 6.508897980594971, ""PCA"": 3.934936307250424}","{""IForest"": 0.6669415758271178, ""LOF"": 0.7309356473513101, ""KNN"": 0.7447647733792312, ""ECOD"": 0.5474756167527252, ""COPOD"": 0.5951424746605469, ""HBOS"": 0.6775196022183974, ""PCA"": 0.534805890227577, ""CBLOF"": 0.5160164467393382, ""LODA"": 0.5527706062344615}","{""smallest_K30"": 0.010319962567284669, ""random_K30"": 0.012055579922327146, ""hard_K30"": 0.031338863959488004, ""smallest_K50"": 0.006911267276407485, ""random_K50"": 0.00949130746054745, ""hard_K50"": 0.023130763603602892}"
UserTrackingAnomalies.npz,ok,1423,5,0.1167,1.0,0.0,0.13290330634708125,0.0,KNN,0.031455315730013624,"{""CBLOF"": 6.038619620783839, ""COPOD"": 3.3596323332697557, ""ECOD"": 2.9389640021237518, ""HBOS"": 5.022416377092411, ""IForest"": 6.448795454399804, ""KNN"": 7.727294134283878, ""LODA"": 2.5506076662402566, ""LOF"": 6.296259053903076, ""PCA"": 4.617411357903236}","{""IForest"": 0.6990581373111494, ""LOF"": 0.7408921399885255, ""KNN"": 0.7763673742589403, ""ECOD"": 0.5704245553643144, ""COPOD"": 0.6235895964811626, ""HBOS"": 0.6990342321667622, ""PCA"": 0.5468540829986613, ""CBLOF"": 0.5894052400076496, ""LODA"": 0.5455512526295658}","{""smallest_K30"": 0.011362684743331469, ""random_K30"": 0.009457994330654772, ""hard_K30"": 0.031455315730013624, ""smallest_K50"": 0.010665037215876343, ""random_K50"": 0.008493652361877994, ""hard_K50"": 0.023484063355722392}"
UserTrackingAnomalies.npz,ok,1423,5,0.1167,2.0,0.0,0.1002754403858821,0.0,KNN,0.029714702376239646,"{""CBLOF"": 5.882950432099747, ""COPOD"": 2.752076545342595, ""ECOD"": 3.916586284052119, ""HBOS"": 3.9169018109562335, ""IForest"": 6.791220713632205, ""KNN"": 8.033798525979073, ""LODA"": 2.2674579844404175, ""LOF"": 6.50713199809803, ""PCA"": 4.9318757053995865}","{""IForest"": 0.7174650984891949, ""LOF"": 0.732453624019889, ""KNN"": 0.7545180722891566, ""ECOD"": 0.6069038056989865, ""COPOD"": 0.6384346911455345, ""HBOS"": 0.7140705679862305, ""PCA"": 0.5810384394721744, ""CBLOF"": 0.5877557850449416, ""LODA"": 0.555543602983362}","{""smallest_K30"": 0.010509821878860593, ""random_K30"": 0.007617376317390876, ""hard_K30"": 0.028980661357769392, ""smallest_K50"": 0.00918915482380523, ""random_K50"": 0.006418000122550647, ""hard_K50"": 0.029714702376239646}"
SpecPowerModel.npz,ok,1243,13,0.0088,0.0,0.03238866396761131,0.1545413650676809,0.0,LOF,0.04627065043357409,"{""CBLOF"": 5.5860677975597035, ""COPOD"": 2.9128989061207156, ""ECOD"": 2.0250015237113543, ""HBOS"": 5.015789870485281, ""IForest"": 6.005185478370511, ""KNN"": 8.139201013917669, ""LODA"": 3.1840590227467507, ""LOF"": 8.860798986082331, ""PCA"": 3.2709974010056837}","{""IForest"": 0.9506808980493191, ""LOF"": 0.9595141700404859, ""KNN"": 0.8785425101214575, ""ECOD"": 0.9458962090541037, ""COPOD"": 0.9701877070298123, ""HBOS"": 0.9919028340080972, ""PCA"": 0.9366948840633051, ""CBLOF"": 0.902834008097166, ""LODA"": 0.0}","{""smallest_K30"": 0.02164337754988364, ""random_K30"": 0.015033280096230629, ""hard_K30"": 0.04627065043357409, ""smallest_K50"": 0.019423484423307488, ""random_K50"": 0.01852188044977163, ""hard_K50"": 0.018642836715256503}"
SpecPowerModel.npz,ok,1243,13,0.0088,1.0,0.10121457489878549,0.27728192859771816,0.0,KNN,0.03443608859436188,"{""CBLOF"": 5.4345956707989025, ""COPOD"": 2.1780222118991275, ""ECOD"": 2.513473864469796, ""HBOS"": 5.666444474829397, ""IForest"": 6.296698728934504, ""KNN"": 8.54370661984544, ""LODA"": 2.729753670093652, ""LOF"": 8.45629338015456}","{""IForest"": 0.9447920500552078, ""LOF"": 0.27530364372469635, ""KNN"": 0.8866396761133603, ""ECOD"": 0.9665071770334928, ""COPOD"": 0.9635627530364372, ""HBOS"": 0.9878542510121457, ""CBLOF"": 0.659919028340081, ""LODA"": 0.0}","{""smallest_K30"": 0.01659796210531224, ""random_K30"": 0.025356903571622992, ""hard_K30"": 0.03443608859436188, ""smallest_K50"": 0.018100227415820565, ""random_K50"": 0.015429800324014408, ""hard_K50"": 0.028430823437517856}"
SpecPowerModel.npz,ok,1243,13,0.0088,2.0,0.07287449392712553,0.14415409152251268,0.0,KNN,0.03698880727679278,"{""CBLOF"": 6.157969460669054, ""COPOD"": 2.340547327117823, ""ECOD"": 2.3546829407418146, ""HBOS"": 4.37953462578511, ""IForest"": 5.924473445945994, ""KNN"": 8.582992473976905, ""LODA"": 3.6792996437093795, ""LOF"": 7.907781161386477, ""PCA"": 3.672718920667446}","{""IForest"": 0.9458962090541037, ""LOF"": 0.97165991902834, ""KNN"": 0.9149797570850202, ""ECOD"": 0.9381670960618329, ""COPOD"": 0.9635627530364372, ""HBOS"": 0.9878542510121457, ""PCA"": 0.9400073610599925, ""CBLOF"": 0.9271255060728745, ""LODA"": 0.004048582995951455}","{""smallest_K30"": 0.01673130183895677, ""random_K30"": 0.014577587706652989, ""hard_K30"": 0.03698880727679278, ""smallest_K50"": 0.02052587521533436, ""random_K50"": 0.020923906698802005, ""hard_K50"": 0.02912942482415905}"
CourierShipmentStatus.npz,ok,5990,9,0.1866,0.0,0.04979221136645118,0.28953182575722824,0.0,KNN,0.0088435677897212,"{""CBLOF"": 6.3084385063854, ""COPOD"": 3.5305603343261183, ""ECOD"": 2.5873696170371074, ""HBOS"": 3.222107081610941, ""IForest"": 5.681138544806997, ""KNN"": 8.741542188065097, ""LODA"": 2.8971464163607203, ""LOF"": 7.6454667470893405, ""PCA"": 4.386230564318281}","{""IForest"": 0.5390211458189991, ""LOF"": 0.923799825696069, ""KNN"": 0.8740076143296178, ""ECOD"": 0.5757029494059906, ""COPOD"": 0.46666850144488786, ""HBOS"": 0.5020352277418467, ""PCA"": 0.5721333883766799, ""CBLOF"": 0.7444016329526169, ""LODA"": 0.5106417136828586}","{""smallest_K30"": 0.001834125951720148, ""random_K30"": 0.006158571623772215, ""hard_K30"": 0.0088435677897212, ""smallest_K50"": 0.002412178637098453, ""random_K50"": 0.003517528547181925, ""hard_K50"": 0.007934873492586444}"
CourierShipmentStatus.npz,ok,5990,9,0.1866,1.0,0.05507912481078847,0.3141551101121761,0.0,KNN,0.01326930410184187,"{""CBLOF"": 5.637500395969451, ""COPOD"": 3.4116264519155415, ""ECOD"": 3.066971375620578, ""HBOS"": 6.276228140677232, ""IForest"": 5.786981573403564, ""KNN"": 8.261286756228817, ""LODA"": 1.8161267347767738, ""LOF"": 7.9069528709196275, ""PCA"": 2.836325700488404}","{""IForest"": 0.5356364386954726, ""LOF"": 0.9302013669097747, ""KNN"": 0.8751222420989863, ""ECOD"": 0.5930438970689419, ""COPOD"": 0.47495848814274577, ""HBOS"": 0.5177418467042797, ""PCA"": 0.5932530617861566, ""CBLOF"": 0.6915366267602403, ""LODA"": 0.33292234301178847}","{""smallest_K30"": 0.0036023659556314045, ""random_K30"": 0.010329764416166542, ""hard_K30"": 0.01326930410184187, ""smallest_K50"": 0.0037912545523642255, ""random_K50"": 0.005351067094227094, ""hard_K50"": 0.012432874529436045}"
CourierShipmentStatus.npz,ok,5990,9,0.1866,2.0,0.052604926379524186,0.2879132837943216,0.0,KNN,0.012916005765383067,"{""CBLOF"": 6.241042408353366, ""COPOD"": 2.5006856622882974, ""ECOD"": 2.1674622187998627, ""HBOS"": 5.428549854052677, ""IForest"": 5.539319863594543, ""KNN"": 8.274330105289362, ""LODA"": 3.2390905979295797, ""LOF"": 7.981968355234505}","{""IForest"": 0.5484418145956607, ""LOF"": 0.9292734278244119, ""KNN"": 0.8766685014448877, ""ECOD"": 0.5951470116049723, ""COPOD"": 0.4833851658180818, ""HBOS"": 0.5101853126003395, ""CBLOF"": 0.7654327783129213, ""LODA"": 0.4223471400394477}","{""smallest_K30"": 0.003412592914998638, ""random_K30"": 0.006342383172919689, ""hard_K30"": 0.012916005765383067, ""smallest_K50"": 0.0026080604094140787, ""random_K50"": 0.008379119800868215, ""hard_K50"": 0.011408114874166025}"
ErrorDetection.npz,filtered,370176,4,0.0188,,,,,,,,,
ArtCollections.npz,ok,19282,3,0.0054,0.0,0.0,0.1382586138516796,0.0,LOF,0.03721964927053677,"{""CBLOF"": 5.233133724149928, ""COPOD"": 2.5214738622516357, ""ECOD"": 3.0932275521538934, ""HBOS"": 6.265719800510299, ""IForest"": 5.756504627707173, ""KNN"": 8.121692232462816, ""LODA"": 2.1057080563367974, ""LOF"": 8.878307767537185, ""PCA"": 3.0242323768902777}","{""IForest"": 0.6830657936953557, ""LOF"": 0.8242685690222187, ""KNN"": 0.8131078547365045, ""ECOD"": 0.6452960816555707, ""COPOD"": 0.7000681799951873, ""HBOS"": 0.5069483436271758, ""PCA"": 0.7075303802037378, ""CBLOF"": 0.7856415938076521, ""LODA"": 0.5081627997914495}","{""smallest_K30"": 0.017218221441078863, ""random_K30"": 0.017502325892045124, ""hard_K30"": 0.03721964927053677, ""smallest_K50"": 0.018101154066968585, ""random_K50"": 0.01949551314729773, ""hard_K50"": 0.03195303321670999}"
ArtCollections.npz,ok,19282,3,0.0054,1.0,0.0,0.17602261637389371,0.0,LOF,0.042267547472467665,"{""CBLOF"": 5.687605164688368, ""COPOD"": 2.5847975709124436, ""ECOD"": 2.567138214191181, ""HBOS"": 6.6922734500107195, ""IForest"": 5.336487343507004, ""KNN"": 8.052853301713096, ""LODA"": 2.053464991709011, ""LOF"": 8.894293396573808, ""PCA"": 3.1310865666943704}","{""IForest"": 0.710181128178391, ""LOF"": 0.8653796021496751, ""KNN"": 0.807989341862517, ""ECOD"": 0.6425137362637363, ""COPOD"": 0.696689259645464, ""HBOS"": 0.5624548808855379, ""PCA"": 0.6836874348279458, ""CBLOF"": 0.6621681238469559, ""LODA"": 0.5731493643218096}","{""smallest_K30"": 0.029507045163533956, ""random_K30"": 0.024432609511306724, ""hard_K30"": 0.042267547472467665, ""smallest_K50"": 0.008765060493183655, ""random_K50"": 0.030056308983814208, ""hard_K50"": 0.03080894862680329}"
ArtCollections.npz,ok,19282,3,0.0054,2.0,0.0,0.14041973588050238,0.0,LOF,0.03524790665130059,"{""CBLOF"": 4.991407763491427, ""COPOD"": 2.063761093468489, ""ECOD"": 2.167952729755365, ""HBOS"": 6.5556287755172, ""IForest"": 5.4417753286608725, ""KNN"": 8.181088901524767, ""LODA"": 4.335598067965348, ""LOF"": 8.71444034470336, ""PCA"": 2.548346994913172}","{""IForest"": 0.7164476718536938, ""LOF"": 0.8252586829229165, ""KNN"": 0.8138310138766343, ""ECOD"": 0.6424410443571027, ""COPOD"": 0.6981230448383732, ""HBOS"": 0.5749428491216813, ""PCA"": 0.6869009184246411, ""CBLOF"": 0.6479129902943772, ""LODA"": 0.5576923076923076}","{""smallest_K30"": 0.015129296442160062, ""random_K30"": 0.025601953182441517, ""hard_K30"": 0.03524790665130059, ""smallest_K50"": 0.011095724194102787, ""random_K50"": 0.023550235799756923, ""hard_K50"": 0.03419337020538126}"
BlockchainTransaction.npz,filtered,67601,3,0.0747,,,,,,,,,
TrialBehavior.npz,ok,12685,3,0.0815,0.0,0.07751402964168919,0.07222355449305806,0.0,LOF,0.0243023183436293,"{""CBLOF"": 6.7764515169404556, ""COPOD"": 2.733357618429846, ""ECOD"": 1.5048908491452007, ""HBOS"": 4.7793447450774895, ""IForest"": 6.021193446433393, ""KNN"": 8.224647566924778, ""LODA"": 2.8218388147236415, ""LOF"": 8.736158682777695, ""PCA"": 3.402116759547494}","{""IForest"": 0.5263040741764146, ""LOF"": 0.5072732998264913, ""KNN"": 0.5185872526298059, ""ECOD"": 0.5271041973169632, ""COPOD"": 0.4594706615983212, ""HBOS"": 0.5033869874295406, ""PCA"": 0.5847873294681805, ""CBLOF"": 0.520109913726935, ""LODA"": 0.46605025860345006}","{""smallest_K30"": 0.003004365775654353, ""random_K30"": 0.018217552943076736, ""hard_K30"": 0.0243023183436293, ""smallest_K50"": 0.0016245667906057278, ""random_K50"": 0.012591248113807482, ""hard_K50"": 0.01691415317684823}"
TrialBehavior.npz,ok,12685,3,0.0815,1.0,0.08542481414821845,0.07541699385671019,0.0,LOF,0.028069938457654132,"{""CBLOF"": 6.911694477072923, ""COPOD"": 2.0811408578208224, ""ECOD"": 1.2471564824415355, ""HBOS"": 4.895714923102724, ""IForest"": 5.703127265918507, ""KNN"": 8.191388175818767, ""LODA"": 3.0245907903229243, ""LOF"": 8.795377863711048, ""PCA"": 4.149809163790753}","{""IForest"": 0.5500503266460713, ""LOF"": 0.5005590697080058, ""KNN"": 0.5202057542483074, ""ECOD"": 0.5297678170018596, ""COPOD"": 0.45727172322917004, ""HBOS"": 0.5011921980007086, ""PCA"": 0.5859838838562242, ""CBLOF"": 0.48153929004992835, ""LODA"": 0.4685319472553515}","{""smallest_K30"": 0.004506426960899336, ""random_K30"": 0.012540721148109522, ""hard_K30"": 0.028069938457654132, ""smallest_K50"": 0.0009644273766494855, ""random_K50"": 0.008476595236781423, ""hard_K50"": 0.01831708028583056}"
TrialBehavior.npz,ok,12685,3,0.0815,2.0,0.07315992422375395,0.07111329806365263,0.0,LOF,0.02319064269428828,"{""CBLOF"": 6.745307921228978, ""COPOD"": 1.8513345875714184, ""ECOD"": 1.6289829277348298, ""HBOS"": 5.07594778948206, ""IForest"": 6.055106644708847, ""KNN"": 8.34756714121487, ""LODA"": 3.365530052586446, ""LOF"": 8.601800999130422, ""PCA"": 3.328421936342127}","{""IForest"": 0.5561129656874337, ""LOF"": 0.5075655926719757, ""KNN"": 0.5211687232963829, ""ECOD"": 0.5269062928637396, ""COPOD"": 0.4571700741913508, ""HBOS"": 0.49864640822087625, ""PCA"": 0.5807255168957296, ""CBLOF"": 0.482016418186631, ""LODA"": 0.4561979774745732}","{""smallest_K30"": 0.0019045169534057738, ""random_K30"": 0.009008797949301274, ""hard_K30"": 0.02319064269428828, ""smallest_K50"": 0.001618444462955039, ""random_K50"": 0.009688167733224357, ""hard_K50"": 0.01851931443356744}"
TaskStatusMonitor.npz,ok,1123,3,0.0098,0.0,0.35711373827965753,0.35407890564841227,0.0,KNN,0.0222959737291101,"{""CBLOF"": 6.104656291450775, ""COPOD"": 3.1199861033082437, ""ECOD"": 2.74792538299827, ""HBOS"": 7.851095063309062, ""IForest"": 5.5572729008856445, ""KNN"": 8.039721362143476, ""LODA"": 2.857954323460492, ""LOF"": 5.583690634449861, ""PCA"": 3.1376979379941763}","{""IForest"": 0.7876070118222585, ""LOF"": 0.35466775377089277, ""KNN"": 0.5678760701182226, ""ECOD"": 0.9249898083978801, ""COPOD"": 0.7766000815328169, ""HBOS"": 0.6184264166326946, ""PCA"": 0.6061964940888708, ""CBLOF"": 0.4415002038320424, ""LODA"": 0.060334284549531186}","{""smallest_K30"": 0.006370432531941956, ""random_K30"": 0.005713873579299339, ""hard_K30"": 0.01882254418999643, ""smallest_K50"": 0.00864468100375203, ""random_K50"": 0.010913159451957944, ""hard_K50"": 0.0222959737291101}"
TaskStatusMonitor.npz,ok,1123,3,0.0098,1.0,0.3872808805544232,0.36263985142908917,0.0,KNN,0.03749384982683261,"{""CBLOF"": 5.618887572370116, ""COPOD"": 2.6348047821323535, ""ECOD"": 2.953114142998476, ""HBOS"": 7.519904248629489, ""IForest"": 5.593790029715448, ""KNN"": 8.184439207256958, ""LODA"": 3.352874032801277, ""LOF"": 6.1925244675992435, ""PCA"": 2.9496615164966364}","{""IForest"": 0.8043212392988178, ""LOF"": 0.38931920097839384, ""KNN"": 0.5230330207908683, ""ECOD"": 0.9103139013452916, ""COPOD"": 0.748471259682022, ""HBOS"": 0.547085201793722, ""PCA"": 0.5731757032205462, ""CBLOF"": 0.37015898899306976, ""LODA"": 0.06318793314309008}","{""smallest_K30"": 0.015951386441654104, ""random_K30"": 0.025280740130457616, ""hard_K30"": 0.03749384982683261, ""smallest_K50"": 0.004620840715453995, ""random_K50"": 0.007893015776032622, ""hard_K50"": 0.031778782347230666}"
TaskStatusMonitor.npz,ok,1123,3,0.0098,2.0,0.3444761516510395,0.3584273225528831,0.0,HBOS,0.02134976461815822,"{""CBLOF"": 5.849697944127864, ""COPOD"": 2.903852141733719, ""ECOD"": 2.6593183268486933, ""HBOS"": 8.091134688866365, ""IForest"": 5.268528903267082, ""KNN"": 8.025273106087276, ""LODA"": 3.7535500858615825, ""LOF"": 5.927575113584892, ""PCA"": 2.52106968962252}","{""IForest"": 0.7871993477374644, ""LOF"": 0.3652670199755402, ""KNN"": 0.6045658377496942, ""ECOD"": 0.9494496534855279, ""COPOD"": 0.7982062780269058, ""HBOS"": 0.6049735018344884, ""PCA"": 0.5662454137790461, ""CBLOF"": 0.5801059926620464, ""LODA"": 0.0631879331430901}","{""smallest_K30"": 0.01226738002876396, ""random_K30"": 0.017949530259884782, ""hard_K30"": 0.020731732952219452, ""smallest_K50"": 0.004858127218733721, ""random_K50"": 0.02134976461815822, ""hard_K50"": 0.017008187478592302}"
WikipediaVandalism.npz,filtered,29646,3,0.0039,,,,,,,,,
CancerGeneExpression.npz,ok,1244,146,0.0257,0.0,0.0,0.006915866483767852,0.0,LOF,0.002770750889185683,"{""CBLOF"": 7.453291740395813, ""COPOD"": 1.3877289621934294, ""ECOD"": 2.045752640435502, ""HBOS"": 4.103017239563977, ""IForest"": 5.738661041959607, ""KNN"": 6.135744437608408, ""LODA"": 5.396529820095312, ""LOF"": 8.648377941411793, ""PCA"": 4.090896176336158}","{""IForest"": 0.9925411522633745, ""LOF"": 1.0, ""KNN"": 1.0, ""ECOD"": 0.98559670781893, ""COPOD"": 0.9834104938271605, ""HBOS"": 0.9839248971193416, ""PCA"": 0.9963991769547326, ""CBLOF"": 1.0, ""LODA"": 0.9958847736625515}","{""smallest_K30"": 0.0002414945373160195, ""random_K30"": 0.0010257097732442064, ""hard_K30"": 0.002770750889185683, ""smallest_K50"": 0.00015489468616243892, ""random_K50"": 0.0007106358565569724, ""hard_K50"": 0.0020546390853769534}"
CancerGeneExpression.npz,ok,1244,146,0.0257,1.0,0.0,0.002843507087334274,0.0,LOF,0.0038609657241399763,"{""CBLOF"": 7.270394844303988, ""COPOD"": 2.2678405640760224, ""ECOD"": 1.8493102758990154, ""HBOS"": 5.093054227979553, ""IForest"": 5.294165836831624, ""KNN"": 6.068333925291434, ""LODA"": 5.240913421094042, ""LOF"": 7.936978147167594, ""PCA"": 3.9790087573567274}","{""IForest"": 0.9984567901234568, ""LOF"": 1.0, ""KNN"": 1.0, ""ECOD"": 0.9940843621399177, ""COPOD"": 0.992283950617284, ""HBOS"": 0.9917695473251029, ""PCA"": 0.9997427983539094, ""CBLOF"": 1.0, ""LODA"": 0.998070987654321}","{""smallest_K30"": 0.00046066279087758096, ""random_K30"": 0.0009867756918371363, ""hard_K30"": 0.0038609657241399763, ""smallest_K50"": 0.0007277711955603576, ""random_K50"": 0.0006431314531096034, ""hard_K50"": 0.0018311570418268917}"
CancerGeneExpression.npz,ok,1244,146,0.0257,2.0,0.0,0.0031435756744397914,0.0,LOF,0.0018147948297688996,"{""CBLOF"": 7.031656605471423, ""COPOD"": 2.818613689316164, ""ECOD"": 2.681980133493562, ""HBOS"": 4.614834764874849, ""IForest"": 5.332716712428346, ""KNN"": 5.491742371923482, ""LODA"": 4.527893862251232, ""LOF"": 7.52678612158935, ""PCA"": 4.973775738651597}","{""IForest"": 0.999485596707819, ""LOF"": 1.0, ""KNN"": 1.0, ""ECOD"": 0.991383744855967, ""COPOD"": 0.9904835390946503, ""HBOS"": 0.9921553497942387, ""PCA"": 0.9997427983539094, ""CBLOF"": 1.0, ""LODA"": 0.9984567901234568}","{""smallest_K30"": 0.000402852668889919, ""random_K30"": 0.0013551544080972128, ""hard_K30"": 0.0018147948297688996, ""smallest_K50"": 0.0011483757227333201, ""random_K50"": 0.0006359957957362654, ""hard_K50"": 0.0014666106504635217}"
GeographicSeverity.npz,filtered,122604,3,0.0474,,,,,,,,,
TreadmillStatus.npz,ok,10518,7,0.0572,0.0,0.0,0.29573920637897577,0.0,KNN,0.023296310787434202,"{""CBLOF"": 7.3191959085545415, ""COPOD"": 2.547108561491428, ""ECOD"": 2.3257196437693177, ""HBOS"": 4.73246375944416, ""IForest"": 7.036886598858226, ""KNN"": 9.000000000000002, ""LODA"": 3.8639793603550805, ""LOF"": 4.309172988063778, ""PCA"": 3.8654731794634705}","{""IForest"": 0.7471110244078877, ""LOF"": 0.3957356526631658, ""KNN"": 0.8746211385435645, ""ECOD"": 0.5798505988104169, ""COPOD"": 0.5258689114242847, ""HBOS"": 0.3610449208284214, ""PCA"": 0.5526663473904189, ""CBLOF"": 0.586349433340478, ""LODA"": 0.586689362072661}","{""smallest_K30"": 0.015656790257460456, ""random_K30"": 0.018533829690509415, ""hard_K30"": 0.023296310787434202, ""smallest_K50"": 0.011641577457370387, ""random_K50"": 0.017874157607906543, ""hard_K50"": 0.02149356457226753}"
TreadmillStatus.npz,ok,10518,7,0.0572,1.0,0.0,0.27561113911290325,0.0,KNN,0.03132624965952382,"{""CBLOF"": 6.667976028987642, ""COPOD"": 2.4838866904532955, ""ECOD"": 1.9817124141118638, ""HBOS"": 4.236122116995446, ""IForest"": 7.202833873230173, ""KNN"": 9.0, ""LODA"": 3.933800464460669, ""LOF"": 4.8940818179413075}","{""IForest"": 0.7510696033383345, ""LOF"": 0.41622221961740435, ""KNN"": 0.8717103941163862, ""ECOD"": 0.5801126620940948, ""COPOD"": 0.5237573344228914, ""HBOS"": 0.36838771634873, ""CBLOF"": 0.5588152060336513, ""LODA"": 0.6987189040563713}","{""smallest_K30"": 0.011000558547705371, ""random_K30"": 0.018349714911349235, ""hard_K30"": 0.026955187904297715, ""smallest_K50"": 0.012206579600788674, ""random_K50"": 0.012569505209861099, ""hard_K50"": 0.03132624965952382}"
TreadmillStatus.npz,ok,10518,7,0.0572,2.0,0.0,0.2942673447379702,0.0,KNN,0.027712959581748447,"{""CBLOF"": 7.113000470006578, ""COPOD"": 2.4049660457975612, ""ECOD"": 2.8645382268387354, ""HBOS"": 4.842216866753557, ""IForest"": 7.3688965697101985, ""KNN"": 9.0, ""LODA"": 2.597731396590252, ""LOF"": 4.771684289227783, ""PCA"": 4.036966135075338}","{""IForest"": 0.7334883386025077, ""LOF"": 0.3929869186046512, ""KNN"": 0.8617168242953596, ""ECOD"": 0.5771696830457614, ""COPOD"": 0.5221899782981461, ""HBOS"": 0.4127655797878041, ""PCA"": 0.5456115703032901, ""CBLOF"": 0.5839255572821777, ""LODA"": 0.4771908657968063}","{""smallest_K30"": 0.01205340503877421, ""random_K30"": 0.01958928164473669, ""hard_K30"": 0.027712959581748447, ""smallest_K50"": 0.009574841318407867, ""random_K50"": 0.020246187249318325, ""hard_K50"": 0.02255526139591174}"
EmployeeLocationAnomalies.npz,filtered,333952,3,0.0042,,,,,,,,,
CountyHealthMetrics.npz,filtered,180583,4,0.0013,,,,,,,,,
BacillusEvolution.npz,ok,1334,22,0.2661,0.0,0.2914630640988791,0.2305611446456518,0.0,LOF,0.006719802418857459,"{""CBLOF"": 6.181421723011404, ""COPOD"": 2.89579169015278, ""ECOD"": 1.8312949992919803, ""HBOS"": 4.147951491415341, ""IForest"": 5.742509157757762, ""KNN"": 8.101411284485266, ""LODA"": 3.353585966527676, ""LOF"": 8.477212897443005, ""PCA"": 4.268820789914785}","{""IForest"": 0.7341333716585225, ""LOF"": 0.5935901121011784, ""KNN"": 0.5480597872951998, ""ECOD"": 0.663207818338603, ""COPOD"": 0.567045127910319, ""HBOS"": 0.7896090830698476, ""PCA"": 0.8850531762000575, ""CBLOF"": 0.5466225926990513, ""LODA"": 0.5631072147168728}","{""smallest_K30"": 0.006719802418857459, ""random_K30"": 0.0059053257914771515, ""hard_K30"": 0.0035088944683129356, ""smallest_K50"": 0.0016323436080342341, ""random_K50"": 0.006621252296645548, ""hard_K50"": 0.002373572090259646}"
BacillusEvolution.npz,ok,1334,22,0.2661,1.0,0.3557200344926703,0.23222669349429914,0.0,KNN,0.006777584877646269,"{""CBLOF"": 6.188652647556953, ""COPOD"": 3.534819462970594, ""ECOD"": 1.7814051084846128, ""HBOS"": 4.856994728353015, ""IForest"": 5.678120383779474, ""KNN"": 8.393341341672967, ""LODA"": 2.7436837814207538, ""LOF"": 8.371708206131606, ""PCA"": 3.4512743396300305}","{""IForest"": 0.7638258120149468, ""LOF"": 0.5738933601609658, ""KNN"": 0.520020120724346, ""ECOD"": 0.6425697039379132, ""COPOD"": 0.5212561080770337, ""HBOS"": 0.7544840471399827, ""PCA"": 0.8757401552170163, ""CBLOF"": 0.5387467663121586, ""LODA"": 0.6010850819200919}","{""smallest_K30"": 0.001370795249830171, ""random_K30"": 0.004889366361307092, ""hard_K30"": 0.005107343578928755, ""smallest_K50"": 0.002477711421366755, ""random_K50"": 0.0015916776585741756, ""hard_K50"": 0.006777584877646269}"
BacillusEvolution.npz,ok,1334,22,0.2661,2.0,0.3262288013797068,0.25429401807671437,0.0,LOF,0.005475729203186998,"{""CBLOF"": 6.043047946215507, ""COPOD"": 1.865277771545639, ""ECOD"": 2.7208966261893965, ""HBOS"": 4.34457317132588, ""IForest"": 4.29886984087238, ""KNN"": 7.566477163754036, ""LODA"": 4.02772858866966, ""LOF"": 8.948681637651665, ""PCA"": 5.184447253775838}","{""IForest"": 0.7443661971830987, ""LOF"": 0.5750503018108652, ""KNN"": 0.5295343489508479, ""ECOD"": 0.6585369359011211, ""COPOD"": 0.535398102903133, ""HBOS"": 0.7985484334578902, ""PCA"": 0.901279103190572, ""CBLOF"": 0.5277091118137396, ""LODA"": 0.5524432308134521}","{""smallest_K30"": 0.002267004111860622, ""random_K30"": 0.004681578864194554, ""hard_K30"": 0.0049402147803367, ""smallest_K50"": 0.0010194019801047932, ""random_K50"": 0.0014803444598715206, ""hard_K50"": 0.005475729203186998}"
BondMarketAnomalies.npz,filtered,14412,12,0.0009,,,,,,,,,
HumanObjectInteraction.npz,ok,1954,5,0.1622,0.0,0.15012118181118705,0.06920934745625051,0.0,LOF,0.01633027367741129,"{""CBLOF"": 7.075430592754418, ""COPOD"": 1.3503306784793498, ""ECOD"": 1.8049015608962187, ""HBOS"": 4.89815946588244, ""IForest"": 5.505562917854919, ""KNN"": 8.206011490890354, ""LODA"": 4.130580898135936, ""LOF"": 8.718557916355227, ""PCA"": 3.310464478751137}","{""IForest"": 0.8840597830268523, ""LOF"": 0.7339386012156652, ""KNN"": 0.8824247903362316, ""ECOD"": 0.7473743940909441, ""COPOD"": 0.7587135492806032, ""HBOS"": 0.8840501654227899, ""PCA"": 0.804233669308302, ""CBLOF"": 0.8076671539586058, ""LODA"": 0.8311918134954219}","{""smallest_K30"": 0.00742738886743132, ""random_K30"": 0.008829547223700954, ""hard_K30"": 0.01633027367741129, ""smallest_K50"": 0.004290461720554918, ""random_K50"": 0.008208817235575757, ""hard_K50"": 0.011793108317914105}"
HumanObjectInteraction.npz,ok,1954,5,0.1622,1.0,0.14570189274447942,0.07013370606892178,0.0,LOF,0.018473897868031944,"{""CBLOF"": 7.1513973572899365, ""COPOD"": 1.5367953652541353, ""ECOD"": 1.6146019920358006, ""HBOS"": 5.205163783754805, ""IForest"": 5.289256976476212, ""KNN"": 8.151397357289937, ""LODA"": 4.462278368323232, ""LOF"": 8.39441057084026, ""PCA"": 3.194698228735691}","{""IForest"": 0.8604774178656613, ""LOF"": 0.7344194814187889, ""KNN"": 0.8801213741632683, ""ECOD"": 0.7175694391013312, ""COPOD"": 0.7546453027621759, ""HBOS"": 0.8785008078787413, ""PCA"": 0.7892013541586519, ""CBLOF"": 0.84897476340694, ""LODA"": 0.82597907209356}","{""smallest_K30"": 0.009504499125403734, ""random_K30"": 0.009425851374684567, ""hard_K30"": 0.018473897868031944, ""smallest_K50"": 0.005264358675800174, ""random_K50"": 0.0070371519957834906, ""hard_K50"": 0.013072741824099161}"
HumanObjectInteraction.npz,ok,1954,5,0.1622,2.0,0.1209413710856353,0.07017431373051908,0.0,LOF,0.0129797082010095,"{""CBLOF"": 7.162486581682428, ""COPOD"": 1.605874039132077, ""ECOD"": 1.9650760755165757, ""HBOS"": 4.35301225404564, ""IForest"": 5.382002482724666, ""KNN"": 8.239155690966538, ""LODA"": 4.408463532966226, ""LOF"": 8.598357727351036, ""PCA"": 3.2855716156148165}","{""IForest"": 0.8646995460490882, ""LOF"": 0.7544337154728014, ""KNN"": 0.8753750865584367, ""ECOD"": 0.7265041932753713, ""COPOD"": 0.7436139109025159, ""HBOS"": 0.8572459029006694, ""PCA"": 0.7938947449411402, ""CBLOF"": 0.835942909902285, ""LODA"": 0.7950969454489497}","{""smallest_K30"": 0.0039603070563491135, ""random_K30"": 0.009474482655653467, ""hard_K30"": 0.0129797082010095, ""smallest_K50"": 0.00839316853955322, ""random_K50"": 0.006297370241379247, ""hard_K50"": 0.010549496576730733}"
PatientStatusTracking.npz,ok,3437,6,0.009,0.0,0.006811086935956889,0.09968046752646131,0.0,LOF,0.01627330145624677,"{""CBLOF"": 6.6827559176372695, ""COPOD"": 2.219791284671991, ""ECOD"": 2.643176370912305, ""HBOS"": 5.558144973122654, ""IForest"": 4.190491009195382, ""KNN"": 8.0, ""LODA"": 3.3739716725377527, ""LOF"": 9.0, ""PCA"": 3.3316687719226423}","{""IForest"": 0.6199981080314068, ""LOF"": 0.6354176520669756, ""KNN"": 0.6234982499290511, ""ECOD"": 0.6422287390029325, ""COPOD"": 0.5539211049096585, ""HBOS"": 0.5715873616497966, ""PCA"": 0.501371677230158, ""CBLOF"": 0.6094976823384732, ""LODA"": 0.12541386812978905}","{""smallest_K30"": 0.004060828406148609, ""random_K30"": 0.009943087153771346, ""hard_K30"": 0.011545886785665689, ""smallest_K50"": 0.00803059715159451, ""random_K50"": 0.013860907115855184, ""hard_K50"": 0.01627330145624677}"
PatientStatusTracking.npz,ok,3437,6,0.009,1.0,0.04550184466937868,0.07445421961551002,0.0,LOF,0.016074518525249597,"{""CBLOF"": 6.4624968106021, ""COPOD"": 3.5049199785155225, ""ECOD"": 1.663413634658927, ""HBOS"": 4.861953206670864, ""IForest"": 4.533080353986166, ""KNN"": 8.064095171339353, ""LODA"": 3.6604303006435552, ""LOF"": 8.935904828660647, ""PCA"": 3.313705714922863}","{""IForest"": 0.6008419260240281, ""LOF"": 0.6156465802667674, ""KNN"": 0.6287957619903509, ""ECOD"": 0.6611484249361461, ""COPOD"": 0.5708542238198846, ""HBOS"": 0.5637356919875129, ""PCA"": 0.5133856777977486, ""CBLOF"": 0.6098287768423044, ""LODA"": 0.5160107842209819}","{""smallest_K30"": 0.00656133812816564, ""random_K30"": 0.011869398523232579, ""hard_K30"": 0.016074518525249597, ""smallest_K50"": 0.0036546514405221297, ""random_K50"": 0.008752052525006116, ""hard_K50"": 0.01010717918218354}"
PatientStatusTracking.npz,ok,3437,6,0.009,2.0,0.054110301768990676,0.07518801437896128,0.0,LOF,0.017648862134568746,"{""CBLOF"": 6.862852427477183, ""COPOD"": 1.9084064282728037, ""ECOD"": 2.0966713781203548, ""HBOS"": 4.421232181460805, ""IForest"": 4.526315769618997, ""KNN"": 8.167018741480776, ""LODA"": 3.8608359254742877, ""LOF"": 8.832981258519224}","{""IForest"": 0.5786585942673352, ""LOF"": 0.6072273200264875, ""KNN"": 0.6167344622079274, ""ECOD"": 0.6613376217954782, ""COPOD"": 0.570097436382556, ""HBOS"": 0.581212751868319, ""CBLOF"": 0.612051839939457, ""LODA"": 0.46187683284457476}","{""smallest_K30"": 0.006155278429393855, ""random_K30"": 0.012414190567032322, ""hard_K30"": 0.017648862134568746, ""smallest_K50"": 0.004479170739844505, ""random_K50"": 0.008732486400912051, ""hard_K50"": 0.014242202495309065}"
GeneticAnalysis.npz,ok,5851,5,0.0506,0.0,0.06848742306663103,0.08400890764752145,0.0,IForest,0.007939572525435246,"{""CBLOF"": 3.617547274990211, ""COPOD"": 5.261736402531569, ""ECOD"": 3.1821720507796556, ""HBOS"": 6.1343010286882045, ""IForest"": 8.1010001322963, ""KNN"": 5.769539038759008, ""LODA"": 4.047133499360793, ""LOF"": 3.7771422163345068, ""PCA"": 5.109428356259755}","{""IForest"": 0.553474773152991, ""LOF"": 0.621962196219622, ""KNN"": 0.49521675140487026, ""ECOD"": 0.5681240421339431, ""COPOD"": 0.5393880604276644, ""HBOS"": 0.5905502712433406, ""PCA"": 0.5968509013063468, ""CBLOF"": 0.47755552582285254, ""LODA"": 0.39845707543727343}","{""smallest_K30"": 0.005248398461929077, ""random_K30"": 0.001633684728632996, ""hard_K30"": 0.003891977322596614, ""smallest_K50"": 0.007939572525435246, ""random_K50"": 0.0006064807221264597, ""hard_K50"": 0.002635520951074045}"
GeneticAnalysis.npz,ok,5851,5,0.0506,1.0,0.06828672732138086,0.07838858210145327,0.0,IForest,0.005996033625107227,"{""CBLOF"": 4.544140462758844, ""COPOD"": 5.393838318337312, ""ECOD"": 2.6479645253698707, ""HBOS"": 4.937665503687645, ""IForest"": 8.516843354889845, ""KNN"": 6.4611073140474575, ""LODA"": 3.82621498926099, ""LOF"": 3.6871639047713236, ""PCA"": 4.985061626876718}","{""IForest"": 0.554108789257304, ""LOF"": 0.6223955165786849, ""KNN"": 0.5045977570730046, ""ECOD"": 0.5763677719123264, ""COPOD"": 0.5454606271437955, ""HBOS"": 0.6104434767801104, ""PCA"": 0.6046354635463546, ""CBLOF"": 0.4730489940885981, ""LODA"": 0.405004013914905}","{""smallest_K30"": 0.005996033625107227, ""random_K30"": 0.002096600472882634, ""hard_K30"": 0.003907402018938388, ""smallest_K50"": 0.005905450605562017, ""random_K50"": 0.0008871895732644863, ""hard_K50"": 0.002092738064153327}"
GeneticAnalysis.npz,ok,5851,5,0.0506,2.0,0.07050046220838291,0.07296033657419798,0.0,IForest,0.007966482588958565,"{""CBLOF"": 2.418244513416827, ""COPOD"": 6.006498291744666, ""ECOD"": 3.324935623140812, ""HBOS"": 6.437290749147381, ""IForest"": 8.39080706555253, ""KNN"": 5.524866202167887, ""LODA"": 3.6037218393900927, ""LOF"": 3.30301927841436, ""PCA"": 5.990616437025446}","{""IForest"": 0.5402303743887903, ""LOF"": 0.6053652662563553, ""KNN"": 0.5019309363368769, ""ECOD"": 0.5643777215559393, ""COPOD"": 0.5392937942442892, ""HBOS"": 0.6107308365971732, ""PCA"": 0.5910945824312162, ""CBLOF"": 0.48737441311698737, ""LODA"": 0.3995365752791495}","{""smallest_K30"": 0.007707964663530674, ""random_K30"": 0.0027472846253689498, ""hard_K30"": 0.0018500406770201306, ""smallest_K50"": 0.007966482588958565, ""random_K50"": 0.0005117411551363515, ""hard_K50"": 0.0019636411418625086}"
UserTaskInteraction.npz,ok,2392,3,0.0192,0.0,0.03330249768732646,0.10776544351937506,0.0,LOF,0.03429229788123547,"{""CBLOF"": 3.174041579947973, ""COPOD"": 5.303591466722678, ""ECOD"": 3.0998520508803553, ""HBOS"": 2.045238737673444, ""IForest"": 7.000000000000002, ""KNN"": 8.033803325137022, ""LODA"": 5.068812545026971, ""LOF"": 8.95495444272583, ""PCA"": 2.3197058518857316}","{""IForest"": 0.3722479185938945, ""LOF"": 0.4010638297872341, ""KNN"": 0.3468085106382979, ""ECOD"": 0.3724791859389454, ""COPOD"": 0.16322849213691024, ""HBOS"": 0.39680851063829786, ""PCA"": 0.3009250693802035, ""CBLOF"": 0.43436632747456055, ""LODA"": 0.1514801110083256}","{""smallest_K30"": 0.000586909764278433, ""random_K30"": 0.01736435579430298, ""hard_K30"": 0.03429229788123547, ""smallest_K50"": 0.0029425497498043428, ""random_K50"": 0.015507936777226408, ""hard_K50"": 0.03371755746455711}"
UserTaskInteraction.npz,ok,2392,3,0.0192,1.0,0.10684551341350595,0.15391098776852707,0.0,LOF,0.029252156062224813,"{""CBLOF"": 5.382091599877116, ""COPOD"": 4.477020468042368, ""ECOD"": 3.868816195195255, ""HBOS"": 1.721047842204447, ""IForest"": 7.000000000000001, ""KNN"": 8.08600196639828, ""LODA"": 3.0805185549790854, ""LOF"": 8.91399803360172, ""PCA"": 2.4705053397017287}","{""IForest"": 0.3919056429232193, ""LOF"": 0.3797872340425532, ""KNN"": 0.3595744680851064, ""ECOD"": 0.3919056429232193, ""COPOD"": 0.15023126734505088, ""HBOS"": 0.3946808510638298, ""PCA"": 0.287372802960222, ""CBLOF"": 0.48663274745605917, ""LODA"": 0.15240518038852913}","{""smallest_K30"": 0.0015620958919027414, ""random_K30"": 0.019399169992141252, ""hard_K30"": 0.029245521173561728, ""smallest_K50"": 0.006972804965926232, ""random_K50"": 0.012809015995188088, ""hard_K50"": 0.029252156062224813}"
UserTaskInteraction.npz,ok,2392,3,0.0192,2.0,0.04588344125809435,0.11884571898447932,0.0,LOF,0.03622963436412312,"{""CBLOF"": 5.812730115465356, ""COPOD"": 4.974729296198225, ""ECOD"": 4.25263838184137, ""HBOS"": 2.187404635850563, ""IForest"": 6.959902206495053, ""KNN"": 8.072714666500353, ""LODA"": 2.812595364149438, ""LOF"": 8.92728533349965, ""PCA"": 1.0}","{""IForest"": 0.3611933395004625, ""LOF"": 0.3861702127659574, ""KNN"": 0.3351063829787234, ""ECOD"": 0.3616096207215541, ""COPOD"": 0.133950046253469, ""HBOS"": 0.37659574468085105, ""PCA"": 0.31068455134135065, ""CBLOF"": 0.43205365402405177, ""LODA"": 0.12150786308973174}","{""smallest_K30"": 0.0035620819791585662, ""random_K30"": 0.017706613311536296, ""hard_K30"": 0.03622963436412312, ""smallest_K50"": 0.004379071766570802, ""random_K50"": 0.016087349900157748, ""hard_K50"": 0.031245042629594495}"
HealthBehavior.npz,ok,5187,6,0.0756,0.0,0.034771285990934375,0.01597321236454241,0.0,LOF,0.02388460900868626,"{""CBLOF"": 6.750147232431651, ""COPOD"": 2.187142878215388, ""ECOD"": 1.4494561941902742, ""HBOS"": 5.16040122944907, ""IForest"": 5.809158327076259, ""KNN"": 8.015220221737335, ""LODA"": 3.0536069133050905, ""LOF"": 8.954339334787994, ""PCA"": 3.620527668806941}","{""IForest"": 0.6566682981847587, ""LOF"": 0.6218970121938243, ""KNN"": 0.654058755931987, ""ECOD"": 0.63561240450299, ""COPOD"": 0.6501045412951416, ""HBOS"": 0.6479405630865486, ""PCA"": 0.6302177544636207, ""CBLOF"": 0.6350777276499755, ""LODA"": 0.6346787150730991}","{""smallest_K30"": 0.0010552921168185821, ""random_K30"": 0.01735040857063982, ""hard_K30"": 0.02388460900868626, ""smallest_K50"": 0.0020078414873132924, ""random_K50"": 0.009607615599049662, ""hard_K50"": 0.015429104616239602}"
HealthBehavior.npz,ok,5187,6,0.0756,1.0,0.04190031069779321,0.02286548960912127,0.0,LOF,0.02129141456947869,"{""CBLOF"": 6.466925451530714, ""COPOD"": 2.1478796570917376, ""ECOD"": 1.822157816362467, ""HBOS"": 5.116704851062517, ""IForest"": 6.116704851062517, ""KNN"": 8.0, ""LODA"": 2.927599877277104, ""LOF"": 9.000000000000002, ""PCA"": 3.402027495612948}","{""IForest"": 0.6884323593879679, ""LOF"": 0.6465320486901747, ""KNN"": 0.6884150688429698, ""ECOD"": 0.6615482219999574, ""COPOD"": 0.676803802855866, ""HBOS"": 0.6826453469813368, ""PCA"": 0.6510382307250324, ""CBLOF"": 0.6395519886786831, ""LODA"": 0.6551347598476304}","{""smallest_K30"": 0.003461050643882866, ""random_K30"": 0.011403620883812393, ""hard_K30"": 0.02129141456947869, ""smallest_K50"": 0.004545366542421904, ""random_K50"": 0.012716014458685327, ""hard_K50"": 0.015186512200025076}"
HealthBehavior.npz,ok,5187,6,0.0756,2.0,0.03485108850630958,0.028386198066296275,0.0,LOF,0.02690159075890829,"{""CBLOF"": 6.269996997428999, ""COPOD"": 2.4570422422695186, ""ECOD"": 1.6483746591548343, ""HBOS"": 4.7141294666225155, ""IForest"": 6.416089685075851, ""KNN"": 8.03434832582321, ""LODA"": 2.6352564141617525, ""LOF"": 8.965651674176792, ""PCA"": 3.859110535286533}","{""IForest"": 0.6700445298035794, ""LOF"": 0.6437828520354962, ""KNN"": 0.6786339405418058, ""ECOD"": 0.6440674810070013, ""COPOD"": 0.6630072779894023, ""HBOS"": 0.6661288863824987, ""PCA"": 0.6336798535889852, ""CBLOF"": 0.6119496286522952, ""LODA"": 0.6409352322785213}","{""smallest_K30"": 0.0036609307782643303, ""random_K30"": 0.015290647019970792, ""hard_K30"": 0.02690159075890829, ""smallest_K50"": 0.002653415274623514, ""random_K50"": 0.010538021165334635, ""hard_K50"": 0.018205601847929714}"
CodeSmell.npz,ok,2167,6,0.1754,0.0,0.1076925904145839,0.05264260511614238,0.0,KNN,0.011099016017474244,"{""CBLOF"": 5.752351389253249, ""COPOD"": 3.5744713187147035, ""ECOD"": 3.1185177827500974, ""HBOS"": 3.16796574425039, ""IForest"": 5.804391217143761, ""KNN"": 7.331002933723703, ""LODA"": 6.096902809538896, ""LOF"": 5.33375473739481, ""PCA"": 4.820642067230398}","{""IForest"": 0.6178660688032931, ""LOF"": 0.4999595707144957, ""KNN"": 0.5101881799470744, ""ECOD"": 0.5689760364598647, ""COPOD"": 0.6178807703616583, ""HBOS"": 0.615227139076742, ""PCA"": 0.5423588650396942, ""CBLOF"": 0.5287452219935314, ""LODA"": 0.5859416348132902}","{""smallest_K30"": 0.007333612363765778, ""random_K30"": 0.00360919414762594, ""hard_K30"": 0.01060130363129212, ""smallest_K50"": 0.006643302801609016, ""random_K50"": 0.0025857691618602573, ""hard_K50"": 0.011099016017474244}"
CodeSmell.npz,ok,2167,6,0.1754,1.0,0.11277932960893855,0.04927332297223497,0.0,KNN,0.012774093439182585,"{""COPOD"": 4.208322265885686, ""ECOD"": 3.0577142415104794, ""HBOS"": 4.063648419752589, ""IForest"": 6.270602985656767, ""KNN"": 6.478678206434975, ""LODA"": 5.806995433602223, ""LOF"": 4.482011588875047}","{""IForest"": 0.6106917083210821, ""LOF"": 0.51751690679212, ""KNN"": 0.5033740076448103, ""ECOD"": 0.5727028815054396, ""COPOD"": 0.6161533372537489, ""HBOS"": 0.6016208468097618, ""LODA"": 0.5461004116436342}","{""smallest_K30"": 0.005854198412108215, ""random_K30"": 0.00471993818392708, ""hard_K30"": 0.008345106267972786, ""smallest_K50"": 0.012774093439182585, ""random_K50"": 0.0012665490784777194, ""hard_K50"": 0.006726185051271694}"
CodeSmell.npz,ok,2167,6,0.1754,2.0,0.0,0.047366320830008024,0.0,IForest,0.010073929109529645,"{""COPOD"": 4.032119002207613, ""ECOD"": 3.2570759113137076, ""HBOS"": 4.443424169010135, ""IForest"": 6.348260469473603, ""KNN"": 6.282454116991762, ""LODA"": 5.543196314362607, ""LOF"": 4.5396076888198955}","{""IForest"": 0.613565862981476, ""LOF"": 0.524467068509262, ""KNN"": 0.5207806527491914, ""ECOD"": 0.5662488973831226, ""COPOD"": 0.6126176124669215, ""HBOS"": 0.5943546015877682, ""LODA"": 0.5313620993825345}","{""smallest_K30"": 0.007697384148293118, ""random_K30"": 0.0031074630958650784, ""hard_K30"": 0.009605833050276347, ""smallest_K50"": 0.010073929109529645, ""random_K50"": 0.0037721114782168974, ""hard_K50"": 0.005682376053607717}"
ErrorEventCategories.npz,ok,1336,7,0.0052,0.0,0.368421052631579,0.27888172812984835,0.0,KNN,0.006363711245424297,"{""CBLOF"": 3.991645968616248, ""COPOD"": 2.952023273195592, ""ECOD"": 1.9101080105448522, ""HBOS"": 6.40775045594786, ""IForest"": 6.56344611450825, ""KNN"": 7.948320118575446, ""LODA"": 5.370970266284979, ""LOF"": 6.149371638542065, ""PCA"": 3.7063641537847114}","{""IForest"": 0.5762620837808807, ""LOF"": 0.5593447905477981, ""KNN"": 0.5080558539205156, ""ECOD"": 0.8764769065520945, ""COPOD"": 0.7336197636949516, ""HBOS"": 0.5214822771213748, ""PCA"": 0.6331901181525241, ""CBLOF"": 0.6154672395273899, ""LODA"": 0.3544575725026853}","{""smallest_K30"": 0.0029974580981014555, ""random_K30"": 0.001965507624276415, ""hard_K30"": 0.0035433743832441154, ""smallest_K50"": 0.0031687583856118418, ""random_K50"": 0.0014197321988370852, ""hard_K50"": 0.006363711245424297}"
ErrorEventCategories.npz,ok,1336,7,0.0052,1.0,0.37969924812030076,0.28920515574650907,0.0,KNN,0.005849314169431953,"{""CBLOF"": 3.9342693179692154, ""COPOD"": 2.9728757255652924, ""ECOD"": 2.823354029704233, ""HBOS"": 5.983682313342322, ""IForest"": 6.448694806061174, ""KNN"": 7.074346148508492, ""LODA"": 5.7068810468340665, ""LOF"": 5.7883137758840055, ""PCA"": 4.267582836131199}","{""IForest"": 0.658968850698174, ""LOF"": 0.5700859291084855, ""KNN"": 0.5042964554242749, ""ECOD"": 0.8839957035445757, ""COPOD"": 0.7346938775510203, ""HBOS"": 0.5440386680988185, ""PCA"": 0.6197636949516648, ""CBLOF"": 0.5708915145005371, ""LODA"": 0.26638023630504837}","{""smallest_K30"": 0.0049998148379256915, ""random_K30"": 0.0014715538630818024, ""hard_K30"": 0.005849314169431953, ""smallest_K50"": 0.005825991755146435, ""random_K50"": 0.002458316684013386, ""hard_K50"": 0.004908014617910552}"
ErrorEventCategories.npz,ok,1336,7,0.0052,2.0,0.40601503759398505,0.28637068862632786,0.0,KNN,0.008129062632946316,"{""CBLOF"": 4.511040366707284, ""COPOD"": 3.821881665417274, ""ECOD"": 2.6401069356650977, ""HBOS"": 5.916299742916397, ""IForest"": 6.48847242623765, ""KNN"": 7.835621021906244, ""LODA"": 4.426197569760089, ""LOF"": 5.83515341907096, ""PCA"": 3.5252268523190105}","{""IForest"": 0.604189044038668, ""LOF"": 0.5778732545649838, ""KNN"": 0.4828141783029001, ""ECOD"": 0.8888292158968851, ""COPOD"": 0.7647690655209451, ""HBOS"": 0.5461868958109559, ""PCA"": 0.6573576799140709, ""CBLOF"": 0.5273899033297529, ""LODA"": 0.37271750805585385}","{""smallest_K30"": 0.0013287121278993588, ""random_K30"": 0.002184677996641245, ""hard_K30"": 0.008129062632946316, ""smallest_K50"": 0.004626677268036659, ""random_K50"": 0.0014757639011330767, ""hard_K50"": 0.004842545061558238}"
BatteryDeviceAnomaly.npz,ok,1636,5,0.022,0.0,0.1826388888888889,0.05637538580246926,0.0,LOF,0.03282949268622624,"{""CBLOF"": 6.754081054537354, ""COPOD"": 2.1112147577699636, ""ECOD"": 1.9826724313887971, ""HBOS"": 5.89829008427043, ""IForest"": 5.206597133206338, ""KNN"": 8.236507568018235, ""LODA"": 2.7886427271637744, ""LOF"": 8.453596732172256, ""PCA"": 3.568397511472846}","{""IForest"": 0.9953124999999999, ""LOF"": 0.8173611111111111, ""KNN"": 0.9546006944444444, ""ECOD"": 0.9527777777777777, ""COPOD"": 0.9718749999999999, ""HBOS"": 0.8680555555555556, ""PCA"": 1.0, ""CBLOF"": 0.9797743055555556, ""LODA"": 0.9528645833333333}","{""smallest_K30"": 0.0035472463517472134, ""random_K30"": 0.012522808240129892, ""hard_K30"": 0.03282949268622624, ""smallest_K50"": 0.006163720079275561, ""random_K50"": 0.013583419685432894, ""hard_K50"": 0.025362036895520502}"
BatteryDeviceAnomaly.npz,ok,1636,5,0.022,1.0,0.08697916666666661,0.04597800925925932,0.0,LOF,0.028479649115806117,"{""CBLOF"": 6.2634466008055085, ""COPOD"": 2.3308884283646827, ""ECOD"": 2.9288377784773925, ""HBOS"": 5.884811261686286, ""IForest"": 5.665497250692801, ""KNN"": 8.334608822328116, ""LODA"": 1.0563817833943667, ""LOF"": 8.349283187435441, ""PCA"": 4.186244886815404}","{""IForest"": 0.9967881944444444, ""LOF"": 0.9130208333333334, ""KNN"": 0.9667534722222222, ""ECOD"": 0.9744791666666667, ""COPOD"": 0.9905381944444445, ""HBOS"": 0.8862847222222222, ""PCA"": 1.0, ""CBLOF"": 0.9792534722222221, ""LODA"": 0.8790798611111111}","{""smallest_K30"": 0.004910947065671435, ""random_K30"": 0.017833692496785628, ""hard_K30"": 0.017509639997593182, ""smallest_K50"": 0.006400345133508054, ""random_K50"": 0.011967388642875224, ""hard_K50"": 0.028479649115806117}"
BatteryDeviceAnomaly.npz,ok,1636,5,0.022,2.0,0.1294270833333333,0.04270833333333335,0.0,LOF,0.032025620264074336,"{""CBLOF"": 6.408342609311494, ""COPOD"": 1.935580141589293, ""ECOD"": 2.3725120075409016, ""HBOS"": 6.086358396281148, ""IForest"": 5.363737735728783, ""KNN"": 8.266439778873023, ""LODA"": 1.8785789380909217, ""LOF"": 8.595114848973878, ""PCA"": 4.093335543610559}","{""IForest"": 0.9984375, ""LOF"": 0.8690104166666667, ""KNN"": 0.9695312500000001, ""ECOD"": 0.9705729166666667, ""COPOD"": 0.9862847222222223, ""HBOS"": 0.890625, ""PCA"": 0.9984375, ""CBLOF"": 0.98125, ""LODA"": 0.9374131944444444}","{""smallest_K30"": 0.0043664142623780966, ""random_K30"": 0.016755656719361668, ""hard_K30"": 0.026508295909048844, ""smallest_K50"": 0.0046680170794218215, ""random_K50"": 0.012471182168614441, ""hard_K50"": 0.032025620264074336}"
ArchaeologicalAnomalies.npz,ok,1123,3,0.1051,0.0,0.2544480984905979,0.1534910194788769,0.0,IForest,0.009233491788151279,"{""CBLOF"": 3.900456255111499, ""COPOD"": 4.217820410445711, ""ECOD"": 4.521385206800343, ""HBOS"": 5.809599631655488, ""IForest"": 8.184561487146535, ""KNN"": 6.242333013938821, ""LODA"": 3.282796697422217, ""LOF"": 4.369360529573638, ""PCA"": 4.471686767905746}","{""IForest"": 0.38654186693650394, ""LOF"": 0.5927987182730416, ""KNN"": 0.6409899654271018, ""ECOD"": 0.4515136183489333, ""COPOD"": 0.47204654692638504, ""HBOS"": 0.39155915338561426, ""PCA"": 0.38692132557551223, ""CBLOF"": 0.43418500716755204, ""LODA"": 0.6309343114933806}","{""smallest_K30"": 0.009233491788151279, ""random_K30"": 0.0033056366879166705, ""hard_K30"": 0.005911234405059334, ""smallest_K50"": 0.0072542766010390254, ""random_K50"": 0.001842075203862282, ""hard_K50"": 0.004027402339260753}"
ArchaeologicalAnomalies.npz,ok,1123,3,0.1051,1.0,0.29443882283497774,0.2175234936428968,0.0,IForest,0.010135203420297556,"{""CBLOF"": 3.4407108765547703, ""COPOD"": 4.347119080780325, ""ECOD"": 4.919779418488755, ""HBOS"": 5.692759989889752, ""IForest"": 7.918124260147778, ""KNN"": 5.873903079579492, ""LODA"": 3.7606533316676214, ""LOF"": 4.466087616375232, ""PCA"": 4.580862346516274}","{""IForest"": 0.4250779998313517, ""LOF"": 0.7195168226663294, ""KNN"": 0.6231554093937094, ""ECOD"": 0.4859600303566911, ""COPOD"": 0.5142929420693144, ""HBOS"": 0.44164769373471624, ""PCA"": 0.41672990977316804, ""CBLOF"": 0.3951007673496922, ""LODA"": 0.496458386035922}","{""smallest_K30"": 0.006556815433261448, ""random_K30"": 0.0021046923443880654, ""hard_K30"": 0.004634783705152386, ""smallest_K50"": 0.010135203420297556, ""random_K50"": 0.0024888701129806854, ""hard_K50"": 0.005483695058956487}"
ArchaeologicalAnomalies.npz,ok,1123,3,0.1051,2.0,0.3195674171515305,0.21744853885000603,0.0,IForest,0.008428357872111356,"{""CBLOF"": 3.3204997268981944, ""COPOD"": 5.15777136311814, ""ECOD"": 5.61669992726504, ""HBOS"": 4.9276245458952435, ""IForest"": 8.858621278362225, ""KNN"": 5.849028821411765, ""LODA"": 2.674728059020456, ""LOF"": 3.7001483276297145, ""PCA"": 4.894877950399218}","{""IForest"": 0.4128720802765832, ""LOF"": 0.6793785310734463, ""KNN"": 0.7324394974281137, ""ECOD"": 0.48389408887764573, ""COPOD"": 0.5155156421283413, ""HBOS"": 0.43574500379458647, ""PCA"": 0.4258369171093684, ""CBLOF"": 0.43448014166455856, ""LODA"": 0.5147567248503246}","{""smallest_K30"": 0.008428357872111356, ""random_K30"": 0.001550980627606253, ""hard_K30"": 0.0035417098847332113, ""smallest_K50"": 0.006287002790592111, ""random_K50"": 0.005395978340711579, ""hard_K50"": 0.004150040958517735}"
AppFraudDetection.npz,ok,10000,5,0.2,0.0,0.0007209375000000184,0.025061736111111177,0.0,LOF,0.009840050377373675,"{""CBLOF"": 5.143064380886451, ""COPOD"": 2.6403485700616947, ""ECOD"": 2.2969881295942005, ""HBOS"": 3.6110237177240054, ""IForest"": 6.0767210153930336, ""KNN"": 8.40597915026894, ""LODA"": 4.386393424598035, ""LOF"": 8.594020849731063, ""PCA"": 3.8454607617425838}","{""IForest"": 0.9988337500000001, ""LOF"": 0.9992790625, ""KNN"": 0.999375, ""ECOD"": 0.9463993749999999, ""COPOD"": 0.984146875, ""HBOS"": 0.9877578124999999, ""PCA"": 1.0, ""CBLOF"": 0.8604612500000001, ""LODA"": 0.9981912500000001}","{""smallest_K30"": 0.007054743855655168, ""random_K30"": 0.008039029478796414, ""hard_K30"": 0.009840050377373675, ""smallest_K50"": 0.0040387200666794805, ""random_K50"": 0.0049593472045507325, ""hard_K50"": 0.005609083267103104}"
AppFraudDetection.npz,ok,10000,5,0.2,1.0,0.0002828124999999515,0.03065947916666667,0.0,LOF,0.012885510548373865,"{""CBLOF"": 4.051945104266592, ""COPOD"": 2.8813698110514254, ""ECOD"": 2.5156983123696244, ""HBOS"": 4.581526335847784, ""IForest"": 6.193538519706483, ""KNN"": 8.239321007247367, ""LODA"": 3.785803106848936, ""LOF"": 8.760678992752634, ""PCA"": 3.9901188099091565}","{""IForest"": 0.998663125, ""LOF"": 0.9997171875, ""KNN"": 1.0, ""ECOD"": 0.9328428125, ""COPOD"": 0.9777659375, ""HBOS"": 0.980134375, ""PCA"": 1.0, ""CBLOF"": 0.840409375, ""LODA"": 0.994531875}","{""smallest_K30"": 0.007409683838133508, ""random_K30"": 0.011641859828115457, ""hard_K30"": 0.012885510548373865, ""smallest_K50"": 0.006569385780155934, ""random_K50"": 0.009237184872497394, ""hard_K50"": 0.01066775229962858}"
AppFraudDetection.npz,ok,10000,5,0.2,2.0,0.0012500000000000844,0.02092423611111116,0.0,KNN,0.013079354007437122,"{""CBLOF"": 5.17549813387599, ""COPOD"": 3.0036387115356717, ""ECOD"": 2.549489660701127, ""HBOS"": 4.665867783497612, ""IForest"": 5.92057014056425, ""KNN"": 8.514752682262957, ""LODA"": 3.554937183307454, ""LOF"": 8.418040375650408, ""PCA"": 3.197205328604527}","{""IForest"": 0.9994375, ""LOF"": 0.9993650000000001, ""KNN"": 0.9987499999999999, ""ECOD"": 0.942015, ""COPOD"": 0.9862534375, ""HBOS"": 0.981006875, ""PCA"": 1.0, ""CBLOF"": 0.9055559375, ""LODA"": 0.999298125}","{""smallest_K30"": 0.008413357152167343, ""random_K30"": 0.008830418468126456, ""hard_K30"": 0.013079354007437122, ""smallest_K50"": 0.003369241084643918, ""random_K50"": 0.0051927383504761036, ""hard_K50"": 0.011247228163574815}"
MagicCardRarity.npz,ok,2177,3,0.0983,0.0,0.14048417397921564,0.05356128404926286,0.0,LOF,0.06083069971767714,"{""CBLOF"": 7.036339509667499, ""COPOD"": 2.1748215512423603, ""ECOD"": 2.127475351091083, ""HBOS"": 4.665394969273294, ""IForest"": 6.036339509667499, ""KNN"": 8.229557094966168, ""LODA"": 2.435897817704473, ""LOF"": 8.697763885698835, ""PCA"": 3.5964103106887912}","{""IForest"": 0.6950667047157023, ""LOF"": 0.5749922712896245, ""KNN"": 0.7154764452688401, ""ECOD"": 0.7134967063803476, ""COPOD"": 0.7105241254666952, ""HBOS"": 0.6997039309410001, ""PCA"": 0.7146262871275356, ""CBLOF"": 0.6216677367957957, ""LODA"": 0.5116822429906542}","{""smallest_K30"": 0.006236440591402206, ""random_K30"": 0.023630333768823997, ""hard_K30"": 0.06083069971767714, ""smallest_K50"": 0.011237672331943158, ""random_K50"": 0.02192155306638553, ""hard_K50"": 0.04775928126937293}"
MagicCardRarity.npz,ok,2177,3,0.0983,1.0,0.14404532591377128,0.05898525335637417,0.0,LOF,0.05016817764795435,"{""CBLOF"": 6.962934468451224, ""COPOD"": 2.2995919982139092, ""ECOD"": 1.9731159353551757, ""HBOS"": 3.3860580891809775, ""IForest"": 6.199004401003794, ""KNN"": 8.199004401003794, ""LODA"": 3.155100497825061, ""LOF"": 8.63905672954119, ""PCA"": 4.186133479424878}","{""IForest"": 0.6950488692302204, ""LOF"": 0.5835592494827709, ""KNN"": 0.7020879408337496, ""ECOD"": 0.7169627357256665, ""COPOD"": 0.7130627095669543, ""HBOS"": 0.7008335116881881, ""PCA"": 0.7276045753965422, ""CBLOF"": 0.6803048678985042, ""LODA"": 0.49810943853891704}","{""smallest_K30"": 0.005422461820350345, ""random_K30"": 0.026326297249401116, ""hard_K30"": 0.05016817764795435, ""smallest_K50"": 0.006460419633237961, ""random_K50"": 0.01732253061120683, ""hard_K50"": 0.04105773205270936}"
MagicCardRarity.npz,ok,2177,3,0.0983,2.0,0.08443913343321219,0.052346489315883704,0.0,LOF,0.05246201750617348,"{""CBLOF"": 6.900610094560117, ""COPOD"": 2.5805533666726337, ""ECOD"": 1.9898265301775548, ""HBOS"": 4.482310942662236, ""IForest"": 6.099389905439884, ""KNN"": 8.144706866675618, ""LODA"": 3.3684079039312107, ""LOF"": 8.855293133324384, ""PCA"": 2.578901256556365}","{""IForest"": 0.6944246272383534, ""LOF"": 0.6378207414805831, ""KNN"": 0.7016479988585289, ""ECOD"": 0.7108808351763335, ""COPOD"": 0.6976825759197165, ""HBOS"": 0.6769339611424223, ""PCA"": 0.7222598749137953, ""CBLOF"": 0.707111602577822, ""LODA"": 0.4804582530736487}","{""smallest_K30"": 0.007744910234929369, ""random_K30"": 0.030617660263465702, ""hard_K30"": 0.05246201750617348, ""smallest_K50"": 0.018246499736048055, ""random_K50"": 0.016986264632480697, ""hard_K50"": 0.044847978075726935}"
ElectionVoterLists.npz,ok,4038,6,0.0636,0.0,0.01754313823252751,0.21221731628878415,0.0,IForest,0.014229513820162517,"{""CBLOF"": 4.1103843879746655, ""COPOD"": 3.235381128467089, ""ECOD"": 3.544149896332705, ""HBOS"": 4.78396713961099, ""IForest"": 6.873928550776437, ""KNN"": 6.281492591027656, ""LODA"": 5.202031276297636, ""LOF"": 6.619202162305307, ""PCA"": 4.349462867207515}","{""IForest"": 0.9824568617674725, ""LOF"": 0.5277205228502845, ""KNN"": 0.3831759608119291, ""ECOD"": 0.9734771188749364, ""COPOD"": 0.9024924312127022, ""HBOS"": 1.0, ""PCA"": 0.9829194701591887, ""CBLOF"": 0.46618589661216453, ""LODA"": 0.8716158911122648}","{""smallest_K30"": 0.005225302697354435, ""random_K30"": 0.0024991109250125784, ""hard_K30"": 0.014229513820162517, ""smallest_K50"": 0.008496191756022332, ""random_K50"": 0.003195836921338389, ""hard_K50"": 0.0022761065304775104}"
ElectionVoterLists.npz,ok,4038,6,0.0636,1.0,0.6173971595844748,0.21144830122773983,0.0,KNN,0.011033571265353983,"{""CBLOF"": 5.118914894380148, ""COPOD"": 3.3449685529160136, ""ECOD"": 2.014970562655563, ""HBOS"": 6.765735215954243, ""IForest"": 6.0447175116676455, ""KNN"": 7.5166124350336725, ""LODA"": 5.11164654086849, ""LOF"": 7.130915523076709, ""PCA"": 1.9515187634475195}","{""IForest"": 0.979465327501041, ""LOF"": 0.565741792556117, ""KNN"": 0.38260284041552517, ""ECOD"": 0.9691748608319755, ""COPOD"": 0.8900277051025707, ""HBOS"": 1.0, ""PCA"": 0.9728757279657053, ""CBLOF"": 0.5077075698153164, ""LODA"": 0.8293694647620907}","{""smallest_K30"": 0.0026785731549995658, ""random_K30"": 0.008771682705407105, ""hard_K30"": 0.011033571265353983, ""smallest_K50"": 0.0030873091218462795, ""random_K50"": 0.002783778933644272, ""hard_K50"": 0.004392328286552582}"
ElectionVoterLists.npz,ok,4038,6,0.0636,2.0,0.019290769934566576,0.28011423571668026,0.0,IForest,0.0063232308060050015,"{""CBLOF"": 3.5046147058966635, ""COPOD"": 2.388161075458658, ""ECOD"": 2.42077703018642, ""HBOS"": 4.847321082718981, ""IForest"": 8.795069239830106, ""KNN"": 6.884203901417842, ""LODA"": 5.405451790507445, ""LOF"": 6.348993624508416, ""PCA"": 4.40540754947547}","{""IForest"": 0.9807092300654334, ""LOF"": 0.46815198227695853, ""KNN"": 0.3942040308611198, ""ECOD"": 0.9732663750520434, ""COPOD"": 0.8967663673419035, ""HBOS"": 1.0, ""PCA"": 0.9782214249366484, ""CBLOF"": 0.39797685930022775, ""LODA"": 0.3896756087155421}","{""smallest_K30"": 0.005856391867482614, ""random_K30"": 0.0062246513299653045, ""hard_K30"": 0.0063232308060050015, ""smallest_K50"": 0.004277245311610395, ""random_K50"": 0.0028409147314716384, ""hard_K50"": 0.0048519779002361985}"
PoliceArrestFraud.npz,ok,1247,3,0.016,0.0,0.045020325203252165,0.10476513098464324,0.0,LOF,0.052629915365931854,"{""CBLOF"": 6.427621966153151, ""COPOD"": 1.491382862997493, ""ECOD"": 2.153480831895543, ""HBOS"": 5.562766785335956, ""IForest"": 5.687478080020131, ""KNN"": 8.071694534042921, ""LODA"": 3.845728041101192, ""LOF"": 8.546581203726383, ""PCA"": 3.2132656947272302}","{""IForest"": 0.6860772357723578, ""LOF"": 0.6410569105691056, ""KNN"": 0.6667682926829268, ""ECOD"": 0.5119918699186992, ""COPOD"": 0.524390243902439, ""HBOS"": 0.6373983739837398, ""PCA"": 0.40508130081300814, ""CBLOF"": 0.5853658536585367, ""LODA"": 0.5736788617886178}","{""smallest_K30"": 0.00512439752444748, ""random_K30"": 0.023317103423930507, ""hard_K30"": 0.052629915365931854, ""smallest_K50"": 0.006474059418911265, ""random_K50"": 0.01736603103883996, ""hard_K50"": 0.04701041817423996}"
PoliceArrestFraud.npz,ok,1247,3,0.016,1.0,0.10975609756097549,0.1488595302619692,0.0,LOF,0.043453891267149436,"{""CBLOF"": 6.293978687485902, ""COPOD"": 2.2757173448214396, ""ECOD"": 1.3842815270315294, ""HBOS"": 5.127554111736181, ""IForest"": 6.3366398945474165, ""KNN"": 8.375088489281064, ""LODA"": 3.175195744220295, ""LOF"": 8.509887593269985, ""PCA"": 3.52165660760619}","{""IForest"": 0.7332317073170731, ""LOF"": 0.6234756097560976, ""KNN"": 0.6044715447154471, ""ECOD"": 0.5278455284552845, ""COPOD"": 0.5148373983739838, ""HBOS"": 0.6473577235772358, ""PCA"": 0.48272357723577236, ""CBLOF"": 0.5646341463414635, ""LODA"": 0.5607723577235773}","{""smallest_K30"": 0.007491694225562086, ""random_K30"": 0.025145030316498864, ""hard_K30"": 0.04292855485712817, ""smallest_K50"": 0.0056464098522740125, ""random_K50"": 0.022601439528235245, ""hard_K50"": 0.043453891267149436}"
PoliceArrestFraud.npz,ok,1247,3,0.016,2.0,0.1499999999999999,0.16746838301716327,0.0,LOF,0.045453638465433974,"{""CBLOF"": 6.26013664997834, ""COPOD"": 2.3239156616685896, ""ECOD"": 3.2563354561714055, ""HBOS"": 5.462156488757734, ""IForest"": 5.67180814099574, ""KNN"": 8.226307378026112, ""LODA"": 2.9848234442705524, ""LOF"": 8.746092283451517, ""PCA"": 2.0684244966800196}","{""IForest"": 0.7385162601626015, ""LOF"": 0.5885162601626016, ""KNN"": 0.6484756097560976, ""ECOD"": 0.541869918699187, ""COPOD"": 0.5430894308943089, ""HBOS"": 0.6432926829268293, ""PCA"": 0.4611788617886179, ""CBLOF"": 0.41036585365853656, ""LODA"": 0.5641260162601626}","{""smallest_K30"": 0.004310382145626536, ""random_K30"": 0.024127728666330242, ""hard_K30"": 0.04366331030952879, ""smallest_K50"": 0.006904618077997602, ""random_K50"": 0.0317116729919608, ""hard_K50"": 0.045453638465433974}"
CodeSurvival.npz,ok,4996,8,0.2816,0.0,0.1102931423265684,0.14432228531041558,0.0,KNN,0.011301587149568193,"{""CBLOF"": 4.091807601873498, ""COPOD"": 2.9927316515445015, ""ECOD"": 3.454713335693706, ""HBOS"": 6.166438471413224, ""IForest"": 6.042185520875758, ""KNN"": 8.140818385471094, ""LODA"": 1.773344574616843, ""LOF"": 8.130935599391856}","{""IForest"": 0.5952326509117761, ""LOF"": 0.7125910439842174, ""KNN"": 0.602297901657649, ""ECOD"": 0.581541655035606, ""COPOD"": 0.5005439376931498, ""HBOS"": 0.6018648302459054, ""CBLOF"": 0.5299630973663318, ""LODA"": 0.42211495249577824}","{""smallest_K30"": 0.003019546139350654, ""random_K30"": 0.006587168687934934, ""hard_K30"": 0.011301587149568193, ""smallest_K50"": 0.0019346621240487315, ""random_K50"": 0.00391431541933773, ""hard_K50"": 0.008424264756280199}"
CodeSurvival.npz,ok,4996,8,0.2816,1.0,0.0,0.13634770833457077,0.0,LOF,0.012634957905877788,"{""CBLOF"": 4.9753819942785915, ""COPOD"": 3.382268298112179, ""ECOD"": 3.695472128785524, ""HBOS"": 5.522823119466104, ""IForest"": 6.278738097064776, ""KNN"": 8.066833804411395, ""LODA"": 1.0, ""LOF"": 8.119117009286882}","{""IForest"": 0.5913944008568379, ""LOF"": 0.684839332980937, ""KNN"": 0.5882451055506392, ""ECOD"": 0.5674611423582445, ""COPOD"": 0.4945220178455118, ""HBOS"": 0.5951836519749046, ""CBLOF"": 0.5179662768529022, ""LODA"": 0.3483210687509527}","{""smallest_K30"": 0.0027952952022218176, ""random_K30"": 0.006021757890757, ""hard_K30"": 0.012634957905877788, ""smallest_K50"": 0.0045732154469769635, ""random_K50"": 0.004982822510016711, ""hard_K50"": 0.010816522110243301}"
CodeSurvival.npz,ok,4996,8,0.2816,2.0,0.0,0.16194632576165013,0.0,LOF,0.016643222485087074,"{""CBLOF"": 5.406174491670305, ""COPOD"": 2.127882644008963, ""ECOD"": 2.8335644017620454, ""HBOS"": 5.954989532016816, ""IForest"": 5.665566757983264, ""KNN"": 8.108316157677708, ""LODA"": 3.7465354809944666, ""LOF"": 8.30246717615625, ""PCA"": 2.854503357730183}","{""IForest"": 0.5875452621492616, ""LOF"": 0.717059846014654, ""KNN"": 0.5923313199224729, ""ECOD"": 0.5804225985076605, ""COPOD"": 0.4994377495728679, ""HBOS"": 0.6036777909101527, ""PCA"": 0.49903387954774475, ""CBLOF"": 0.5584879027069191, ""LODA"": 0.35802533294530137}","{""smallest_K30"": 0.0024411890953753334, ""random_K30"": 0.0078099713319097425, ""hard_K30"": 0.016643222485087074, ""smallest_K50"": 0.0019164081901126716, ""random_K50"": 0.005893222593254689, ""hard_K50"": 0.005526339549008555}"
EventOutcome.npz,ok,2717,3,0.0081,0.0,0.1310507674144038,0.1644412585971028,0.0,KNN,0.007741051776649831,"{""CBLOF"": 5.217003635191631, ""COPOD"": 2.6249693383794463, ""ECOD"": 2.909721757678758, ""HBOS"": 4.3033424538375815, ""IForest"": 6.3120075090545695, ""KNN"": 8.443317467298272, ""LODA"": 3.8887882479205875, ""LOF"": 8.278341266350864, ""PCA"": 3.0225083242882897}","{""IForest"": 0.7517287906898297, ""LOF"": 0.631894079946028, ""KNN"": 0.7171529768932366, ""ECOD"": 0.7826783606004385, ""COPOD"": 0.8482037443076405, ""HBOS"": 0.5243295665373587, ""PCA"": 0.6432787991229549, ""CBLOF"": 0.40883791533142183, ""LODA"": 0.8457581379659301}","{""smallest_K30"": 0.006350598116403398, ""random_K30"": 0.005085919326145803, ""hard_K30"": 0.007741051776649831, ""smallest_K50"": 0.0022307351278817, ""random_K50"": 0.0046750358519789675, ""hard_K50"": 0.004746918485859391}"
EventOutcome.npz,ok,2717,3,0.0081,1.0,0.10988362287063591,0.1544386349581155,0.0,KNN,0.01238803917742649,"{""CBLOF"": 5.6863881396210605, ""COPOD"": 1.941725109451531, ""ECOD"": 2.2910340164235183, ""HBOS"": 5.015929029386792, ""IForest"": 5.9380257543876525, ""KNN"": 8.41265344430186, ""LODA"": 3.9734977798980897, ""LOF"": 7.820020293246162, ""PCA"": 3.920726433283334}","{""IForest"": 0.7584752909428234, ""LOF"": 0.6360263113509868, ""KNN"": 0.7235621521335807, ""ECOD"": 0.7703659976387249, ""COPOD"": 0.8334457750042166, ""HBOS"": 0.5336481700118063, ""PCA"": 0.6142688480350817, ""CBLOF"": 0.5624051273401923, ""LODA"": 0.678866587957497}","{""smallest_K30"": 0.007025860027752568, ""random_K30"": 0.009197822702530235, ""hard_K30"": 0.01238803917742649, ""smallest_K50"": 0.004914537503333009, ""random_K50"": 0.0048737987476744965, ""hard_K50"": 0.005853402314368997}"
EventOutcome.npz,ok,2717,3,0.0081,2.0,0.13231573621184,0.18869117895091903,0.0,KNN,0.013688685377095647,"{""CBLOF"": 6.432263783157401, ""COPOD"": 2.17252619656189, ""ECOD"": 2.0206444356277924, ""HBOS"": 3.6578076255512055, ""IForest"": 6.251057449981898, ""KNN"": 9.0, ""LODA"": 3.39460582279337, ""LOF"": 7.775106956023455, ""PCA"": 4.295987730302988}","{""IForest"": 0.7534154157530781, ""LOF"": 0.6348456738067128, ""KNN"": 0.7348625400573453, ""ECOD"": 0.8011469050430089, ""COPOD"": 0.8671782762691853, ""HBOS"": 0.5314133918030022, ""PCA"": 0.6270871985157699, ""CBLOF"": 0.41254849047056835, ""LODA"": 0.7438859841457244}","{""smallest_K30"": 0.0038202814872115944, ""random_K30"": 0.0089031065689183, ""hard_K30"": 0.013688685377095647, ""smallest_K50"": 0.0026886843833631435, ""random_K50"": 0.004314129297151779, ""hard_K50"": 0.00969514673909639}"
MusicGenreAnomaly.npz,ok,1856,13,0.0172,0.0,0.24041095890410957,0.2415049467275494,0.0,IForest,0.010779903673478135,"{""CBLOF"": 4.6463882168659545, ""COPOD"": 5.044733697637708, ""ECOD"": 3.6264692894413155, ""HBOS"": 3.6082222047627743, ""IForest"": 8.493050248331228, ""KNN"": 6.425871102704708, ""LODA"": 1.9075608266907291, ""LOF"": 4.220469106096525, ""PCA"": 7.027235307469054}","{""IForest"": 0.7011130136986301, ""LOF"": 0.9415239726027397, ""KNN"": 0.7297945205479451, ""ECOD"": 0.6132705479452054, ""COPOD"": 0.6804794520547944, ""HBOS"": 0.5899828767123289, ""PCA"": 0.7428938356164384, ""CBLOF"": 0.6600171232876713, ""LODA"": 0.6410958904109589}","{""smallest_K30"": 0.010779903673478135, ""random_K30"": 0.0032839266047746487, ""hard_K30"": 0.0019505691999634998, ""smallest_K50"": 0.0071605420682598064, ""random_K50"": 0.00278267954552315, ""hard_K50"": 0.0013515155002118066}"
MusicGenreAnomaly.npz,ok,1856,13,0.0172,1.0,0.36412671232876714,0.3114963850837139,0.0,HBOS,0.009754525359004883,"{""CBLOF"": 3.513808943089053, ""COPOD"": 3.6755901496217174, ""ECOD"": 2.75806229604483, ""HBOS"": 7.394524471574893, ""IForest"": 7.2571628616664245, ""KNN"": 6.52194679647648, ""LODA"": 3.375888801974552, ""LOF"": 6.029949784675053, ""PCA"": 4.4730658948769975}","{""IForest"": 0.6303082191780822, ""LOF"": 0.924486301369863, ""KNN"": 0.7190924657534246, ""ECOD"": 0.5963184931506849, ""COPOD"": 0.6550513698630137, ""HBOS"": 0.5603595890410958, ""PCA"": 0.7269691780821917, ""CBLOF"": 0.3957191780821918, ""LODA"": 0.3086044520547945}","{""smallest_K30"": 0.008703150407511226, ""random_K30"": 0.0028295946000313986, ""hard_K30"": 0.009754525359004883, ""smallest_K50"": 0.002974984347678191, ""random_K50"": 0.0016587482703632026, ""hard_K50"": 0.006625801831350328}"
MusicGenreAnomaly.npz,ok,1856,13,0.0172,2.0,0.1972602739726027,0.30429984779299857,0.0,IForest,0.00970566293315151,"{""CBLOF"": 3.6193189208274257, ""COPOD"": 4.276308682157526, ""ECOD"": 3.214095424487953, ""HBOS"": 6.003835848255203, ""IForest"": 8.120784821031826, ""KNN"": 5.444919308108459, ""LODA"": 3.8085770020554013, ""LOF"": 5.8857620628702145, ""PCA"": 4.626397930205989}","{""IForest"": 0.7142979452054795, ""LOF"": 0.9115582191780822, ""KNN"": 0.7255136986301369, ""ECOD"": 0.5873287671232876, ""COPOD"": 0.6555650684931507, ""HBOS"": 0.5649828767123287, ""PCA"": 0.7391267123287671, ""CBLOF"": 0.34349315068493147, ""LODA"": 0.22345890410958902}","{""smallest_K30"": 0.00502831188150023, ""random_K30"": 0.005447962066095118, ""hard_K30"": 0.00970566293315151, ""smallest_K50"": 0.008743717214250466, ""random_K50"": 0.002791192500915412, ""hard_K50"": 0.003185453668248315}"
SystemGeometryCheck.npz,ok,1154,3,0.0208,0.0,0.0,0.2724209275647328,0.0,LOF,0.03018712455775588,"{""CBLOF"": 5.995010237839923, ""COPOD"": 2.1362342720473695, ""ECOD"": 1.8858618503033946, ""HBOS"": 4.388422000558477, ""IForest"": 7.289253137342103, ""KNN"": 7.720726386978051, ""LODA"": 2.9256079345454116, ""LOF"": 8.990020475679847, ""PCA"": 3.668863704705423}","{""IForest"": 0.6351401179941003, ""LOF"": 0.7745206489675516, ""KNN"": 0.7743362831858407, ""ECOD"": 0.19929941002949855, ""COPOD"": 0.35527286135693215, ""HBOS"": 0.5578908554572272, ""PCA"": 0.16316371681415928, ""CBLOF"": 0.5781710914454277, ""LODA"": 0.4811025073746312}","{""smallest_K30"": 0.0005298838506485648, ""random_K30"": 0.02632410950540305, ""hard_K30"": 0.03018712455775588, ""smallest_K50"": 0.007569511027621363, ""random_K50"": 0.015453941838941346, ""hard_K50"": 0.026129639213885406}"
SystemGeometryCheck.npz,ok,1154,3,0.0208,1.0,0.0,0.3042957227138642,0.0,LOF,0.03629223352878729,"{""CBLOF"": 5.648252701876119, ""COPOD"": 2.439730182662127, ""ECOD"": 2.9996077032296196, ""HBOS"": 3.920174114972359, ""IForest"": 7.066972432199866, ""KNN"": 8.066972432199867, ""LODA"": 2.2841789712506975, ""LOF"": 8.839796453048498, ""PCA"": 3.7343150085608348}","{""IForest"": 0.6117256637168141, ""LOF"": 0.829646017699115, ""KNN"": 0.816924778761062, ""ECOD"": 0.204646017699115, ""COPOD"": 0.3777654867256637, ""HBOS"": 0.5254424778761062, ""PCA"": 0.16537610619469026, ""CBLOF"": 0.7074115044247787, ""LODA"": 0.4892146017699115}","{""smallest_K30"": 0.001023044770326478, ""random_K30"": 0.024318364829343596, ""hard_K30"": 0.03629223352878729, ""smallest_K50"": 0.0068047428252305244, ""random_K50"": 0.017203748237731707, ""hard_K50"": 0.03123860820414179}"
SystemGeometryCheck.npz,ok,1154,3,0.0208,2.0,0.006637168141592986,0.21114491150442471,0.0,LOF,0.026629233545958784,"{""CBLOF"": 5.616586703024055, ""COPOD"": 3.3033895056200184, ""ECOD"": 3.575254520559398, ""HBOS"": 3.293130461449504, ""IForest"": 7.043259869287838, ""KNN"": 8.099982132375166, ""LODA"": 1.1999642647503301, ""LOF"": 8.813498129049156}","{""IForest"": 0.6793879056047197, ""LOF"": 0.7796828908554572, ""KNN"": 0.7863200589970502, ""ECOD"": 0.20814896755162243, ""COPOD"": 0.38845870206489674, ""HBOS"": 0.5545722713864306, ""CBLOF"": 0.6886061946902655, ""LODA"": 0.5162241887905605}","{""smallest_K30"": 0.00504188780189577, ""random_K30"": 0.014586689905545552, ""hard_K30"": 0.026629233545958784, ""smallest_K50"": 0.0038452522061428462, ""random_K50"": 0.012394157179879612, ""hard_K50"": 0.026390061487060013}"
DeveloperSurvey.npz,ok,3366,5,0.0354,0.0,0.10341305753070451,0.06423831070889896,0.0,LOF,0.013180090404161637,"{""CBLOF"": 6.436293765744753, ""COPOD"": 2.609247408022722, ""ECOD"": 2.0317587029835864, ""HBOS"": 3.5235033218496783, ""IForest"": 5.620757580332939, ""KNN"": 8.493587601814683, ""LODA"": 4.441294427482071, ""LOF"": 8.506412398185319, ""PCA"": 3.3371447935842484}","{""IForest"": 0.6328571428571429, ""LOF"": 0.5496380090497738, ""KNN"": 0.5261085972850679, ""ECOD"": 0.6482029734970911, ""COPOD"": 0.6385585003232062, ""HBOS"": 0.4113122171945701, ""PCA"": 0.6530510665804783, ""CBLOF"": 0.6314996767937944, ""LODA"": 0.6080866192630898}","{""smallest_K30"": 0.013180090404161637, ""random_K30"": 0.006712582528053192, ""hard_K30"": 0.009731709257235039, ""smallest_K50"": 0.011645470938053388, ""random_K50"": 0.0031980808381188632, ""hard_K50"": 0.005828226738057389}"
DeveloperSurvey.npz,ok,3366,5,0.0354,1.0,0.09243697478991586,0.07141995259642309,0.0,LOF,0.009793651827076665,"{""CBLOF"": 6.068219409728884, ""COPOD"": 2.07414100809902, ""ECOD"": 2.0, ""HBOS"": 4.144806277852665, ""IForest"": 6.3547863016197565, ""KNN"": 8.316611626423796, ""LODA"": 4.133830348660905, ""LOF"": 8.683388373576202, ""PCA"": 3.224216654038768}","{""IForest"": 0.6188429217840983, ""LOF"": 0.5608726567550097, ""KNN"": 0.5301098901098901, ""ECOD"": 0.648267614738203, ""COPOD"": 0.6414544279250161, ""HBOS"": 0.4160956690368455, ""PCA"": 0.6533096315449256, ""CBLOF"": 0.5508920491273432, ""LODA"": 0.6171622495151907}","{""smallest_K30"": 0.006251492161153875, ""random_K30"": 0.008595251932926196, ""hard_K30"": 0.009793651827076665, ""smallest_K50"": 0.00938779073333922, ""random_K50"": 0.004035758155390545, ""hard_K50"": 0.0056154681626365156}"
DeveloperSurvey.npz,ok,3366,5,0.0354,2.0,0.12365223012281845,0.06255476549594197,0.0,KNN,0.012122785584732077,"{""CBLOF"": 5.918864234368054, ""COPOD"": 2.5689371451934653, ""ECOD"": 1.918873009904924, ""HBOS"": 4.545509722485233, ""IForest"": 6.2054779435574146, ""KNN"": 8.298073569318714, ""LODA"": 4.539663674954263, ""LOF"": 8.116827127349367, ""PCA"": 2.8877735728685625}","{""IForest"": 0.6163865546218487, ""LOF"": 0.5516936005171299, ""KNN"": 0.5202973497091143, ""ECOD"": 0.6439495798319328, ""COPOD"": 0.6290950226244344, ""HBOS"": 0.40603102779573375, ""PCA"": 0.6427472527472528, ""CBLOF"": 0.6165287653522948, ""LODA"": 0.6058241758241758}","{""smallest_K30"": 0.008853639080471824, ""random_K30"": 0.004986249798288608, ""hard_K30"": 0.00894106373867418, ""smallest_K50"": 0.00930261111255092, ""random_K50"": 0.0039034232297762506, ""hard_K50"": 0.012122785584732077}"
EntityRelationshipAnomalies.npz,ok,1066,3,0.0056,0.0,0.0,0.39168413696715587,0.0,KNN,0.06565123978595029,"{""CBLOF"": 5.286974183330824, ""COPOD"": 2.1398299803988334, ""ECOD"": 2.6985705728079767, ""HBOS"": 5.937200264935507, ""IForest"": 6.370837418707934, ""KNN"": 8.696574209498404, ""LODA"": 3.744002004204556, ""LOF"": 8.303425790501596, ""PCA"": 1.8225855756143694}","{""IForest"": 0.48191823899371067, ""LOF"": 0.8938679245283019, ""KNN"": 0.9182389937106918, ""ECOD"": 0.7146226415094339, ""COPOD"": 0.2838050314465409, ""HBOS"": 0.28144654088050314, ""PCA"": 0.4512578616352201, ""CBLOF"": 0.5440251572327044, ""LODA"": 0.16981132075471694}","{""smallest_K30"": 0.06452401540866598, ""random_K30"": 0.028177886032438274, ""hard_K30"": 0.06565123978595029, ""smallest_K50"": 0.040079216317286205, ""random_K50"": 0.022381810027495824, ""hard_K50"": 0.02360267874594625}"
EntityRelationshipAnomalies.npz,ok,1066,3,0.0056,1.0,0.0,0.3689727463312369,0.0,KNN,0.05644742421745363,"{""CBLOF"": 5.880927225886456, ""COPOD"": 2.5157345969469564, ""ECOD"": 3.036413344700178, ""HBOS"": 5.177847638577881, ""IForest"": 6.738200384857391, ""KNN"": 8.67276787803808, ""LODA"": 2.9233312605809, ""LOF"": 8.32723212196192, ""PCA"": 1.727545548450237}","{""IForest"": 0.6139937106918238, ""LOF"": 0.9386792452830189, ""KNN"": 0.9473270440251572, ""ECOD"": 0.6918238993710691, ""COPOD"": 0.32861635220125784, ""HBOS"": 0.43907232704402516, ""PCA"": 0.39308176100628933, ""CBLOF"": 0.6147798742138365, ""LODA"": 0.23781446540880502}","{""smallest_K30"": 0.04580798677194464, ""random_K30"": 0.03220925019500423, ""hard_K30"": 0.042802150652948345, ""smallest_K50"": 0.05644742421745363, ""random_K50"": 0.01645888205160748, ""hard_K50"": 0.02188739701152065}"
EntityRelationshipAnomalies.npz,ok,1066,3,0.0056,2.0,0.047169811320754707,0.4088923829489868,0.0,LOF,0.06177491827425302,"{""CBLOF"": 5.489285422141117, ""COPOD"": 2.6636123503925786, ""ECOD"": 3.184849782071094, ""HBOS"": 5.378728147706754, ""IForest"": 6.895783776422655, ""KNN"": 8.461515215566335, ""LODA"": 2.6574290035756714, ""LOF"": 8.538484784433665, ""PCA"": 1.7303115176901305}","{""IForest"": 0.40566037735849053, ""LOF"": 0.8805031446540881, ""KNN"": 0.9276729559748428, ""ECOD"": 0.675314465408805, ""COPOD"": 0.29166666666666663, ""HBOS"": 0.26100628930817604, ""PCA"": 0.46147798742138363, ""CBLOF"": 0.5786163522012578, ""LODA"": 0.18710691823899367}","{""smallest_K30"": 0.06177491827425302, ""random_K30"": 0.03872205048888614, ""hard_K30"": 0.037371375943116916, ""smallest_K50"": 0.028354353215646996, ""random_K50"": 0.0262165518726295, ""hard_K50"": 0.022388541084920173}"
BusinessInvoiceStatus.npz,ok,3996,4,0.2753,0.0,0.43363322884012534,0.25631469871125045,0.0,LOF,0.013513197878832385,"{""CBLOF"": 4.603838478951414, ""COPOD"": 2.583646597004634, ""ECOD"": 3.2377597599153045, ""HBOS"": 3.0812407799575086, ""IForest"": 6.548629959105747, ""KNN"": 8.267807356752638, ""LODA"": 4.354656967702152, ""LOF"": 8.485582634072351, ""PCA"": 3.8368374665382547}","{""IForest"": 0.9496394984326018, ""LOF"": 0.5663667711598747, ""KNN"": 0.6989764890282132, ""ECOD"": 0.5738416927899685, ""COPOD"": 0.7334153605015674, ""HBOS"": 1.0, ""PCA"": 1.0, ""CBLOF"": 0.6460579937304075, ""LODA"": 0.5248699059561128}","{""smallest_K30"": 0.013513197878832385, ""random_K30"": 0.005534236203780604, ""hard_K30"": 0.013507079901415128, ""smallest_K50"": 0.0062189872952077025, ""random_K50"": 0.0034793961161023682, ""hard_K50"": 0.008182908645236893}"
BusinessInvoiceStatus.npz,ok,3996,4,0.2753,1.0,0.4429992163009404,0.24896490769766622,0.0,LOF,0.01002109284976894,"{""CBLOF"": 5.251629017673358, ""COPOD"": 2.845950614087621, ""ECOD"": 2.5797091939130476, ""HBOS"": 3.052965552393333, ""IForest"": 6.357503494831229, ""KNN"": 8.206380921155883, ""LODA"": 5.156938023746898, ""LOF"": 8.373328272757163, ""PCA"": 3.175594909441462}","{""IForest"": 0.9644749216300941, ""LOF"": 0.5570007836990596, ""KNN"": 0.7225799373040752, ""ECOD"": 0.5794529780564264, ""COPOD"": 0.7310532915360501, ""HBOS"": 1.0, ""PCA"": 1.0, ""CBLOF"": 0.6653652037617556, ""LODA"": 0.5393887147335423}","{""smallest_K30"": 0.008614369486221308, ""random_K30"": 0.006366715902985471, ""hard_K30"": 0.01002109284976894, ""smallest_K50"": 0.004492684091130976, ""random_K50"": 0.0038414167398385128, ""hard_K50"": 0.008669111121150682}"
BusinessInvoiceStatus.npz,ok,3996,4,0.2753,2.0,0.44521786833855803,0.25037260536398476,0.0,LOF,0.009315056449626831,"{""CBLOF"": 3.8785342756805976, ""COPOD"": 2.6972494850400337, ""ECOD"": 2.685418605428686, ""HBOS"": 3.4710375823270407, ""IForest"": 7.158644655461777, ""KNN"": 8.036841353243634, ""LODA"": 4.702080498081099, ""LOF"": 8.51700551333497, ""PCA"": 3.8531880314021656}","{""IForest"": 0.9482758620689655, ""LOF"": 0.5532711598746082, ""KNN"": 0.714564263322884, ""ECOD"": 0.5789294670846394, ""COPOD"": 0.7433291536050157, ""HBOS"": 0.9984890282131662, ""PCA"": 0.9982758620689656, ""CBLOF"": 0.6337680250783698, ""LODA"": 0.5641449843260188}","{""smallest_K30"": 0.009315056449626831, ""random_K30"": 0.0056145101040180325, ""hard_K30"": 0.006666610062022774, ""smallest_K50"": 0.008031789874828667, ""random_K50"": 0.0026916392088793, ""hard_K50"": 0.0036850271191170504}"
HospitalReadmissions.npz,ok,5571,7,0.0074,0.0,0.050401358443964095,0.10008355508509881,0.0,LOF,0.011041864542904936,"{""CBLOF"": 6.191996535025333, ""COPOD"": 2.0796919226550177, ""ECOD"": 1.7346921503064523, ""HBOS"": 4.32320504082793, ""IForest"": 5.854818789240172, ""KNN"": 8.201656833200138, ""LODA"": 3.620128635743346, ""LOF"": 8.648058123439343, ""PCA"": 4.345751969562271}","{""IForest"": 0.7659551007806642, ""LOF"": 0.8036210470603803, ""KNN"": 0.8540224055043444, ""ECOD"": 0.7478278128170069, ""COPOD"": 0.7889780796542143, ""HBOS"": 0.7093569443831871, ""PCA"": 0.7224893044590482, ""CBLOF"": 0.7803334362457549, ""LODA"": 0.6128655228686102}","{""smallest_K30"": 0.001785650559114291, ""random_K30"": 0.006573956320087096, ""hard_K30"": 0.011041864542904936, ""smallest_K50"": 0.001706698095538124, ""random_K50"": 0.00337794246971378, ""hard_K50"": 0.009583108555977753}"
HospitalReadmissions.npz,ok,5571,7,0.0074,1.0,0.04910025140034402,0.0917488740891026,0.0,LOF,0.010896685080280797,"{""CBLOF"": 5.120730447262197, ""COPOD"": 2.8486334286866333, ""ECOD"": 2.6290747010595172, ""HBOS"": 4.826567777969183, ""IForest"": 5.85984511531202, ""KNN"": 7.212865164683305, ""LODA"": 3.699716447390664, ""LOF"": 7.614580027408625, ""PCA"": 5.187986890227856}","{""IForest"": 0.7690976050809333, ""LOF"": 0.8158161690115997, ""KNN"": 0.8649164204119437, ""ECOD"": 0.7542451373880827, ""COPOD"": 0.7957041414898778, ""HBOS"": 0.7143518722709832, ""PCA"": 0.7285317337802674, ""CBLOF"": 0.7932342433731753, ""LODA"": 0.7226105940987078}","{""smallest_K30"": 0.002333554936812369, ""random_K30"": 0.004943673770357297, ""hard_K30"": 0.010896685080280797, ""smallest_K50"": 0.006729348042023555, ""random_K50"": 0.0050940847326849704, ""hard_K50"": 0.0041993259269506025}"
HospitalReadmissions.npz,ok,5571,7,0.0074,2.0,0.04464561372557663,0.08377071112483281,0.0,LOF,0.014820965632633059,"{""CBLOF"": 6.020633308849885, ""COPOD"": 2.1848691770247646, ""ECOD"": 2.0777227287488573, ""HBOS"": 4.391304055084561, ""IForest"": 5.552614611332994, ""KNN"": 7.69118575748584, ""LODA"": 3.4550915222874163, ""LOF"": 8.647955408392644, ""PCA"": 4.97862343079304}","{""IForest"": 0.7692740263749834, ""LOF"": 0.8062342874784987, ""KNN"": 0.8508799012040753, ""ECOD"": 0.7516760022934769, ""COPOD"": 0.7920764786309707, ""HBOS"": 0.6744916861465179, ""PCA"": 0.7200745379967363, ""CBLOF"": 0.763694702950646, ""LODA"": 0.7755810876372778}","{""smallest_K30"": 0.004077690354909122, ""random_K30"": 0.006866858606984567, ""hard_K30"": 0.014820965632633059, ""smallest_K50"": 0.002972448376084046, ""random_K50"": 0.005253971667685474, ""hard_K50"": 0.009200092176790974}"
RNAAmplificationEphys.npz,ok,1481,63,0.2849,0.0,0.06451757131360092,0.16011654594771818,0.0,IForest,0.0039066830226528225,"{""CBLOF"": 2.772399894998305, ""COPOD"": 4.374915032490978, ""ECOD"": 2.9974041440498214, ""HBOS"": 5.420320743792294, ""IForest"": 8.782364947117332, ""KNN"": 6.562742336839827, ""LODA"": 3.1550281046868403, ""LOF"": 5.772399894998305, ""PCA"": 5.1624249010263}","{""IForest"": 0.7407001699007423, ""LOF"": 0.7506594831440578, ""KNN"": 0.6592372350889744, ""ECOD"": 0.5186555486005544, ""COPOD"": 0.37488822319592235, ""HBOS"": 0.49006304211749985, ""PCA"": 0.7823482071000627, ""CBLOF"": 0.6841411070374676, ""LODA"": 0.8052177412143432}","{""smallest_K30"": 0.002100943858712805, ""random_K30"": 0.0021548846437535432, ""hard_K30"": 0.0010449014353047844, ""smallest_K50"": 0.0039066830226528225, ""random_K50"": 0.002230228874097581, ""hard_K50"": 0.00033105127263925477}"
RNAAmplificationEphys.npz,ok,1481,63,0.2849,1.0,0.002548511132969611,0.16899535008495037,0.0,IForest,0.004098171917019612,"{""CBLOF"": 3.4927915286931857, ""COPOD"": 2.1900886215895157, ""ECOD"": 2.8504555267154728, ""HBOS"": 5.9883425466885125, ""IForest"": 8.796642683250585, ""KNN"": 5.600182554073573, ""LODA"": 2.616518232712476, ""LOF"": 6.436983232077031}","{""IForest"": 0.7752727354019494, ""LOF"": 0.7455512831977108, ""KNN"": 0.6704372708575517, ""ECOD"": 0.5185996601985157, ""COPOD"": 0.37574890458732, ""HBOS"": 0.4502593221854601, ""CBLOF"": 0.777821246534919, ""LODA"": 0.556916748636323}","{""smallest_K30"": 0.004098171917019612, ""random_K30"": 0.001861706273090051, ""hard_K30"": 0.0011992257859002496, ""smallest_K50"": 0.003499835664154661, ""random_K50"": 0.0013513390641101825, ""hard_K50"": 0.0006072654272188397}"
RNAAmplificationEphys.npz,ok,1481,63,0.2849,2.0,0.05680497183224542,0.17071112402754185,0.0,IForest,0.009255650684764197,"{""CBLOF"": 2.479563819924833, ""COPOD"": 4.213155036648256, ""ECOD"": 3.592549596116344, ""HBOS"": 7.452218060631218, ""IForest"": 8.701542082785057, ""KNN"": 5.97824363167262, ""LODA"": 2.963880361066159, ""LOF"": 5.474476984504541}","{""IForest"": 0.7181547885182867, ""LOF"": 0.7749597603505322, ""KNN"": 0.6782504694625773, ""ECOD"": 0.5329629795224895, ""COPOD"": 0.3877872663864795, ""HBOS"": 0.49532772958955557, ""CBLOF"": 0.7207591880532951, ""LODA"": 0.5257869087007064}","{""smallest_K30"": 0.009255650684764197, ""random_K30"": 0.002968657045812504, ""hard_K30"": 0.0024654399300984937, ""smallest_K50"": 0.003800190170891939, ""random_K50"": 0.0020007167995551903, ""hard_K50"": 0.0006105554988139865}"
TimeTrackingIssues.npz,ok,1069,3,0.2778,0.0,0.12928206799174546,0.13986912132073437,0.0,LOF,0.05313615733699152,"{""CBLOF"": 2.7017708538277665, ""COPOD"": 4.859482686533344, ""ECOD"": 4.872625693064394, ""IForest"": 5.894394657008145, ""KNN"": 7.761249919890294, ""LODA"": 2.4353113843108716, ""LOF"": 7.981340288745895, ""PCA"": 2.428705366752698}","{""IForest"": 0.5259693711306614, ""LOF"": 0.5391875746714456, ""KNN"": 0.5704572607798413, ""ECOD"": 0.4502878244813729, ""COPOD"": 0.4916911045943304, ""PCA"": 0.6259259259259259, ""CBLOF"": 0.6684696426631911, ""LODA"": 0.35681546649288587}","{""smallest_K30"": 0.03318445237677261, ""random_K30"": 0.026994543344659908, ""hard_K30"": 0.023444285685803052, ""smallest_K50"": 0.010590882692037146, ""random_K50"": 0.01949236226880141, ""hard_K50"": 0.05313615733699152}"
TimeTrackingIssues.npz,ok,1069,3,0.2778,1.0,0.0,0.08475887911371782,0.0,LOF,0.03921179718342977,"{""CBLOF"": 3.749604001571793, ""COPOD"": 3.609987779957439, ""ECOD"": 2.9314449836586096, ""IForest"": 6.4109964306424985, ""KNN"": 7.639343257730598, ""LODA"": 2.4672828970024305, ""LOF"": 7.792174903890439, ""PCA"": 3.6980659192003262}","{""IForest"": 0.5753231237102204, ""LOF"": 0.5928749864233736, ""KNN"": 0.587596394048007, ""ECOD"": 0.46097534484631264, ""COPOD"": 0.5174106657977626, ""PCA"": 0.5541870316063864, ""CBLOF"": 0.3871836646030195, ""LODA"": 0.3893776474421636}","{""smallest_K30"": 0.016636572865627693, ""random_K30"": 0.027297909792391786, ""hard_K30"": 0.03921179718342977, ""smallest_K50"": 0.006153900644868512, ""random_K50"": 0.019783010303027017, ""hard_K50"": 0.02442846796908147}"
TimeTrackingIssues.npz,ok,1069,3,0.2778,2.0,0.014749647007711641,0.05814675169513883,0.0,KNN,0.06811336770679702,"{""CBLOF"": 2.3261102119391053, ""COPOD"": 5.201754632263975, ""ECOD"": 3.196110341811837, ""IForest"": 5.909348081491934, ""KNN"": 7.905650783395985, ""LODA"": 3.738549931283669, ""LOF"": 7.627410527104465}","{""IForest"": 0.588606495058108, ""LOF"": 0.5622787009883783, ""KNN"": 0.5738568480503964, ""ECOD"": 0.4804062126642772, ""COPOD"": 0.5400130335614206, ""CBLOF"": 0.5854349951124145, ""LODA"": 0.38262191810578905}","{""smallest_K30"": 0.045789203618305546, ""random_K30"": 0.022185344977155626, ""hard_K30"": 0.04348872107996766, ""smallest_K50"": 0.06811336770679702, ""random_K50"": 0.019847290129918142, ""hard_K50"": 0.046838528439133706}"
MonsterAberration.npz,ok,1159,3,0.2235,0.0,0.0604676104676104,0.13827756327756324,0.0,KNN,0.026921046037104726,"{""CBLOF"": 3.114292215014229, ""COPOD"": 3.3190014879997176, ""ECOD"": 1.4655680066343613, ""HBOS"": 7.12638294432005, ""IForest"": 5.417758221971324, ""KNN"": 8.752811539244322, ""LODA"": 5.469259971221885, ""LOF"": 7.443101748104906, ""PCA"": 2.8918238654892066}","{""IForest"": 0.6527992277992278, ""LOF"": 0.675997425997426, ""KNN"": 0.6155298155298156, ""ECOD"": 0.505995280995281, ""COPOD"": 0.4672779922779923, ""HBOS"": 0.45658515658515664, ""PCA"": 0.6324860574860575, ""CBLOF"": 0.49342556842556845, ""LODA"": 0.3393822393822393}","{""smallest_K30"": 0.006633837261385547, ""random_K30"": 0.009998332088734877, ""hard_K30"": 0.026921046037104726, ""smallest_K50"": 0.006686277153013482, ""random_K50"": 0.009004121812511605, ""hard_K50"": 0.019452860481070144}"
MonsterAberration.npz,ok,1159,3,0.2235,1.0,0.2684148434148434,0.17968563801897142,0.0,HBOS,0.02056250836550334,"{""CBLOF"": 2.7314360447181976, ""COPOD"": 4.047500639021634, ""ECOD"": 2.6836467303191345, ""HBOS"": 8.096781497196305, ""IForest"": 6.109728980987867, ""KNN"": 7.549120804313626, ""LODA"": 3.4474970774512803, ""LOF"": 6.669003215868251, ""PCA"": 3.6652850101237053}","{""IForest"": 0.6076683826683827, ""LOF"": 0.7126769626769627, ""KNN"": 0.6261475761475761, ""ECOD"": 0.4832797082797083, ""COPOD"": 0.43859931359931364, ""HBOS"": 0.4442621192621193, ""PCA"": 0.640015015015015, ""CBLOF"": 0.48733376233376235, ""LODA"": 0.35693908193908197}","{""smallest_K30"": 0.001416824637298069, ""random_K30"": 0.010941637593499, ""hard_K30"": 0.02056250836550334, ""smallest_K50"": 0.010497665625745438, ""random_K50"": 0.01102800689601559, ""hard_K50"": 0.012258967891897041}"
MonsterAberration.npz,ok,1159,3,0.2235,2.0,0.07498927498927499,0.1685352018685352,0.0,KNN,0.017815077012256254,"{""CBLOF"": 2.763983929301755, ""COPOD"": 3.5023717895660123, ""ECOD"": 2.9600730441547167, ""HBOS"": 7.055390310384827, ""IForest"": 6.088939801861793, ""KNN"": 8.596015925571896, ""LODA"": 2.7192069863820016, ""LOF"": 7.470904417994454, ""PCA"": 3.8431137947825467}","{""IForest"": 0.6033783783783784, ""LOF"": 0.6855319605319605, ""KNN"": 0.6105426855426855, ""ECOD"": 0.4634813384813385, ""COPOD"": 0.41935864435864434, ""HBOS"": 0.43197125697125693, ""PCA"": 0.6265873015873016, ""CBLOF"": 0.4591913341913342, ""LODA"": 0.35292792792792793}","{""smallest_K30"": 0.0072311366787258, ""random_K30"": 0.010652205987764063, ""hard_K30"": 0.014188286314612353, ""smallest_K50"": 0.005514091827054178, ""random_K50"": 0.00659722456806482, ""hard_K50"": 0.017815077012256254}"
UserEventAnomalies.npz,ok,20738,3,0.0111,0.0,0.0,0.35909218314619706,0.0,HBOS,0.052964689941689416,"{""CBLOF"": 6.2672397693446245, ""COPOD"": 4.235397388762582, ""ECOD"": 3.3669249841954874, ""HBOS"": 7.109712762974674, ""IForest"": 5.8450550657550195, ""KNN"": 6.5539202352242185, ""LODA"": 4.4134228552671715, ""LOF"": 4.181132088780007, ""PCA"": 3.0271948496962153}","{""IForest"": 0.7692461789583025, ""LOF"": 0.5084073516630276, ""KNN"": 0.490280457041104, ""ECOD"": 0.8429525364085387, ""COPOD"": 0.7659286032264219, ""HBOS"": 0.9521092574141988, ""PCA"": 0.4478748436605686, ""CBLOF"": 0.543289593623471, ""LODA"": 0.017064846416382284}","{""smallest_K30"": 0.03140206149945009, ""random_K30"": 0.01686375281128794, ""hard_K30"": 0.052964689941689416, ""smallest_K50"": 0.013802844435488503, ""random_K50"": 0.004668098277078885, ""hard_K50"": 0.017001507717241286}"
UserEventAnomalies.npz,ok,20738,3,0.0111,1.0,0.0,0.3594735733364425,0.0,HBOS,0.02580430023529211,"{""COPOD"": 3.6521969644774424, ""ECOD"": 3.232746468450722, ""HBOS"": 8.02876414176796, ""IForest"": 5.9005490788556685, ""KNN"": 5.850216724096161, ""LODA"": 4.398177776648676, ""LOF"": 4.171463445927823, ""PCA"": 3.76089254163132}","{""IForest"": 0.7358912937485426, ""LOF"": 0.5006168782990269, ""KNN"": 0.4859087825662985, ""ECOD"": 0.8287834142411974, ""COPOD"": 0.7515072181120557, ""HBOS"": 0.9460295084052318, ""PCA"": 0.443710385177962, ""LODA"": 0.0}","{""smallest_K30"": 0.02135456605233266, ""random_K30"": 0.010479574405218389, ""hard_K30"": 0.02580430023529211, ""smallest_K50"": 0.008563016767827883, ""random_K50"": 0.007781950547345173, ""hard_K50"": 0.01842745975366245}"
UserEventAnomalies.npz,ok,20738,3,0.0111,2.0,0.0,0.35317905634579105,0.0,HBOS,0.03464701597517103,"{""COPOD"": 4.157999527880064, ""ECOD"": 3.397869189001571, ""HBOS"": 7.851031408811975, ""IForest"": 5.945993845705257, ""KNN"": 6.017734911259685, ""LODA"": 4.108328173088449, ""LOF"": 4.5149124342830955, ""PCA"": 3.52055297588955}","{""IForest"": 0.7341614906832298, ""LOF"": 0.5446606109427004, ""KNN"": 0.4966638755220147, ""ECOD"": 0.8345112670383481, ""COPOD"": 0.7627021813325419, ""HBOS"": 0.9494493672227757, ""PCA"": 0.44801369427426707, ""LODA"": 0.0}","{""smallest_K30"": 0.02591196978440937, ""random_K30"": 0.012094702493642286, ""hard_K30"": 0.03464701597517103, ""smallest_K50"": 0.010373063811480749, ""random_K50"": 0.008415392443691425, ""hard_K50"": 0.012327589071415143}"
MoldProcess.npz,ok,1289,27,0.0784,0.0,0.0,0.07969788575496195,0.0,KNN,0.010045762378332015,"{""CBLOF"": 6.790876945363672, ""COPOD"": 1.4654445176319202, ""ECOD"": 2.6421185054324416, ""HBOS"": 4.961828236330159, ""IForest"": 6.118716279907863, ""KNN"": 8.50534630322274, ""LODA"": 3.2712578579888216, ""LOF"": 7.743263363026884, ""PCA"": 3.501147991095492}","{""IForest"": 0.9727930776270904, ""LOF"": 0.9779099758715367, ""KNN"": 0.9995839920126467, ""ECOD"": 0.7747732756468925, ""COPOD"": 0.7128296863299775, ""HBOS"": 0.9056909892669939, ""PCA"": 0.9605624427989017, ""CBLOF"": 0.998502371245528, ""LODA"": 0.9763291455195939}","{""smallest_K30"": 0.007813730113013048, ""random_K30"": 0.010045762378332015, ""hard_K30"": 0.00791821021314702, ""smallest_K50"": 0.006068327617630427, ""random_K50"": 0.007346883229172519, ""hard_K50"": 0.008156438677821617}"
MoldProcess.npz,ok,1289,27,0.0784,1.0,0.0,0.0989590555694223,0.0,KNN,0.01217499973631641,"{""CBLOF"": 6.969040598558036, ""COPOD"": 1.6687786139874405, ""ECOD"": 2.0565587170037958, ""HBOS"": 4.531571082269703, ""IForest"": 6.638924460903561, ""KNN"": 8.407502704091465, ""LODA"": 2.2746626690087637, ""LOF"": 7.581397028990505, ""PCA"": 4.871564125186729}","{""IForest"": 0.9544887261835427, ""LOF"": 0.9676761793826442, ""KNN"": 1.0, ""ECOD"": 0.7275979698810218, ""COPOD"": 0.6556285880688909, ""HBOS"": 0.9132623346368249, ""PCA"": 0.9569847741076629, ""CBLOF"": 0.9907646226807555, ""LODA"": 0.9429653049338547}","{""smallest_K30"": 0.009551690846550321, ""random_K30"": 0.0032009848414377307, ""hard_K30"": 0.007773406577309211, ""smallest_K50"": 0.00614813258485726, ""random_K50"": 0.007532829221029575, ""hard_K50"": 0.01217499973631641}"
MoldProcess.npz,ok,1289,27,0.0784,2.0,0.0,0.10689556350593044,0.0,KNN,0.016609191261771225,"{""CBLOF"": 6.8833689126387325, ""COPOD"": 1.6005216287765196, ""ECOD"": 1.6132497228005052, ""HBOS"": 5.251309151443989, ""IForest"": 6.097140264215757, ""KNN"": 8.893114324211489, ""LODA"": 3.35046839211563, ""LOF"": 7.376034829720279, ""PCA"": 3.9347927740771027}","{""IForest"": 0.982402862134953, ""LOF"": 0.9705466344953824, ""KNN"": 0.9994175888177053, ""ECOD"": 0.7526416507196939, ""COPOD"": 0.6922788917547217, ""HBOS"": 0.9457941592478576, ""PCA"": 0.9720858640485897, ""CBLOF"": 0.9983359680505866, ""LODA"": 0.7191946085364839}","{""smallest_K30"": 0.0027891953998250853, ""random_K30"": 0.016609191261771225, ""hard_K30"": 0.014522286066584835, ""smallest_K50"": 0.0032601335688630124, ""random_K50"": 0.008451505371727277, ""hard_K50"": 0.0065579444950925}"
EpidemiologyCases.npz,ok,4835,4,0.006,0.0,0.13836117284393146,0.046654081136839665,0.0,LOF,0.026946122661641723,"{""CBLOF"": 5.792113212472836, ""COPOD"": 2.197536091632931, ""ECOD"": 2.516651825091132, ""HBOS"": 6.120333580649126, ""IForest"": 4.732835588758017, ""KNN"": 8.124743706924574, ""LODA"": 2.740587949689187, ""LOF"": 8.827150959457494, ""PCA"": 3.948047085324708}","{""IForest"": 0.9170549860205033, ""LOF"": 0.8047351064592445, ""KNN"": 0.943096279303176, ""ECOD"": 0.9313929313929313, ""COPOD"": 0.9410710445193204, ""HBOS"": 0.9372894114273425, ""PCA"": 0.8986665710803642, ""CBLOF"": 0.8295935192486916, ""LODA"": 0.8650799340454514}","{""smallest_K30"": 0.004128158013111559, ""random_K30"": 0.015498304794934675, ""hard_K30"": 0.026946122661641723, ""smallest_K50"": 0.006576720107387489, ""random_K50"": 0.009438178531554283, ""hard_K50"": 0.023227491126728433}"
EpidemiologyCases.npz,ok,4835,4,0.006,1.0,0.12565416875761692,0.036386519145139795,0.0,LOF,0.018909215029713232,"{""CBLOF"": 5.661055802549659, ""COPOD"": 2.141310628179952, ""ECOD"": 1.7213859624428225, ""HBOS"": 6.130417674648792, ""IForest"": 5.367156820893605, ""KNN"": 8.134857688924436, ""LODA"": 2.901045082313255, ""LOF"": 8.774153807286348, ""PCA"": 4.168616532761131}","{""IForest"": 0.9201376442755754, ""LOF"": 0.8163309197791957, ""KNN"": 0.9419850885368126, ""ECOD"": 0.9315004659832246, ""COPOD"": 0.9408201304753029, ""HBOS"": 0.9339020718331064, ""PCA"": 0.9009247974765217, ""CBLOF"": 0.8725715105025449, ""LODA"": 0.8922144956627716}","{""smallest_K30"": 0.00312705953438883, ""random_K30"": 0.012630475721368844, ""hard_K30"": 0.018909215029713232, ""smallest_K50"": 0.00648579332889034, ""random_K50"": 0.011679675574772756, ""hard_K50"": 0.018449240102857426}"
EpidemiologyCases.npz,ok,4835,4,0.006,2.0,0.10084952326331642,0.042960068822137654,0.0,LOF,0.021678468820546165,"{""CBLOF"": 5.621955055024154, ""COPOD"": 1.857121357531367, ""ECOD"": 2.3869381921802155, ""HBOS"": 6.822029743106879, ""IForest"": 5.045978064682334, ""KNN"": 8.055451957516613, ""LODA"": 2.463608934123466, ""LOF"": 8.944548042483389, ""PCA"": 3.8023686533515857}","{""IForest"": 0.9205319377733171, ""LOF"": 0.8502760054484192, ""KNN"": 0.9511255287117356, ""ECOD"": 0.9312495519392071, ""COPOD"": 0.9427199082371498, ""HBOS"": 0.94038999211413, ""PCA"": 0.8988099505340885, ""CBLOF"": 0.8251129113198079, ""LODA"": 0.9132733529285253}","{""smallest_K30"": 0.004070391209329917, ""random_K30"": 0.011478031994560198, ""hard_K30"": 0.016310359445832662, ""smallest_K50"": 0.0036845297651762286, ""random_K50"": 0.00922365965043087, ""hard_K50"": 0.021678468820546165}"
BusStopPrior.npz,ok,5225,6,0.0113,0.0,0.059551519522669905,0.03791635248991898,0.0,LOF,0.04060004163931982,"{""CBLOF"": 4.4476249634361436, ""COPOD"": 2.503697165564876, ""ECOD"": 2.437412996350157, ""HBOS"": 6.064049350587893, ""IForest"": 6.465966484203818, ""KNN"": 8.129330735892637, ""LODA"": 3.1315449048584068, ""LOF"": 8.870669264107363}","{""IForest"": 0.6513129856079729, ""LOF"": 0.5925318821099564, ""KNN"": 0.6520834016326263, ""ECOD"": 0.6287414352686622, ""COPOD"": 0.5843031832934465, ""HBOS"": 0.6326508867980198, ""CBLOF"": 0.6051208077893978, ""LODA"": 0.5665918106415763}","{""smallest_K30"": 0.009282921320608966, ""random_K30"": 0.024627824765989605, ""hard_K30"": 0.04060004163931982, ""smallest_K50"": 0.007760686625811495, ""random_K50"": 0.01973508460250395, ""hard_K50"": 0.029776561498811537}"
BusStopPrior.npz,ok,5225,6,0.0113,1.0,0.06889486280038026,0.07252872668262134,0.0,LOF,0.03324110093416308,"{""CBLOF"": 4.738110913663489, ""COPOD"": 2.2217348142503197, ""ECOD"": 1.737852709410582, ""HBOS"": 6.036675457701712, ""IForest"": 6.257139295109776, ""KNN"": 8.141544601794328, ""LODA"": 3.381310842757859, ""LOF"": 8.8221762524178}","{""IForest"": 0.614398583745861, ""LOF"": 0.6023178048060847, ""KNN"": 0.6712126676064649, ""ECOD"": 0.611300527816936, ""COPOD"": 0.5691407402550569, ""HBOS"": 0.587950365537816, ""CBLOF"": 0.5717962167655641, ""LODA"": 0.5613546208569649}","{""smallest_K30"": 0.004178719888231325, ""random_K30"": 0.013559339148030992, ""hard_K30"": 0.03324110093416308, ""smallest_K50"": 0.01212473019982114, ""random_K50"": 0.023827474897465173, ""hard_K50"": 0.02825105716088256}"
BusStopPrior.npz,ok,5225,6,0.0113,2.0,0.09018785037537302,0.051388388027407306,0.0,LOF,0.03867243392409252,"{""CBLOF"": 4.610013345852733, ""COPOD"": 3.0850952185129983, ""ECOD"": 2.4546536660403317, ""HBOS"": 5.820954349849118, ""IForest"": 6.575915086952525, ""KNN"": 8.121261420912194, ""LODA"": 3.254874098914653, ""LOF"": 8.757477158175615}","{""IForest"": 0.6476658033636036, ""LOF"": 0.5789102711208733, ""KNN"": 0.6690981214962464, ""ECOD"": 0.6342982657443531, ""COPOD"": 0.5882700062288956, ""HBOS"": 0.6349621348719798, ""CBLOF"": 0.603301314624791, ""LODA"": 0.5851719502999705}","{""smallest_K30"": 0.007986746848448094, ""random_K30"": 0.02443374460679605, ""hard_K30"": 0.03867243392409252, ""smallest_K50"": 0.007866720247292546, ""random_K50"": 0.019519166698483307, ""hard_K50"": 0.03225911715387926}"
PsychologicalTrialValidity.npz,ok,16128,5,0.25,0.0,0.0013541974124359202,0.24945295223805775,0.0,KNN,0.02534050317353341,"{""COPOD"": 1.537410414605294, ""ECOD"": 1.9673016039058617, ""HBOS"": 4.4698484046738525, ""IForest"": 6.197093778105764, ""KNN"": 9.0, ""LODA"": 4.132309074932793, ""LOF"": 8.0}","{""IForest"": 0.6598696481864095, ""LOF"": 0.9444589974419519, ""KNN"": 0.943104800029516, ""ECOD"": 0.5715969557588876, ""COPOD"": 0.5762354162567231, ""HBOS"": 0.5288365595894006, ""LODA"": 0.640939939164371}","{""smallest_K30"": 0.012224828360937835, ""random_K30"": 0.02294623195585775, ""hard_K30"": 0.024910296698565003, ""smallest_K50"": 0.018745835979154087, ""random_K50"": 0.01855838604989445, ""hard_K50"": 0.02534050317353341}"
PsychologicalTrialValidity.npz,ok,16128,5,0.25,1.0,0.0009359012199919858,0.24990294585465034,0.0,KNN,0.0418261700996848,"{""COPOD"": 2.20470077078747, ""ECOD"": 2.567576497806724, ""HBOS"": 4.717700866631267, ""IForest"": 6.0497831713699215, ""KNN"": 9.0, ""LODA"": 4.215240218778298, ""LOF"": 8.0}","{""IForest"": 0.6274157975862521, ""LOF"": 0.9457346394136166, ""KNN"": 0.9447987381936246, ""ECOD"": 0.5815233811327561, ""COPOD"": 0.5900229978354978, ""HBOS"": 0.5340362328643579, ""LODA"": 0.6472900678866589}","{""smallest_K30"": 0.019950444768903383, ""random_K30"": 0.019586448325696167, ""hard_K30"": 0.0418261700996848, ""smallest_K50"": 0.01627494620525831, ""random_K50"": 0.01753633809815687, ""hard_K50"": 0.024565323318891226}"
PsychologicalTrialValidity.npz,ok,16128,5,0.25,2.0,0.0025765467171715573,0.24698875202629256,0.0,KNN,0.03993432631872331,"{""COPOD"": 1.7322525649880138, ""ECOD"": 2.086471297772914, ""HBOS"": 4.328555465730661, ""IForest"": 5.997643351852382, ""KNN"": 9.0, ""LODA"": 4.376010295621663, ""LOF"": 8.0}","{""IForest"": 0.6829922602649875, ""LOF"": 0.946265516364948, ""KNN"": 0.9436889696477765, ""ECOD"": 0.5723410546208842, ""COPOD"": 0.58232533328414, ""HBOS"": 0.5423084846025187, ""LODA"": 0.6250157315853339}","{""smallest_K30"": 0.01933786425075975, ""random_K30"": 0.021723840994806332, ""hard_K30"": 0.03993432631872331, ""smallest_K50"": 0.020253590161672864, ""random_K50"": 0.01927419801069656, ""hard_K50"": 0.02496752424578909}"
RealEstateProperties.npz,ok,9756,4,0.0222,0.0,0.015033716874861103,0.07955038262910041,0.0,IForest,0.00543421881378623,"{""CBLOF"": 4.252412204501306, ""COPOD"": 4.308473808208099, ""ECOD"": 3.9216908063933458, ""HBOS"": 3.6587544097133926, ""IForest"": 8.469036163560014, ""KNN"": 6.544055974976474, ""LODA"": 4.404911175410959, ""LOF"": 4.562479149349755, ""PCA"": 4.878186307886656}","{""IForest"": 0.8294037233477282, ""LOF"": 0.552357765991363, ""KNN"": 0.818122095663179, ""ECOD"": 0.7613794452656292, ""COPOD"": 0.8444374402225893, ""HBOS"": 0.7209131573099924, ""PCA"": 0.7612973268025002, ""CBLOF"": 0.7801990648156198, ""LODA"": 0.8158734989227991}","{""smallest_K30"": 0.005005085427703505, ""random_K30"": 0.0023710598404503725, ""hard_K30"": 0.0028978668471540603, ""smallest_K50"": 0.00543421881378623, ""random_K50"": 0.000693879874551346, ""hard_K50"": 0.003955696241528168}"
RealEstateProperties.npz,ok,9756,4,0.0222,1.0,0.024430242780821176,0.08279043904931527,0.0,IForest,0.008785959433867722,"{""CBLOF"": 2.832776144238141, ""COPOD"": 5.551684299462709, ""ECOD"": 4.150552945036148, ""HBOS"": 3.844646828119716, ""IForest"": 8.718494621972305, ""KNN"": 5.291514375967166, ""LODA"": 5.297125021346224, ""LOF"": 4.1378736953212005, ""PCA"": 5.175332068536389}","{""IForest"": 0.8251057879025012, ""LOF"": 0.5447581852785748, ""KNN"": 0.8242773575244665, ""ECOD"": 0.7669659160073037, ""COPOD"": 0.8495360306833224, ""HBOS"": 0.7233235757277144, ""PCA"": 0.7616716903844111, ""CBLOF"": 0.7802280478026067, ""LODA"": 0.8248437333951637}","{""smallest_K30"": 0.008785959433867722, ""random_K30"": 0.0018273168132925109, ""hard_K30"": 0.004020923359235841, ""smallest_K50"": 0.007178925437926271, ""random_K50"": 0.0015856758856079168, ""hard_K50"": 0.0035713070960715866}"
RealEstateProperties.npz,ok,9756,4,0.0222,2.0,0.01897057260721291,0.09846688049670416,0.0,IForest,0.005123700197927199,"{""CBLOF"": 3.1844379084540537, ""COPOD"": 4.419541633612426, ""ECOD"": 3.4242353319966488, ""HBOS"": 5.3877439381386605, ""IForest"": 8.515729417349611, ""KNN"": 6.355402278003549, ""LODA"": 5.687681676162379, ""LOF"": 4.583120960810352, ""PCA"": 3.4421068554723204}","{""IForest"": 0.8344238182187057, ""LOF"": 0.5449091383357969, ""KNN"": 0.8265778821165309, ""ECOD"": 0.7701238539643895, ""COPOD"": 0.8533943908259186, ""HBOS"": 0.5885889149735771, ""PCA"": 0.7647378488827059, ""CBLOF"": 0.7685877556540976, ""LODA"": 0.8430039899912085}","{""smallest_K30"": 0.005123700197927199, ""random_K30"": 0.0024254120509045363, ""hard_K30"": 0.004733381427221635, ""smallest_K50"": 0.003375181863285299, ""random_K50"": 0.002925652973333799, ""hard_K50"": 0.0028144719303880078}"
WeatherUVIndex.npz,ok,7910,34,0.0066,0.0,0.0,0.10486920839974279,0.0,KNN,0.05361248622483577,"{""COPOD"": 2.3215228429996957, ""ECOD"": 2.092456942128571, ""HBOS"": 4.323688755838142, ""IForest"": 5.575584709365831, ""KNN"": 9.0, ""LODA"": 4.0344521782262515, ""LOF"": 8.0}","{""IForest"": 0.8258832452534742, ""LOF"": 0.9845370914073204, ""KNN"": 0.9865922881190057, ""ECOD"": 0.8635863182618907, ""COPOD"": 0.8780460951262478, ""HBOS"": 0.7158935212370328, ""LODA"": 0.9175229986298689}","{""smallest_K30"": 0.008519503079048014, ""random_K30"": 0.0360540499039368, ""hard_K30"": 0.05361248622483577, ""smallest_K50"": 0.0101026505744999, ""random_K50"": 0.02956315510646505, ""hard_K50"": 0.043545155636249576}"
WeatherUVIndex.npz,ok,7910,34,0.0066,1.0,0.0,0.08747583920532398,0.0,KNN,0.05093252671459472,"{""COPOD"": 2.6132112154543425, ""ECOD"": 1.4529743496470473, ""HBOS"": 4.9919533152191065, ""IForest"": 5.323562350651425, ""KNN"": 9.0, ""LODA"": 3.911068606030199, ""LOF"": 8.0, ""PCA"": 3.3348225969800867}","{""IForest"": 0.8614454883538852, ""LOF"": 0.9860295556860443, ""KNN"": 0.9883783519279703, ""ECOD"": 0.8655069485222157, ""COPOD"": 0.8841138187512234, ""HBOS"": 0.7298150322959482, ""PCA"": 0.9853200234879624, ""LODA"": 0.9066108827559209}","{""smallest_K30"": 0.011317313475360058, ""random_K30"": 0.023491522353134123, ""hard_K30"": 0.05093252671459472, ""smallest_K50"": 0.010466076758126278, ""random_K50"": 0.02972848114201715, ""hard_K50"": 0.04896769843592356}"
WeatherUVIndex.npz,ok,7910,34,0.0066,2.0,0.0,0.09973995470178665,0.0,KNN,0.05335776074186011,"{""COPOD"": 2.1118449634132896, ""ECOD"": 2.323376580197584, ""HBOS"": 4.229142640686644, ""IForest"": 6.084708660952741, ""KNN"": 9.0, ""LODA"": 3.5971512988817125, ""LOF"": 8.0}","{""IForest"": 0.8649931493442944, ""LOF"": 0.9788119005676259, ""KNN"": 0.9840966921119593, ""ECOD"": 0.8548884321785085, ""COPOD"": 0.8759541984732824, ""HBOS"": 0.720713446858485, ""LODA"": 0.9110393423370522}","{""smallest_K30"": 0.013557118393564117, ""random_K30"": 0.020263593124136777, ""hard_K30"": 0.0456024860660976, ""smallest_K50"": 0.017374298831829837, ""random_K50"": 0.022598318149155534, ""hard_K50"": 0.05335776074186011}"
SatelliteAnomaly.npz,ok,5100,36,0.0147,0.0,0.0,0.04507610097659842,0.0,LOF,0.03678969098132199,"{""CBLOF"": 6.898072404172845, ""COPOD"": 2.0186011149090324, ""ECOD"": 1.834075496263762, ""HBOS"": 5.99641568810323, ""IForest"": 5.569505418013897, ""KNN"": 7.8793825434283065, ""LODA"": 3.434078893882873, ""LOF"": 8.656623946281723, ""PCA"": 2.7132444949443326}","{""IForest"": 0.9494262023217248, ""LOF"": 0.979542288557214, ""KNN"": 0.9790978441127696, ""ECOD"": 0.8758076285240465, ""COPOD"": 0.9053134328358209, ""HBOS"": 0.9104742951907131, ""PCA"": 0.8919933665008293, ""CBLOF"": 0.9614593698175788, ""LODA"": 0.9570812603648424}","{""smallest_K30"": 0.03678969098132199, ""random_K30"": 0.017178524300751265, ""hard_K30"": 0.02006984395156914, ""smallest_K50"": 0.03209636630218553, ""random_K50"": 0.0053856535995544545, ""hard_K50"": 0.009437606436322942}"
SatelliteAnomaly.npz,ok,5100,36,0.0147,1.0,0.0,0.04735728763589475,0.0,LOF,0.04941141772163981,"{""CBLOF"": 7.3818268252541195, ""COPOD"": 2.0070889917873718, ""ECOD"": 1.6415178136759816, ""HBOS"": 6.012018090861495, ""IForest"": 5.5571121526496166, ""KNN"": 7.766844053097695, ""LODA"": 3.3886669259757047, ""LOF"": 8.282198878137072, ""PCA"": 2.9627262685609406}","{""IForest"": 0.9452470978441128, ""LOF"": 0.9758540630182422, ""KNN"": 0.9737446102819236, ""ECOD"": 0.8746268656716417, ""COPOD"": 0.9060298507462687, ""HBOS"": 0.9139635157545606, ""PCA"": 0.8928557213930349, ""CBLOF"": 0.9546135986733002, ""LODA"": 0.9195356550580431}","{""smallest_K30"": 0.04941141772163981, ""random_K30"": 0.02053670513914181, ""hard_K30"": 0.02309872933598664, ""smallest_K50"": 0.02728866104371208, ""random_K50"": 0.01152863294890077, ""hard_K50"": 0.005810249173504664}"
SatelliteAnomaly.npz,ok,5100,36,0.0147,2.0,0.0,0.04839211350654138,0.0,LOF,0.03491321336451695,"{""CBLOF"": 7.002570589497088, ""COPOD"": 1.9152732628517974, ""ECOD"": 1.8661188313115549, ""HBOS"": 5.754837877423854, ""IForest"": 5.697626641271586, ""KNN"": 8.242591533079057, ""LODA"": 3.6138611883798184, ""LOF"": 8.302373358728413, ""PCA"": 2.604746717456828}","{""IForest"": 0.9507661691542288, ""LOF"": 0.9764378109452736, ""KNN"": 0.9762653399668326, ""ECOD"": 0.8742155887230514, ""COPOD"": 0.9053665008291873, ""HBOS"": 0.9079137645107793, ""PCA"": 0.8914626865671641, ""CBLOF"": 0.9627064676616915, ""LODA"": 0.9072769485903814}","{""smallest_K30"": 0.03491321336451695, ""random_K30"": 0.007110284507379799, ""hard_K30"": 0.007822269533725652, ""smallest_K50"": 0.030233257328897624, ""random_K50"": 0.0068702351408136695, ""hard_K50"": 0.006433743065422796}"
SalesCustomerAnomaly.npz,ok,8773,3,0.2101,0.0,0.017652887294775543,0.13311207659191016,0.0,LOF,0.05071491361989931,"{""CBLOF"": 3.8133667515001224, ""COPOD"": 4.266054254035154, ""ECOD"": 3.3292690996337075, ""HBOS"": 3.5036548065048883, ""IForest"": 5.599454927502616, ""KNN"": 8.0, ""LODA"": 3.5621330135918265, ""LOF"": 9.0, ""PCA"": 3.926067147231687}","{""IForest"": 0.7541246508962189, ""LOF"": 0.7364717636014434, ""KNN"": 0.7463412122934642, ""ECOD"": 0.6445814238814782, ""COPOD"": 0.70662852852218, ""HBOS"": 0.5479097227605095, ""PCA"": 0.3550196562947513, ""CBLOF"": 0.46963217948025326, ""LODA"": 0.6284040310084803}","{""smallest_K30"": 0.02833003448464975, ""random_K30"": 0.029526272122529305, ""hard_K30"": 0.040015791727381775, ""smallest_K50"": 0.0446904382657313, ""random_K50"": 0.028936942254915214, ""hard_K50"": 0.05071491361989931}"
SalesCustomerAnomaly.npz,ok,8773,3,0.2101,1.0,0.030000023488900074,0.1432485375332182,0.0,LOF,0.045482201097234644,"{""CBLOF"": 2.904710553513376, ""COPOD"": 3.624297933057365, ""ECOD"": 2.8056508045485553, ""HBOS"": 3.968313561549512, ""IForest"": 6.0588154138459975, ""KNN"": 8.0, ""LODA"": 4.432580834045547, ""LOF"": 9.0, ""PCA"": 4.205630899439647}","{""IForest"": 0.7525812344043487, ""LOF"": 0.7225812109154486, ""KNN"": 0.7345681839713311, ""ECOD"": 0.6227152150917751, ""COPOD"": 0.6921503618465096, ""HBOS"": 0.5382489337996664, ""PCA"": 0.345654631737106, ""CBLOF"": 0.4519974960832258, ""LODA"": 0.6234970039907641}","{""smallest_K30"": 0.028566393003895928, ""random_K30"": 0.03997992917461791, ""hard_K30"": 0.045482201097234644, ""smallest_K50"": 0.04319253596055428, ""random_K50"": 0.02789549822219073, ""hard_K50"": 0.04044289146437529}"
SalesCustomerAnomaly.npz,ok,8773,3,0.2101,2.0,0.0,0.11698438014227497,0.0,KNN,0.05406240246319083,"{""CBLOF"": 2.747230861615933, ""COPOD"": 4.358284877462535, ""ECOD"": 3.4055458527675557, ""HBOS"": 4.117360053001764, ""IForest"": 7.0649151508561605, ""KNN"": 8.380053190086606, ""LODA"": 3.31558512943139, ""LOF"": 8.0058361991514, ""PCA"": 3.6051886856266617}","{""IForest"": 0.7382212951936229, ""LOF"": 0.7153090473763289, ""KNN"": 0.7414161771188359, ""ECOD"": 0.6351206820550283, ""COPOD"": 0.6972437341400988, ""HBOS"": 0.5779154227336539, ""PCA"": 0.42280255465279887, ""CBLOF"": 0.4652133301075243, ""LODA"": 0.6266439294111568}","{""smallest_K30"": 0.05406240246319083, ""random_K30"": 0.03299601006416886, ""hard_K30"": 0.036395170593556084, ""smallest_K50"": 0.03372199018965836, ""random_K50"": 0.03290240114762006, ""hard_K50"": 0.04090125408832892}"
DallasShelterOutcomes.npz,ok,5541,13,0.0088,0.0,0.0,0.19564864162225415,0.0,KNN,0.017403099543444933,"{""CBLOF"": 3.9468575642610957, ""COPOD"": 2.094916901762352, ""ECOD"": 3.7647183884183253, ""HBOS"": 4.474734194993027, ""IForest"": 6.934952165862251, ""KNN"": 8.217259937537149, ""LODA"": 3.4313886603402874, ""LOF"": 8.165448272769758}","{""IForest"": 0.7260125160164157, ""LOF"": 0.8416556795602681, ""KNN"": 0.8747841265714659, ""ECOD"": 0.764684035579655, ""COPOD"": 0.8346548810607045, ""HBOS"": 0.6431913984884218, ""CBLOF"": 0.5795992646376111, ""LODA"": 0.16850197767915173}","{""smallest_K30"": 0.009172873672167972, ""random_K30"": 0.017403099543444933, ""hard_K30"": 0.015785844438880182, ""smallest_K50"": 0.00665961178229605, ""random_K50"": 0.012452167021861802, ""hard_K50"": 0.01139987314619426}"
DallasShelterOutcomes.npz,ok,5541,13,0.0088,1.0,0.0035189690070750457,0.14300918274498153,0.0,LOF,0.014222516385989476,"{""CBLOF"": 3.4961964172699425, ""COPOD"": 2.40599526176904, ""ECOD"": 3.436383008732385, ""HBOS"": 4.4672227169996, ""IForest"": 6.6076719775192645, ""KNN"": 7.710264114643023, ""LODA"": 2.7481196840917907, ""LOF"": 8.294109172082965}","{""IForest"": 0.755575569627305, ""LOF"": 0.8581734786726338, ""KNN"": 0.8616924476797089, ""ECOD"": 0.7698649978644779, ""COPOD"": 0.8301052905238531, ""HBOS"": 0.6254387105160535, ""CBLOF"": 0.5710014670108261, ""LODA"": 0.4776141575829604}","{""smallest_K30"": 0.004480255649375415, ""random_K30"": 0.008017431863495454, ""hard_K30"": 0.014222516385989476, ""smallest_K50"": 0.00615590627196082, ""random_K50"": 0.01379886631235033, ""hard_K50"": 0.013328708443821878}"
DallasShelterOutcomes.npz,ok,5541,13,0.0088,2.0,0.0,0.10155916324673642,0.0,KNN,0.01962281744508287,"{""CBLOF"": 4.057666074710607, ""COPOD"": 3.3969465941221078, ""ECOD"": 4.2014170521098295, ""HBOS"": 5.881767265825108, ""IForest"": 6.6416843710109355, ""KNN"": 8.300649554278456, ""LODA"": 2.790624308920703, ""LOF"": 7.19610267432926}","{""IForest"": 0.7683237080091363, ""LOF"": 0.8393994540491355, ""KNN"": 0.871255872685744, ""ECOD"": 0.7604408460381422, ""COPOD"": 0.8371432285380029, ""HBOS"": 0.6416408237544335, ""CBLOF"": 0.6108521661621882, ""LODA"": 0.828517576275278}","{""smallest_K30"": 0.013964050431164466, ""random_K30"": 0.012770968590758294, ""hard_K30"": 0.01546525659561587, ""smallest_K50"": 0.010997518946165635, ""random_K50"": 0.010204854093221787, ""hard_K50"": 0.01962281744508287}"
TBAnomalyDetection.npz,ok,9442,3,0.2202,0.0,0.0,0.04329761504744534,0.0,KNN,0.006992705121597997,"{""COPOD"": 2.177026888555556, ""ECOD"": 2.1530464616555545, ""HBOS"": 4.159781374157035, ""IForest"": 6.485197993329868, ""KNN"": 8.282181690841815, ""LODA"": 5.455334415455914, ""LOF"": 5.681888413001552, ""PCA"": 4.827307091905232}","{""IForest"": 0.7201024566944458, ""LOF"": 0.7061315642442594, ""KNN"": 0.7370462129457377, ""ECOD"": 0.6244532415611845, ""COPOD"": 0.70220094456347, ""HBOS"": 0.7116576817866702, ""PCA"": 0.6437781624475446, ""LODA"": 0.7046185189430267}","{""smallest_K30"": 0.0039458318745747645, ""random_K30"": 0.00406202814751114, ""hard_K30"": 0.006992705121597997, ""smallest_K50"": 0.004139645952242254, ""random_K50"": 0.0037231285729559405, ""hard_K50"": 0.004268651522437519}"
TBAnomalyDetection.npz,ok,9442,3,0.2202,1.0,0.0,0.04973409865636613,0.0,KNN,0.00629654942679818,"{""COPOD"": 3.6806601746697685, ""ECOD"": 2.564766618566924, ""HBOS"": 4.2998167087766666, ""IForest"": 7.746355868322399, ""KNN"": 8.237858257749078, ""LODA"": 4.965295786174722, ""LOF"": 4.985934394935996, ""PCA"": 3.229981704194213}","{""IForest"": 0.7221128297163599, ""LOF"": 0.7065361532435531, ""KNN"": 0.7343465038644943, ""ECOD"": 0.6199260245424537, ""COPOD"": 0.696233011915293, ""HBOS"": 0.7066870169382049, ""PCA"": 0.6389616267416675, ""LODA"": 0.6520960747029994}","{""smallest_K30"": 0.00629654942679818, ""random_K30"": 0.003682365504865685, ""hard_K30"": 0.0027767055776863996, ""smallest_K50"": 0.0034768411564995425, ""random_K50"": 0.0020676021140111915, ""hard_K50"": 0.003371833473711513}"
TBAnomalyDetection.npz,ok,9442,3,0.2202,2.0,0.0,0.039760583888214684,0.0,KNN,0.007100414704846826,"{""COPOD"": 1.837695037215958, ""ECOD"": 1.8745508277471723, ""HBOS"": 4.38593186500899, ""IForest"": 6.165168300850504, ""KNN"": 8.345391629749427, ""LODA"": 5.9462243837471, ""LOF"": 5.114251816321992, ""PCA"": 4.312158145343291}","{""IForest"": 0.7244814223768739, ""LOF"": 0.7265726152352087, ""KNN"": 0.7394905639983713, ""ECOD"": 0.6249842033956088, ""COPOD"": 0.6998570060348743, ""HBOS"": 0.734907018002741, ""PCA"": 0.6507211578494674, ""LODA"": 0.6968258539881079}","{""smallest_K30"": 0.004354137023756865, ""random_K30"": 0.0024676044237059084, ""hard_K30"": 0.005962196454191833, ""smallest_K50"": 0.002893505684509657, ""random_K50"": 0.0015971994819907302, ""hard_K50"": 0.007100414704846826}"
SMSClassification.npz,ok,5574,9,0.134,0.0,0.0,0.11651197998034613,0.0,IForest,0.006008781713127912,"{""CBLOF"": 3.9449610912934463, ""COPOD"": 4.305860971798808, ""ECOD"": 4.000709344463083, ""HBOS"": 5.642577558219324, ""IForest"": 7.4777884149531815, ""KNN"": 5.758062815987895, ""LODA"": 3.7182286890949783, ""LOF"": 4.843397419361496, ""PCA"": 5.308413694827787}","{""IForest"": 0.9313790704571216, ""LOF"": 0.6596946793384719, ""KNN"": 0.843842589128079, ""ECOD"": 0.7543063905033522, ""COPOD"": 0.853840482703762, ""HBOS"": 0.887195434602454, ""PCA"": 0.900981427435068, ""CBLOF"": 0.5913841702212578, ""LODA"": 0.9111795699014138}","{""smallest_K30"": 0.00465832187246917, ""random_K30"": 0.0013746273321286204, ""hard_K30"": 0.005606419668421653, ""smallest_K50"": 0.006008781713127912, ""random_K50"": 0.0010270281532614464, ""hard_K50"": 0.0019764739437138565}"
SMSClassification.npz,ok,5574,9,0.134,1.0,0.0,0.11903068142518702,0.0,IForest,0.005793141092104769,"{""CBLOF"": 3.296796678135859, ""COPOD"": 5.238380711991948, ""ECOD"": 3.7949096055087983, ""HBOS"": 5.349157950543581, ""IForest"": 7.688988241753773, ""KNN"": 5.110424472671496, ""LODA"": 3.27913314042512, ""LOF"": 5.356930553992305, ""PCA"": 5.885278644977123}","{""IForest"": 0.9326221379652497, ""LOF"": 0.6393330395425734, ""KNN"": 0.8412171806619161, ""ECOD"": 0.7516858323563406, ""COPOD"": 0.8525461403931808, ""HBOS"": 0.8768406961178046, ""PCA"": 0.9043711076188812, ""CBLOF"": 0.6488036341362691, ""LODA"": 0.874903340068348}","{""smallest_K30"": 0.005793141092104769, ""random_K30"": 0.000934990877570696, ""hard_K30"": 0.0033277681451118184, ""smallest_K50"": 0.003754402964197806, ""random_K50"": 0.0007675696144556299, ""hard_K50"": 0.0024761461824605742}"
SMSClassification.npz,ok,5574,9,0.134,2.0,0.0,0.12713233118040757,0.0,IForest,0.00832443977445595,"{""CBLOF"": 3.141204363198253, ""COPOD"": 4.685313661436412, ""ECOD"": 3.619110529904043, ""HBOS"": 6.502106672958578, ""IForest"": 7.399048449169163, ""KNN"": 5.524926402297363, ""LODA"": 2.886498884401328, ""LOF"": 5.265849770943346, ""PCA"": 5.975941265691517}","{""IForest"": 0.917538338308375, ""LOF"": 0.62314683163295, ""KNN"": 0.8311014936211374, ""ECOD"": 0.7380003104204257, ""COPOD"": 0.8415643249325806, ""HBOS"": 0.8832950851023139, ""PCA"": 0.896349372645863, ""CBLOF"": 0.49137128223037074, ""LODA"": 0.8912870252576905}","{""smallest_K30"": 0.00832443977445595, ""random_K30"": 0.0019324369616690257, ""hard_K30"": 0.004770737722859187, ""smallest_K50"": 0.004549043414189756, ""random_K50"": 0.001492312156593628, ""hard_K50"": 0.0019525966100032944}"
VehicleStoppages.npz,ok,3941,3,0.1289,0.0,0.1666337149995989,0.2784135698467095,0.0,KNN,0.022218342996332352,"{""CBLOF"": 4.825954925266535, ""COPOD"": 2.4631629522858742, ""ECOD"": 1.9613473447250687, ""HBOS"": 4.927153259752366, ""IForest"": 6.614655987522079, ""KNN"": 8.789735635817964, ""LODA"": 4.11740327315933, ""LOF"": 7.436629344141743, ""PCA"": 3.863957277329038}","{""IForest"": 0.843038315625394, ""LOF"": 0.5430391752341002, ""KNN"": 0.6764046006257951, ""ECOD"": 0.5852445300232667, ""COPOD"": 0.5153812651147864, ""HBOS"": 0.7457005237882383, ""PCA"": 0.42642609084344807, ""CBLOF"": 0.5011862600144414, ""LODA"": 0.24520195073869042}","{""smallest_K30"": 0.015093907860560373, ""random_K30"": 0.016370926775963, ""hard_K30"": 0.02037172940982118, ""smallest_K50"": 0.022218342996332352, ""random_K50"": 0.011778402144334286, ""hard_K50"": 0.019835300340644013}"
VehicleStoppages.npz,ok,3941,3,0.1289,1.0,0.12579943609668864,0.2511932642335283,0.0,KNN,0.025500532399593382,"{""CBLOF"": 4.955392940304105, ""COPOD"": 2.9535092188454586, ""ECOD"": 2.4763388662214734, ""HBOS"": 4.738521133042827, ""IForest"": 6.249850874295794, ""KNN"": 8.73094438124395, ""LODA"": 4.056496435102738, ""LOF"": 7.438619211584163, ""PCA"": 3.400326939359493}","{""IForest"": 0.8320338915059198, ""LOF"": 0.5703604052768514, ""KNN"": 0.7062344554092311, ""ECOD"": 0.5862058590929409, ""COPOD"": 0.5242882439913351, ""HBOS"": 0.7192532292633727, ""PCA"": 0.43956234455409227, ""CBLOF"": 0.47986939678391727, ""LODA"": 0.36975781957386333}","{""smallest_K30"": 0.015241826152730472, ""random_K30"": 0.012536087512198086, ""hard_K30"": 0.025500532399593382, ""smallest_K50"": 0.008654251456159143, ""random_K50"": 0.0142436807578054, ""hard_K50"": 0.012638260565966848}"
VehicleStoppages.npz,ok,3941,3,0.1289,2.0,0.14047438939128254,0.2423938956320416,0.0,KNN,0.025020378731134146,"{""CBLOF"": 4.553495419554697, ""COPOD"": 3.4602640405558853, ""ECOD"": 2.8115934067586617, ""HBOS"": 4.843941787922601, ""IForest"": 7.098317906598901, ""KNN"": 8.715590944674203, ""LODA"": 3.3332598232850423, ""LOF"": 7.172034482391599, ""PCA"": 3.0115021882584063}","{""IForest"": 0.8276427236988391, ""LOF"": 0.5561109582917856, ""KNN"": 0.6871683343075565, ""ECOD"": 0.5751011472910865, ""COPOD"": 0.5188827379110363, ""HBOS"": 0.7343809098098546, ""PCA"": 0.45552098018315396, ""CBLOF"": 0.50602585702988, ""LODA"": 0.4064058040779837}","{""smallest_K30"": 0.011941877375968928, ""random_K30"": 0.009884782562038537, ""hard_K30"": 0.025020378731134146, ""smallest_K50"": 0.011217988686601451, ""random_K50"": 0.01177752913319266, ""hard_K50"": 0.0115889789312015}"
OkCupidUserBehavior.npz,ok,3238,4,0.1282,0.0,0.001825354515406774,0.017306038312542293,0.0,KNN,0.009101154141382219,"{""CBLOF"": 4.472616985236672, ""COPOD"": 3.4635732491244307, ""ECOD"": 2.8355720951447396, ""HBOS"": 5.259288035101302, ""IForest"": 6.1717638845685725, ""KNN"": 7.3753195702518095, ""LODA"": 4.096946530800643, ""LOF"": 7.228706747072308, ""PCA"": 4.096212902699529}","{""IForest"": 0.6056893058961509, ""LOF"": 0.5811557735366244, ""KNN"": 0.6065934534598572, ""ECOD"": 0.6004350143938586, ""COPOD"": 0.6084188079752639, ""HBOS"": 0.5701140846572129, ""PCA"": 0.5771745388634183, ""CBLOF"": 0.5777374986672353, ""LODA"": 0.5926964495148737}","{""smallest_K30"": 0.006073223979343106, ""random_K30"": 0.005452390554479792, ""hard_K30"": 0.009101154141382219, ""smallest_K50"": 0.0013133405936524719, ""random_K50"": 0.001679901488781717, ""hard_K50"": 0.006312521598021307}"
OkCupidUserBehavior.npz,ok,3238,4,0.1282,1.0,0.009934961083271188,0.012155998625771547,0.0,KNN,0.012828649084418622,"{""CBLOF"": 4.4971165724848285, ""COPOD"": 2.586904335068319, ""ECOD"": 3.2658178974566425, ""HBOS"": 6.146562877069361, ""IForest"": 6.342058221377384, ""KNN"": 7.844515117546643, ""LODA"": 2.255231997301388, ""LOF"": 7.756120940373144, ""PCA"": 4.305672041322294}","{""IForest"": 0.5871905320396631, ""LOF"": 0.5710395564559122, ""KNN"": 0.5772555709563919, ""ECOD"": 0.5855208444397056, ""COPOD"": 0.583021644098518, ""HBOS"": 0.5574005757543449, ""PCA"": 0.5670199381597185, ""CBLOF"": 0.5669389060667449, ""LODA"": 0.5799232327540249}","{""smallest_K30"": 0.0016990802298942616, ""random_K30"": 0.0046284836449685465, ""hard_K30"": 0.012828649084418622, ""smallest_K50"": 0.0037610479988508375, ""random_K50"": 0.004368401778654142, ""hard_K50"": 0.007831116094641438}"
OkCupidUserBehavior.npz,ok,3238,4,0.1282,2.0,0.014709457298219264,0.01885512551681645,0.0,KNN,0.00663444475024726,"{""CBLOF"": 4.966148664758357, ""COPOD"": 3.189028995952767, ""ECOD"": 2.620098377705027, ""HBOS"": 4.599932683132077, ""IForest"": 7.185081659193016, ""KNN"": 7.8113480460735785, ""LODA"": 4.7542145851675235, ""LOF"": 5.84324586140813, ""PCA"": 4.030901126609526}","{""IForest"": 0.5929885915342786, ""LOF"": 0.549163023776522, ""KNN"": 0.5782791342360594, ""ECOD"": 0.5892867043394818, ""COPOD"": 0.5895596545473931, ""HBOS"": 0.5622625013327647, ""PCA"": 0.5652926751252799, ""CBLOF"": 0.5704616696875999, ""LODA"": 0.5699072395777801}","{""smallest_K30"": 0.005870766727335599, ""random_K30"": 0.004213908698091462, ""hard_K30"": 0.00663444475024726, ""smallest_K50"": 0.005671912334598055, ""random_K50"": 0.001342536066041938, ""hard_K50"": 0.005518450567837305}"
RacingMotion.npz,ok,13211,10,0.2213,0.0,0.0,0.27746916411451983,0.0,KNN,0.060484708849096264,"{""CBLOF"": 5.6759911579262345, ""COPOD"": 2.2882265959928607, ""ECOD"": 2.799467853323995, ""HBOS"": 3.9573119535159877, ""IForest"": 5.512777430586536, ""KNN"": 8.8672926016889, ""LODA"": 3.5493621575572476, ""LOF"": 7.8672926016888995, ""PCA"": 3.287911062919444}","{""IForest"": 0.7189716418128712, ""LOF"": 0.9969467853586618, ""KNN"": 0.9971392211369596, ""ECOD"": 0.5758918185214285, ""COPOD"": 0.5516804728535933, ""HBOS"": 0.5932068840825366, ""PCA"": 0.7159762576126796, ""CBLOF"": 0.7862812899246078, ""LODA"": 0.5409361418986199}","{""smallest_K30"": 0.03269046088699234, ""random_K30"": 0.034090914141370644, ""hard_K30"": 0.05735062851592121, ""smallest_K50"": 0.021075139124502824, ""random_K50"": 0.040643027343638935, ""hard_K50"": 0.060484708849096264}"
RacingMotion.npz,ok,13211,10,0.2213,1.0,0.0,0.26229364023202484,0.0,KNN,0.05700910844476716,"{""CBLOF"": 6.024738022738867, ""COPOD"": 2.0024581687908816, ""ECOD"": 2.444131910923465, ""HBOS"": 4.742052114197048, ""IForest"": 5.697101047682534, ""KNN"": 9.000000000000002, ""LODA"": 3.350481909467177, ""LOF"": 8.0, ""PCA"": 3.7390368262000293}","{""IForest"": 0.726079634511612, ""LOF"": 0.9913936504834491, ""KNN"": 0.9955849449414317, ""ECOD"": 0.5811000479926189, ""COPOD"": 0.5463077257481066, ""HBOS"": 0.5905749342926538, ""PCA"": 0.7164915800207126, ""CBLOF"": 0.8058442646161454, ""LODA"": 0.6462449597779312}","{""smallest_K30"": 0.02045926775480969, ""random_K30"": 0.037422259932186404, ""hard_K30"": 0.05700910844476716, ""smallest_K50"": 0.029631711046839634, ""random_K50"": 0.04014368255968265, ""hard_K50"": 0.05253706016779046}"
RacingMotion.npz,ok,13211,10,0.2213,2.0,0.0,0.2775434924800486,0.0,KNN,0.06974446554742944,"{""CBLOF"": 4.640344985412561, ""COPOD"": 1.9225318243113503, ""ECOD"": 2.4310540054293894, ""HBOS"": 4.695594549025183, ""IForest"": 5.623071054602317, ""KNN"": 8.722613164022146, ""LODA"": 3.7769404561474307, ""LOF"": 7.722613164022143, ""PCA"": 2.968755273226776}","{""IForest"": 0.7384451288821177, ""LOF"": 0.9900009837822171, ""KNN"": 0.9951821260065489, ""ECOD"": 0.5794533760347993, ""COPOD"": 0.5543024518777611, ""HBOS"": 0.5884712689062337, ""PCA"": 0.7212130699455861, ""CBLOF"": 0.8177295835277633, ""LODA"": 0.4739497127754756}","{""smallest_K30"": 0.02871346676237544, ""random_K30"": 0.037568732976450754, ""hard_K30"": 0.06255086715643755, ""smallest_K50"": 0.033697843528412985, ""random_K50"": 0.04252937756727261, ""hard_K50"": 0.06974446554742944}"
TanzaniaWaterPayments.npz,ok,12374,10,0.2995,0.0,0.0,0.18106490239027584,0.0,IForest,0.006646506410515161,"{""COPOD"": 4.672312202858808, ""ECOD"": 3.796887972519767, ""HBOS"": 6.120999859362612, ""IForest"": 7.858240925708649, ""KNN"": 6.140536726785004, ""LODA"": 5.086201737911673, ""LOF"": 2.8393412647275253}","{""IForest"": 0.8286938914482018, ""LOF"": 0.58100894400489, ""KNN"": 0.5795983134055501, ""ECOD"": 0.5610036656165911, ""COPOD"": 0.5680915202816469, ""HBOS"": 0.773900190532389, ""LODA"": 0.641106398116213}","{""smallest_K30"": 0.005778799165152499, ""random_K30"": 0.001687384730037068, ""hard_K30"": 0.0021446144018513005, ""smallest_K50"": 0.006646506410515161, ""random_K50"": 0.0014329368245806942, ""hard_K50"": 0.0031960714748064537}"
TanzaniaWaterPayments.npz,ok,12374,10,0.2995,1.0,0.04848803430454418,0.16132996800510613,0.0,HBOS,0.007248049419205153,"{""COPOD"": 4.009532849553338, ""ECOD"": 3.7362589088510667, ""HBOS"": 8.21485503951446, ""IForest"": 7.564620761858222, ""KNN"": 3.380707368192947, ""LODA"": 3.4712489401043713, ""LOF"": 3.218652284985082}","{""IForest"": 0.8196306871054824, ""LOF"": 0.5787449324671299, ""KNN"": 0.5807078331157866, ""ECOD"": 0.568561004288068, ""COPOD"": 0.5707914034475096, ""HBOS"": 0.7711426528009382, ""LODA"": 0.718526520477719}","{""smallest_K30"": 0.007248049419205153, ""random_K30"": 0.001775572187535841, ""hard_K30"": 0.0021113923628381234, ""smallest_K50"": 0.004813647632004814, ""random_K50"": 0.0013585424031450181, ""hard_K50"": 0.002938133156374942}"
TanzaniaWaterPayments.npz,ok,12374,10,0.2995,2.0,0.0,0.1686408825934742,0.0,IForest,0.008668377039041398,"{""COPOD"": 4.396909712948503, ""ECOD"": 4.744777646552979, ""HBOS"": 5.224747233621651, ""IForest"": 7.704976757050108, ""KNN"": 4.254971044794062, ""LODA"": 5.18359833722897, ""LOF"": 3.9141804769424393}","{""IForest"": 0.8281325180464235, ""LOF"": 0.5854137216932422, ""KNN"": 0.5874450920014367, ""ECOD"": 0.5713418061424754, ""COPOD"": 0.5783944923005868, ""HBOS"": 0.7738465040947969, ""LODA"": 0.6918673138916848}","{""smallest_K30"": 0.008668377039041398, ""random_K30"": 0.002770741259203996, ""hard_K30"": 0.004230007865645973, ""smallest_K50"": 0.005808112541123591, ""random_K50"": 0.0008994896346499269, ""hard_K50"": 0.002828694442694532}"
CarMakeAnomaly.npz,ok,25997,4,0.0078,0.0,0.06397352371913068,0.09575690099181011,0.0,LOF,0.005745216308236382,"{""CBLOF"": 3.7812241910412316, ""COPOD"": 3.237732292112006, ""ECOD"": 3.832355990600648, ""HBOS"": 4.35914221499889, ""IForest"": 6.893428705827612, ""KNN"": 7.0936216233638625, ""LODA"": 3.702212000126355, ""LOF"": 7.230986475027486, ""PCA"": 4.869296506901911}","{""IForest"": 0.6900323410138864, ""LOF"": 0.6260588172947558, ""KNN"": 0.6092600143037612, ""ECOD"": 0.655773973838822, ""COPOD"": 0.5871827606258898, ""HBOS"": 0.46992295257128724, ""PCA"": 0.6866273201836762, ""CBLOF"": 0.5360024138790405, ""LODA"": 0.4876183664875673}","{""smallest_K30"": 0.0055193019177415675, ""random_K30"": 0.0022903044172959673, ""hard_K30"": 0.0048034674735851985, ""smallest_K50"": 0.004202345467414507, ""random_K50"": 0.0017969707312056815, ""hard_K50"": 0.005745216308236382}"
CarMakeAnomaly.npz,ok,25997,4,0.0078,1.0,0.009935289326510555,0.10449904318002246,0.0,IForest,0.0051037340098681935,"{""CBLOF"": 3.8446840346004354, ""COPOD"": 4.0000486047402966, ""ECOD"": 3.405822073669606, ""HBOS"": 3.8342643991303262, ""IForest"": 7.408569117449581, ""KNN"": 7.285161248854974, ""LODA"": 3.909708727570747, ""LOF"": 6.639019072095591, ""PCA"": 4.672722721888446}","{""IForest"": 0.6796797790842346, ""LOF"": 0.6180537718292295, ""KNN"": 0.6053159765754428, ""ECOD"": 0.658139155161433, ""COPOD"": 0.5903271054362886, ""HBOS"": 0.4724017619025339, ""PCA"": 0.6896150684107452, ""CBLOF"": 0.5290443693502292, ""LODA"": 0.4234672393263673}","{""smallest_K30"": 0.0046972358193430675, ""random_K30"": 0.0010674855338350486, ""hard_K30"": 0.00501270214151115, ""smallest_K50"": 0.0051037340098681935, ""random_K50"": 0.004857931354523656, ""hard_K50"": 0.0046204148122364515}"
CarMakeAnomaly.npz,ok,25997,4,0.0078,2.0,0.08834434442845596,0.09011273999142544,0.0,KNN,0.0049204414307588195,"{""CBLOF"": 4.220644765293599, ""COPOD"": 3.6401072088066706, ""ECOD"": 3.4422635556999235, ""HBOS"": 4.574402091987798, ""IForest"": 6.624721670934183, ""KNN"": 7.386117758152143, ""LODA"": 2.890697538485387, ""LOF"": 6.92257598962627, ""PCA"": 5.29846942101403}","{""IForest"": 0.687842853418914, ""LOF"": 0.617891446102607, ""KNN"": 0.6004285399182833, ""ECOD"": 0.6550635600705449, ""COPOD"": 0.5857017770847636, ""HBOS"": 0.4658724482634489, ""PCA"": 0.6887728843467392, ""CBLOF"": 0.580313517818113, ""LODA"": 0.5060542721744105}","{""smallest_K30"": 0.00418787017485674, ""random_K30"": 0.00332838127382463, ""hard_K30"": 0.0049204414307588195, ""smallest_K50"": 0.0035624727431064463, ""random_K50"": 0.0023464522983604446, ""hard_K50"": 0.004692541817518894}"
HeatVulnerability.npz,ok,9376,6,0.25,0.0,0.0,0.16529385145349673,0.0,KNN,0.0450596353248683,"{""CBLOF"": 6.241002238362086, ""COPOD"": 2.9091679169632823, ""ECOD"": 3.9070792073355154, ""HBOS"": 4.830405162392355, ""IForest"": 6.363390438387336, ""KNN"": 8.999999999999998, ""LODA"": 1.4858775889337439, ""LOF"": 8.0, ""PCA"": 2.2630774476256788}","{""IForest"": 0.8940096567382493, ""LOF"": 0.8640961453095324, ""KNN"": 0.9554267303172095, ""ECOD"": 0.6063587474621044, ""COPOD"": 0.6543904684282149, ""HBOS"": 0.8908789790685772, ""PCA"": 0.8555497742879944, ""CBLOF"": 0.6590602569793645, ""LODA"": 0.7314251511821681}","{""smallest_K30"": 0.018721237158891214, ""random_K30"": 0.020791664926312077, ""hard_K30"": 0.03786332276326848, ""smallest_K50"": 0.025724876671973002, ""random_K50"": 0.022505620230572728, ""hard_K50"": 0.0450596353248683}"
HeatVulnerability.npz,ok,9376,6,0.25,1.0,0.0,0.15389799943885307,0.0,KNN,0.048478745325187964,"{""CBLOF"": 6.610000819949227, ""COPOD"": 2.6936815265633385, ""ECOD"": 2.6013747543601906, ""HBOS"": 5.115969412656867, ""IForest"": 6.274029767393904, ""KNN"": 9.0, ""LODA"": 1.741144637587457, ""LOF"": 8.0, ""PCA"": 2.963799081489013}","{""IForest"": 0.8872237423317347, ""LOF"": 0.8851289930163906, ""KNN"": 0.9509406890462364, ""ECOD"": 0.6061455884885665, ""COPOD"": 0.6591836648061496, ""HBOS"": 0.8942949804851898, ""PCA"": 0.858234425143905, ""CBLOF"": 0.6617185282752498, ""LODA"": 0.7705135948730264}","{""smallest_K30"": 0.0194597525201653, ""random_K30"": 0.02589705097952864, ""hard_K30"": 0.038866307799093926, ""smallest_K50"": 0.021198329738553272, ""random_K50"": 0.028892234957008177, ""hard_K50"": 0.048478745325187964}"
HeatVulnerability.npz,ok,9376,6,0.25,2.0,0.0,0.16203149497110592,0.0,KNN,0.04457636226706956,"{""CBLOF"": 6.511767391492289, ""COPOD"": 1.7696232786599189, ""ECOD"": 2.3098817173747386, ""HBOS"": 5.169346064501397, ""IForest"": 6.318886544006313, ""KNN"": 9.0, ""LODA"": 3.0721507796091188, ""LOF"": 8.0, ""PCA"": 2.848344224356224}","{""IForest"": 0.8988516704628976, ""LOF"": 0.8983075541357084, ""KNN"": 0.9544913171829784, ""ECOD"": 0.6095452163851635, ""COPOD"": 0.6636648546637849, ""HBOS"": 0.8994902377435107, ""PCA"": 0.8590136834113198, ""CBLOF"": 0.6106965174129354, ""LODA"": 0.7380773485085542}","{""smallest_K30"": 0.013828768633875521, ""random_K30"": 0.035323704922270216, ""hard_K30"": 0.04457636226706956, ""smallest_K50"": 0.012640509073747332, ""random_K50"": 0.02997494741772025, ""hard_K50"": 0.04065980580814586}"
BioExperiment.npz,ok,3259,3,0.297,0.0,0.007551000198059099,0.32458335083854994,0.0,IForest,0.021826883341725313,"{""CBLOF"": 5.203149864670557, ""COPOD"": 3.1199026097491385, ""ECOD"": 1.3820050498166625, ""HBOS"": 6.6871246841618195, ""IForest"": 9.000000000000002, ""KNN"": 6.333896378731938, ""LODA"": 5.771827245600308, ""LOF"": 5.42706820864585, ""PCA"": 2.075025958623731}","{""IForest"": 0.9233804173643745, ""LOF"": 0.7698554169142404, ""KNN"": 0.3576833396352113, ""ECOD"": 0.6476687552890761, ""COPOD"": 0.37513504024199207, ""HBOS"": 0.6909390248293992, ""PCA"": 0.9309314175624336, ""CBLOF"": 0.46078431372549017, ""LODA"": 0.30075487495273595}","{""smallest_K30"": 0.007476403446832061, ""random_K30"": 0.008597981863363595, ""hard_K30"": 0.018702233918674854, ""smallest_K50"": 0.021826883341725313, ""random_K50"": 0.007646852008096108, ""hard_K50"": 0.012458806210206133}"
BioExperiment.npz,ok,3259,3,0.297,1.0,0.0015147013810113963,0.3011588703433622,0.0,IForest,0.014195615110013896,"{""CBLOF"": 4.205301165793802, ""COPOD"": 2.6213338626265, ""ECOD"": 2.5336427300246482, ""HBOS"": 6.356286823951576, ""IForest"": 8.49760950343651, ""KNN"": 5.198480742077552, ""LODA"": 5.277265192321226, ""LOF"": 6.437196400617907, ""PCA"": 3.8728835791502827}","{""IForest"": 0.9408523740074543, ""LOF"": 0.7763260951763625, ""KNN"": 0.34789067142008323, ""ECOD"": 0.6717846918381677, ""COPOD"": 0.4004753416518123, ""HBOS"": 0.759897324402672, ""PCA"": 0.9423670753884656, ""CBLOF"": 0.4721884621617242, ""LODA"": 0.45909180935918903}","{""smallest_K30"": 0.013395176311169786, ""random_K30"": 0.014195615110013896, ""hard_K30"": 0.010119905472909273, ""smallest_K50"": 0.006439349995126912, ""random_K50"": 0.005405537863368858, ""hard_K50"": 0.009866623658925221}"
BioExperiment.npz,ok,3259,3,0.297,2.0,0.01287833774464786,0.29539202682399357,0.0,IForest,0.014555363030583836,"{""CBLOF"": 4.4598115076107865, ""COPOD"": 2.658481006373652, ""ECOD"": 2.6185791051738985, ""HBOS"": 5.026677354710463, ""IForest"": 8.641940828562067, ""KNN"": 5.660167506504587, ""LODA"": 4.602457220568553, ""LOF"": 6.708488283204128, ""PCA"": 4.623397187291866}","{""IForest"": 0.9101757323682458, ""LOF"": 0.7838872233925711, ""KNN"": 0.361781810979672, ""ECOD"": 0.6474121788292911, ""COPOD"": 0.38164397990601195, ""HBOS"": 0.7546948990799258, ""PCA"": 0.9230540701128936, ""CBLOF"": 0.46842083941014423, ""LODA"": 0.4178876555213454}","{""smallest_K30"": 0.013140191923421874, ""random_K30"": 0.010683217159368973, ""hard_K30"": 0.014555363030583836, ""smallest_K50"": 0.010015775987276624, ""random_K50"": 0.0033152938091651745, ""hard_K50"": 0.011276400968498993}"
NetworkFlowAnomalies.npz,ok,4976,6,0.0299,0.0,0.46239248544471767,0.28812858671335473,0.0,LOF,0.0078067222330275,"{""CBLOF"": 4.562467799893641, ""COPOD"": 3.538170701969831, ""ECOD"": 3.799959859506442, ""HBOS"": 5.322108752136026, ""IForest"": 5.755499917962563, ""KNN"": 7.248740857114041, ""LODA"": 3.3637322508678595, ""LOF"": 7.662205213135115, ""PCA"": 3.7471146474144836}","{""IForest"": 0.8342573679603152, ""LOF"": 0.5376075145552823, ""KNN"": 0.46253143802020374, ""ECOD"": 0.848784859727375, ""COPOD"": 0.8778954242916892, ""HBOS"": 1.0, ""PCA"": 0.9718065224338933, ""CBLOF"": 0.4722650659329971, ""LODA"": 0.4016945266580516}","{""smallest_K30"": 0.006170367690570803, ""random_K30"": 0.0046963876623332705, ""hard_K30"": 0.0078067222330275, ""smallest_K50"": 0.004224214858307713, ""random_K50"": 0.005158345219325778, ""hard_K50"": 0.0073879550607781775}"
NetworkFlowAnomalies.npz,ok,4976,6,0.0299,1.0,0.4592104714660886,0.2952279053825596,0.0,LOF,0.006603879060200083,"{""CBLOF"": 3.3149146194022925, ""COPOD"": 4.586819641348563, ""ECOD"": 3.7568811008640153, ""HBOS"": 5.040916587791633, ""IForest"": 6.5299092271669, ""KNN"": 6.395711846060965, ""LODA"": 3.611916976614136, ""LOF"": 7.091194569803558, ""PCA"": 4.671735430947937}","{""IForest"": 0.8410243583864826, ""LOF"": 0.5407895285339114, ""KNN"": 0.45705670654605585, ""ECOD"": 0.8465616185195992, ""COPOD"": 0.8711075909791989, ""HBOS"": 1.0, ""PCA"": 0.9742381925048981, ""CBLOF"": 0.5543860380452151, ""LODA"": 0.2577848180416024}","{""smallest_K30"": 0.004009715330642315, ""random_K30"": 0.004728165228444435, ""hard_K30"": 0.004679486593469291, ""smallest_K50"": 0.006603879060200083, ""random_K50"": 0.0016582384132171023, ""hard_K50"": 0.0062493225342506115}"
NetworkFlowAnomalies.npz,ok,4976,6,0.0299,2.0,0.4792474328511679,0.3077270755269005,0.0,LOF,0.011136783967785058,"{""CBLOF"": 4.718395951163914, ""COPOD"": 4.393403939964021, ""ECOD"": 3.974348766439056, ""HBOS"": 4.518055693448712, ""IForest"": 5.411289382145261, ""KNN"": 7.2803790915489355, ""LODA"": 3.019688593021431, ""LOF"": 7.889495426807468, ""PCA"": 3.794943155461201}","{""IForest"": 0.8317075882001472, ""LOF"": 0.5207525671488321, ""KNN"": 0.4523392666083066, ""ECOD"": 0.8464435088304362, ""COPOD"": 0.8765684271957981, ""HBOS"": 1.0, ""PCA"": 0.9775383161726903, ""CBLOF"": 0.49897175094140367, ""LODA"": 0.22613489516028182}","{""smallest_K30"": 0.005195863500892868, ""random_K30"": 0.002006823525109457, ""hard_K30"": 0.011136783967785058, ""smallest_K50"": 0.005471369835910152, ""random_K50"": 0.0031943274404081165, ""hard_K50"": 0.0050840769747497235}"
DiamondClarity.npz,ok,18002,10,0.0737,0.0,0.42696063422697106,0.3371195211236383,0.0,HBOS,0.008105674556092148,"{""CBLOF"": 4.903616602039882, ""COPOD"": 3.4485710242992758, ""ECOD"": 3.326679514797882, ""HBOS"": 7.961233256981881, ""IForest"": 7.654863142770127, ""KNN"": 5.866340937805298, ""LODA"": 2.2350444905430735, ""LOF"": 3.880554835872193, ""PCA"": 5.723096194890385}","{""IForest"": 0.7021358951270408, ""LOF"": 0.9477493732410359, ""KNN"": 0.7331625822356341, ""ECOD"": 0.6577128918585169, ""COPOD"": 0.5102490201771759, ""HBOS"": 0.5207887390140649, ""PCA"": 0.6753572723811416, ""CBLOF"": 0.3432307207360901, ""LODA"": 0.4052821742858789}","{""smallest_K30"": 0.008105674556092148, ""random_K30"": 0.0019343413621372692, ""hard_K30"": 0.003936613959037995, ""smallest_K50"": 0.0024878957659350046, ""random_K50"": 0.0017471601973586882, ""hard_K50"": 0.00375425211748024}"
DiamondClarity.npz,ok,18002,10,0.0737,1.0,0.4079450101625901,0.3051954680785707,0.0,HBOS,0.006293855943510845,"{""CBLOF"": 4.177243274505975, ""COPOD"": 4.871972086403023, ""ECOD"": 2.6999527855279286, ""HBOS"": 8.23559266289444, ""IForest"": 7.345903677148484, ""KNN"": 6.124885627655388, ""LODA"": 3.1785175901357983, ""LOF"": 3.8011006110551024, ""PCA"": 4.564831684673861}","{""IForest"": 0.6967763292430649, ""LOF"": 0.9429409259198585, ""KNN"": 0.7296003091144706, ""ECOD"": 0.6623884741879249, ""COPOD"": 0.5094549936787446, ""HBOS"": 0.5349959157572683, ""PCA"": 0.6790725210115365, ""CBLOF"": 0.3530905233140777, ""LODA"": 0.6313891283446446}","{""smallest_K30"": 0.006293855943510845, ""random_K30"": 0.00286160777517877, ""hard_K30"": 0.00357134830945087, ""smallest_K50"": 0.005321926880260816, ""random_K50"": 0.00036096625224267434, ""hard_K50"": 0.001254652768187353}"
DiamondClarity.npz,ok,18002,10,0.0737,2.0,0.43405716132137395,0.2958671129142788,0.0,HBOS,0.008400859664593502,"{""CBLOF"": 3.8376031878020442, ""COPOD"": 4.49261721262134, ""ECOD"": 2.509461622055467, ""HBOS"": 8.328904441196379, ""IForest"": 7.612338507178602, ""KNN"": 5.994076552138575, ""LODA"": 3.7589479976641558, ""LOF"": 2.880773187554988, ""PCA"": 5.585277291788445}","{""IForest"": 0.6861521010406628, ""LOF"": 0.9437282865726142, ""KNN"": 0.7167618903434493, ""ECOD"": 0.650356283802334, ""COPOD"": 0.49448666774374683, ""HBOS"": 0.5096711252512403, ""PCA"": 0.6635354515658524, ""CBLOF"": 0.4502726782803022, ""LODA"": 0.7157860783248166}","{""smallest_K30"": 0.008400859664593502, ""random_K30"": 0.0010805310002865406, ""hard_K30"": 0.001886899329142396, ""smallest_K50"": 0.004182102190419372, ""random_K50"": 0.00023254474380182252, ""hard_K50"": 0.002017522085955241}"
VulnerabilityRisk.npz,ok,10299,3,0.1465,0.0,0.08498497072174449,0.17601555793959955,0.0,LOF,0.06688592250735445,"{""CBLOF"": 4.4870696773183, ""COPOD"": 3.3430140028477346, ""ECOD"": 2.977183763776673, ""HBOS"": 6.342345267566112, ""IForest"": 6.0572138093954555, ""KNN"": 8.426881541182203, ""LODA"": 1.2866977118267313, ""LOF"": 8.573118458817795, ""PCA"": 3.506475767268993}","{""IForest"": 0.7764765219830053, ""LOF"": 0.8714108975272371, ""KNN"": 0.9563958682489816, ""ECOD"": 0.7584975546795073, ""COPOD"": 0.7200392638480833, ""HBOS"": 0.7981285589459073, ""PCA"": 0.7835060173656582, ""CBLOF"": 0.5163493819034974, ""LODA"": 0.8426187282825609}","{""smallest_K30"": 0.010118716966081921, ""random_K30"": 0.027585126783379932, ""hard_K30"": 0.036811407629469994, ""smallest_K50"": 0.011398853554616065, ""random_K50"": 0.028135219961051606, ""hard_K50"": 0.06688592250735445}"
VulnerabilityRisk.npz,ok,10299,3,0.1465,1.0,0.08184491835486896,0.18779586417784533,0.0,LOF,0.0596474911568264,"{""CBLOF"": 3.544966974454994, ""COPOD"": 2.717596869678785, ""ECOD"": 3.2382611015073404, ""HBOS"": 6.523643824009919, ""IForest"": 5.940965478347604, ""KNN"": 8.43054695450434, ""LODA"": 1.3742567991630028, ""LOF"": 8.569453045495662, ""PCA"": 4.6603089528383554}","{""IForest"": 0.7790737561736143, ""LOF"": 0.8841637320559012, ""KNN"": 0.9660086504107701, ""ECOD"": 0.7524085671786498, ""COPOD"": 0.715227029932653, ""HBOS"": 0.8095405571877796, ""PCA"": 0.772185242733964, ""CBLOF"": 0.5242108215326924, ""LODA"": 0.8010967188902987}","{""smallest_K30"": 0.009194021453350071, ""random_K30"": 0.02700142738474692, ""hard_K30"": 0.0596474911568264, ""smallest_K50"": 0.012819956689457705, ""random_K50"": 0.028525869637948002, ""hard_K50"": 0.042910696359438}"
VulnerabilityRisk.npz,ok,10299,3,0.1465,2.0,0.09225967667638457,0.1793777008450288,0.0,LOF,0.05130185311761768,"{""CBLOF"": 3.975836820995339, ""COPOD"": 2.8848682703332993, ""ECOD"": 3.027246780283299, ""HBOS"": 6.442379687534047, ""IForest"": 6.185633226748144, ""KNN"": 8.48336608756255, ""LODA"": 1.4166177118976195, ""LOF"": 8.51663391243745, ""PCA"": 4.06741750220825}","{""IForest"": 0.7942002893522445, ""LOF"": 0.8706530253443314, ""KNN"": 0.962912702020716, ""ECOD"": 0.7571872519151304, ""COPOD"": 0.7157879420481283, ""HBOS"": 0.7940184075674884, ""PCA"": 0.7880671978745654, ""CBLOF"": 0.5526876661909469, ""LODA"": 0.8163005282676336}","{""smallest_K30"": 0.012794621759038852, ""random_K30"": 0.028459440253027483, ""hard_K30"": 0.037718475437811524, ""smallest_K50"": 0.0153991533950182, ""random_K50"": 0.026634789680231908, ""hard_K50"": 0.05130185311761768}"
GPUPowerProfile.npz,ok,1006,7,0.0199,0.0,0.09558080808080804,0.23258978675645336,0.0,KNN,0.01679696148408581,"{""CBLOF"": 6.968836163767855, ""COPOD"": 2.6979386566988763, ""ECOD"": 1.7615830459831117, ""HBOS"": 4.479272761984499, ""IForest"": 5.934400725747107, ""KNN"": 8.684807751261337, ""LODA"": 3.480707220239843, ""LOF"": 8.031163836232146, ""PCA"": 2.961289838085226}","{""IForest"": 0.8654040404040404, ""LOF"": 0.8707070707070708, ""KNN"": 0.7751262626262627, ""ECOD"": 0.5545454545454546, ""COPOD"": 0.4949494949494949, ""HBOS"": 0.30353535353535355, ""PCA"": 0.5386363636363636, ""CBLOF"": 0.6921717171717171, ""LODA"": 0.647979797979798}","{""smallest_K30"": 0.005352143292083307, ""random_K30"": 0.00770597401250993, ""hard_K30"": 0.01123784936170467, ""smallest_K50"": 0.01679696148408581, ""random_K50"": 0.0063126552562295666, ""hard_K50"": 0.011004040149647233}"
GPUPowerProfile.npz,ok,1006,7,0.0199,1.0,0.13118686868686869,0.26648428731762064,0.0,KNN,0.012275006297021777,"{""CBLOF"": 6.820178071927212, ""COPOD"": 2.492505039711246, ""ECOD"": 2.2688487607444303, ""HBOS"": 4.627825686982726, ""IForest"": 6.994461017423968, ""KNN"": 8.70800367527093, ""LODA"": 3.385703416037596, ""LOF"": 7.309616011179867, ""PCA"": 2.392858320722034}","{""IForest"": 0.8318181818181818, ""LOF"": 0.8063131313131313, ""KNN"": 0.7796717171717171, ""ECOD"": 0.5159090909090909, ""COPOD"": 0.48055555555555557, ""HBOS"": 0.27525252525252525, ""PCA"": 0.5227272727272727, ""CBLOF"": 0.6762626262626263, ""LODA"": 0.9108585858585858}","{""smallest_K30"": 0.008148703957523786, ""random_K30"": 0.007092914651456207, ""hard_K30"": 0.012275006297021777, ""smallest_K50"": 0.009031880493394533, ""random_K50"": 0.00328966125131091, ""hard_K50"": 0.0023594252406906255}"
GPUPowerProfile.npz,ok,1006,7,0.0199,2.0,0.01969696969696977,0.22290965207631885,0.0,LOF,0.0134195115531369,"{""CBLOF"": 5.643232543186325, ""COPOD"": 3.1227379433869493, ""ECOD"": 1.6753551003905722, ""HBOS"": 4.407171419177621, ""IForest"": 7.488523918815638, ""KNN"": 7.613032887370979, ""LODA"": 3.6522463566997847, ""LOF"": 8.283321428411236, ""PCA"": 3.1143784025608947}","{""IForest"": 0.881818181818182, ""LOF"": 0.8621212121212122, ""KNN"": 0.7518939393939393, ""ECOD"": 0.5563131313131313, ""COPOD"": 0.5108585858585859, ""HBOS"": 0.33106060606060606, ""PCA"": 0.5676767676767677, ""CBLOF"": 0.6381313131313131, ""LODA"": 0.8303030303030303}","{""smallest_K30"": 0.007217839851724627, ""random_K30"": 0.007385911012179063, ""hard_K30"": 0.007394418912335651, ""smallest_K50"": 0.0134195115531369, ""random_K50"": 0.002401242982986462, ""hard_K50"": 0.0029469235672475993}"
RemoteSensingAnomalies.npz,ok,11884,4,0.1354,0.0,0.0,0.03538878278459012,0.0,LOF,0.04290984503577717,"{""CBLOF"": 6.923821355033405, ""COPOD"": 2.3808859569197005, ""ECOD"": 2.038089322483297, ""HBOS"": 5.431435762672492, ""IForest"": 5.61588332599336, ""KNN"": 8.0, ""LODA"": 2.278352676605415, ""LOF"": 9.0, ""PCA"": 3.3315316002923288}","{""IForest"": 0.9432707443985247, ""LOF"": 0.9810312732969504, ""KNN"": 0.9728410295494171, ""ECOD"": 0.8844746476253554, ""COPOD"": 0.9385512453519513, ""HBOS"": 0.9591711162424259, ""PCA"": 0.955880774052282, ""CBLOF"": 0.9215695169658505, ""LODA"": 0.9539920671284849}","{""smallest_K30"": 0.003970349155635515, ""random_K30"": 0.027369596840617558, ""hard_K30"": 0.04290984503577717, ""smallest_K50"": 0.005240132862209045, ""random_K50"": 0.02466894383951871, ""hard_K50"": 0.033415983184290336}"
RemoteSensingAnomalies.npz,ok,11884,4,0.1354,1.0,0.0,0.03516770275876224,0.0,LOF,0.04301387348824358,"{""CBLOF"": 6.999999999999999, ""COPOD"": 2.0723850131354675, ""ECOD"": 2.041608559005269, ""HBOS"": 5.228894998584175, ""IForest"": 5.771105001415824, ""KNN"": 8.0, ""LODA"": 2.1149014264434385, ""LOF"": 9.0, ""PCA"": 3.7711050014158243}","{""IForest"": 0.9453720631665857, ""LOF"": 0.9805579624345417, ""KNN"": 0.9712160459943233, ""ECOD"": 0.8780763315837465, ""COPOD"": 0.9409235459300559, ""HBOS"": 0.9589309828080792, ""PCA"": 0.9555907388337197, ""CBLOF"": 0.9187187641293878, ""LODA"": 0.959125902201576}","{""smallest_K30"": 0.0031349990304009694, ""random_K30"": 0.021133242579275888, ""hard_K30"": 0.04301387348824358, ""smallest_K50"": 0.004349653051847232, ""random_K50"": 0.019302775320933253, ""hard_K50"": 0.026993032285825336}"
RemoteSensingAnomalies.npz,ok,11884,4,0.1354,2.0,0.0,0.037659397976138154,0.0,LOF,0.050838522480793985,"{""CBLOF"": 6.92797983496754, ""COPOD"": 2.4363163575864384, ""ECOD"": 2.0131674882939725, ""HBOS"": 5.17491820107169, ""IForest"": 5.897101963960771, ""KNN"": 8.0, ""LODA"": 2.1232463180149597, ""LOF"": 9.000000000000002, ""PCA"": 3.4272698361046294}","{""IForest"": 0.946568496247537, ""LOF"": 0.9832729219309269, ""KNN"": 0.9768733961490944, ""ECOD"": 0.8841068865974392, ""COPOD"": 0.9432894953719876, ""HBOS"": 0.9613861505914872, ""PCA"": 0.9580322970396146, ""CBLOF"": 0.9246307646011864, ""LODA"": 0.9323613070638245}","{""smallest_K30"": 0.0018091030070818536, ""random_K30"": 0.019989367785610303, ""hard_K30"": 0.050838522480793985, ""smallest_K50"": 0.004042933325072836, ""random_K50"": 0.02380688920097013, ""hard_K50"": 0.03690483906223956}"
ProgrammingAnomalies.npz,ok,32618,6,0.0083,0.0,0.0,0.3410597243530396,0.0,KNN,0.017807394180845454,"{""CBLOF"": 4.26596947981613, ""COPOD"": 3.8415141481041473, ""ECOD"": 3.657332622607014, ""HBOS"": 3.133414286127773, ""IForest"": 6.879034270139371, ""KNN"": 7.660088999544276, ""LODA"": 3.8328498450662583, ""LOF"": 6.317271649364763, ""PCA"": 5.4125246992302705}","{""IForest"": 0.3133174971626069, ""LOF"": 0.6770564684008509, ""KNN"": 0.8182996173083833, ""ECOD"": 0.34752733307858585, ""COPOD"": 0.3349275965711744, ""HBOS"": 0.4675390818823181, ""PCA"": 0.3033016419808712, ""CBLOF"": 0.5340310373737432, ""LODA"": 0.4991587628395604}","{""smallest_K30"": 0.010226532164791951, ""random_K30"": 0.005593504948575091, ""hard_K30"": 0.017807394180845454, ""smallest_K50"": 0.00851243022985659, ""random_K50"": 0.004046466648420022, ""hard_K50"": 0.008475322951166224}"
ProgrammingAnomalies.npz,ok,32618,6,0.0083,1.0,0.4936470910304156,0.3578210341608825,0.0,IForest,0.014282805713822703,"{""CBLOF"": 3.876514888350216, ""COPOD"": 4.0353912550753925, ""ECOD"": 4.0293162761489665, ""HBOS"": 3.7578577022124184, ""IForest"": 7.107474056503279, ""KNN"": 6.447909649875239, ""LODA"": 4.553070261415673, ""LOF"": 5.447909649875239, ""PCA"": 5.7445562605435745}","{""IForest"": 0.3286916053086343, ""LOF"": 0.6844602109081369, ""KNN"": 0.8223386963390499, ""ECOD"": 0.35372340122164747, ""COPOD"": 0.34208752288450245, ""HBOS"": 0.47449882226797546, ""PCA"": 0.3067584137974301, ""CBLOF"": 0.3311502991382309, ""LODA"": 0.536949987737899}","{""smallest_K30"": 0.013487363992107407, ""random_K30"": 0.004828937611928533, ""hard_K30"": 0.01241468485343029, ""smallest_K50"": 0.014282805713822703, ""random_K50"": 0.008994751430822696, ""hard_K50"": 0.011279512609313369}"
ProgrammingAnomalies.npz,ok,32618,6,0.0083,2.0,0.0,0.33776011021315766,0.0,KNN,0.013557154681882276,"{""CBLOF"": 4.238732462284193, ""COPOD"": 2.4759044546241435, ""ECOD"": 2.8421061983842684, ""HBOS"": 4.366346684659541, ""IForest"": 6.948763068418904, ""KNN"": 8.511448187867064, ""LODA"": 4.454947102283431, ""LOF"": 7.398265990589495, ""PCA"": 3.7634858508889617}","{""IForest"": 0.32400862339380737, ""LOF"": 0.6823728020896902, ""KNN"": 0.8208757991753023, ""ECOD"": 0.34297438646720313, ""COPOD"": 0.32909653980620174, ""HBOS"": 0.46018011030187583, ""PCA"": 0.3004283180389764, ""CBLOF"": 0.5376942687510338, ""LODA"": 0.5504103526352111}","{""smallest_K30"": 0.006524390163774828, ""random_K30"": 0.005731529550341216, ""hard_K30"": 0.013557154681882276, ""smallest_K50"": 0.005632953872876675, ""random_K50"": 0.0050153360925559035, ""hard_K50"": 0.013307539303359754}"
ProtestViolence.npz,ok,20224,7,0.1328,0.0,0.14349543347786708,0.257635415519883,0.0,IForest,0.010717349405731467,"{""CBLOF"": 4.224526956438398, ""COPOD"": 3.9868323536226, ""ECOD"": 4.189400768824413, ""HBOS"": 5.3245396781433225, ""IForest"": 7.568574781286278, ""KNN"": 6.109662676266709, ""LODA"": 4.063408583729634, ""LOF"": 3.875630294016669, ""PCA"": 5.657423907671974}","{""IForest"": 0.7711719558570942, ""LOF"": 0.5316070978280896, ""KNN"": 0.5107289072695025, ""ECOD"": 0.672330280494918, ""COPOD"": 0.7370520397585011, ""HBOS"": 0.9146673893349613, ""PCA"": 0.7364452997976755, ""CBLOF"": 0.49070882340205685, ""LODA"": 0.548575970592905}","{""smallest_K30"": 0.010717349405731467, ""random_K30"": 0.0012201169701579473, ""hard_K30"": 0.0028293065064541336, ""smallest_K50"": 0.005635417674518854, ""random_K50"": 0.0012211418464176129, ""hard_K50"": 0.00550218462335003}"
ProtestViolence.npz,ok,20224,7,0.1328,1.0,0.14093676744401273,0.24702120430753893,0.0,IForest,0.009724217312920365,"{""CBLOF"": 3.427529847976243, ""COPOD"": 4.835060306524687, ""ECOD"": 4.529752492319944, ""HBOS"": 4.36919152339083, ""IForest"": 7.88048311054867, ""KNN"": 6.2168314436067105, ""LODA"": 2.874054798746056, ""LOF"": 3.7635145057656, ""PCA"": 7.10358197112126}","{""IForest"": 0.772579970385741, ""LOF"": 0.5199119913976011, ""KNN"": 0.5122769060570839, ""ECOD"": 0.6697868970488474, ""COPOD"": 0.7355662326128725, ""HBOS"": 0.9135167378297537, ""PCA"": 0.746079591717177, ""CBLOF"": 0.49724690548823197, ""LODA"": 0.6314945691626246}","{""smallest_K30"": 0.009724217312920365, ""random_K30"": 0.0022679716052473194, ""hard_K30"": 0.0026989495815465158, ""smallest_K50"": 0.007871209913446017, ""random_K50"": 0.0010822732903801732, ""hard_K50"": 0.0022289717640384386}"
ProtestViolence.npz,ok,20224,7,0.1328,2.0,0.14753677584943592,0.25741541582930805,0.0,IForest,0.00993668604221805,"{""CBLOF"": 2.7921042693585894, ""COPOD"": 5.211139411330079, ""ECOD"": 4.18259747995226, ""HBOS"": 5.298209499027875, ""IForest"": 8.55411522393763, ""KNN"": 5.53952695082036, ""LODA"": 2.9370796994905577, ""LOF"": 3.726915820914904, ""PCA"": 6.758311645167742}","{""IForest"": 0.7678603570521926, ""LOF"": 0.5191889339630892, ""KNN"": 0.5076036180677546, ""ECOD"": 0.6809537990390648, ""COPOD"": 0.7421981328073859, ""HBOS"": 0.9153971329016285, ""PCA"": 0.7180570566924575, ""CBLOF"": 0.49287067279894653, ""LODA"": 0.5777057503283634}","{""smallest_K30"": 0.00993668604221805, ""random_K30"": 0.0021711873616818912, ""hard_K30"": 0.0013509417372825584, ""smallest_K50"": 0.004626378378871173, ""random_K50"": 0.0017891583446184185, ""hard_K50"": 0.0017112106260587549}"
SessionAnomaly.npz,ok,13201,5,0.2728,0.0,0.17365192249838013,0.19249802491848966,0.0,HBOS,0.028500151456600665,"{""CBLOF"": 4.108553965946634, ""COPOD"": 3.037850829484864, ""ECOD"": 3.326437358912831, ""HBOS"": 9.0, ""IForest"": 5.573157746718354, ""KNN"": 6.476341821651923, ""LODA"": 2.5984224825430324, ""LOF"": 6.120671311223895, ""PCA"": 4.758564483518466}","{""IForest"": 0.74479311302416, ""LOF"": 0.7821242507868185, ""KNN"": 0.7622254813477738, ""ECOD"": 0.4615020133296307, ""COPOD"": 0.346483615662316, ""HBOS"": 0.6084723282884383, ""PCA"": 0.6148908289364066, ""CBLOF"": 0.7593909099324262, ""LODA"": 0.22675349150698879}","{""smallest_K30"": 0.022493963364994252, ""random_K30"": 0.016545284607953036, ""hard_K30"": 0.028500151456600665, ""smallest_K50"": 0.010451941244508628, ""random_K50"": 0.014080317880897609, ""hard_K50"": 0.02515852951389934}"
SessionAnomaly.npz,ok,13201,5,0.2728,1.0,0.21548904239563083,0.19996383302734833,0.0,HBOS,0.03132239063564659,"{""CBLOF"": 4.759528378331372, ""COPOD"": 2.540413593566162, ""ECOD"": 2.6823165476521527, ""HBOS"": 9.0, ""IForest"": 4.586354116965235, ""KNN"": 7.114506684624974, ""LODA"": 3.9104813946235413, ""LOF"": 7.371796893387697, ""PCA"": 3.034602390848868}","{""IForest"": 0.7357974925946497, ""LOF"": 0.7746464379107655, ""KNN"": 0.7517240581320004, ""ECOD"": 0.4640449990743312, ""COPOD"": 0.33546569818568917, ""HBOS"": 0.5591573955151347, ""PCA"": 0.6084530917337777, ""CBLOF"": 0.7397010668332871, ""LODA"": 0.20315320397111913}","{""smallest_K30"": 0.012673280270783377, ""random_K30"": 0.022672572695938968, ""hard_K30"": 0.03132239063564659, ""smallest_K50"": 0.01050264191270973, ""random_K50"": 0.012969568940752817, ""hard_K50"": 0.0205367545847608}"
SessionAnomaly.npz,ok,13201,5,0.2728,2.0,0.2201345257104509,0.2062580996019625,0.0,HBOS,0.02777781311264444,"{""CBLOF"": 4.231467353778771, ""COPOD"": 3.4530413569165894, ""ECOD"": 2.427777893987377, ""HBOS"": 9.0, ""IForest"": 5.844251055153647, ""KNN"": 6.882484082666401, ""LODA"": 3.6858229601579513, ""LOF"": 6.666101804839658, ""PCA"": 2.809053492499607}","{""IForest"": 0.7075105005554013, ""LOF"": 0.7804250700037028, ""KNN"": 0.7542496875867815, ""ECOD"": 0.4600923209987966, ""COPOD"": 0.3373523268999352, ""HBOS"": 0.5602905442932519, ""PCA"": 0.604622413912802, ""CBLOF"": 0.7585912188743867, ""LODA"": 0.20436865049060443}","{""smallest_K30"": 0.014630017599682712, ""random_K30"": 0.026225119008198933, ""hard_K30"": 0.02777781311264444, ""smallest_K50"": 0.01382192473243992, ""random_K50"": 0.01549553918916025, ""hard_K50"": 0.01966705508938881}"
CrimeFraudDetection.npz,ok,13307,10,0.0781,0.0,0.02805460708018881,0.15989357640100899,0.0,KNN,0.008756494209035019,"{""CBLOF"": 3.3878021019160394, ""COPOD"": 3.910210548531726, ""ECOD"": 2.6152061753891, ""HBOS"": 5.5517496719669435, ""IForest"": 6.708671198300859, ""KNN"": 8.58083606164973, ""LODA"": 4.093102032229372, ""LOF"": 4.798366180428013, ""PCA"": 5.354056029588214}","{""IForest"": 0.9509155173184672, ""LOF"": 0.4590858710769006, ""KNN"": 0.9586242492271658, ""ECOD"": 0.8434352823423563, ""COPOD"": 0.8882580972080703, ""HBOS"": 0.8501317406791213, ""PCA"": 0.9866788563073546, ""CBLOF"": 0.5452322738386308, ""LODA"": 0.9587056311590434}","{""smallest_K30"": 0.008480485008028758, ""random_K30"": 0.0021187038527520747, ""hard_K30"": 0.00420598581429446, ""smallest_K50"": 0.008756494209035019, ""random_K50"": 0.002182434216621839, ""hard_K50"": 0.007579728437620548}"
CrimeFraudDetection.npz,ok,13307,10,0.0781,1.0,0.027951065730715707,0.164932218328963,0.0,KNN,0.007443062316989295,"{""CBLOF"": 2.831923055382188, ""COPOD"": 3.1914413614703454, ""ECOD"": 2.773788742633867, ""HBOS"": 6.201331573978881, ""IForest"": 6.893484363233048, ""KNN"": 8.466649886844207, ""LODA"": 3.453537559423195, ""LOF"": 5.885476964949321, ""PCA"": 5.30236649208495}","{""IForest"": 0.9613728014131826, ""LOF"": 0.4469883978780299, ""KNN"": 0.9587987791533612, ""ECOD"": 0.8379534738514951, ""COPOD"": 0.8829006167769932, ""HBOS"": 0.8351158917930145, ""PCA"": 0.9867498448840769, ""CBLOF"": 0.5477482501904142, ""LODA"": 0.9387305830554582}","{""smallest_K30"": 0.005378740302140858, ""random_K30"": 0.0035531196406626293, ""hard_K30"": 0.007443062316989295, ""smallest_K50"": 0.0062347186537579586, ""random_K50"": 0.002143283796670865, ""hard_K50"": 0.0047268697575362385}"
CrimeFraudDetection.npz,ok,13307,10,0.0781,2.0,0.028381311413943178,0.16336454303184578,0.0,KNN,0.005623057888914152,"{""CBLOF"": 2.9571339984813187, ""COPOD"": 3.7200791777873636, ""ECOD"": 2.4880144637129495, ""HBOS"": 5.470939794212294, ""IForest"": 7.345357976687649, ""KNN"": 8.597954709103307, ""LODA"": 3.6480343856729673, ""LOF"": 4.947338222763657, ""PCA"": 5.825147271578494}","{""IForest"": 0.9662988595547879, ""LOF"": 0.45083472368971167, ""KNN"": 0.962878073001358, ""ECOD"": 0.8386735568728315, ""COPOD"": 0.8895307929620121, ""HBOS"": 0.8426893139836514, ""PCA"": 0.9912593844153011, ""CBLOF"": 0.5486769847190226, ""LODA"": 0.960211883252422}","{""smallest_K30"": 0.005623057888914152, ""random_K30"": 0.001359524460747281, ""hard_K30"": 0.003872174870191624, ""smallest_K50"": 0.005402056286121726, ""random_K50"": 0.0016834874894341414, ""hard_K50"": 0.002771365703152854}"
WebTrafficError.npz,ok,7316,6,0.0592,0.0,0.0,0.20444631915245315,0.0,IForest,0.006710370367229964,"{""CBLOF"": 2.7260537361810133, ""COPOD"": 3.4738279109976284, ""ECOD"": 2.8784477533657906, ""HBOS"": 5.075381844652721, ""IForest"": 7.764852516101514, ""KNN"": 6.945008155065654, ""LODA"": 6.829522983284634, ""LOF"": 4.8995182810062845, ""PCA"": 4.407386819344765}","{""IForest"": 0.8531583705246705, ""LOF"": 0.6588627752871741, ""KNN"": 0.7055225990832565, ""ECOD"": 0.6643571978444958, ""COPOD"": 0.4908568850515144, ""HBOS"": 0.637443584054099, ""PCA"": 0.7396489003607601, ""CBLOF"": 0.4813255042843414, ""LODA"": 0.607232645859644}","{""smallest_K30"": 0.006710370367229964, ""random_K30"": 0.00184649637702943, ""hard_K30"": 0.0019019223835751553, ""smallest_K50"": 0.00601039240523475, ""random_K50"": 0.001382901227392219, ""hard_K50"": 0.0021791668720460467}"
WebTrafficError.npz,ok,7316,6,0.0592,1.0,0.11424407244721524,0.1630082839358955,0.0,KNN,0.012271595032587367,"{""CBLOF"": 2.5831207578250357, ""COPOD"": 3.2204159605624403, ""ECOD"": 2.1307787246948924, ""HBOS"": 6.299421448584485, ""IForest"": 7.102777665545928, ""KNN"": 7.289693651688344, ""LODA"": 4.99946799499546, ""LOF"": 6.992488584649601, ""PCA"": 4.38183521145382}","{""IForest"": 0.8145146006396743, ""LOF"": 0.6490311803448605, ""KNN"": 0.700270528192459, ""ECOD"": 0.6563352738238396, ""COPOD"": 0.4914824710142376, ""HBOS"": 0.6294392703621522, ""PCA"": 0.7249652405654761, ""CBLOF"": 0.4965106391543017, ""LODA"": 0.7010076462370082}","{""smallest_K30"": 0.012271595032587367, ""random_K30"": 0.0023374827121918056, ""hard_K30"": 0.0029326417860001206, ""smallest_K50"": 0.006453596069682791, ""random_K50"": 0.0012200577583569242, ""hard_K50"": 0.0020984851322539398}"
WebTrafficError.npz,ok,7316,6,0.0592,2.0,0.1529482206020718,0.20435360869178731,0.0,KNN,0.010473535390355053,"{""CBLOF"": 3.197214826870988, ""COPOD"": 3.5092183542944, ""ECOD"": 1.7612728125671366, ""HBOS"": 6.576325151186072, ""IForest"": 6.271000911772332, ""KNN"": 8.042638997629943, ""LODA"": 6.525018485895835, ""LOF"": 5.968239948754808, ""PCA"": 3.1490705110284773}","{""IForest"": 0.8544984326807448, ""LOF"": 0.655862310709931, ""KNN"": 0.701550212078673, ""ECOD"": 0.6614338832787412, ""COPOD"": 0.4895419805078819, ""HBOS"": 0.632129457719278, ""PCA"": 0.7284973693523256, ""CBLOF"": 0.49273699728800935, ""LODA"": 0.6350527722850324}","{""smallest_K30"": 0.010473535390355053, ""random_K30"": 0.0022381450975817244, ""hard_K30"": 0.004405066938099463, ""smallest_K50"": 0.003795769696104706, ""random_K50"": 0.0013647560925961122, ""hard_K50"": 0.001891834178270759}"
FootballPlayerPosition.npz,ok,10145,39,0.2604,0.0,0.21427526740941305,0.15131233620068452,0.0,KNN,0.0056153836679135975,"{""CBLOF"": 5.367041958438559, ""COPOD"": 3.4126273469757678, ""ECOD"": 2.5103402468559115, ""HBOS"": 6.374323548146149, ""IForest"": 6.053070863358917, ""KNN"": 6.7255302142876, ""LODA"": 4.122322268966262, ""LOF"": 5.974854818532164, ""PCA"": 4.459888734438665}","{""IForest"": 0.7450932282843484, ""LOF"": 0.5720544113664321, ""KNN"": 0.5685828423241432, ""ECOD"": 0.5917152884703157, ""COPOD"": 0.5375018723323992, ""HBOS"": 0.65577049062926, ""PCA"": 0.7260118286017749, ""CBLOF"": 0.5043238900536156, ""LODA"": 0.7828581097335563}","{""smallest_K30"": 0.001054007057615133, ""random_K30"": 0.0006333656010415193, ""hard_K30"": 0.0056153836679135975, ""smallest_K50"": 0.0028202741036691212, ""random_K50"": 0.0004814363453629309, ""hard_K50"": 0.001699947928258569}"
FootballPlayerPosition.npz,ok,10145,39,0.2604,1.0,0.022238769914177725,0.1589719198612033,0.0,IForest,0.003452230264799287,"{""CBLOF"": 5.856530700489773, ""COPOD"": 2.428610595273473, ""ECOD"": 3.632066043634345, ""HBOS"": 6.590068343148882, ""IForest"": 6.645847053840917, ""KNN"": 6.435383309218922, ""LODA"": 3.998539897689015, ""LOF"": 4.257460310881116, ""PCA"": 5.155493745823559}","{""IForest"": 0.7716087332139412, ""LOF"": 0.5828454762179742, ""KNN"": 0.5638691036659387, ""ECOD"": 0.5905376733451986, ""COPOD"": 0.5372749229506849, ""HBOS"": 0.6510970985278046, ""PCA"": 0.7309860547169916, ""CBLOF"": 0.4918136836355879, ""LODA"": 0.7938475031281189}","{""smallest_K30"": 0.003186650355674471, ""random_K30"": 0.000524920916586096, ""hard_K30"": 0.0028600001475473013, ""smallest_K50"": 0.003452230264799287, ""random_K50"": 0.00042391636487531696, ""hard_K50"": 0.0013505634792077652}"
FootballPlayerPosition.npz,ok,10145,39,0.2604,2.0,0.23435184013080357,0.1626845875985108,0.0,KNN,0.001931376604040005,"{""CBLOF"": 5.416193083985903, ""COPOD"": 2.7173085419964322, ""ECOD"": 2.243713379669379, ""HBOS"": 5.197767398911549, ""IForest"": 6.79510648180124, ""KNN"": 7.876884359642342, ""LODA"": 5.165718919950908, ""LOF"": 4.840812313225537, ""PCA"": 4.74649552081671}","{""IForest"": 0.7201746905040847, ""LOF"": 0.5802568663535438, ""KNN"": 0.5545287496955096, ""ECOD"": 0.585896054157183, ""COPOD"": 0.5307647538532222, ""HBOS"": 0.6468541537536671, ""PCA"": 0.7251161350419427, ""CBLOF"": 0.5032920268647548, ""LODA"": 0.7888805898263131}","{""smallest_K30"": 0.0006846227981657416, ""random_K30"": 0.000991734518846529, ""hard_K30"": 0.001931376604040005, ""smallest_K50"": 0.0013405444675822535, ""random_K50"": 0.0007352967040884259, ""hard_K50"": 0.001491966013052117}"
DoctorVisits.npz,ok,23713,7,0.1269,0.0,2.40685279129238e-06,0.10048974105740527,0.0,PCA,0.004658550388847592,"{""CBLOF"": 3.500889045465505, ""COPOD"": 4.701896574476143, ""ECOD"": 3.5327514265380344, ""HBOS"": 4.23000795719821, ""IForest"": 7.232685745011304, ""KNN"": 5.018728133069375, ""LODA"": 4.772239508184479, ""LOF"": 4.391657021462393, ""PCA"": 7.619144588594557}","{""IForest"": 0.5795847537107653, ""LOF"": 0.9842821280750553, ""KNN"": 0.967195719652996, ""ECOD"": 0.9516791408498275, ""COPOD"": 0.965536996937681, ""HBOS"": 1.0, ""PCA"": 0.9999975931472087, ""CBLOF"": 0.6498918119670325, ""LODA"": 0.9974241861427859}","{""smallest_K30"": 0.004109162346278465, ""random_K30"": 0.0015748812753774676, ""hard_K30"": 0.002026945671068835, ""smallest_K50"": 0.004658550388847592, ""random_K50"": 0.0004400742611836242, ""hard_K50"": 0.0015910720139102833}"
DoctorVisits.npz,ok,23713,7,0.1269,1.0,0.44065527369526514,0.10627649710923615,0.0,IForest,0.005391602182791316,"{""CBLOF"": 2.5880199708568896, ""COPOD"": 5.438840846896474, ""ECOD"": 4.1343385751825785, ""HBOS"": 4.326054397702651, ""IForest"": 7.827668462680743, ""KNN"": 4.096630324971358, ""LODA"": 5.235301160089864, ""LOF"": 4.429922919224264, ""PCA"": 6.923223342395177}","{""IForest"": 0.5593447263047349, ""LOF"": 0.9835529720219407, ""KNN"": 0.9663896646532008, ""ECOD"": 0.949344172728593, ""COPOD"": 0.9656469901102419, ""HBOS"": 1.0, ""PCA"": 0.9999986361167517, ""CBLOF"": 0.6243776480394979, ""LODA"": 0.9948567160419146}","{""smallest_K30"": 0.005391602182791316, ""random_K30"": 0.0010353611349994702, ""hard_K30"": 0.0016717443045382173, ""smallest_K50"": 0.004011792960641925, ""random_K50"": 0.0005583789212503053, ""hard_K50"": 0.0020076908878360043}"
DoctorVisits.npz,ok,23713,7,0.1269,2.0,0.5561991702776145,0.11731586172149344,0.0,IForest,0.0031688049862603563,"{""CBLOF"": 3.6852279701861193, ""COPOD"": 5.05125930660301, ""ECOD"": 3.4193713807636854, ""HBOS"": 4.962415383840902, ""IForest"": 7.42579192284613, ""KNN"": 5.296832221527166, ""LODA"": 5.084140755922813, ""LOF"": 4.851129333827428, ""PCA"": 5.223831724482748}","{""IForest"": 0.44361020698131726, ""LOF"": 0.9840446519329835, ""KNN"": 0.961873085047748, ""ECOD"": 0.9462091667395407, ""COPOD"": 0.9608489290708506, ""HBOS"": 0.9998093772589317, ""PCA"": 0.9997338020812858, ""CBLOF"": 0.6473184049626095, ""LODA"": 0.9989940157616767}","{""smallest_K30"": 0.0031688049862603563, ""random_K30"": 0.0006190381002456881, ""hard_K30"": 0.0020041522477762027, ""smallest_K50"": 0.0030012694376244024, ""random_K50"": 0.00027982521633649173, ""hard_K50"": 0.0023589045041434373}"
FinancialTransactionAnomalies.npz,ok,18883,5,0.1022,0.0,0.0,0.018851482961493415,0.0,KNN,0.009019308071916995,"{""CBLOF"": 4.261776331878775, ""COPOD"": 2.068662824607561, ""ECOD"": 1.7005475131923924, ""HBOS"": 7.132108975991634, ""IForest"": 5.950665621504241, ""KNN"": 8.232923291219011, ""LODA"": 7.731875114821081, ""LOF"": 5.396486836396899, ""PCA"": 2.5249534903884063}","{""IForest"": 0.49418390002261037, ""LOF"": 0.49958646978041926, ""KNN"": 0.5192825090170227, ""ECOD"": 0.4945952899748809, ""COPOD"": 0.501015633276815, ""HBOS"": 0.5147763290716025, ""PCA"": 0.4870597145280886, ""CBLOF"": 0.514102144868885, ""LODA"": 0.4792772439594395}","{""smallest_K30"": 0.006250664520554453, ""random_K30"": 0.0031883805617806257, ""hard_K30"": 0.009019308071916995, ""smallest_K50"": 0.0018610418504727507, ""random_K50"": 0.0019549567822033263, ""hard_K50"": 0.0030318439059166175}"
FinancialTransactionAnomalies.npz,ok,18883,5,0.1022,1.0,0.045258551170504535,0.020596250954903195,0.0,LODA,0.010357061776183618,"{""COPOD"": 3.3459441232183353, ""ECOD"": 1.9817412545383881, ""HBOS"": 7.093488543385946, ""IForest"": 6.075565911037965, ""KNN"": 7.830945545576093, ""LODA"": 8.40872653259091, ""LOF"": 4.549927394069291, ""PCA"": 2.455729871954465}","{""IForest"": 0.4972779621719984, ""LOF"": 0.49304451343239414, ""KNN"": 0.5187159496847615, ""ECOD"": 0.498239095070521, ""COPOD"": 0.5005648012555419, ""HBOS"": 0.5112597170046836, ""PCA"": 0.49239815270470927, ""LODA"": 0.473457398514257}","{""smallest_K30"": 0.007489514356421992, ""random_K30"": 0.00446308441743966, ""hard_K30"": 0.010357061776183618, ""smallest_K50"": 0.005796253074308421, ""random_K50"": 0.002331358184289847, ""hard_K50"": 0.004510195065126035}"
FinancialTransactionAnomalies.npz,ok,18883,5,0.1022,2.0,0.03376432201911589,0.01833610001102237,0.0,LODA,0.007040253067441899,"{""COPOD"": 1.954369496583159, ""ECOD"": 1.663244865326018, ""HBOS"": 7.039876073028954, ""IForest"": 5.475912687587865, ""KNN"": 7.918759249622362, ""LODA"": 8.341466248988665, ""LOF"": 5.168519203530816, ""PCA"": 3.573674080101676}","{""IForest"": 0.4942270111212876, ""LOF"": 0.4946653837292904, ""KNN"": 0.5162602986987633, ""ECOD"": 0.4919852339900744, ""COPOD"": 0.5000925665611669, ""HBOS"": 0.5139548486150712, ""PCA"": 0.48971227010662655, ""LODA"": 0.48249597667964744}","{""smallest_K30"": 0.006680090884233671, ""random_K30"": 0.004154550528444957, ""hard_K30"": 0.007040253067441899, ""smallest_K50"": 0.004198193737033461, ""random_K50"": 0.0028039792330631914, ""hard_K50"": 0.006852690453435407}"
BusinessInspections.npz,ok,16103,4,0.0075,0.0,0.07927111419021443,0.055603522930846805,0.0,KNN,0.046096883868617045,"{""CBLOF"": 5.329127929372384, ""COPOD"": 2.5230090539486514, ""ECOD"": 3.7674537848057144, ""HBOS"": 7.0, ""IForest"": 5.122964751335953, ""KNN"": 9.0, ""LODA"": 2.3456566038289566, ""LOF"": 8.0, ""PCA"": 1.911787876708341}","{""IForest"": 0.47025749863637656, ""LOF"": 0.5724827252822248, ""KNN"": 0.49321161109201034, ""ECOD"": 0.5205151006754782, ""COPOD"": 0.5285158865361897, ""HBOS"": 0.5183087450269751, ""PCA"": 0.5424416485496475, ""CBLOF"": 0.5133699723656218, ""LODA"": 0.4928096329978777}","{""smallest_K30"": 0.046096883868617045, ""random_K30"": 0.027785392216008096, ""hard_K30"": 0.030458757021499704, ""smallest_K50"": 0.04038382092808289, ""random_K50"": 0.0231884395396573, ""hard_K50"": 0.0206646467523342}"
BusinessInspections.npz,ok,16103,4,0.0075,1.0,0.06634835861099109,0.049679264852580673,0.0,KNN,0.02694501982413502,"{""CBLOF"": 3.745129466805082, ""COPOD"": 2.621981840331277, ""ECOD"": 2.9659086399816745, ""HBOS"": 4.985030946864206, ""IForest"": 5.889069614163351, ""KNN"": 9.0, ""LODA"": 3.7077776022104274, ""LOF"": 8.0, ""PCA"": 4.08510188964398}","{""IForest"": 0.46330754297029497, ""LOF"": 0.567110953709185, ""KNN"": 0.5007625950981939, ""ECOD"": 0.523235884881746, ""COPOD"": 0.5305516276881477, ""HBOS"": 0.5267153865840133, ""PCA"": 0.5286645279536343, ""CBLOF"": 0.5272479106186843, ""LODA"": 0.48928877020553874}","{""smallest_K30"": 0.01475776803719044, ""random_K30"": 0.02694501982413502, ""hard_K30"": 0.020210897462654438, ""smallest_K50"": 0.01410379477976847, ""random_K50"": 0.02362564715258961, ""hard_K50"": 0.016116183842390518}"
BusinessInspections.npz,ok,16103,4,0.0075,2.0,0.04947174132774268,0.04690376337090585,0.0,KNN,0.030147680438931228,"{""CBLOF"": 4.430552773477965, ""COPOD"": 3.3563241291634434, ""ECOD"": 2.3949741946003544, ""HBOS"": 6.19677266765693, ""IForest"": 5.058949518054457, ""KNN"": 9.0, ""LODA"": 3.7612683411898495, ""LOF"": 8.0, ""PCA"": 2.801158375856998}","{""IForest"": 0.4742217006129196, ""LOF"": 0.5656439275457105, ""KNN"": 0.5161721862179678, ""ECOD"": 0.5245930456497181, ""COPOD"": 0.5328394129827292, ""HBOS"": 0.5278541090950452, ""PCA"": 0.5313245630588594, ""CBLOF"": 0.5112644343741679, ""LODA"": 0.4847480980361238}","{""smallest_K30"": 0.030147680438931228, ""random_K30"": 0.029410585845159102, ""hard_K30"": 0.02008070764539562, ""smallest_K50"": 0.017268764278528838, ""random_K50"": 0.017886643951727472, ""hard_K50"": 0.017855916201782125}"
CustomerCampaignOutcome.npz,ok,21161,6,0.1185,0.0,0.4493331830884245,0.2548728535234611,0.0,IForest,0.007262251069396559,"{""CBLOF"": 2.9482351781335354, ""COPOD"": 4.685757399304605, ""ECOD"": 4.009269921133702, ""HBOS"": 4.2837647107735055, ""IForest"": 7.695407573197853, ""KNN"": 5.448738953671784, ""LODA"": 4.16564704417827, ""LOF"": 5.501277013541656, ""PCA"": 6.261902206065088}","{""IForest"": 0.5506129340125857, ""LOF"": 0.5643512557762415, ""KNN"": 0.5756411129512786, ""ECOD"": 0.8451550881332858, ""COPOD"": 0.8353536391323271, ""HBOS"": 0.9999461171010102, ""PCA"": 0.9997481188293256, ""CBLOF"": 0.5314429701365793, ""LODA"": 0.8034081361253085}","{""smallest_K30"": 0.006411896961372523, ""random_K30"": 0.0018520495345168652, ""hard_K30"": 0.005600261340533832, ""smallest_K50"": 0.007262251069396559, ""random_K50"": 0.0009343261257993244, ""hard_K50"": 0.0037511569340753282}"
CustomerCampaignOutcome.npz,ok,21161,6,0.1185,1.0,0.4469324005889914,0.2513048992467596,0.0,IForest,0.005506101209805647,"{""CBLOF"": 2.9821462255022064, ""COPOD"": 4.382875862494627, ""ECOD"": 3.9772332859779675, ""HBOS"": 5.6698818909440405, ""IForest"": 7.204184776269281, ""KNN"": 6.0403382811958775, ""LODA"": 3.6616974794202313, ""LOF"": 5.859885854752648, ""PCA"": 5.221756343443126}","{""IForest"": 0.5530675994110086, ""LOF"": 0.5701864316231892, ""KNN"": 0.578965121193224, ""ECOD"": 0.8483673214329814, ""COPOD"": 0.843150302177222, ""HBOS"": 1.0, ""PCA"": 1.0, ""CBLOF"": 0.5343530743240823, ""LODA"": 0.8101660566174561}","{""smallest_K30"": 0.004497186938074608, ""random_K30"": 0.003189787089436781, ""hard_K30"": 0.004079272368334536, ""smallest_K50"": 0.005261329824186031, ""random_K50"": 0.0008957088144051775, ""hard_K50"": 0.005506101209805647}"
CustomerCampaignOutcome.npz,ok,21161,6,0.1185,2.0,0.41770279882103356,0.24435772338717265,0.0,IForest,0.010139972180018322,"{""CBLOF"": 3.3385964787167914, ""COPOD"": 4.875557182728096, ""ECOD"": 3.7973055510650715, ""HBOS"": 5.245683702928224, ""IForest"": 7.14808640913606, ""KNN"": 5.637405971468877, ""LODA"": 3.9311425644536717, ""LOF"": 5.487599958766498, ""PCA"": 5.5386221807367075}","{""IForest"": 0.5822972011789664, ""LOF"": 0.5718029185928822, ""KNN"": 0.5878359676262135, ""ECOD"": 0.8515973018779794, ""COPOD"": 0.845676383798909, ""HBOS"": 1.0, ""PCA"": 0.9999069878529343, ""CBLOF"": 0.5540503743097457, ""LODA"": 0.8076133542778157}","{""smallest_K30"": 0.010139972180018322, ""random_K30"": 0.0030702582692951415, ""hard_K30"": 0.004377332090280098, ""smallest_K50"": 0.0045459062177135474, ""random_K50"": 0.0010854792698202754, ""hard_K50"": 0.004456453886283547}"
BarExamPrediction.npz,ok,19178,10,0.0541,0.0,0.0754557254324637,0.0841607828907256,0.0,IForest,0.006710373703338561,"{""COPOD"": 3.861746079838965, ""ECOD"": 3.046303263452458, ""HBOS"": 5.914528509315414, ""IForest"": 6.3613292546322535, ""KNN"": 4.620399138053417, ""LODA"": 4.276629848912982, ""LOF"": 3.5281113875448926, ""PCA"": 4.3909525182496205}","{""IForest"": 0.753480476193511, ""LOF"": 0.6749760479932361, ""KNN"": 0.678945123881266, ""ECOD"": 0.7473793530515175, ""COPOD"": 0.8289362016259747, ""HBOS"": 0.7460568145849134, ""PCA"": 0.7679289533557239, ""LODA"": 0.76050037919585}","{""smallest_K30"": 0.006710373703338561, ""random_K30"": 0.0011118525833214532, ""hard_K30"": 0.004607992753762815, ""smallest_K50"": 0.0042724460965489685, ""random_K50"": 0.0007693460021516243, ""hard_K50"": 0.002912043896429041}"
BarExamPrediction.npz,ok,19178,10,0.0541,1.0,0.08215485211361861,0.09535982787937736,0.0,IForest,0.005313162050247788,"{""COPOD"": 4.006810315740135, ""ECOD"": 3.1736705802079133, ""HBOS"": 5.400485920952249, ""IForest"": 6.642578297046102, ""KNN"": 4.574951434148605, ""LODA"": 4.844249066598074, ""LOF"": 3.456845697649843}","{""IForest"": 0.7479611584486323, ""LOF"": 0.6790512084345053, ""KNN"": 0.674971533756928, ""ECOD"": 0.7444958182239189, ""COPOD"": 0.8301160105622509, ""HBOS"": 0.7664258454367976, ""LODA"": 0.7002717039170826}","{""smallest_K30"": 0.0050816946820937915, ""random_K30"": 0.0008769750822387493, ""hard_K30"": 0.0036603607330944307, ""smallest_K50"": 0.005313162050247788, ""random_K50"": 0.0012736961037048014, ""hard_K50"": 0.002003821136646708}"
BarExamPrediction.npz,ok,19178,10,0.0541,2.0,0.06421540979706108,0.08446720327659196,0.0,HBOS,0.010634537255386742,"{""COPOD"": 4.757688862421163, ""ECOD"": 3.408978636448432, ""HBOS"": 5.771438413027612, ""IForest"": 5.465022227787599, ""KNN"": 4.362125082819367, ""LODA"": 4.045506975888895, ""LOF"": 3.306081491480201}","{""IForest"": 0.7355621445702766, ""LOF"": 0.6649443527434873, ""KNN"": 0.6711161104065362, ""ECOD"": 0.7418711881257528, ""COPOD"": 0.8254331542509235, ""HBOS"": 0.7612177444538624, ""LODA"": 0.7866169622694817}","{""smallest_K30"": 0.010634537255386742, ""random_K30"": 0.0008365538873438637, ""hard_K30"": 0.003800584440811582, ""smallest_K50"": 0.0026190538246441786, ""random_K50"": 0.0003885220581061775, ""hard_K50"": 0.0035800890252202927}"
CybersecurityVulnerability.npz,ok,21045,6,0.1602,0.0,0.0,0.1976644865401911,0.0,LOF,0.0721137511727331,"{""CBLOF"": 6.8984044919304415, ""COPOD"": 2.974658159821451, ""ECOD"": 2.231894130307158, ""HBOS"": 5.0, ""IForest"": 6.10159550806956, ""KNN"": 8.231894130307158, ""LODA"": 1.257235970485707, ""LOF"": 8.768105869692842, ""PCA"": 3.5362117393856853}","{""IForest"": 0.8820368590234453, ""LOF"": 0.9988069468471618, ""KNN"": 0.9951097995759656, ""ECOD"": 0.6917621261638813, ""COPOD"": 0.6512310467390342, ""HBOS"": 0.8323379755020041, ""PCA"": 0.9644448845443937, ""CBLOF"": 0.9720411681800464, ""LODA"": 0.22251133618680338}","{""smallest_K30"": 0.03316649206121975, ""random_K30"": 0.036032139731641766, ""hard_K30"": 0.0721137511727331, ""smallest_K50"": 0.0258603395337541, ""random_K50"": 0.03273869909927776, ""hard_K50"": 0.054630733119948253}"
CybersecurityVulnerability.npz,ok,21045,6,0.1602,1.0,0.0,0.17269815255458665,0.0,LOF,0.05523999012947918,"{""CBLOF"": 6.327717152818141, ""COPOD"": 2.918822386656227, ""ECOD"": 1.6947449436252373, ""HBOS"": 6.031727247313401, ""IForest"": 5.640555599868458, ""KNN"": 8.23530849125268, ""LODA"": 3.2940745262419626, ""LOF"": 8.764691508747323, ""PCA"": 2.0923581434765732}","{""IForest"": 0.8473502043597588, ""LOF"": 0.9971141657963737, ""KNN"": 0.9958864967312089, ""ECOD"": 0.7077860627525651, ""COPOD"": 0.6689771354556314, ""HBOS"": 0.8525190104296694, ""PCA"": 0.9703471283688101, ""CBLOF"": 0.9415435843707267, ""LODA"": 0.4382203309113384}","{""smallest_K30"": 0.02941762399411603, ""random_K30"": 0.04465221781637478, ""hard_K30"": 0.05523999012947918, ""smallest_K50"": 0.02857799007042358, ""random_K50"": 0.03335094255090482, ""hard_K50"": 0.05522753912284152}"
CybersecurityVulnerability.npz,ok,21045,6,0.1602,2.0,0.0,0.1978908862619957,0.0,LOF,0.06268819429073086,"{""CBLOF"": 6.736107965162303, ""COPOD"": 1.7665638872118166, ""ECOD"": 2.0242813877314734, ""HBOS"": 5.13194601741885, ""IForest"": 6.131946017418849, ""KNN"": 8.065765301316974, ""LODA"": 3.235663373280919, ""LOF"": 8.934234698683024, ""PCA"": 2.9734913517757913}","{""IForest"": 0.8856914601914909, ""LOF"": 0.999177358088396, ""KNN"": 0.9954573852944052, ""ECOD"": 0.6979996198543447, ""COPOD"": 0.6571826339730213, ""HBOS"": 0.8606879461519064, ""PCA"": 0.9691873904091685, ""CBLOF"": 0.9525409548201504, ""LODA"": 0.1936534976547195}","{""smallest_K30"": 0.015244482216687453, ""random_K30"": 0.03968500126661916, ""hard_K30"": 0.0433970790885288, ""smallest_K50"": 0.030585258119774215, ""random_K50"": 0.040201283140092026, ""hard_K50"": 0.06268819429073086}"
TransactionService.npz,ok,18311,5,0.0762,0.0,0.16423682545544172,0.14061223208764384,0.0,KNN,0.019123032014942226,"{""CBLOF"": 4.618641841423441, ""COPOD"": 2.3622801197869427, ""ECOD"": 3.797289917579721, ""HBOS"": 6.400248634056206, ""IForest"": 6.346217896759052, ""KNN"": 7.697654198929941, ""LODA"": 2.156725412680329, ""LOF"": 6.587471675365423, ""PCA"": 5.033470303418943}","{""IForest"": 0.4540651597783286, ""LOF"": 0.4953424632008856, ""KNN"": 0.4801902229841267, ""ECOD"": 0.6444270484395684, ""COPOD"": 0.5278537470768643, ""HBOS"": 0.46206244012918124, ""PCA"": 0.4745745413397681, ""CBLOF"": 0.4903793787748789, ""LODA"": 0.5054383454437196}","{""smallest_K30"": 0.01107608368580381, ""random_K30"": 0.019123032014942226, ""hard_K30"": 0.015789567248237383, ""smallest_K50"": 0.01721381796082383, ""random_K50"": 0.010644016391298226, ""hard_K50"": 0.018117512649662073}"
TransactionService.npz,ok,18311,5,0.0762,1.0,0.20389142323788162,0.15122993565877973,0.0,HBOS,0.022043338455222283,"{""CBLOF"": 3.8765727769014378, ""COPOD"": 3.971571508240281, ""ECOD"": 3.3325087459492275, ""HBOS"": 7.40736028676601, ""IForest"": 6.543729833425538, ""KNN"": 6.64241819802784, ""LODA"": 3.073982935831383, ""LOF"": 5.876618647546053, ""PCA"": 4.2752370673122275}","{""IForest"": 0.4610749686406074, ""LOF"": 0.4957222273511498, ""KNN"": 0.48170589166970873, ""ECOD"": 0.6586994893564401, ""COPOD"": 0.5341910547173758, ""HBOS"": 0.45480806611855845, ""PCA"": 0.4898434528956937, ""CBLOF"": 0.4744040868424374, ""LODA"": 0.5167767456869719}","{""smallest_K30"": 0.0110735624793088, ""random_K30"": 0.01273862439390127, ""hard_K30"": 0.016330561943035102, ""smallest_K50"": 0.022043338455222283, ""random_K50"": 0.0093625457299938, ""hard_K50"": 0.009747708371043821}"
TransactionService.npz,ok,18311,5,0.0762,2.0,0.21214819673963947,0.14611730064446615,0.0,IForest,0.022001083042301695,"{""CBLOF"": 4.029593892795138, ""COPOD"": 4.156439590742161, ""ECOD"": 3.7515550146849943, ""HBOS"": 6.224894435358877, ""IForest"": 7.091700062155984, ""KNN"": 6.152479271528893, ""LODA"": 2.784652567229998, ""LOF"": 5.618183925581132, ""PCA"": 5.190501239922828}","{""IForest"": 0.43572182080129285, ""LOF"": 0.48880600965386517, ""KNN"": 0.47712204203217334, ""ECOD"": 0.6478700175409323, ""COPOD"": 0.5232919188899157, ""HBOS"": 0.4615705571511697, ""PCA"": 0.48124661737814306, ""CBLOF"": 0.48900854347584877, ""LODA"": 0.5111369251448545}","{""smallest_K30"": 0.019137603135208788, ""random_K30"": 0.015167645699311037, ""hard_K30"": 0.019560470679186665, ""smallest_K50"": 0.022001083042301695, ""random_K50"": 0.0066201835303431236, ""hard_K50"": 0.006580888592498512}"
PTENPhosphatase.npz,ok,6546,18,0.0675,0.0,0.07482369247075138,0.10581889993654692,0.0,LOF,0.015574700119422854,"{""CBLOF"": 7.921582789907823, ""COPOD"": 2.9239380483002875, ""ECOD"": 2.1521803771445547, ""HBOS"": 5.436592981245561, ""IForest"": 5.986648797598425, ""KNN"": 7.34482456875181, ""LODA"": 2.687961911694894, ""LOF"": 8.028365639645184, ""PCA"": 2.5179048857114523}","{""IForest"": 0.865268806445277, ""LOF"": 0.8556335026923261, ""KNN"": 0.8883249765602707, ""ECOD"": 0.6720809661986131, ""COPOD"": 0.7874211109505228, ""HBOS"": 0.7345640580934698, ""PCA"": 0.8502692326221738, ""CBLOF"": 0.9304571951630775, ""LODA"": 0.8377248083130436}","{""smallest_K30"": 0.0039156375932023575, ""random_K30"": 0.005850410145237982, ""hard_K30"": 0.015574700119422854, ""smallest_K50"": 0.004693493252419888, ""random_K50"": 0.00670771542903279, ""hard_K50"": 0.013191439313452865}"
PTENPhosphatase.npz,ok,6546,18,0.0675,1.0,0.04134657075833559,0.08259678847914143,0.0,LOF,0.011593499085404583,"{""CBLOF"": 7.536509031938428, ""COPOD"": 3.150336768319761, ""ECOD"": 1.9396662970303367, ""HBOS"": 4.244913644419564, ""IForest"": 5.3458581812818355, ""KNN"": 7.402633174960722, ""LODA"": 3.354008076167796, ""LOF"": 7.918035061275465, ""PCA"": 4.10803976460609}","{""IForest"": 0.8681649564002505, ""LOF"": 0.8773462891109949, ""KNN"": 0.8968948380713085, ""ECOD"": 0.6862708039178629, ""COPOD"": 0.7914049384637619, ""HBOS"": 0.7405935347111817, ""PCA"": 0.8527484703955293, ""CBLOF"": 0.9186928598693305, ""LODA"": 0.8927479515714808}","{""smallest_K30"": 0.002312249967442613, ""random_K30"": 0.011593499085404583, ""hard_K30"": 0.006761714304148447, ""smallest_K50"": 0.0037684189191979655, ""random_K50"": 0.0031364326232144408, ""hard_K50"": 0.010421996915528524}"
PTENPhosphatase.npz,ok,6546,18,0.0675,2.0,0.06781030310442071,0.10470692823633998,0.0,LOF,0.014812530129038303,"{""CBLOF"": 7.8003217278677806, ""COPOD"": 3.369636507234419, ""ECOD"": 1.7014322218288445, ""HBOS"": 5.742470428493251, ""IForest"": 5.542850884186604, ""KNN"": 7.440717374073459, ""LODA"": 2.870238927584666, ""LOF"": 7.991561381496423, ""PCA"": 2.5407705472345494}","{""IForest"": 0.8683780448486331, ""LOF"": 0.8652539829010418, ""KNN"": 0.8968966910143381, ""ECOD"": 0.6775767952238541, ""COPOD"": 0.7892722010369069, ""HBOS"": 0.7375083845672081, ""PCA"": 0.8522389110624404, ""CBLOF"": 0.9330642860054625, ""LODA"": 0.8350269232622173}","{""smallest_K30"": 0.004197576946849765, ""random_K30"": 0.008148358253767692, ""hard_K30"": 0.014812530129038303, ""smallest_K50"": 0.0031602302743030815, ""random_K50"": 0.006412320925515294, ""hard_K50"": 0.01120885743678193}"
MedicalClassificationAnomalies.npz,ok,31103,4,0.0663,0.0,0.4580064236869199,0.31666689015183047,0.0,KNN,0.03469334480630749,"{""CBLOF"": 6.361866436754868, ""COPOD"": 2.069228651840792, ""ECOD"": 2.4089635571138905, ""HBOS"": 5.040043805739527, ""IForest"": 7.047097120359021, ""KNN"": 8.385043867745622, ""LODA"": 3.1837441653426857, ""LOF"": 7.895957812920772, ""PCA"": 2.608054582182824}","{""IForest"": 0.9841288997141022, ""LOF"": 0.8807960738126427, ""KNN"": 0.5261224760271823, ""ECOD"": 0.953312178097905, ""COPOD"": 0.8000643303434913, ""HBOS"": 0.8138381846491175, ""PCA"": 0.7135709817070809, ""CBLOF"": 0.27975770795693244, ""LODA"": 0.05556725375199133}","{""smallest_K30"": 0.011954228498133532, ""random_K30"": 0.011718182432730083, ""hard_K30"": 0.03133640699420955, ""smallest_K50"": 0.01207562046294543, ""random_K50"": 0.01428687098052137, ""hard_K50"": 0.03469334480630749}"
MedicalClassificationAnomalies.npz,ok,31103,4,0.0663,1.0,0.4695825888773604,0.2806623313883262,0.0,KNN,0.041828150156106345,"{""CBLOF"": 5.948935099653488, ""COPOD"": 2.245661600957551, ""ECOD"": 2.409434182243826, ""HBOS"": 4.49136523523808, ""IForest"": 6.267848226492256, ""KNN"": 8.37471410161304, ""LODA"": 3.6936623615802913, ""LOF"": 8.086501803454414, ""PCA"": 3.481877388767057}","{""IForest"": 0.9788851170899049, ""LOF"": 0.877806148338361, ""KNN"": 0.5093025282125445, ""ECOD"": 0.9503224195420028, ""COPOD"": 0.7981238207216483, ""HBOS"": 0.8190179958043396, ""PCA"": 0.7033252811907023, ""CBLOF"": 0.5005210357218686, ""LODA"": 0.1467007246928368}","{""smallest_K30"": 0.016158602918783814, ""random_K30"": 0.020546024993710443, ""hard_K30"": 0.032456904802782995, ""smallest_K50"": 0.012971321044225886, ""random_K50"": 0.025993338378095338, ""hard_K50"": 0.041828150156106345}"
MedicalClassificationAnomalies.npz,ok,31103,4,0.0663,2.0,0.4822937155897761,0.2980329522104519,0.0,KNN,0.033667508864069495,"{""CBLOF"": 5.979962229305294, ""COPOD"": 2.248813008278485, ""ECOD"": 2.8892070691654532, ""HBOS"": 4.3944704123360125, ""IForest"": 6.870318876541162, ""KNN"": 8.040648486103438, ""LODA"": 3.256616597398708, ""LOF"": 7.727380606217581, ""PCA"": 3.5925827146538696}","{""IForest"": 0.9933296911742908, ""LOF"": 0.8525618716357601, ""KNN"": 0.5110359755845147, ""ECOD"": 0.952388952540431, ""COPOD"": 0.7992322422212695, ""HBOS"": 0.8246706867289205, ""PCA"": 0.7000701224112629, ""CBLOF"": 0.4585378918075125, ""LODA"": 0.16584321657058843}","{""smallest_K30"": 0.011979617755417499, ""random_K30"": 0.011899978145125861, ""hard_K30"": 0.033667508864069495, ""smallest_K50"": 0.013147108329446227, ""random_K50"": 0.013707910067561857, ""hard_K50"": 0.03163358419730444}"
SignalAnalysis.npz,ok,13015,27,0.2426,0.0,0.0,0.25170201767821765,0.0,LOF,0.018752476496063323,"{""CBLOF"": 5.112910464744451, ""COPOD"": 3.104507495705041, ""ECOD"": 2.17905348399645, ""HBOS"": 5.632111359814299, ""IForest"": 5.2800856063663435, ""KNN"": 6.86447340847029, ""LODA"": 3.733500599740093, ""LOF"": 8.503598166329956, ""PCA"": 4.58975941483308}","{""IForest"": 0.49963340471477186, ""LOF"": 0.831054490543351, ""KNN"": 0.8284994032991329, ""ECOD"": 0.480314491545346, ""COPOD"": 0.45464302643596805, ""HBOS"": 0.49741906000023123, ""PCA"": 0.5137689206843882, ""CBLOF"": 0.6422553494329093, ""LODA"": 0.4665841091301013}","{""smallest_K30"": 0.011741113580706605, ""random_K30"": 0.010766496845545159, ""hard_K30"": 0.016323085662310857, ""smallest_K50"": 0.005467087228997502, ""random_K50"": 0.00790705410623719, ""hard_K50"": 0.018752476496063323}"
SignalAnalysis.npz,ok,13015,27,0.2426,1.0,0.007508860590380584,0.2421585862621347,0.0,LOF,0.01918765308818597,"{""CBLOF"": 6.699195868617637, ""COPOD"": 1.8981440267148453, ""ECOD"": 2.1331737689787142, ""HBOS"": 5.285858782846474, ""IForest"": 4.438404045506618, ""KNN"": 7.8306308884259375, ""LODA"": 4.82964931595207, ""LOF"": 8.88466078232477}","{""IForest"": 0.502552357450154, ""LOF"": 0.8301891458249566, ""KNN"": 0.8376980064153372, ""ECOD"": 0.4790138249617507, ""COPOD"": 0.4524010626285412, ""HBOS"": 0.5181475103635829, ""CBLOF"": 0.6467187233042198, ""LODA"": 0.4975947302770773}","{""smallest_K30"": 0.0014397282101474562, ""random_K30"": 0.0100467872527664, ""hard_K30"": 0.01918765308818597, ""smallest_K50"": 0.0018880831417156228, ""random_K50"": 0.012977489169300069, ""hard_K50"": 0.01605229850213275}"
SignalAnalysis.npz,ok,13015,27,0.2426,2.0,0.010053670962827499,0.2327215276056046,0.0,LOF,0.022721241788390384,"{""CBLOF"": 6.428920272814278, ""COPOD"": 1.9920800699172103, ""ECOD"": 2.8607925115011867, ""HBOS"": 4.313048943960897, ""IForest"": 5.261438368094875, ""KNN"": 7.825658842580783, ""LODA"": 4.767069282021111, ""LOF"": 9.000000000000002}","{""IForest"": 0.5007115127940631, ""LOF"": 0.8198904357008248, ""KNN"": 0.8299441066636523, ""ECOD"": 0.48650903658180966, ""COPOD"": 0.4573151736727099, ""HBOS"": 0.49783639733983176, ""CBLOF"": 0.6334112983928257, ""LODA"": 0.552162671318664}","{""smallest_K30"": 0.003397224713637022, ""random_K30"": 0.01586458046514485, ""hard_K30"": 0.022721241788390384, ""smallest_K50"": 0.004825811852289749, ""random_K50"": 0.010788217853427031, ""hard_K50"": 0.020347219761214234}"
SportsPlayAnomalies.npz,ok,10708,22,0.0211,0.0,0.35114639117829527,0.29161642105662966,0.0,IForest,0.007869461566073658,"{""CBLOF"": 3.7149225157503354, ""COPOD"": 4.355744626857366, ""ECOD"": 4.055805351376658, ""HBOS"": 4.472538173195441, ""IForest"": 6.619641913061652, ""KNN"": 4.598461715016274, ""LODA"": 5.101823481412152, ""LOF"": 3.081062223330123}","{""IForest"": 0.6062010204210819, ""LOF"": 0.538526381978469, ""KNN"": 0.5206447474478922, ""ECOD"": 0.7248323563793199, ""COPOD"": 0.7275100121960998, ""HBOS"": 0.9573474115993772, ""CBLOF"": 0.6992437574115573, ""LODA"": 0.5515422369081832}","{""smallest_K30"": 0.007869461566073658, ""random_K30"": 0.0009401115917634173, ""hard_K30"": 0.0037409351141170144, ""smallest_K50"": 0.005181531732943575, ""random_K50"": 0.000501530185246373, ""hard_K50"": 0.003895614724429362}"
SportsPlayAnomalies.npz,ok,10708,22,0.0211,1.0,0.0,0.3024375582901827,0.0,HBOS,0.004208902457233674,"{""CBLOF"": 4.742326968148509, ""COPOD"": 3.372358245589748, ""ECOD"": 2.7568228935925463, ""HBOS"": 6.415082299987238, ""IForest"": 6.033426810734728, ""KNN"": 4.995194631405745, ""LODA"": 4.424518087115752, ""LOF"": 3.260270063425728}","{""IForest"": 0.5462734374010914, ""LOF"": 0.5396447094669586, ""KNN"": 0.5289921126261283, ""ECOD"": 0.739216579943535, ""COPOD"": 0.741503876165276, ""HBOS"": 0.9539080270593051, ""CBLOF"": 0.6076442958967931, ""LODA"": 0.554580711593891}","{""smallest_K30"": 0.0039208261199021885, ""random_K30"": 0.0016499411561418942, ""hard_K30"": 0.00366452792139627, ""smallest_K50"": 0.003041541375252147, ""random_K50"": 0.00036777186485239014, ""hard_K50"": 0.004208902457233674}"
SportsPlayAnomalies.npz,ok,10708,22,0.0211,2.0,0.3898616227986883,0.28007483298939473,0.0,IForest,0.005086216163183404,"{""CBLOF"": 3.825315149837641, ""COPOD"": 3.9291482812906375, ""ECOD"": 4.772678396226054, ""HBOS"": 4.609467205130556, ""IForest"": 6.748542471313445, ""KNN"": 4.5947369123493385, ""LODA"": 4.316237109317268, ""LOF"": 3.2038744745350622}","{""IForest"": 0.5657449960120019, ""LOF"": 0.5443670055409962, ""KNN"": 0.5315146796308253, ""ECOD"": 0.7418562548267437, ""COPOD"": 0.74555939584995, ""HBOS"": 0.9556066188106902, ""CBLOF"": 0.7070087482750325, ""LODA"": 0.6125965876241238}","{""smallest_K30"": 0.005086216163183404, ""random_K30"": 0.0018796508911003357, ""hard_K30"": 0.00417014250099126, ""smallest_K50"": 0.004763417149485333, ""random_K50"": 0.0009139660199291276, ""hard_K50"": 0.0024387061270482215}"
TransactionFeeAnomalies.npz,ok,44688,3,0.0216,0.0,0.0,0.2301902707426361,0.0,IForest,0.036393597341794974,"{""CBLOF"": 3.2921799444700177, ""COPOD"": 5.7168230056609595, ""ECOD"": 5.221262412975762, ""HBOS"": 2.8000310969707347, ""IForest"": 7.598332953235562, ""KNN"": 7.580200870501524, ""LODA"": 4.204203634432863, ""LOF"": 5.8456162276543715, ""PCA"": 2.7413498540982095}","{""IForest"": 0.9003801048099653, ""LOF"": 0.8418608918198748, ""KNN"": 0.7078543551062009, ""ECOD"": 0.8139952199837351, ""COPOD"": 0.8257440217243335, ""HBOS"": 0.498399085191538, ""PCA"": 0.04901576411010373, ""CBLOF"": 0.5515126656225917, ""LODA"": 0.8429463982376205}","{""smallest_K30"": 0.036393597341794974, ""random_K30"": 0.004584424295178738, ""hard_K30"": 0.016013638827079173, ""smallest_K50"": 0.02451879015435579, ""random_K50"": 0.005668225510543201, ""hard_K50"": 0.009373284400022941}"
TransactionFeeAnomalies.npz,ok,44688,3,0.0216,1.0,0.19079414797216288,0.23148267839271397,0.0,KNN,0.023279385309721637,"{""CBLOF"": 3.3416658057156967, ""COPOD"": 5.340992615847853, ""ECOD"": 5.013869034125664, ""HBOS"": 3.3846909728333343, ""IForest"": 6.014479098618041, ""KNN"": 7.461783804812743, ""LODA"": 4.202473847432878, ""LOF"": 6.62948172714951, ""PCA"": 3.610563093464279}","{""IForest"": 0.9028852926309858, ""LOF"": 0.8424976354426723, ""KNN"": 0.712091144658823, ""ECOD"": 0.8194014444219531, ""COPOD"": 0.8326976550930612, ""HBOS"": 0.4987421383647799, ""PCA"": 0.04475707502778873, ""CBLOF"": 0.5429762289483373, ""LODA"": 0.8465749135560456}","{""smallest_K30"": 0.023279385309721637, ""random_K30"": 0.0063323846029990265, ""hard_K30"": 0.006706287316914764, ""smallest_K50"": 0.019367908992974536, ""random_K50"": 0.004713659395165459, ""hard_K50"": 0.02172197109315727}"
TransactionFeeAnomalies.npz,ok,44688,3,0.0216,2.0,0.0,0.2351407942466187,0.0,IForest,0.04003294562661673,"{""CBLOF"": 3.1739163474808505, ""COPOD"": 6.160583127315801, ""ECOD"": 5.899942983254611, ""HBOS"": 2.734149068025807, ""IForest"": 7.727099921600018, ""KNN"": 7.221393616081748, ""LODA"": 3.814107580977524, ""LOF"": 5.729347369349476, ""PCA"": 2.5394599859141636}","{""IForest"": 0.9068639636728234, ""LOF"": 0.8464597930553631, ""KNN"": 0.7162058887243465, ""ECOD"": 0.8180301787356751, ""COPOD"": 0.8296607230159323, ""HBOS"": 0.4987993138936535, ""PCA"": 0.03732224388500023, ""CBLOF"": 0.5481331538755656, ""LODA"": 0.8440332659774825}","{""smallest_K30"": 0.016604054003951357, ""random_K30"": 0.005299509105792408, ""hard_K30"": 0.00900941094351763, ""smallest_K50"": 0.04003294562661673, ""random_K50"": 0.006147845784901262, ""hard_K50"": 0.0044131917860940634}"
WaterMeterAnomaly.npz,ok,19812,5,0.0805,0.0,0.02008489069505781,0.3618640988024766,0.0,LOF,0.02432898127904462,"{""CBLOF"": 4.664744894566985, ""COPOD"": 3.8847278198433055, ""ECOD"": 3.70577158865869, ""HBOS"": 2.535884470402754, ""IForest"": 7.1194069780915825, ""KNN"": 7.633889620460581, ""LODA"": 3.8345274223301806, ""LOF"": 8.022762539672469, ""PCA"": 3.5982846659734555}","{""IForest"": 0.49311867492059774, ""LOF"": 0.9316941319780184, ""KNN"": 0.4348722854419512, ""ECOD"": 0.9517790226730762, ""COPOD"": 0.6689555381973717, ""HBOS"": 0.288390758717039, ""PCA"": 0.5959552181797536, ""CBLOF"": 0.6388346541228936, ""LODA"": 0.30563403060469563}","{""smallest_K30"": 0.013158553628114491, ""random_K30"": 0.012011218006723846, ""hard_K30"": 0.016541404792009794, ""smallest_K50"": 0.02432898127904462, ""random_K50"": 0.009456230285971276, ""hard_K50"": 0.012655674288245137}"
WaterMeterAnomaly.npz,ok,19812,5,0.0805,1.0,0.5098769308589892,0.3819460454883825,0.0,KNN,0.036804534251863724,"{""CBLOF"": 5.485699167325997, ""COPOD"": 4.3098775517805805, ""ECOD"": 2.3466086965091613, ""HBOS"": 3.58044304101938, ""IForest"": 6.594035076071253, ""KNN"": 8.504740062824352, ""LODA"": 1.8143236634631796, ""LOF"": 8.128988049106853, ""PCA"": 4.235284691899241}","{""IForest"": 0.5320984553128085, ""LOF"": 0.9575137039802621, ""KNN"": 0.4476367731212729, ""ECOD"": 0.9470382885595422, ""COPOD"": 0.6814138584833919, ""HBOS"": 0.29593861511515474, ""PCA"": 0.6006379706065539, ""CBLOF"": 0.6446111441834217, ""LODA"": 0.07322011706450934}","{""smallest_K30"": 0.036804534251863724, ""random_K30"": 0.017141762798119197, ""hard_K30"": 0.018096631690350192, ""smallest_K50"": 0.020958167918749604, ""random_K50"": 0.008923568969677843, ""hard_K50"": 0.012515828449306252}"
WaterMeterAnomaly.npz,ok,19812,5,0.0805,2.0,0.503118623304853,0.33854785219238837,0.0,KNN,0.0267972309027895,"{""CBLOF"": 4.861263701694516, ""COPOD"": 3.402022799698946, ""ECOD"": 2.8409451692414853, ""HBOS"": 3.240323904181119, ""IForest"": 7.1250572175847235, ""KNN"": 8.125057217584724, ""LODA"": 4.174208230393504, ""LOF"": 7.968336052642993, ""PCA"": 3.2627857069779918}","{""IForest"": 0.5230254396801199, ""LOF"": 0.9533447002673696, ""KNN"": 0.45022607696251665, ""ECOD"": 0.9516386278470386, ""COPOD"": 0.6810814530864495, ""HBOS"": 0.2946671472666022, ""PCA"": 0.5966067809324558, ""CBLOF"": 0.6565323166178612, ""LODA"": 0.42604909001441804}","{""smallest_K30"": 0.0267972309027895, ""random_K30"": 0.01057226622124512, ""hard_K30"": 0.01512650145469528, ""smallest_K50"": 0.010915158118620863, ""random_K50"": 0.008158972909053042, ""hard_K50"": 0.012119851402076276}"
SystemFailureMonitoring.npz,ok,25010,6,0.1201,0.0,0.012317910773158247,0.09979893396522199,0.0,KNN,0.006960060938559334,"{""CBLOF"": 4.203232327783295, ""COPOD"": 4.181544425939906, ""ECOD"": 3.68068347028263, ""HBOS"": 5.244860271870666, ""IForest"": 6.64180947655489, ""KNN"": 7.269390856223295, ""LODA"": 3.29156419370303, ""LOF"": 5.649846283555469, ""PCA"": 4.837068694086823}","{""IForest"": 0.48424239700932115, ""LOF"": 0.9927085635854377, ""KNN"": 0.987496147650623, ""ECOD"": 0.9717855974103133, ""COPOD"": 0.978778301813286, ""HBOS"": 0.9998083848606338, ""PCA"": 0.9998140584237812, ""CBLOF"": 0.6930249063370373, ""LODA"": 0.9924777630366}","{""smallest_K30"": 0.005260196333068974, ""random_K30"": 0.0019001325164923445, ""hard_K30"": 0.006960060938559334, ""smallest_K50"": 0.006838558420214329, ""random_K50"": 0.0019271488349844417, ""hard_K50"": 0.005002167829746058}"
SystemFailureMonitoring.npz,ok,25010,6,0.1201,1.0,0.5333542725637229,0.10000837249814987,0.0,IForest,0.010472143493252796,"{""CBLOF"": 3.587232257435253, ""COPOD"": 4.603968629950417, ""ECOD"": 3.496804521250435, ""HBOS"": 4.743286382643022, ""IForest"": 7.733382927109595, ""KNN"": 7.605627944291445, ""LODA"": 2.6008444989388346, ""LOF"": 5.40254802170491, ""PCA"": 5.226304816676086}","{""IForest"": 0.46641685589890947, ""LOF"": 0.9930981482548953, ""KNN"": 0.9869098038112123, ""ECOD"": 0.9718863598918119, ""COPOD"": 0.9766181115567758, ""HBOS"": 0.9997711284626324, ""PCA"": 0.9997548264245221, ""CBLOF"": 0.7045710612271268, ""LODA"": 0.9988385081524565}","{""smallest_K30"": 0.010472143493252796, ""random_K30"": 0.0033694475314131373, ""hard_K30"": 0.006623046779628565, ""smallest_K50"": 0.006470715898125575, ""random_K50"": 0.0016571461799173262, ""hard_K50"": 0.0032629880674509156}"
SystemFailureMonitoring.npz,ok,25010,6,0.1201,2.0,0.45140517516710166,0.0938508376036773,0.0,IForest,0.008431432089473135,"{""CBLOF"": 2.619796203851546, ""COPOD"": 3.9050644419286167, ""ECOD"": 3.3124808563365145, ""HBOS"": 6.291453519684864, ""IForest"": 7.125158866525634, ""KNN"": 6.189660181687018, ""LODA"": 3.053572662127818, ""LOF"": 6.140412032787235, ""PCA"": 6.3624012350707435}","{""IForest"": 0.5485544290632887, ""LOF"": 0.9930620643932774, ""KNN"": 0.9893178153060025, ""ECOD"": 0.9739285400348553, ""COPOD"": 0.9781191850705708, ""HBOS"": 0.9999596042303903, ""PCA"": 0.9999284374568337, ""CBLOF"": 0.6752615853024758, ""LODA"": 0.9968472387827227}","{""smallest_K30"": 0.006868333241700565, ""random_K30"": 0.004389238594715024, ""hard_K30"": 0.008431432089473135, ""smallest_K50"": 0.005830655936309995, ""random_K50"": 0.002899741696494946, ""hard_K50"": 0.004705503591439155}"
WaterChemistry.npz,ok,6783,25,0.1259,0.0,0.0,0.2202391236952581,0.0,LOF,0.002775950355766944,"{""CBLOF"": 4.456773723908336, ""COPOD"": 3.712740108379501, ""ECOD"": 3.3292391290863077, ""HBOS"": 3.930575133136364, ""IForest"": 6.41584415387022, ""KNN"": 5.241853689905575, ""LODA"": 2.449451703952811, ""LOF"": 6.463522357760887}","{""IForest"": 0.8376847767277094, ""LOF"": 0.9189075514096939, ""KNN"": 0.7016490199872834, ""ECOD"": 0.59285141640766, ""COPOD"": 0.6824664015386377, ""HBOS"": 0.8481424582660312, ""CBLOF"": 0.5567728100280003, ""LODA"": 0.45087298735047054}","{""smallest_K30"": 0.001002582114272427, ""random_K30"": 0.0011164419960385489, ""hard_K30"": 0.002775950355766944, ""smallest_K50"": 0.0021382138782079815, ""random_K50"": 0.0020683753848371586, ""hard_K50"": 0.002551977139072543}"
WaterChemistry.npz,ok,6783,25,0.1259,1.0,0.0,0.20343872057296075,0.0,LOF,0.004472881325502147,"{""CBLOF"": 3.528324784980737, ""COPOD"": 3.4667194160919736, ""ECOD"": 3.4213432252367824, ""HBOS"": 5.404706628905561, ""IForest"": 6.330368641827944, ""KNN"": 4.9131172364980875, ""LODA"": 1.6706488815104665, ""LOF"": 7.264771184948448}","{""IForest"": 0.8430192606166398, ""LOF"": 0.9313191370043165, ""KNN"": 0.7221536584113645, ""ECOD"": 0.6113833917167895, ""COPOD"": 0.7036562392629072, ""HBOS"": 0.862239890842025, ""CBLOF"": 0.5399617315203527, ""LODA"": 0.60931002207645}","{""smallest_K30"": 0.0017515532213007651, ""random_K30"": 0.0011668063794462943, ""hard_K30"": 0.003263108945402591, ""smallest_K50"": 0.0026796533037969123, ""random_K50"": 0.003484597020369035, ""hard_K50"": 0.004472881325502147}"
WaterChemistry.npz,ok,6783,25,0.1259,2.0,0.0,0.2403911041581922,0.0,LOF,0.0030459647984101474,"{""CBLOF"": 4.582504591912415, ""COPOD"": 2.757973612916981, ""ECOD"": 3.0814736138798606, ""HBOS"": 4.027111757346245, ""IForest"": 5.7080095625712355, ""KNN"": 4.371112961120985, ""LODA"": 3.8997203031565277, ""LOF"": 7.572093597095748}","{""IForest"": 0.8250322853272568, ""LOF"": 0.9247840733617417, ""KNN"": 0.7079816832602059, ""ECOD"": 0.6109440348168129, ""COPOD"": 0.6964191918992461, ""HBOS"": 0.851403078855184, ""CBLOF"": 0.570479757988397, ""LODA"": 0.28809964811955246}","{""smallest_K30"": 0.0030459647984101474, ""random_K30"": 0.002003504269626771, ""hard_K30"": 0.002945254347546718, ""smallest_K50"": 0.002374131495094079, ""random_K50"": 0.0012086783323897246, ""hard_K50"": 0.0026590604500244253}"
PoliticalInterestMisinformation.npz,ok,23680,9,0.273,0.0,0.0,0.3391690731573157,0.0,KNN,0.05900821037702653,"{""CBLOF"": 4.211611769024278, ""COPOD"": 2.0989864143913852, ""ECOD"": 2.6858821457490376, ""HBOS"": 5.371071532999935, ""IForest"": 6.528950983423388, ""KNN"": 9.000000000000002, ""LODA"": 2.6179600150845217, ""LOF"": 8.0, ""PCA"": 4.485537139327458}","{""IForest"": 0.6122161622738929, ""LOF"": 1.0, ""KNN"": 1.0, ""ECOD"": 0.5481822490829222, ""COPOD"": 0.560873507592484, ""HBOS"": 0.5140250550534147, ""PCA"": 0.6403667125205552, ""CBLOF"": 0.5589172157633883, ""LODA"": 0.5128974392975012}","{""smallest_K30"": 0.027826623528931917, ""random_K30"": 0.03936267116699661, ""hard_K30"": 0.05900821037702653, ""smallest_K50"": 0.02110495931525392, ""random_K50"": 0.03490285692586309, ""hard_K50"": 0.050703047888136774}"
PoliticalInterestMisinformation.npz,ok,23680,9,0.273,1.0,0.0,0.3428411674645978,0.0,KNN,0.05412800292716015,"{""CBLOF"": 3.4323648800954993, ""COPOD"": 1.9384651891404445, ""ECOD"": 2.830879876592827, ""HBOS"": 5.494885350148105, ""IForest"": 6.5361998669241475, ""KNN"": 9.0, ""LODA"": 2.893294925503345, ""LOF"": 8.0, ""PCA"": 4.873909911595629}","{""IForest"": 0.6046081361184898, ""LOF"": 1.0, ""KNN"": 1.0, ""ECOD"": 0.5452847576787295, ""COPOD"": 0.5553114327112154, ""HBOS"": 0.5109212930221594, ""PCA"": 0.6332317791883718, ""CBLOF"": 0.563496854911972, ""LODA"": 0.5015752391876819}","{""smallest_K30"": 0.018310194746569593, ""random_K30"": 0.04316624021205618, ""hard_K30"": 0.0467361508492033, ""smallest_K50"": 0.020584901113693828, ""random_K50"": 0.0345478280381566, ""hard_K50"": 0.05412800292716015}"
PoliticalInterestMisinformation.npz,ok,23680,9,0.273,2.0,0.0,0.3463348662283475,0.0,KNN,0.05631493270931315,"{""CBLOF"": 3.087110257098366, ""COPOD"": 1.8540671688858512, ""ECOD"": 3.193894872017127, ""HBOS"": 5.180217178984025, ""IForest"": 6.539441703660805, ""KNN"": 9.0, ""LODA"": 3.571895520852497, ""LOF"": 8.0, ""PCA"": 4.573373298501324}","{""IForest"": 0.587986640563011, ""LOF"": 1.0, ""KNN"": 1.0, ""ECOD"": 0.5360736422074263, ""COPOD"": 0.5526480171427421, ""HBOS"": 0.511624239242304, ""PCA"": 0.629000760757696, ""CBLOF"": 0.5629535078943434, ""LODA"": 0.5026993961373489}","{""smallest_K30"": 0.022885686614487002, ""random_K30"": 0.04424566577834731, ""hard_K30"": 0.05631493270931315, ""smallest_K50"": 0.022769846445738134, ""random_K50"": 0.03990063871898776, ""hard_K50"": 0.05450577833603899}"
BuildingInspections.npz,ok,27619,5,0.1063,0.0,0.16210449275867422,0.16673889991749546,0.0,KNN,0.03888746489673418,"{""CBLOF"": 4.170692261048091, ""COPOD"": 3.719244234556902, ""ECOD"": 3.0318121871181454, ""HBOS"": 6.347352974062251, ""IForest"": 5.116681731154481, ""KNN"": 8.703644000384783, ""LODA"": 3.459517581992129, ""LOF"": 8.29635599961522, ""PCA"": 2.154699030068003}","{""IForest"": 0.7145575995188438, ""LOF"": 0.6027849713890765, ""KNN"": 0.5754016795611071, ""ECOD"": 0.7375061723197813, ""COPOD"": 0.7048163935433136, ""HBOS"": 0.43721531846409567, ""PCA"": 0.4852065152091825, ""CBLOF"": 0.43621249550123725, ""LODA"": 0.443204306113935}","{""smallest_K30"": 0.010060268091570426, ""random_K30"": 0.016242210780915114, ""hard_K30"": 0.038028294213389706, ""smallest_K50"": 0.012223015478219319, ""random_K50"": 0.012878383269201476, ""hard_K50"": 0.03888746489673418}"
BuildingInspections.npz,ok,27619,5,0.1063,1.0,0.15773813077139942,0.1766090790525069,0.0,KNN,0.040580316350485965,"{""CBLOF"": 5.122656207114624, ""COPOD"": 2.0127996590814528, ""ECOD"": 3.320826122619479, ""HBOS"": 6.4264791681975515, ""IForest"": 5.118452704659526, ""KNN"": 8.719947107562119, ""LODA"": 3.6324828872237624, ""LOF"": 8.280052892437883, ""PCA"": 2.3663032511036066}","{""IForest"": 0.7352722670210237, ""LOF"": 0.5685755338388051, ""KNN"": 0.5791298469747783, ""ECOD"": 0.7368679777461777, ""COPOD"": 0.7061131069188987, ""HBOS"": 0.4437785949643533, ""PCA"": 0.4544912231424294, ""CBLOF"": 0.4546204838546607, ""LODA"": 0.36348105378191103}","{""smallest_K30"": 0.01081906881803532, ""random_K30"": 0.025034136478168524, ""hard_K30"": 0.039141371285537574, ""smallest_K50"": 0.010398439562703083, ""random_K50"": 0.01892899648025335, ""hard_K50"": 0.040580316350485965}"
BuildingInspections.npz,ok,27619,5,0.1063,2.0,0.1569785084224774,0.16589286221610922,0.0,KNN,0.03503685363195634,"{""CBLOF"": 4.426519981467435, ""COPOD"": 3.4945667973427423, ""ECOD"": 3.2688793422106315, ""HBOS"": 5.417328496938834, ""IForest"": 6.34774596595133, ""KNN"": 9.0, ""LODA"": 2.009633140386842, ""LOF"": 7.900889149809072, ""PCA"": 3.134437125893114}","{""IForest"": 0.7198566676063891, ""LOF"": 0.5701450887658086, ""KNN"": 0.5772150562159877, ""ECOD"": 0.7341935646384651, ""COPOD"": 0.7068020948102824, ""HBOS"": 0.4418837833706404, ""PCA"": 0.46060426104866803, ""CBLOF"": 0.4485567209876816, ""LODA"": 0.45544908435727993}","{""smallest_K30"": 0.013104689699260593, ""random_K30"": 0.01869368408930553, ""hard_K30"": 0.03503685363195634, ""smallest_K50"": 0.012398869039061483, ""random_K50"": 0.023714780718652222, ""hard_K50"": 0.029273676397034872}"
ProsperLoan.npz,ok,12922,33,0.2349,0.0,0.029843934015521545,0.042227424976961414,0.0,PCA,0.011477277717415068,"{""CBLOF"": 3.3127627713522, ""COPOD"": 5.060424215828708, ""ECOD"": 4.369976462549451, ""HBOS"": 4.997498471927244, ""IForest"": 7.330782070107775, ""KNN"": 4.104522045890756, ""LODA"": 2.6924805859456424, ""LOF"": 5.132455473784918, ""PCA"": 7.999097902613309}","{""IForest"": 0.5448698450667391, ""LOF"": 0.557914322789565, ""KNN"": 0.579147059166482, ""ECOD"": 0.5393203325543082, ""COPOD"": 0.5465780921270715, ""HBOS"": 0.45502904269868055, ""PCA"": 0.5493031251509605, ""CBLOF"": 0.5597651597556648, ""LODA"": 0.5003497283962134}","{""smallest_K30"": 0.011477277717415068, ""random_K30"": 0.00476875300196751, ""hard_K30"": 0.004910368578398202, ""smallest_K50"": 0.00803081959746668, ""random_K50"": 0.0008241187792110159, ""hard_K50"": 0.002187039715909059}"
ProsperLoan.npz,ok,12922,33,0.2349,1.0,0.018989444015971357,0.030691831730584984,0.0,IForest,0.011836999696025901,"{""CBLOF"": 3.8220320234095393, ""COPOD"": 4.483120358685786, ""ECOD"": 5.054441945097347, ""HBOS"": 6.408540934665688, ""IForest"": 7.160275984001911, ""KNN"": 3.4508524044945936, ""LODA"": 3.0751631572244484, ""LOF"": 4.857180510446198}","{""IForest"": 0.5492036786863073, ""LOF"": 0.5523408231901826, ""KNN"": 0.5681931227022786, ""ECOD"": 0.5401262320450824, ""COPOD"": 0.547223244819872, ""HBOS"": 0.449971265468756, ""CBLOF"": 0.5543668991526228, ""LODA"": 0.5385850617084469}","{""smallest_K30"": 0.009163937511603382, ""random_K30"": 0.011836999696025901, ""hard_K30"": 0.009778390970649174, ""smallest_K50"": 0.00518289076995199, ""random_K50"": 0.0010833607522303702, ""hard_K50"": 0.011811694428287733}"
ProsperLoan.npz,ok,12922,33,0.2349,2.0,0.034115467839812896,0.0378328624757005,0.0,IForest,0.010086153139718387,"{""CBLOF"": 3.1535858719857046, ""COPOD"": 3.3056545638420234, ""ECOD"": 3.952554863826241, ""HBOS"": 6.130829698270274, ""IForest"": 6.426799432311395, ""KNN"": 4.084605766350931, ""LODA"": 3.6060761039140807, ""LOF"": 5.7033415217489125}","{""IForest"": 0.5441967074391619, ""LOF"": 0.5661966974445424, ""KNN"": 0.5783121752789748, ""ECOD"": 0.5380325258235983, ""COPOD"": 0.5515219306939764, ""HBOS"": 0.46222333643721797, ""CBLOF"": 0.5553000634658343, ""LODA"": 0.528051065842888}","{""smallest_K30"": 0.0032340470868601587, ""random_K30"": 0.0058813797145052405, ""hard_K30"": 0.010086153139718387, ""smallest_K50"": 0.0047847428343502345, ""random_K50"": 0.0011833884545368735, ""hard_K50"": 0.0031362032203147094}"
ArtSalesPlatform.npz,ok,46867,4,0.0106,0.0,0.13333921424487438,0.09311698597233176,0.0,KNN,0.07573738641645325,"{""CBLOF"": 6.237913659566225, ""COPOD"": 3.6499619091581654, ""ECOD"": 2.4461741897162166, ""HBOS"": 6.396082642835809, ""IForest"": 4.976762426555542, ""KNN"": 9.0, ""LODA"": 2.0026140665683383, ""LOF"": 7.947232188243431, ""PCA"": 2.34325891735627}","{""IForest"": 0.6339409186201639, ""LOF"": 0.5715578425767105, ""KNN"": 0.6130188134716438, ""ECOD"": 0.7463580277165182, ""COPOD"": 0.7256798714911923, ""HBOS"": 0.7060822783086933, ""PCA"": 0.5943035748318768, ""CBLOF"": 0.581036238394729, ""LODA"": 0.70719181028615}","{""smallest_K30"": 0.005064861881996323, ""random_K30"": 0.04099490135187507, ""hard_K30"": 0.07573738641645325, ""smallest_K50"": 0.007435512645520693, ""random_K50"": 0.028208717007688507, ""hard_K50"": 0.034526478122953515}"
ArtSalesPlatform.npz,ok,46867,4,0.0106,1.0,0.13287897846388408,0.09347148635198943,0.0,KNN,0.08012824922226974,"{""CBLOF"": 6.408476538905502, ""COPOD"": 2.1404803281525475, ""ECOD"": 2.7674164190245363, ""HBOS"": 5.822014090443752, ""IForest"": 5.373063909128012, ""KNN"": 9.0, ""LODA"": 2.293660080944225, ""LOF"": 7.826399967367088, ""PCA"": 3.36848866603434}","{""IForest"": 0.6421946690625936, ""LOF"": 0.5833568025266138, ""KNN"": 0.6160237414577038, ""ECOD"": 0.7489027199215879, ""COPOD"": 0.7301920553241308, ""HBOS"": 0.7087438264042039, ""PCA"": 0.5980209643605869, ""CBLOF"": 0.5476574913556046, ""LODA"": 0.7237888317133601}","{""smallest_K30"": 0.014816875200092975, ""random_K30"": 0.018564171169999626, ""hard_K30"": 0.08012824922226974, ""smallest_K50"": 0.0097146887568132, ""random_K50"": 0.03308886798909964, ""hard_K50"": 0.0409581515568392}"
ArtSalesPlatform.npz,ok,46867,4,0.0106,2.0,0.1320210188134716,0.09615869990712755,0.0,KNN,0.05812997840218375,"{""CBLOF"": 5.438620876805389, ""COPOD"": 2.556398821633376, ""ECOD"": 2.916526446025934, ""HBOS"": 6.539672547957294, ""IForest"": 5.408869127823563, ""KNN"": 9.0, ""LODA"": 1.7812934997815426, ""LOF"": 7.898015840204906, ""PCA"": 3.4606028397679918}","{""IForest"": 0.6337657981431566, ""LOF"": 0.5759079746249557, ""KNN"": 0.6194054834054834, ""ECOD"": 0.751426502218955, ""COPOD"": 0.731771188978736, ""HBOS"": 0.7033244575131368, ""PCA"": 0.5978830896566746, ""CBLOF"": 0.5493272346102535, ""LODA"": 0.7345984916550954}","{""smallest_K30"": 0.020648834783642753, ""random_K30"": 0.02909932174297586, ""hard_K30"": 0.05812997840218375, ""smallest_K50"": 0.010418818345702466, ""random_K50"": 0.03386290538662282, ""hard_K50"": 0.05031114100323533}"
SalesOrderPriority.npz,ok,33386,7,0.1178,0.0,0.0,0.0949722832283948,0.0,LOF,0.03482696362272059,"{""CBLOF"": 6.021688363421882, ""COPOD"": 1.5367472732019312, ""ECOD"": 2.006764469638412, ""HBOS"": 4.2193287495696925, ""IForest"": 6.34731862338756, ""KNN"": 8.09831216672606, ""LODA"": 3.0626592007935405, ""LOF"": 8.852316142911244}","{""IForest"": 0.5764175415953401, ""LOF"": 0.6535832026818846, ""KNN"": 0.6012237963906181, ""ECOD"": 0.5187641397562673, ""COPOD"": 0.5440828622311774, ""HBOS"": 0.4996212561430933, ""CBLOF"": 0.5306253025245158, ""LODA"": 0.544569254305022}","{""smallest_K30"": 0.005812359299463513, ""random_K30"": 0.02350231442085208, ""hard_K30"": 0.03087896662282841, ""smallest_K50"": 0.005761593958421138, ""random_K50"": 0.016944362717336015, ""hard_K50"": 0.03482696362272059}"
SalesOrderPriority.npz,ok,33386,7,0.1178,1.0,0.0,0.09662053097646706,0.0,LOF,0.028634481708489496,"{""CBLOF"": 4.713547152104098, ""COPOD"": 2.195550808676846, ""ECOD"": 3.246355178914033, ""HBOS"": 4.857311354441851, ""IForest"": 6.759537263633813, ""KNN"": 8.136602591346016, ""LODA"": 2.164168970543813, ""LOF"": 8.863397408653984, ""PCA"": 4.063529271685547}","{""IForest"": 0.5808335145098659, ""LOF"": 0.65394573562824, ""KNN"": 0.5982641935479972, ""ECOD"": 0.5192923434595905, ""COPOD"": 0.5413015362330904, ""HBOS"": 0.49952677524364714, ""PCA"": 0.5616090798713074, ""CBLOF"": 0.5289304744914091, ""LODA"": 0.5322231888808091}","{""smallest_K30"": 0.008011374401354661, ""random_K30"": 0.01873209256518705, ""hard_K30"": 0.028634481708489496, ""smallest_K50"": 0.008255363898059384, ""random_K50"": 0.027735243752001235, ""hard_K50"": 0.02771218833084372}"
SalesOrderPriority.npz,ok,33386,7,0.1178,2.0,0.0,0.09846356448312155,0.0,LOF,0.04103869776604632,"{""CBLOF"": 5.742283216225403, ""COPOD"": 1.8518375900009312, ""ECOD"": 2.5431414402035033, ""HBOS"": 4.673357289563281, ""IForest"": 5.887394886645968, ""KNN"": 8.102035036669488, ""LODA"": 2.9457374447246263, ""LOF"": 8.897964963330516, ""PCA"": 4.356248132636285}","{""IForest"": 0.5801498069455397, ""LOF"": 0.6557351524896247, ""KNN"": 0.6024518538115197, ""ECOD"": 0.5142849205462477, ""COPOD"": 0.5417842371408841, ""HBOS"": 0.49837612438098494, ""PCA"": 0.5604665020852714, ""CBLOF"": 0.5336445036681124, ""LODA"": 0.5285511909903429}","{""smallest_K30"": 0.005154896723766535, ""random_K30"": 0.01787273536599713, ""hard_K30"": 0.04103869776604632, ""smallest_K50"": 0.006861977532736571, ""random_K50"": 0.02236554270929372, ""hard_K50"": 0.024478188299404787}"
PropertyCondition.npz,ok,24649,7,0.209,0.0,0.046604803710781906,0.020869396555537767,0.0,IForest,0.006349818340095879,"{""CBLOF"": 3.596548463914054, ""COPOD"": 6.144289170156629, ""ECOD"": 3.7858480133655092, ""HBOS"": 5.093063197984512, ""IForest"": 8.322444808739727, ""KNN"": 5.85887923742589, ""LODA"": 3.874040594761536, ""LOF"": 2.1061031218426884, ""PCA"": 6.218783391809456}","{""IForest"": 0.46085849159898074, ""LOF"": 0.4954316471571906, ""KNN"": 0.49227718386685776, ""ECOD"": 0.46851071030418856, ""COPOD"": 0.48012208353240965, ""HBOS"": 0.5074632953097626, ""PCA"": 0.4964433528428093, ""CBLOF"": 0.49536540452301325, ""LODA"": 0.482872919652811}","{""smallest_K30"": 0.0060117211132481125, ""random_K30"": 0.0015865983397281998, ""hard_K30"": 0.0014956395832910134, ""smallest_K50"": 0.006349818340095879, ""random_K50"": 0.001654964146406501, ""hard_K50"": 0.001686343362233731}"
PropertyCondition.npz,ok,24649,7,0.209,1.0,0.04544107839624156,0.01772698844030368,0.0,IForest,0.005468366886297667,"{""CBLOF"": 4.777403778089575, ""COPOD"": 3.0570586708344947, ""ECOD"": 2.938443999207534, ""HBOS"": 6.663520636798145, ""IForest"": 7.112358167652058, ""KNN"": 6.938181009160461, ""LODA"": 4.6033515526160205, ""LOF"": 4.60653348933308, ""PCA"": 4.303148696308625}","{""IForest"": 0.4637531105669692, ""LOF"": 0.5021140408504539, ""KNN"": 0.5020476986781335, ""ECOD"": 0.47616579073100807, ""COPOD"": 0.48985870560598826, ""HBOS"": 0.5005507694298456, ""PCA"": 0.5091941889632108, ""CBLOF"": 0.496823588549132, ""LODA"": 0.48269691133142223}","{""smallest_K30"": 0.00302461148846314, ""random_K30"": 0.002082065873790571, ""hard_K30"": 0.0051432634485839126, ""smallest_K50"": 0.005468366886297667, ""random_K50"": 0.000575934876181672, ""hard_K50"": 0.0024183075848201647}"
PropertyCondition.npz,ok,24649,7,0.209,2.0,0.04507756509794547,0.01843081435472732,0.0,IForest,0.005709258549155786,"{""CBLOF"": 4.723709993253307, ""COPOD"": 3.3439656575562524, ""ECOD"": 2.2787702753689674, ""HBOS"": 6.656034342443748, ""IForest"": 8.17280970953528, ""KNN"": 6.751188834321199, ""LODA"": 5.622451247612167, ""LOF"": 3.579630303658492, ""PCA"": 3.8714396362505936}","{""IForest"": 0.46441563644688644, ""LOF"": 0.49849928830227747, ""KNN"": 0.5078849139990445, ""ECOD"": 0.47060175784360564, ""COPOD"": 0.4868926680203854, ""HBOS"": 0.5020994833970377, ""PCA"": 0.5017262402452619, ""CBLOF"": 0.5094932015448319, ""LODA"": 0.47794829491161017}","{""smallest_K30"": 0.003189923003924119, ""random_K30"": 0.0013984074934397398, ""hard_K30"": 0.0033010894632015714, ""smallest_K50"": 0.005709258549155786, ""random_K50"": 0.0012176366281244821, ""hard_K50"": 0.0020416405764831637}"
MouseInteractionPhase.npz,ok,29155,5,0.1113,0.0,0.0,0.1275890607161192,0.0,KNN,0.07154605581030322,"{""CBLOF"": 6.4641768077490305, ""COPOD"": 1.900411284839722, ""ECOD"": 1.8769959694402272, ""HBOS"": 3.622813886453427, ""IForest"": 5.79519496578239, ""KNN"": 8.999999999999998, ""LODA"": 5.187482430473434, ""LOF"": 8.0, ""PCA"": 3.152924655261772}","{""IForest"": 0.9510307850317452, ""LOF"": 1.0, ""KNN"": 1.0, ""ECOD"": 0.7283306616366954, ""COPOD"": 0.7953135563575797, ""HBOS"": 0.5201988648321254, ""PCA"": 0.9862791077603335, ""CBLOF"": 0.9953987843126344, ""LODA"": 0.8751466936238124}","{""smallest_K30"": 0.02056017038178158, ""random_K30"": 0.03296191489991078, ""hard_K30"": 0.07154605581030322, ""smallest_K50"": 0.015316933280268697, ""random_K50"": 0.030151105045154798, ""hard_K50"": 0.05257901178337942}"
MouseInteractionPhase.npz,ok,29155,5,0.1113,1.0,0.0,0.12679544210112492,0.0,KNN,0.06726183385555665,"{""CBLOF"": 5.549712760980659, ""COPOD"": 2.2130094309525012, ""ECOD"": 2.823665963424145, ""HBOS"": 4.184366136280335, ""IForest"": 5.535287076806777, ""KNN"": 9.0, ""LODA"": 4.218762901005906, ""LOF"": 8.0, ""PCA"": 3.4751957305496766}","{""IForest"": 0.943491475896588, ""LOF"": 0.9999999999999999, ""KNN"": 1.0, ""ECOD"": 0.7221342754066223, ""COPOD"": 0.7896820074607753, ""HBOS"": 0.5190754027223007, ""PCA"": 0.9875912948585237, ""CBLOF"": 0.9949545121948029, ""LODA"": 0.9019120525502634}","{""smallest_K30"": 0.02344303588658612, ""random_K30"": 0.03219722072007267, ""hard_K30"": 0.06726183385555665, ""smallest_K50"": 0.01478562593218356, ""random_K50"": 0.03771548595474336, ""hard_K50"": 0.059195899116478316}"
MouseInteractionPhase.npz,ok,29155,5,0.1113,2.0,0.0,0.12557540627610775,0.0,KNN,0.06267598865035992,"{""CBLOF"": 4.6219005794515, ""COPOD"": 2.9344404010139113, ""ECOD"": 2.5700866784046825, ""HBOS"": 3.231178850358933, ""IForest"": 6.145667828218075, ""KNN"": 9.0, ""LODA"": 4.914078379536175, ""LOF"": 8.0, ""PCA"": 3.5826472830167226}","{""IForest"": 0.9374777209987746, ""LOF"": 1.0, ""KNN"": 1.0, ""ECOD"": 0.7295842901859676, ""COPOD"": 0.7958496791942724, ""HBOS"": 0.5196323628903596, ""PCA"": 0.9871023755627863, ""CBLOF"": 1.0, ""LODA"": 0.9001749146828695}","{""smallest_K30"": 0.014538562465452485, ""random_K30"": 0.03166456433710394, ""hard_K30"": 0.06267598865035992, ""smallest_K50"": 0.017083697886318406, ""random_K50"": 0.031271379859960896, ""hard_K50"": 0.061635108886820715}"
ZookeeperLogs.npz,ok,25298,3,0.0244,0.0,0.6680291609449238,0.4861986767103063,0.0,IForest,0.03308492792150592,"{""CBLOF"": 4.24169266823497, ""COPOD"": 4.533999120783677, ""ECOD"": 5.125333724924996, ""HBOS"": 4.79566730207066, ""IForest"": 7.970740673100099, ""KNN"": 5.670333577145664, ""LODA"": 3.04760474085232, ""LOF"": 4.949794981460446, ""PCA"": 4.664833211427169}","{""IForest"": 0.2633470217446471, ""LOF"": 0.8964795975482326, ""KNN"": 0.9313761826895709, ""ECOD"": 0.3415712203915199, ""COPOD"": 0.3383379364432695, ""HBOS"": 0.29924750396322675, ""PCA"": 0.3545956195551797, ""CBLOF"": 0.2618149132883079, ""LODA"": 0.31982755818942665}","{""smallest_K30"": 0.03308492792150592, ""random_K30"": 0.00880328566720252, ""hard_K30"": 0.018272209058869948, ""smallest_K50"": 0.0267849124844029, ""random_K50"": 0.007698034810692353, ""hard_K50"": 0.013241023511825795}"
ZookeeperLogs.npz,ok,25298,3,0.0244,1.0,0.6404070543302663,0.4813908807611964,0.0,IForest,0.03811096687905043,"{""CBLOF"": 3.9809579267793906, ""COPOD"": 4.26118406396237, ""ECOD"": 4.999006195141074, ""HBOS"": 3.807799149503219, ""IForest"": 7.874103066361609, ""KNN"": 5.889578904128957, ""LODA"": 3.0187781227410233, ""LOF"": 6.135023179844391, ""PCA"": 5.0335693915379744}","{""IForest"": 0.2990877930645748, ""LOF"": 0.9394948473948411, ""KNN"": 0.9336113145569345, ""ECOD"": 0.3317574534761988, ""COPOD"": 0.32816436861341064, ""HBOS"": 0.2943460372164146, ""PCA"": 0.3540884184484636, ""CBLOF"": 0.26644045606735633, ""LODA"": 0.37594501086460885}","{""smallest_K30"": 0.03811096687905043, ""random_K30"": 0.013339999459659298, ""hard_K30"": 0.019282772233887756, ""smallest_K50"": 0.032353141187458107, ""random_K50"": 0.008227382830680413, ""hard_K50"": 0.014209418987258353}"
ZookeeperLogs.npz,ok,25298,3,0.0244,2.0,0.5908254377933436,0.4827209477266977,0.0,IForest,0.03538413025125349,"{""CBLOF"": 4.892906406020069, ""COPOD"": 3.5825165311175398, ""ECOD"": 3.9934949006343023, ""HBOS"": 5.112641156892602, ""IForest"": 7.258656191071215, ""KNN"": 6.246695464676977, ""LODA"": 4.54701832243964, ""LOF"": 5.523438195859775, ""PCA"": 3.8426328312878795}","{""IForest"": 0.34549964889865137, ""LOF"": 0.9122176047041999, ""KNN"": 0.936325086691995, ""ECOD"": 0.3355714744845015, ""COPOD"": 0.3366164072499884, ""HBOS"": 0.2900179211057706, ""PCA"": 0.34787331724953213, ""CBLOF"": 0.2526028937054209, ""LODA"": 0.32571289659761626}","{""smallest_K30"": 0.02289455307625276, ""random_K30"": 0.011684083732560926, ""hard_K30"": 0.03240066838216563, ""smallest_K50"": 0.03538413025125349, ""random_K50"": 0.006431678976965911, ""hard_K50"": 0.029973686287540973}"
CampaignOutcome.npz,ok,29149,7,0.1167,0.0,0.42411550060055525,0.2611341537909472,0.0,IForest,0.008667047169626102,"{""CBLOF"": 3.01625924141403, ""COPOD"": 5.8398733284806745, ""ECOD"": 4.50244338422711, ""HBOS"": 3.107234931398997, ""IForest"": 7.938659543957521, ""KNN"": 4.296120674213215, ""LODA"": 5.0885801767862695, ""LOF"": 4.497121732027651, ""PCA"": 6.713706987494537}","{""IForest"": 0.5758844993994447, ""LOF"": 0.488388743227706, ""KNN"": 0.5990397964103633, ""ECOD"": 0.7915000756043354, ""COPOD"": 0.8582099746368852, ""HBOS"": 1.0, ""PCA"": 1.0, ""CBLOF"": 0.6285098528140504, ""LODA"": 0.7082596737886901}","{""smallest_K30"": 0.008667047169626102, ""random_K30"": 0.0010267411785513663, ""hard_K30"": 0.0008482695083686886, ""smallest_K50"": 0.005117951717835896, ""random_K50"": 0.000844231389070698, ""hard_K50"": 0.0020667879250090998}"
CampaignOutcome.npz,ok,29149,7,0.1167,1.0,0.4208005500572025,0.274385726662273,0.0,IForest,0.00747232832659686,"{""CBLOF"": 4.117713792439433, ""COPOD"": 3.813329858857242, ""ECOD"": 3.61624770427771, ""HBOS"": 3.5585794185563104, ""IForest"": 7.216170564933092, ""KNN"": 6.316288479373238, ""LODA"": 5.014642648327779, ""LOF"": 5.821085300211774, ""PCA"": 5.5259422330234225}","{""IForest"": 0.5791994499427975, ""LOF"": 0.4880218767563743, ""KNN"": 0.5891953701616791, ""ECOD"": 0.7958806763877674, ""COPOD"": 0.8571525980787941, ""HBOS"": 1.0, ""PCA"": 0.9999325552268272, ""CBLOF"": 0.6240211806258897, ""LODA"": 0.597124752859413}","{""smallest_K30"": 0.00747232832659686, ""random_K30"": 0.0007603228356140851, ""hard_K30"": 0.004566800279752574, ""smallest_K50"": 0.005671823817213182, ""random_K50"": 0.0011444164548024237, ""hard_K50"": 0.002340563269024879}"
CampaignOutcome.npz,ok,29149,7,0.1167,2.0,0.4116004439258336,0.2656245124154364,0.0,IForest,0.004309357724221069,"{""CBLOF"": 5.099646569241028, ""COPOD"": 4.240954227368503, ""ECOD"": 2.399544911814974, ""HBOS"": 4.478389573044962, ""IForest"": 6.424253263312636, ""KNN"": 6.228064388242183, ""LODA"": 5.229040522218026, ""LOF"": 5.372753066614411, ""PCA"": 5.527353478143276}","{""IForest"": 0.5882640388691873, ""LOF"": 0.4815941388095598, ""KNN"": 0.5897810327266917, ""ECOD"": 0.7872479166012856, ""COPOD"": 0.8520024878105841, ""HBOS"": 0.9998644827950209, ""PCA"": 0.9998275079955151, ""CBLOF"": 0.5832581189070751, ""LODA"": 0.7263200089013406}","{""smallest_K30"": 0.004309357724221069, ""random_K30"": 0.0004972329809339526, ""hard_K30"": 0.0033157195007290532, ""smallest_K50"": 0.002187447569676245, ""random_K50"": 0.0004760126959704088, ""hard_K50"": 0.0030388571326642874}"
MusicFamiliarity.npz,ok,22025,5,0.2684,0.0,0.0546556602011003,0.03550793849723083,0.0,KNN,0.03411577998118942,"{""CBLOF"": 6.275819117386621, ""COPOD"": 2.3597098728753427, ""ECOD"": 1.4168944067250149, ""HBOS"": 4.591904031285085, ""IForest"": 5.674981462827636, ""KNN"": 9.0, ""LODA"": 4.173688275027629, ""LOF"": 8.0, ""PCA"": 3.507002833872673}","{""IForest"": 0.4448526679645663, ""LOF"": 0.4098124756223977, ""KNN"": 0.42613657356189466, ""ECOD"": 0.45523149118081857, ""COPOD"": 0.43782194704250615, ""HBOS"": 0.3991108394208238, ""PCA"": 0.4750585377343241, ""CBLOF"": 0.47874189110155063, ""LODA"": 0.48079223376299496}","{""smallest_K30"": 0.010436196379704072, ""random_K30"": 0.02626819146648211, ""hard_K30"": 0.03411577998118942, ""smallest_K50"": 0.013484349371835246, ""random_K50"": 0.021460679129875124, ""hard_K50"": 0.0305686097249988}"
MusicFamiliarity.npz,ok,22025,5,0.2684,1.0,0.07830954422228259,0.05309237101230707,0.0,KNN,0.04080616233763722,"{""CBLOF"": 6.575952829413808, ""COPOD"": 2.102451289896326, ""ECOD"": 1.3939695501518574, ""HBOS"": 4.0950281179427295, ""IForest"": 6.102451289896326, ""KNN"": 9.0, ""LODA"": 4.635613437519353, ""LOF"": 8.0, ""PCA"": 3.0945334851796034}","{""IForest"": 0.44996537803179704, ""LOF"": 0.4111590167004157, ""KNN"": 0.42090305135156353, ""ECOD"": 0.46265842030198207, ""COPOD"": 0.4374336635321986, ""HBOS"": 0.3970989131315557, ""PCA"": 0.4833166145141672, ""CBLOF"": 0.4992125955738461, ""LODA"": 0.45333436791632536}","{""smallest_K30"": 0.014789417020332714, ""random_K30"": 0.022512339679380437, ""hard_K30"": 0.04080616233763722, ""smallest_K50"": 0.015817374013912228, ""random_K50"": 0.021994448389731212, ""hard_K50"": 0.02843585462127828}"
MusicFamiliarity.npz,ok,22025,5,0.2684,2.0,0.06838221834186536,0.04787404216228336,0.0,KNN,0.03850906630987735,"{""COPOD"": 1.89571547741292, ""ECOD"": 1.6755988970563018, ""HBOS"": 3.7600794225221796, ""IForest"": 6.20259270259907, ""KNN"": 9.0, ""LODA"": 3.832916889652185, ""LOF"": 8.0, ""PCA"": 3.9469665299911965}","{""IForest"": 0.4399167151944519, ""LOF"": 0.4061336094133967, ""KNN"": 0.41423117188408587, ""ECOD"": 0.4463541865658576, ""COPOD"": 0.4268050814154187, ""HBOS"": 0.39338858433359347, ""PCA"": 0.4684720454765876, ""LODA"": 0.48261339022595123}","{""smallest_K30"": 0.016208728906774064, ""random_K30"": 0.02331889884429418, ""hard_K30"": 0.03850906630987735, ""smallest_K50"": 0.013301087156441443, ""random_K50"": 0.024373417060216326, ""hard_K50"": 0.0299496063053496}"
PoliceForceDisturbance.npz,ok,12496,18,0.1718,0.0,0.21278573180418014,0.16192757698330013,0.0,KNN,0.005577386158912984,"{""CBLOF"": 5.817097584834567, ""COPOD"": 3.212332816571605, ""ECOD"": 2.3114644876869233, ""HBOS"": 4.609877866218363, ""IForest"": 5.708745743539854, ""KNN"": 8.952884235424172, ""LODA"": 2.2554758358564753, ""LOF"": 7.353859418782028, ""PCA"": 4.778262011086017}","{""IForest"": 0.4214801464350886, ""LOF"": 0.5539556374584017, ""KNN"": 0.36553116470797364, ""ECOD"": 0.3232086565008134, ""COPOD"": 0.3851204579359133, ""HBOS"": 0.2772924359121479, ""PCA"": 0.4410130752043634, ""CBLOF"": 0.40158540509282703, ""LODA"": 0.5783168965121538}","{""smallest_K30"": 0.005577386158912984, ""random_K30"": 0.0021321183296810053, ""hard_K30"": 0.0023825715577257055, ""smallest_K50"": 0.002321684189291255, ""random_K50"": 0.000776613756760351, ""hard_K50"": 0.0032927238359673895}"
PoliceForceDisturbance.npz,ok,12496,18,0.1718,1.0,0.2386507181124543,0.1861460154490368,0.0,KNN,0.005634147070620951,"{""CBLOF"": 5.0860804961357955, ""COPOD"": 3.6806449536828296, ""ECOD"": 2.474490472071014, ""HBOS"": 5.248033831953922, ""IForest"": 5.560554785132701, ""KNN"": 8.855411238064237, ""LODA"": 3.315801529893089, ""LOF"": 5.8102842810914375}","{""IForest"": 0.4312828370785885, ""LOF"": 0.5516863210996582, ""KNN"": 0.3657380593975641, ""ECOD"": 0.323308559972459, ""COPOD"": 0.3822005314684685, ""HBOS"": 0.2828955806214266, ""CBLOF"": 0.4044414293396696, ""LODA"": 0.6043887775100184}","{""smallest_K30"": 0.005634147070620951, ""random_K30"": 0.00280274037876344, ""hard_K30"": 0.00306769261283293, ""smallest_K50"": 0.0022569799805836673, ""random_K50"": 0.0029616893971585356, ""hard_K50"": 0.0028267034900529655}"
PoliceForceDisturbance.npz,ok,12496,18,0.1718,2.0,0.2047990792680046,0.1631149463693864,0.0,KNN,0.005106478772662132,"{""CBLOF"": 7.001868043955142, ""COPOD"": 2.304605136828758, ""ECOD"": 2.32162250474104, ""HBOS"": 4.761118109640955, ""IForest"": 6.133180779995322, ""KNN"": 8.83187789274783, ""LODA"": 3.1101159899534507, ""LOF"": 6.889224937388594}","{""IForest"": 0.41916009081315575, ""LOF"": 0.5365668081965849, ""KNN"": 0.3685415443186651, ""ECOD"": 0.3206804686462854, ""COPOD"": 0.3759741151004997, ""HBOS"": 0.27504775790958735, ""CBLOF"": 0.4124940091668185, ""LODA"": 0.5733406235866697}","{""smallest_K30"": 0.005106478772662132, ""random_K30"": 0.001838883198251888, ""hard_K30"": 0.004479817634523573, ""smallest_K50"": 0.002790705326598715, ""random_K50"": 0.0021274600024404552, ""hard_K50"": 0.003302981860543588}"
WeatherEvents.npz,ok,25533,7,0.0198,0.0,0.38222532170881107,0.12618430566675276,0.0,LOF,0.056871297090027896,"{""CBLOF"": 4.084966033349027, ""COPOD"": 3.0160958061452545, ""ECOD"": 2.5083783285302474, ""HBOS"": 8.356945560364036, ""IForest"": 6.0319061453225675, ""KNN"": 7.085947416339693, ""LODA"": 2.2190205964789933, ""LOF"": 8.525200877973703, ""PCA"": 3.1715392354964766}","{""IForest"": 0.815055332810114, ""LOF"": 0.5104327376318378, ""KNN"": 0.5181254826224341, ""ECOD"": 0.835638735493692, ""COPOD"": 0.7915722476901237, ""HBOS"": 0.8013289191310349, ""PCA"": 0.8926580593406489, ""CBLOF"": 0.8550853600185706, ""LODA"": 0.8783669083266089}","{""smallest_K30"": 0.00297705202828971, ""random_K30"": 0.025784869108010283, ""hard_K30"": 0.05686475348231211, ""smallest_K50"": 0.01901596412835844, ""random_K50"": 0.025099144382628218, ""hard_K50"": 0.056871297090027896}"
WeatherEvents.npz,ok,25533,7,0.0198,1.0,0.33282906362167775,0.15744983928815504,0.0,LOF,0.03871728053988246,"{""CBLOF"": 4.367741911209465, ""COPOD"": 2.7177409869901297, ""ECOD"": 2.4060842024230187, ""HBOS"": 7.6982068408827775, ""IForest"": 6.0, ""KNN"": 7.301793159117222, ""LODA"": 1.226173886367517, ""LOF"": 9.0, ""PCA"": 4.28225901300987}","{""IForest"": 0.811672040981652, ""LOF"": 0.561528932079923, ""KNN"": 0.5064278596909005, ""ECOD"": 0.8338720807757962, ""COPOD"": 0.7889406230310189, ""HBOS"": 0.7890787971430332, ""PCA"": 0.8943579957016008, ""CBLOF"": 0.8501596503168529, ""LODA"": 0.5961354280002338}","{""smallest_K30"": 0.03248620364812693, ""random_K30"": 0.026428102496676265, ""hard_K30"": 0.03871728053988246, ""smallest_K50"": 0.019971377809255033, ""random_K50"": 0.021890036998242077, ""hard_K50"": 0.0316906889050789}"
WeatherEvents.npz,ok,25533,7,0.0198,2.0,0.2684551265753823,0.14949480474111787,0.0,LOF,0.046433883067507495,"{""CBLOF"": 3.9601680301469293, ""COPOD"": 2.8054134937181843, ""ECOD"": 2.4062112575797827, ""HBOS"": 8.414773756401281, ""IForest"": 6.0, ""KNN"": 7.067311713787221, ""LODA"": 1.864534677687483, ""LOF"": 8.517914529811497, ""PCA"": 3.9636725408676203}","{""IForest"": 0.828097192459957, ""LOF"": 0.6262534365875574, ""KNN"": 0.5046343597169562, ""ECOD"": 0.8368175580607617, ""COPOD"": 0.7910708730551006, ""HBOS"": 0.7683366916222273, ""PCA"": 0.8947085631629397, ""CBLOF"": 0.8655202689578829, ""LODA"": 0.591484882173013}","{""smallest_K30"": 0.028014203752507225, ""random_K30"": 0.046433883067507495, ""hard_K30"": 0.04268888733350452, ""smallest_K50"": 0.012443864800180431, ""random_K50"": 0.022624751384768695, ""hard_K50"": 0.032663641182165394}"
AgriculturalYield.npz,ok,39448,7,0.2001,0.0,0.0009291830106541443,0.10461261876557282,0.0,LOF,0.02586013985623659,"{""CBLOF"": 3.2670831771335043, ""COPOD"": 4.359176511217563, ""ECOD"": 3.7806871714456203, ""HBOS"": 4.200211564069494, ""IForest"": 7.685108683002718, ""KNN"": 4.444018223713591, ""LODA"": 4.3051055670943725, ""LOF"": 7.767146113565145, ""PCA"": 5.191462988757991}","{""IForest"": 0.9911051266068305, ""LOF"": 0.9990708169893459, ""KNN"": 0.910120477245705, ""ECOD"": 0.6978156581679202, ""COPOD"": 0.7895713313108399, ""HBOS"": 0.6796400448069708, ""PCA"": 0.9964999522070219, ""CBLOF"": 1.0, ""LODA"": 0.9946630237752101}","{""smallest_K30"": 0.02586013985623659, ""random_K30"": 0.0031066457872912364, ""hard_K30"": 0.010760463123227015, ""smallest_K50"": 0.010013932699594613, ""random_K50"": 0.0013761916956449407, ""hard_K50"": 0.007332701378982565}"
AgriculturalYield.npz,ok,39448,7,0.2001,1.0,0.007730228169418041,0.10332233771444788,0.0,IForest,0.029037887513097372,"{""CBLOF"": 2.8178208505927635, ""COPOD"": 3.8041622239821558, ""ECOD"": 4.333776842426896, ""HBOS"": 4.11283749510362, ""IForest"": 7.93228765773995, ""KNN"": 4.044254423702502, ""LODA"": 5.697704024510387, ""LOF"": 5.8985568700463284, ""PCA"": 6.358599611895389}","{""IForest"": 0.9922697718305818, ""LOF"": 0.9987859660225448, ""KNN"": 0.9274063403156311, ""ECOD"": 0.6962759454549039, ""COPOD"": 0.7863727546383176, ""HBOS"": 0.6779544741875163, ""PCA"": 0.9963593031530882, ""CBLOF"": 0.9999999999999999, ""LODA"": 0.9946744049673865}","{""smallest_K30"": 0.024365684533624324, ""random_K30"": 0.004222744649439382, ""hard_K30"": 0.011062385879225168, ""smallest_K50"": 0.029037887513097372, ""random_K50"": 0.0018458468831944038, ""hard_K50"": 0.00564302912798763}"
AgriculturalYield.npz,ok,39448,7,0.2001,2.0,0.0106653212103629,0.10410426776953452,0.0,IForest,0.01748508671382247,"{""CBLOF"": 3.7407564734575174, ""COPOD"": 4.259442382236202, ""ECOD"": 4.309186607162724, ""HBOS"": 5.3368415433289345, ""IForest"": 7.29306421485719, ""KNN"": 4.8560251200892965, ""LODA"": 3.2445981129261656, ""LOF"": 6.827644380474112, ""PCA"": 5.132441165467862}","{""IForest"": 0.989334678789637, ""LOF"": 0.9992501861838589, ""KNN"": 0.9245515880536745, ""ECOD"": 0.697686510742059, ""COPOD"": 0.7881178506993932, ""HBOS"": 0.6773680617733375, ""PCA"": 0.9951799948589931, ""CBLOF"": 0.9999999999999999, ""LODA"": 0.9915727189732343}","{""smallest_K30"": 0.01748508671382247, ""random_K30"": 0.0034982376002558836, ""hard_K30"": 0.009024261802556381, ""smallest_K50"": 0.011814145233692078, ""random_K50"": 0.0032380609407750777, ""hard_K50"": 0.011123064633017552}"
CourseRegistration.npz,ok,25435,5,0.0875,0.0,0.0,0.13705115481993912,0.0,LOF,0.022315108808863903,"{""CBLOF"": 5.664694659906631, ""COPOD"": 2.831034893511753, ""ECOD"": 2.1114578516797886, ""HBOS"": 4.571665242996831, ""IForest"": 6.051367919674736, ""KNN"": 7.940093437064655, ""LODA"": 3.6375342963213906, ""LOF"": 8.698126769290822, ""PCA"": 3.494024929553399}","{""IForest"": 0.3178718491157918, ""LOF"": 0.5064806916817142, ""KNN"": 0.4601544762282821, ""ECOD"": 0.28022728482976633, ""COPOD"": 0.33182844473275275, ""HBOS"": 0.35866940344388565, ""PCA"": 0.24381446393214856, ""CBLOF"": 0.36781477375598465, ""LODA"": 0.4580044440356491}","{""smallest_K30"": 0.005674569569796507, ""random_K30"": 0.01875516077229519, ""hard_K30"": 0.022315108808863903, ""smallest_K50"": 0.01130514433565757, ""random_K50"": 0.014249066884961949, ""hard_K50"": 0.02169023043456704}"
CourseRegistration.npz,ok,25435,5,0.0875,1.0,0.12163950060270418,0.19206833767140485,0.0,KNN,0.025279830904581586,"{""CBLOF"": 5.655593702147862, ""COPOD"": 3.5768807045464723, ""ECOD"": 3.4415840458731735, ""HBOS"": 2.719746252983981, ""IForest"": 6.043158112101765, ""KNN"": 8.24053453331492, ""LODA"": 4.058425422803708, ""LOF"": 7.869805877596765, ""PCA"": 3.3942713486313587}","{""IForest"": 0.31519226021329433, ""LOF"": 0.5443786337737028, ""KNN"": 0.45892883249664757, ""ECOD"": 0.27810416858289483, ""COPOD"": 0.3361359158441005, ""HBOS"": 0.366585257226399, ""PCA"": 0.24164661686893968, ""CBLOF"": 0.3749599407461914, ""LODA"": 0.5805683330993517}","{""smallest_K30"": 0.007542839896823648, ""random_K30"": 0.007686492375325395, ""hard_K30"": 0.025279830904581586, ""smallest_K50"": 0.014048934174397166, ""random_K50"": 0.010517226092537874, ""hard_K50"": 0.02469047348226615}"
CourseRegistration.npz,ok,25435,5,0.0875,2.0,0.049564503870377585,0.17619730507051456,0.0,LOF,0.026220029859173804,"{""CBLOF"": 6.376479319609154, ""COPOD"": 3.1155335606977803, ""ECOD"": 3.708437715697453, ""HBOS"": 1.7393868615500439, ""IForest"": 6.067708414037224, ""KNN"": 8.19173907817213, ""LODA"": 3.1031851992644035, ""LOF"": 8.519914951906825, ""PCA"": 4.177614899064992}","{""IForest"": 0.3251148042542686, ""LOF"": 0.5058740662926189, ""KNN"": 0.452600438594368, ""ECOD"": 0.27956218019160667, ""COPOD"": 0.3342846216034352, ""HBOS"": 0.36084654522217763, ""PCA"": 0.24009662630888468, ""CBLOF"": 0.35935353320198093, ""LODA"": 0.5554385701629965}","{""smallest_K30"": 0.0047830750991086825, ""random_K30"": 0.013191679282768447, ""hard_K30"": 0.022547138914231168, ""smallest_K50"": 0.01420319790333349, ""random_K50"": 0.01807628440260017, ""hard_K50"": 0.026220029859173804}"
DragonFlySystem.npz,ok,22109,4,0.2346,0.0,0.12978778793718576,0.12440685887575342,0.0,LOF,0.049464835971732984,"{""CBLOF"": 1.8988018184038893, ""COPOD"": 4.444898262332514, ""ECOD"": 4.321741427913352, ""HBOS"": 5.8034769585681305, ""IForest"": 6.707304324612541, ""KNN"": 8.225793981687634, ""LODA"": 2.925633784876677, ""LOF"": 8.654104993885518, ""PCA"": 2.01824444771975}","{""IForest"": 0.47552004857983166, ""LOF"": 0.49726371021629073, ""KNN"": 0.5049903700509438, ""ECOD"": 0.4008319751905624, ""COPOD"": 0.548663627389045, ""HBOS"": 0.6270514981534765, ""PCA"": 0.3754384176008468, ""CBLOF"": 0.5045130595325104, ""LODA"": 0.5895290467860009}","{""smallest_K30"": 0.003751486959348984, ""random_K30"": 0.027942462111721033, ""hard_K30"": 0.049464835971732984, ""smallest_K50"": 0.008945949357089488, ""random_K50"": 0.02256717453276161, ""hard_K50"": 0.043508564017177974}"
DragonFlySystem.npz,ok,22109,4,0.2346,1.0,0.1333909725137727,0.12500553985534268,0.0,LOF,0.048240436142269305,"{""CBLOF"": 2.498994021108609, ""COPOD"": 4.195828034827527, ""ECOD"": 3.848192337432798, ""HBOS"": 5.561056907951591, ""IForest"": 6.959022350807465, ""KNN"": 8.225290225718625, ""LODA"": 2.80463248854179, ""LOF"": 8.695691233514548, ""PCA"": 2.2112924000970526}","{""IForest"": 0.4655653130431266, ""LOF"": 0.4976542913798711, ""KNN"": 0.5047759249564645, ""ECOD"": 0.4025828827869148, ""COPOD"": 0.5507365586589504, ""HBOS"": 0.6270375986706626, ""PCA"": 0.3752904507704814, ""CBLOF"": 0.4996692321845943, ""LODA"": 0.6310452638936438}","{""smallest_K30"": 0.003890966665378025, ""random_K30"": 0.02464308676379622, ""hard_K30"": 0.048240436142269305, ""smallest_K50"": 0.00497216540286672, ""random_K50"": 0.024417541674897215, ""hard_K50"": 0.04155936142786458}"
DragonFlySystem.npz,ok,22109,4,0.2346,2.0,0.15089814014666247,0.1434221773590464,0.0,LOF,0.03714586073237288,"{""CBLOF"": 2.4191791071937496, ""COPOD"": 3.7081434309319006, ""ECOD"": 5.030223084335297, ""HBOS"": 5.158978885783112, ""IForest"": 6.950101507144389, ""KNN"": 8.297286894841626, ""LODA"": 2.755006196053544, ""LOF"": 8.418553754186767, ""PCA"": 2.2625271395296145}","{""IForest"": 0.4662192723165026, ""LOF"": 0.5046574090794383, ""KNN"": 0.5051296781870973, ""ECOD"": 0.40918630490794156, ""COPOD"": 0.551795454299469, ""HBOS"": 0.6252878588587272, ""PCA"": 0.3876779375901828, ""CBLOF"": 0.5036908823380297, ""LODA"": 0.6555555492261008}","{""smallest_K30"": 0.005353733709064195, ""random_K30"": 0.029312981124431214, ""hard_K30"": 0.03714586073237288, ""smallest_K50"": 0.006097966461795288, ""random_K50"": 0.024453819639122826, ""hard_K50"": 0.03475800061227496}"
WorkforceDemographics.npz,ok,7782,91,0.0591,0.0,0.1219906514319633,0.15477379804125246,0.0,HBOS,0.009834520642427192,"{""CBLOF"": 2.099766579197898, ""COPOD"": 6.154810252414495, ""ECOD"": 3.8449867722845212, ""HBOS"": 6.902030347495621, ""IForest"": 5.860302294087681, ""KNN"": 4.719195782765006, ""LODA"": 2.4351647348649395, ""LOF"": 3.9837432368898393}","{""IForest"": 0.9618704555572043, ""LOF"": 0.8646364445763467, ""KNN"": 0.8476717613889301, ""ECOD"": 0.9088010090517882, ""COPOD"": 0.7340925953405549, ""HBOS"": 0.8660120195874759, ""CBLOF"": 0.4947440273037542, ""LODA"": 0.9880026710194392}","{""smallest_K30"": 0.009834520642427192, ""random_K30"": 0.0009670790891380541, ""hard_K30"": 0.0016791338999748492, ""smallest_K50"": 0.0039012411297949623, ""random_K50"": 0.0009549250972741276, ""hard_K50"": 0.0012839122497121946}"
WorkforceDemographics.npz,ok,7782,91,0.0591,1.0,0.0,0.1321923690458524,0.0,IForest,0.01574688894368276,"{""CBLOF"": 1.6340213508992236, ""COPOD"": 5.9229521597873385, ""ECOD"": 5.0328805752864065, ""HBOS"": 5.402542899134224, ""IForest"": 7.4547537090431195, ""KNN"": 4.306391412705577, ""LODA"": 3.0617221156672834, ""LOF"": 3.1847357774768272}","{""IForest"": 0.9534797447692536, ""LOF"": 0.8306492061136667, ""KNN"": 0.851486867487758, ""ECOD"": 0.9068511648612553, ""COPOD"": 0.7382104169758125, ""HBOS"": 0.8819008755008162, ""CBLOF"": 0.5054533313548004, ""LODA"": 0.9022673987238462}","{""smallest_K30"": 0.01574688894368276, ""random_K30"": 0.000402826763456625, ""hard_K30"": 0.002453897557569351, ""smallest_K50"": 0.010811447395182831, ""random_K50"": 0.0005045726431522064, ""hard_K50"": 0.0019190846918776653}"
WorkforceDemographics.npz,ok,7782,91,0.0591,2.0,0.0,0.13413377355690748,0.0,IForest,0.01125189102187318,"{""CBLOF"": 2.1564153028695667, ""COPOD"": 5.383206175382332, ""ECOD"": 5.516654905951388, ""HBOS"": 4.723521782949094, ""IForest"": 7.185647402256877, ""KNN"": 4.159620782979932, ""LODA"": 3.703672586277947, ""LOF"": 3.1712610613328627}","{""IForest"": 0.9581562546371865, ""LOF"": 0.8373304644606026, ""KNN"": 0.8646045407330464, ""ECOD"": 0.9181139634960677, ""COPOD"": 0.7544264727704406, ""HBOS"": 0.8876509867932928, ""CBLOF"": 0.49865410298263835, ""LODA"": 0.8732430627689569}","{""smallest_K30"": 0.0076734083241690315, ""random_K30"": 0.0006657740395624504, ""hard_K30"": 0.0017276056905030615, ""smallest_K50"": 0.01125189102187318, ""random_K50"": 0.0004724406329148149, ""hard_K50"": 0.002767359782911462}"
VoteOutcome.npz,ok,26898,8,0.0249,0.0,0.04834099701539707,0.11375978303942169,0.0,IForest,0.006914941667303979,"{""CBLOF"": 4.864461278180918, ""COPOD"": 5.958415925424682, ""ECOD"": 5.285958135941584, ""HBOS"": 3.5951196655755395, ""IForest"": 7.6226260822992495, ""KNN"": 5.917267903414687, ""LODA"": 3.397380782307206, ""LOF"": 3.190405544241911, ""PCA"": 5.168364682614221}","{""IForest"": 0.9035868929730294, ""LOF"": 0.9519278899884265, ""KNN"": 0.9231039986182078, ""ECOD"": 0.8414984264499586, ""COPOD"": 0.871234800711123, ""HBOS"": 0.8487329498935531, ""PCA"": 0.8496087857443582, ""CBLOF"": 0.787232114397855, ""LODA"": 0.5665871037645317}","{""smallest_K30"": 0.006607554802655681, ""random_K30"": 0.000628927747754255, ""hard_K30"": 0.0028525414894727402, ""smallest_K50"": 0.006914941667303979, ""random_K50"": 0.00040110420656233695, ""hard_K50"": 0.002100663500510134}"
VoteOutcome.npz,ok,26898,8,0.0249,1.0,0.031025554634486974,0.1071097814643246,0.0,KNN,0.00742030155126729,"{""CBLOF"": 5.226665585602601, ""COPOD"": 5.295284851524455, ""ECOD"": 4.179458170184028, ""HBOS"": 5.14122644982363, ""IForest"": 6.8451738626227385, ""KNN"": 7.092949267395498, ""LODA"": 2.941392979708677, ""LOF"": 5.085752778427531, ""PCA"": 3.1920960547108455}","{""IForest"": 0.8914303027272784, ""LOF"": 0.9510154070974804, ""KNN"": 0.9199898524629935, ""ECOD"": 0.8361948327105231, ""COPOD"": 0.8672269213134073, ""HBOS"": 0.8484799716823492, ""PCA"": 0.8451486420993243, ""CBLOF"": 0.8016488895378666, ""LODA"": 0.634015811067179}","{""smallest_K30"": 0.00742030155126729, ""random_K30"": 0.0012422461390546873, ""hard_K30"": 0.0038663146189543596, ""smallest_K50"": 0.00515847399942912, ""random_K50"": 0.0007738653825020275, ""hard_K50"": 0.004624858363130321}"
VoteOutcome.npz,ok,26898,8,0.0249,2.0,0.05110259296274555,0.11231396103242253,0.0,IForest,0.009288282635339262,"{""CBLOF"": 4.250973877474241, ""COPOD"": 6.07782465442112, ""ECOD"": 4.412086950522266, ""HBOS"": 4.20976202004744, ""IForest"": 7.489822506557297, ""KNN"": 5.5718166729878496, ""LODA"": 4.129677863577531, ""LOF"": 3.350222973704619, ""PCA"": 5.5078124807076385}","{""IForest"": 0.8974867232603025, ""LOF"": 0.9485893162230481, ""KNN"": 0.9184117570522825, ""ECOD"": 0.8385703563512731, ""COPOD"": 0.8671169801929851, ""HBOS"": 0.8459935126216384, ""PCA"": 0.8425256799162288, ""CBLOF"": 0.8018940553955521, ""LODA"": 0.5658898157023191}","{""smallest_K30"": 0.009288282635339262, ""random_K30"": 0.0006039758057693781, ""hard_K30"": 0.004465877706874181, ""smallest_K50"": 0.006521600782406258, ""random_K50"": 0.0005794121194624233, ""hard_K50"": 0.002555691910824671}"
WorkOvertimePatterns.npz,ok,18151,5,0.058,0.0,0.13058251617637262,0.08076331910257273,0.0,LOF,0.03844951354203298,"{""CBLOF"": 3.389339354127544, ""COPOD"": 2.235444573531783, ""ECOD"": 2.1437862867009514, ""HBOS"": 6.176728631467423, ""IForest"": 6.3301301084498744, ""KNN"": 8.081505575816413, ""LODA"": 4.39863552159295, ""LOF"": 8.527993038294188, ""PCA"": 3.7164369100188726}","{""IForest"": 0.8293245391679452, ""LOF"": 0.8682036999977764, ""KNN"": 0.9748027983456741, ""ECOD"": 0.8810714206301559, ""COPOD"": 0.8981827985680297, ""HBOS"": 0.9614985658061503, ""PCA"": 0.998786216174149, ""CBLOF"": 0.8851088430836279, ""LODA"": 0.965227191870678}","{""smallest_K30"": 0.005787596625900276, ""random_K30"": 0.019876412787473593, ""hard_K30"": 0.0341407232301847, ""smallest_K50"": 0.003906327392433997, ""random_K50"": 0.0167751424295431, ""hard_K50"": 0.03844951354203298}"
WorkOvertimePatterns.npz,ok,18151,5,0.058,1.0,0.1384880928557135,0.09510550466082124,0.0,LOF,0.03754792586652724,"{""CBLOF"": 3.5580434042005087, ""COPOD"": 2.747038530462005, ""ECOD"": 2.5584727824743285, ""HBOS"": 6.102229927045644, ""IForest"": 6.2249585965028595, ""KNN"": 7.943162891234536, ""LODA"": 3.7818864248878192, ""LOF"": 8.416666273688534, ""PCA"": 3.6675411695037656}","{""IForest"": 0.8320938396371156, ""LOF"": 0.8601202388099526, ""KNN"": 0.9739185177773331, ""ECOD"": 0.882950881640095, ""COPOD"": 0.9022421786405176, ""HBOS"": 0.9648511329019633, ""PCA"": 0.9986083316656661, ""CBLOF"": 0.88325106174816, ""LODA"": 0.8334892602228003}","{""smallest_K30"": 0.006760357978421241, ""random_K30"": 0.01987405267231359, ""hard_K30"": 0.032908712757613444, ""smallest_K50"": 0.0044121540521526535, ""random_K50"": 0.01743947558926905, ""hard_K50"": 0.03754792586652724}"
WorkOvertimePatterns.npz,ok,18151,5,0.058,2.0,0.1405143085851508,0.10459522627156537,0.0,LOF,0.03845957742528791,"{""CBLOF"": 4.263997082083364, ""COPOD"": 3.074788171370163, ""ECOD"": 2.583913179615634, ""HBOS"": 5.136674053338974, ""IForest"": 6.347360446878325, ""KNN"": 7.995637912787388, ""LODA"": 3.90946624923258, ""LOF"": 8.594997095024052, ""PCA"": 3.09316580966952}","{""IForest"": 0.8360043804060213, ""LOF"": 0.8577407555644501, ""KNN"": 0.9743626731594512, ""ECOD"": 0.8863256842994686, ""COPOD"": 0.9032280479398751, ""HBOS"": 0.9659367842927978, ""PCA"": 0.9982550641496009, ""CBLOF"": 0.8869549507482268, ""LODA"": 0.7341302003424276}","{""smallest_K30"": 0.00474296250930631, ""random_K30"": 0.020077374360681816, ""hard_K30"": 0.030192777558083604, ""smallest_K50"": 0.004209751957182615, ""random_K50"": 0.024555037040838407, ""hard_K50"": 0.03845957742528791}"
WindTurbineFault.npz,ok,47389,4,0.0122,0.0,0.0,0.4400353955120167,0.0,LOF,0.016953680629855288,"{""CBLOF"": 5.5013865877849275, ""COPOD"": 1.6766901164485133, ""ECOD"": 2.0457998462496687, ""HBOS"": 5.260361884962613, ""IForest"": 6.771223920255914, ""KNN"": 8.053353418815579, ""LODA"": 3.1060099142402073, ""LOF"": 8.839939743553266, ""PCA"": 3.7452345676893155}","{""IForest"": 0.31159513807302974, ""LOF"": 0.7808757246312317, ""KNN"": 0.1380333493538396, ""ECOD"": 0.44288726607094114, ""COPOD"": 0.2650611300983778, ""HBOS"": 0.28426747347716186, ""PCA"": 0.4057104204492862, ""CBLOF"": 0.2743756452703906, ""LODA"": 0.16475681464867623}","{""smallest_K30"": 0.0032061050961636156, ""random_K30"": 0.009174705278122544, ""hard_K30"": 0.015111724113488822, ""smallest_K50"": 0.006214610761227814, ""random_K50"": 0.009431013919559514, ""hard_K50"": 0.016953680629855288}"
WindTurbineFault.npz,ok,47389,4,0.0122,1.0,0.0,0.44506317881126517,0.0,LOF,0.017354718192520817,"{""CBLOF"": 5.120708026505234, ""COPOD"": 1.5164624370193438, ""ECOD"": 1.9380044730517263, ""HBOS"": 5.36910473325547, ""IForest"": 6.571923032363941, ""KNN"": 7.5876418128235406, ""LODA"": 3.541261256248502, ""LOF"": 8.951215340880399, ""PCA"": 4.403678887851851}","{""IForest"": 0.4042528139722549, ""LOF"": 0.7936905535381584, ""KNN"": 0.15302151568822908, ""ECOD"": 0.4290601228832164, ""COPOD"": 0.2560236361802366, ""HBOS"": 0.28240666571730333, ""PCA"": 0.3956406793288001, ""CBLOF"": 0.29118419725396655, ""LODA"": 0.13236618797987348}","{""smallest_K30"": 0.002949611768529649, ""random_K30"": 0.008148206082368803, ""hard_K30"": 0.017354718192520817, ""smallest_K50"": 0.005495583941937497, ""random_K50"": 0.012086911298986633, ""hard_K50"": 0.01442683975790797}"
WindTurbineFault.npz,ok,47389,4,0.0122,2.0,0.0,0.43413329349633384,0.0,LOF,0.022187896032002333,"{""CBLOF"": 6.250353553860726, ""COPOD"": 1.52251375437018, ""ECOD"": 2.1930775860143736, ""HBOS"": 4.045346753691824, ""IForest"": 6.5388885500232385, ""KNN"": 8.042820910118156, ""LODA"": 3.615699970317487, ""LOF"": 8.904489615852835, ""PCA"": 3.8868093057511763}","{""IForest"": 0.3579897083081159, ""LOF"": 0.7786755936487594, ""KNN"": 0.1438494050161985, ""ECOD"": 0.4407537944865725, ""COPOD"": 0.2620882507387233, ""HBOS"": 0.27946530818707205, ""PCA"": 0.4044039333309599, ""CBLOF"": 0.27226238474135783, ""LODA"": 0.16139232291407077}","{""smallest_K30"": 0.0069722504543607376, ""random_K30"": 0.008813651974559834, ""hard_K30"": 0.022187896032002333, ""smallest_K50"": 0.0038463274178935115, ""random_K50"": 0.01586026407182947, ""hard_K50"": 0.015319530598492856}"
GPUResourceUsage.npz,ok,21886,4,0.0508,0.0,0.14469684180453468,0.21317724400503668,0.0,LOF,0.03554372418266705,"{""CBLOF"": 6.031752825764902, ""COPOD"": 4.154961966174632, ""ECOD"": 3.4486694825994477, ""HBOS"": 4.312011727315942, ""IForest"": 6.894517210380966, ""KNN"": 8.084082030581104, ""LODA"": 2.105482789619035, ""LOF"": 8.684797843384642, ""PCA"": 1.2837241241793362}","{""IForest"": 0.5113521457202469, ""LOF"": 0.565686872884364, ""KNN"": 0.522777229479954, ""ECOD"": 0.7103837146888987, ""COPOD"": 0.6123945969578127, ""HBOS"": 0.3543431680648261, ""PCA"": 0.4728247366006113, ""CBLOF"": 0.254873754426062, ""LODA"": 0.47022201733198277}","{""smallest_K30"": 0.003849980299603706, ""random_K30"": 0.020697876337616702, ""hard_K30"": 0.03259639533383437, ""smallest_K50"": 0.0064338314966335556, ""random_K50"": 0.02318508390737995, ""hard_K50"": 0.03554372418266705}"
GPUResourceUsage.npz,ok,21886,4,0.0508,1.0,0.11909093663697201,0.18955413286699163,0.0,LOF,0.03350276051391651,"{""CBLOF"": 6.1492145121001425, ""COPOD"": 3.322317718421952, ""ECOD"": 3.4022049902307154, ""HBOS"": 4.228806798146594, ""IForest"": 6.846535181298197, ""KNN"": 8.074444514371782, ""LODA"": 2.4654332260841283, ""LOF"": 8.605955860626755, ""PCA"": 1.9050871987197342}","{""IForest"": 0.5161316434217247, ""LOF"": 0.5845228510332529, ""KNN"": 0.5215773229791618, ""ECOD"": 0.7036137876702249, ""COPOD"": 0.6044426191898467, ""HBOS"": 0.35299284038473194, ""PCA"": 0.4837589495190851, ""CBLOF"": 0.3653114692361634, ""LODA"": 0.4941854097949078}","{""smallest_K30"": 0.002574793438351754, ""random_K30"": 0.026891718706807805, ""hard_K30"": 0.03350276051391651, ""smallest_K50"": 0.006209142316944894, ""random_K50"": 0.01806937817558218, ""hard_K50"": 0.030745262877063716}"
GPUResourceUsage.npz,ok,21886,4,0.0508,2.0,0.11595828030716226,0.18858653149682436,0.0,LOF,0.044102453690053375,"{""CBLOF"": 6.465719362396955, ""COPOD"": 3.598811256188924, ""ECOD"": 1.8923549854432786, ""HBOS"": 4.267686505455901, ""IForest"": 6.584418682376946, ""KNN"": 8.091480215693094, ""LODA"": 3.950541806968986, ""LOF"": 8.858381739533, ""PCA"": 1.29060544594291}","{""IForest"": 0.515707758702785, ""LOF"": 0.5872385485113714, ""KNN"": 0.5283410816473175, ""ECOD"": 0.7031968288185336, ""COPOD"": 0.604076630392437, ""HBOS"": 0.3539356240639257, ""PCA"": 0.48402018457436213, ""CBLOF"": 0.36487816966643283, ""LODA"": 0.4900978495182193}","{""smallest_K30"": 0.004147148288564946, ""random_K30"": 0.035677765584913465, ""hard_K30"": 0.044102453690053375, ""smallest_K50"": 0.010986350501025869, ""random_K50"": 0.028793979015642526, ""hard_K50"": 0.041721501735443006}"
WindmillAnomaly.npz,ok,17220,17,0.0137,0.0,0.10109742893779661,0.25480241234234036,0.0,IForest,0.0032766987126295263,"{""CBLOF"": 3.264662007927762, ""COPOD"": 4.220053126785926, ""ECOD"": 2.913091601647686, ""HBOS"": 2.7876851391287896, ""IForest"": 6.9602394113429815, ""KNN"": 6.776589658822314, ""LODA"": 6.012024267307048, ""LOF"": 5.156048323310301, ""PCA"": 6.909606463727192}","{""IForest"": 0.8865287417112806, ""LOF"": 0.588043163708756, ""KNN"": 0.5616109428558598, ""ECOD"": 0.8411784076677826, ""COPOD"": 0.8701845596563269, ""HBOS"": 0.9876261706490772, ""PCA"": 0.7690946148895087, ""CBLOF"": 0.47924140442963137, ""LODA"": 0.611905819192408}","{""smallest_K30"": 0.0032766987126295263, ""random_K30"": 0.0008489147006629012, ""hard_K30"": 0.0012176792251268327, ""smallest_K50"": 0.0032305844443064873, ""random_K50"": 2.2558427472734307e-05, ""hard_K50"": 0.0017777747041058823}"
WindmillAnomaly.npz,ok,17220,17,0.0137,1.0,0.22823977288035813,0.26286626008214864,0.0,PCA,0.0054848276675319284,"{""CBLOF"": 2.7706923892537345, ""COPOD"": 3.5658197137576715, ""ECOD"": 3.5876540833863904, ""HBOS"": 2.981493002370422, ""IForest"": 6.052943030998161, ""KNN"": 6.433318170257207, ""LODA"": 6.486584792803542, ""LOF"": 5.4174788994838705, ""PCA"": 7.704015917689005}","{""IForest"": 0.8621889703277569, ""LOF"": 0.5796515369992465, ""KNN"": 0.5498670312289508, ""ECOD"": 0.825951861812267, ""COPOD"": 0.8606235312314455, ""HBOS"": 0.9879841634942098, ""PCA"": 0.7597443906138517, ""CBLOF"": 0.47941229300030436, ""LODA"": 0.6206373520005188}","{""smallest_K30"": 0.0054848276675319284, ""random_K30"": 0.0009060878247750287, ""hard_K30"": 0.0005468943650995739, ""smallest_K50"": 0.0015919292858760441, ""random_K50"": 0.000788906904652244, ""hard_K50"": 0.0012303903350456549}"
WindmillAnomaly.npz,ok,17220,17,0.0137,2.0,0.21885961192078773,0.2762814286672577,0.0,PCA,0.003819118267568185,"{""CBLOF"": 2.134106318867828, ""COPOD"": 3.811219107007039, ""ECOD"": 3.912244869321, ""HBOS"": 4.981111775790577, ""IForest"": 6.7454726864926515, ""KNN"": 5.470206667500989, ""LODA"": 6.064543831928906, ""LOF"": 4.716816776652569, ""PCA"": 7.164277966438443}","{""IForest"": 0.8624284637990649, ""LOF"": 0.5667482025516034, ""KNN"": 0.5620849403511573, ""ECOD"": 0.8296976893869465, ""COPOD"": 0.8629099454653408, ""HBOS"": 0.9884569136276775, ""PCA"": 0.7695973017068898, ""CBLOF"": 0.48808021035509896, ""LODA"": 0.479575697399999}","{""smallest_K30"": 0.003819118267568185, ""random_K30"": 0.0007493298411416326, ""hard_K30"": 0.000783837020759292, ""smallest_K50"": 0.001559356689764359, ""random_K50"": 0.001151069693607002, ""hard_K50"": 0.0013615729772313955}"
RealEstateProperty.npz,ok,18599,25,0.2867,0.0,0.018299914468090428,0.20404763546591287,0.0,KNN,0.0068604778379381965,"{""CBLOF"": 3.1957039781497136, ""COPOD"": 3.6487464841966646, ""ECOD"": 3.4233363477480547, ""HBOS"": 5.265436329740483, ""IForest"": 5.526539925215893, ""KNN"": 5.952342165649649, ""LODA"": 3.2912868152852397, ""LOF"": 5.696607954014304}","{""IForest"": 0.7592739876875311, ""LOF"": 0.859674255262657, ""KNN"": 0.8413743407945665, ""ECOD"": 0.5730349669084913, ""COPOD"": 0.6029659775740506, ""HBOS"": 0.4989931666320705, ""CBLOF"": 0.7329604200488604, ""LODA"": 0.3767358434657253}","{""smallest_K30"": 0.0017699399747037466, ""random_K30"": 0.0010887968687053465, ""hard_K30"": 0.0040146987170567566, ""smallest_K50"": 0.0068604778379381965, ""random_K50"": 0.001541642942161693, ""hard_K50"": 0.00259107306265982}"
RealEstateProperty.npz,ok,18599,25,0.2867,1.0,0.09667666917577222,0.16735623648152842,0.0,IForest,0.008001646485164483,"{""CBLOF"": 3.4546955938900745, ""COPOD"": 4.292182817128187, ""ECOD"": 3.4635185210217565, ""HBOS"": 4.947961943207331, ""IForest"": 6.7189508930389525, ""KNN"": 5.78561464305161, ""LODA"": 2.2900275494851923, ""LOF"": 5.0470480391769}","{""IForest"": 0.7588980104398951, ""LOF"": 0.8555746796156674, ""KNN"": 0.838552268220607, ""ECOD"": 0.5722458492012947, ""COPOD"": 0.5986828820734982, ""HBOS"": 0.505126650954494, ""CBLOF"": 0.7436025932856674, ""LODA"": 0.633064611281988}","{""smallest_K30"": 0.008001646485164483, ""random_K30"": 0.0012702760985813723, ""hard_K30"": 0.0036348596166161365, ""smallest_K50"": 0.0033459104483994895, ""random_K50"": 0.0004440591026800298, ""hard_K50"": 0.0019646454374655435}"
RealEstateProperty.npz,ok,18599,25,0.2867,2.0,0.10488263843543744,0.16710668745639878,0.0,IForest,0.006098899791083528,"{""CBLOF"": 3.577867935440345, ""COPOD"": 4.236189545682366, ""ECOD"": 3.4718831781606516, ""HBOS"": 5.4034573055334825, ""IForest"": 5.955554608368736, ""KNN"": 5.670532523128381, ""LODA"": 3.1644857818337693, ""LOF"": 4.955058695164656}","{""IForest"": 0.7523747716334758, ""LOF"": 0.8572574100689132, ""KNN"": 0.8399619974364448, ""ECOD"": 0.5759797628647948, ""COPOD"": 0.6023054474062126, ""HBOS"": 0.5059116708170297, ""CBLOF"": 0.7276566786177715, ""LODA"": 0.6597580420554734}","{""smallest_K30"": 0.006098899791083528, ""random_K30"": 0.001603332783216353, ""hard_K30"": 0.004972889723121744, ""smallest_K50"": 0.005469060652659623, ""random_K50"": 0.000552160612349207, ""hard_K50"": 0.0034170880051061767}"
GlobalSharkAttacks.npz,ok,19974,3,0.0274,0.0,0.11449129251303847,0.024969345209065685,0.0,IForest,0.10578996360867485,"{""CBLOF"": 5.4426994566607005, ""COPOD"": 2.755396829680638, ""ECOD"": 3.2429994215003988, ""HBOS"": 5.071995602453833, ""IForest"": 6.687400273150974, ""KNN"": 5.593629325788822, ""LODA"": 5.816215549658296, ""LOF"": 6.4073221988363525, ""PCA"": 3.9823413422699834}","{""IForest"": 0.8853327606436079, ""LOF"": 0.9991983598366988, ""KNN"": 0.9991456698729138, ""ECOD"": 0.9997530157947575, ""COPOD"": 0.9995290834486711, ""HBOS"": 0.9998240531566464, ""PCA"": 0.9997177323368658, ""CBLOF"": 0.9991456698729138, ""LODA"": 0.8920460265651508}","{""smallest_K30"": 0.02813768222249421, ""random_K30"": 0.09709359836014118, ""hard_K30"": 0.10529398923115005, ""smallest_K50"": 0.10578996360867485, ""random_K50"": 0.08790255025093265, ""hard_K50"": 0.08362660237356893}"
GlobalSharkAttacks.npz,ok,19974,3,0.0274,1.0,0.0003932929439670607,0.08332311419849203,0.0,LOF,0.10046027150812835,"{""CBLOF"": 5.968029386901072, ""COPOD"": 2.2857833934776224, ""ECOD"": 2.1713020579931475, ""HBOS"": 3.878576212377436, ""IForest"": 7.049248781042506, ""KNN"": 6.872247466872716, ""LODA"": 5.327664290139918, ""LOF"": 8.150033486642052, ""PCA"": 3.297114924553533}","{""IForest"": 0.999522967649303, ""LOF"": 0.9996067070560329, ""KNN"": 0.999487213745306, ""ECOD"": 0.9999204946082172, ""COPOD"": 0.9997172618907605, ""HBOS"": 1.0, ""PCA"": 0.9998231122644359, ""CBLOF"": 0.999487213745306, ""LODA"": 0.25252700125420935}","{""smallest_K30"": 0.035396641899112104, ""random_K30"": 0.08592229166346942, ""hard_K30"": 0.0779459225115034, ""smallest_K50"": 0.013530064405924637, ""random_K50"": 0.08968649895236709, ""hard_K50"": 0.10046027150812835}"
GlobalSharkAttacks.npz,ok,19974,3,0.0274,2.0,0.11853524723354159,0.10426664299800026,0.0,IForest,0.10046466939851341,"{""CBLOF"": 5.96325181934809, ""COPOD"": 1.9720807717590623, ""ECOD"": 2.909069323833751, ""HBOS"": 4.641585958221123, ""IForest"": 7.311971415275383, ""KNN"": 5.67930229722806, ""LODA"": 5.985462383348163, ""LOF"": 6.439319746984664, ""PCA"": 4.0979562840017065}","{""IForest"": 0.8814520507216174, ""LOF"": 0.9993874791709987, ""KNN"": 0.9992317615101697, ""ECOD"": 0.999804294420227, ""COPOD"": 0.9995653077987733, ""HBOS"": 0.999987297955159, ""PCA"": 0.9996645719269756, ""CBLOF"": 0.9992317615101697, ""LODA"": 0.18316136960033721}","{""smallest_K30"": 0.037935139226473576, ""random_K30"": 0.0988793806159929, ""hard_K30"": 0.10046466939851341, ""smallest_K50"": 0.03462552061480778, ""random_K50"": 0.08648906247942095, ""hard_K50"": 0.08606964365663691}"
ProductionRunStatus.npz,ok,43992,7,0.0209,0.0,0.0,0.1446888944524738,0.0,KNN,0.030018961667972195,"{""CBLOF"": 4.624965589290543, ""COPOD"": 2.7744404294253453, ""ECOD"": 2.2999942932583655, ""HBOS"": 5.945349287599478, ""IForest"": 6.230441940062804, ""KNN"": 9.000000000000002, ""LODA"": 3.7744404294253457, ""LOF"": 7.850305550754509}","{""IForest"": 0.9270969340854288, ""LOF"": 0.8056632235663338, ""KNN"": 0.9919078923244026, ""ECOD"": 0.8595318749154398, ""COPOD"": 0.8461539823255027, ""HBOS"": 0.46110725453526996, ""CBLOF"": 0.9887289358253135, ""LODA"": 0.8975618853977394}","{""smallest_K30"": 0.008627201649036239, ""random_K30"": 0.018012335083909238, ""hard_K30"": 0.025966280418809662, ""smallest_K50"": 0.008642036811670927, ""random_K50"": 0.030018961667972195, ""hard_K50"": 0.024096436297780223}"
ProductionRunStatus.npz,ok,43992,7,0.0209,1.0,0.0,0.13303299458688478,0.0,KNN,0.03056349091451997,"{""CBLOF"": 3.7399023904713813, ""COPOD"": 1.9759805223545328, ""ECOD"": 2.6545142183953363, ""HBOS"": 5.481711854867108, ""IForest"": 6.208282313933689, ""KNN"": 9.0, ""LODA"": 3.6865900371510287, ""LOF"": 7.753623887870169}","{""IForest"": 0.9280206788332152, ""LOF"": 0.806656576346925, ""KNN"": 0.9901275451819987, ""ECOD"": 0.8559896416166259, ""COPOD"": 0.8430556978063038, ""HBOS"": 0.4751976020949426, ""CBLOF"": 0.9872696328160464, ""LODA"": 0.9704390300648538}","{""smallest_K30"": 0.007256577296022578, ""random_K30"": 0.01539418626016059, ""hard_K30"": 0.02036609536492488, ""smallest_K50"": 0.008731208719693148, ""random_K50"": 0.018018763738192403, ""hard_K50"": 0.03056349091451997}"
ProductionRunStatus.npz,ok,43992,7,0.0209,2.0,0.0,0.12921861277632296,0.0,KNN,0.031097957944443273,"{""CBLOF"": 2.236852778727365, ""COPOD"": 3.209598519787744, ""ECOD"": 2.0422862878347687, ""HBOS"": 6.193296620352225, ""IForest"": 5.414573714211573, ""KNN"": 8.999999999999998, ""LODA"": 4.042450176422741, ""LOF"": 7.9201722697801396, ""PCA"": 4.9407696328834385}","{""IForest"": 0.927910229030027, ""LOF"": 0.8049880066813597, ""KNN"": 0.9921878417969368, ""ECOD"": 0.8593558633229521, ""COPOD"": 0.8420737250855717, ""HBOS"": 0.4706996334356275, ""PCA"": 0.944600730599843, ""CBLOF"": 0.9860274360598693, ""LODA"": 0.9388795951733373}","{""smallest_K30"": 0.00788526745514673, ""random_K30"": 0.016019760476171957, ""hard_K30"": 0.031097957944443273, ""smallest_K50"": 0.008176812529267215, ""random_K50"": 0.015544931802943944, ""hard_K50"": 0.020053819970382657}"
WaterPointFunctionality.npz,ok,26076,13,0.0201,0.0,0.0645705416098491,0.09263172249512885,0.0,KNN,0.023303552894330948,"{""CBLOF"": 6.504654471275051, ""COPOD"": 2.0416751228642185, ""ECOD"": 2.6066231735066725, ""HBOS"": 4.731654384655334, ""IForest"": 4.5560686051466535, ""KNN"": 9.0, ""LODA"": 4.879419255224176, ""LOF"": 8.0, ""PCA"": 2.6799049873278906}","{""IForest"": 0.4833822723328369, ""LOF"": 0.6211496009953087, ""KNN"": 0.5565790593854596, ""ECOD"": 0.5648347151257354, ""COPOD"": 0.5342611580172087, ""HBOS"": 0.5027651405963189, ""PCA"": 0.48938003796630825, ""CBLOF"": 0.47894229031530555, ""LODA"": 0.525366631767136}","{""smallest_K30"": 0.005345234345274315, ""random_K30"": 0.015052109293607466, ""hard_K30"": 0.023303552894330948, ""smallest_K50"": 0.004959644781099812, ""random_K50"": 0.015357868818785215, ""hard_K50"": 0.019195254097602633}"
WaterPointFunctionality.npz,ok,26076,13,0.0201,1.0,0.04764308683112761,0.08023573031541176,0.0,KNN,0.025089177615957768,"{""CBLOF"": 6.451074968930547, ""COPOD"": 2.08656335253766, ""ECOD"": 2.4924957684559073, ""HBOS"": 5.086300202401726, ""IForest"": 5.145519189178596, ""KNN"": 9.0, ""LODA"": 3.439231695762793, ""LOF"": 7.83906164339767, ""PCA"": 3.459753179335097}","{""IForest"": 0.4829861054065397, ""LOF"": 0.5972016650212608, ""KNN"": 0.5495585781901332, ""ECOD"": 0.5680720075394935, ""COPOD"": 0.5357905639833856, ""HBOS"": 0.5042650487423473, ""PCA"": 0.49146504844363526, ""CBLOF"": 0.4475502620451922, ""LODA"": 0.47580413298065394}","{""smallest_K30"": 0.0038734449878269537, ""random_K30"": 0.012885866470583115, ""hard_K30"": 0.025089177615957768, ""smallest_K50"": 0.0034283822378950923, ""random_K50"": 0.007148100383774446, ""hard_K50"": 0.014247819614557285}"
WaterPointFunctionality.npz,ok,26076,13,0.0201,2.0,0.05567414840913398,0.08097095622224781,0.0,KNN,0.02552066684119872,"{""CBLOF"": 6.321101438664271, ""COPOD"": 2.3131058323115905, ""ECOD"": 1.5618608177143454, ""HBOS"": 4.405641455038201, ""IForest"": 5.229782495853069, ""KNN"": 8.914218090931282, ""LODA"": 4.43746519838777, ""LOF"": 8.08578190906872, ""PCA"": 3.731042762030755}","{""IForest"": 0.4890859932401451, ""LOF"": 0.6119067017553818, ""KNN"": 0.5562325533462478, ""ECOD"": 0.5656785768160576, ""COPOD"": 0.5365582540875017, ""HBOS"": 0.505522253304876, ""PCA"": 0.4906503111833331, ""CBLOF"": 0.47767612438969387, ""LODA"": 0.5451109416749684}","{""smallest_K30"": 0.005759777375439672, ""random_K30"": 0.007314662547678115, ""hard_K30"": 0.02552066684119872, ""smallest_K50"": 0.005885973587337668, ""random_K50"": 0.010681156620673461, ""hard_K50"": 0.013453321380686898}"
IndustrialEquipment.npz,ok,29418,10,0.1788,0.0,0.002198808664805596,0.26169443302353823,0.0,LOF,0.05324943833898984,"{""CBLOF"": 4.295219859753055, ""COPOD"": 4.668984575098728, ""ECOD"": 3.259590214249917, ""HBOS"": 5.08268529430076, ""IForest"": 3.794560253511163, ""KNN"": 8.0, ""LODA"": 5.254334221310149, ""LOF"": 9.0, ""PCA"": 1.6446255817762336}","{""IForest"": 0.9786795641404391, ""LOF"": 0.9916431890962071, ""KNN"": 0.9938419977610127, ""ECOD"": 0.6116724845077943, ""COPOD"": 0.31069337616120707, ""HBOS"": 0.9735732515939247, ""PCA"": 0.7454006235290117, ""CBLOF"": 0.9821583057237734, ""LODA"": 0.001665290123899868}","{""smallest_K30"": 0.013509076868998292, ""random_K30"": 0.03120818519927055, ""hard_K30"": 0.05324943833898984, ""smallest_K50"": 0.016245467366512816, ""random_K50"": 0.02596250008022178, ""hard_K50"": 0.04246690073513298}"
IndustrialEquipment.npz,ok,29418,10,0.1788,1.0,0.0062676376920550725,0.2653747413593237,0.0,LOF,0.048786490842938915,"{""CBLOF"": 3.7979961448149533, ""COPOD"": 5.226125618331, ""ECOD"": 3.007755461460726, ""HBOS"": 5.624473830825259, ""IForest"": 3.4916148522090493, ""KNN"": 8.0, ""LODA"": 4.935284071739654, ""LOF"": 8.999999999999998, ""PCA"": 1.9167500206193524}","{""IForest"": 0.9724840395021338, ""LOF"": 0.9879853552849797, ""KNN"": 0.9942529929770347, ""ECOD"": 0.6003688961464988, ""COPOD"": 0.3086553609139299, ""HBOS"": 0.9610100557669035, ""PCA"": 0.7492235401563261, ""CBLOF"": 0.9803155958438955, ""LODA"": 0.00560842796769713}","{""smallest_K30"": 0.014082684756401481, ""random_K30"": 0.03128032105985734, ""hard_K30"": 0.048786490842938915, ""smallest_K50"": 0.01791162652563743, ""random_K50"": 0.024855799292876922, ""hard_K50"": 0.047208864439596224}"
IndustrialEquipment.npz,ok,29418,10,0.1788,2.0,0.0037526728068817405,0.2608888809134934,0.0,LOF,0.048583936675900455,"{""CBLOF"": 4.37362461060789, ""COPOD"": 4.418667904989366, ""ECOD"": 2.964216372723531, ""HBOS"": 5.3273720804227835, ""IForest"": 4.1683345034835595, ""KNN"": 8.0, ""LODA"": 4.984446164591165, ""LOF"": 9.000000000000002, ""PCA"": 1.7633383631817103}","{""IForest"": 0.9771299697207814, ""LOF"": 0.9890634110052902, ""KNN"": 0.9928160838121719, ""ECOD"": 0.6017805411473739, ""COPOD"": 0.3195812067361029, ""HBOS"": 0.9734686335566023, ""PCA"": 0.7441797977355753, ""CBLOF"": 0.9811093706909253, ""LODA"": 0.008215811683282767}","{""smallest_K30"": 0.01688683460143041, ""random_K30"": 0.028693444544977575, ""hard_K30"": 0.042472210902613335, ""smallest_K50"": 0.015456964988255419, ""random_K50"": 0.028077630589868403, ""hard_K50"": 0.048583936675900455}"
ProteinCodonAnalysis.npz,ok,32057,14,0.0067,0.0,0.019619711716946764,0.1664512051902493,0.0,KNN,0.022228111902170427,"{""CBLOF"": 5.019069453467772, ""COPOD"": 2.235325830625648, ""ECOD"": 2.8407857000948367, ""HBOS"": 4.595886780402212, ""IForest"": 5.043474236161494, ""KNN"": 8.507323829540805, ""LODA"": 4.644174479709477, ""LOF"": 8.291184931903283, ""PCA"": 3.82277475809448}","{""IForest"": 0.3065036105082592, ""LOF"": 0.5566397107484706, ""KNN"": 0.5370199990315239, ""ECOD"": 0.3260206050627822, ""COPOD"": 0.33482786804659836, ""HBOS"": 0.38385917183554097, ""PCA"": 0.3713995800335445, ""CBLOF"": 0.29831191680496794, ""LODA"": 0.39711408795230396}","{""smallest_K30"": 0.007916854012458823, ""random_K30"": 0.01101199752378351, ""hard_K30"": 0.022228111902170427, ""smallest_K50"": 0.006995516517139589, ""random_K50"": 0.010643203749688112, ""hard_K50"": 0.01978692930760166}"
ProteinCodonAnalysis.npz,ok,32057,14,0.0067,1.0,0.0,0.14753363864787034,0.0,LOF,0.023461119447429703,"{""CBLOF"": 4.340497184180731, ""COPOD"": 2.1003413553504378, ""ECOD"": 3.6098636550985477, ""HBOS"": 5.369478244886447, ""IForest"": 4.78893437937833, ""KNN"": 7.773577879865537, ""LODA"": 4.024102762319071, ""LOF"": 8.773577879865536, ""PCA"": 4.219626659055361}","{""IForest"": 0.2939493721780294, ""LOF"": 0.5872692348892048, ""KNN"": 0.5484913049922009, ""ECOD"": 0.32990037902632935, ""COPOD"": 0.34247662817707847, ""HBOS"": 0.3911168730547937, ""PCA"": 0.37514215321585426, ""CBLOF"": 0.5303074324671342, ""LODA"": 0.558966988171385}","{""smallest_K30"": 0.008769518049324593, ""random_K30"": 0.010612423313479008, ""hard_K30"": 0.015110306874076777, ""smallest_K50"": 0.007186785237983595, ""random_K50"": 0.01232151949837558, ""hard_K50"": 0.023461119447429703}"
ProteinCodonAnalysis.npz,ok,32057,14,0.0067,2.0,0.05096385383054303,0.1878185760564337,0.0,KNN,0.020899370309552686,"{""CBLOF"": 5.818516658860243, ""COPOD"": 2.5138696087105363, ""ECOD"": 1.8007697439530117, ""HBOS"": 4.66428496230739, ""IForest"": 5.498862686550359, ""KNN"": 8.344036372846752, ""LODA"": 4.502606253817971, ""LOF"": 8.294959679942053, ""PCA"": 3.562094033011681}","{""IForest"": 0.35006082323403515, ""LOF"": 0.5923207181983996, ""KNN"": 0.5413568643678566, ""ECOD"": 0.3328050736408685, ""COPOD"": 0.34158225516997487, ""HBOS"": 0.3894161703226639, ""PCA"": 0.37986420791127584, ""CBLOF"": 0.3314624135891871, ""LODA"": 0.3816507528434312}","{""smallest_K30"": 0.007173042213213727, ""random_K30"": 0.014278497480424394, ""hard_K30"": 0.020899370309552686, ""smallest_K50"": 0.005754509869270844, ""random_K50"": 0.01503581025939084, ""hard_K50"": 0.01633759295167894}"
StatisticalTestResults.npz,ok,42601,10,0.1679,0.0,0.012139522060563679,0.16907807037316636,0.0,IForest,0.016080362460438643,"{""COPOD"": 4.1491240226705655, ""ECOD"": 3.3919602504964628, ""HBOS"": 3.6811080431274465, ""IForest"": 6.96990564041081, ""KNN"": 6.624528744014777, ""LODA"": 2.7001026871869263, ""LOF"": 4.34190053450007, ""PCA"": 5.103408380618262}","{""IForest"": 0.9851517955465523, ""LOF"": 0.6324266955222562, ""KNN"": 0.7948112396386504, ""ECOD"": 0.6969489039924524, ""COPOD"": 0.8037904120243718, ""HBOS"": 0.997291317607116, ""PCA"": 0.9911154089479149, ""LODA"": 0.7241702045922827}","{""smallest_K30"": 0.016080362460438643, ""random_K30"": 0.0026292093987402287, ""hard_K30"": 0.006144027041110758, ""smallest_K50"": 0.007111531585944588, ""random_K50"": 0.0016874325732100617, ""hard_K50"": 0.0051216703083839365}"
StatisticalTestResults.npz,ok,42601,10,0.1679,1.0,0.20421319807965954,0.1830671409143545,0.0,KNN,0.016120685506637415,"{""COPOD"": 3.474070434368667, ""ECOD"": 3.210646893223001, ""HBOS"": 6.72435131258041, ""IForest"": 6.039336807709522, ""KNN"": 7.210339148745023, ""LODA"": 4.314131570072507, ""LOF"": 5.7759132665638555, ""PCA"": 2.6214070901708637}","{""IForest"": 0.9828451627051366, ""LOF"": 0.6334797312754202, ""KNN"": 0.7936708601142866, ""ECOD"": 0.693760156252465, ""COPOD"": 0.8010956920135176, ""HBOS"": 0.9978840581939461, ""PCA"": 0.9905451205813399, ""LODA"": 0.6252545571006206}","{""smallest_K30"": 0.016120685506637415, ""random_K30"": 0.001851281216022359, ""hard_K30"": 0.010521502441724902, ""smallest_K50"": 0.0014780991870103348, ""random_K50"": 0.0013248035450259181, ""hard_K50"": 0.014349781224751881}"
StatisticalTestResults.npz,ok,42601,10,0.1679,2.0,0.20615242109282061,0.16024830952628877,0.0,KNN,0.012534373718003804,"{""COPOD"": 3.0272965709905013, ""ECOD"": 3.364558062102435, ""HBOS"": 4.671192929590147, ""IForest"": 6.460244719072847, ""KNN"": 7.4760411776551345, ""LODA"": 4.077349458782151, ""LOF"": 5.6518390134698295, ""PCA"": 3.938348791782791}","{""IForest"": 0.9878730499995267, ""LOF"": 0.6290961546653289, ""KNN"": 0.7917881078369194, ""ECOD"": 0.6858958445742342, ""COPOD"": 0.7921835903358229, ""HBOS"": 0.9979405289297401, ""PCA"": 0.9898657560353777, ""LODA"": 0.8268947228506609}","{""smallest_K30"": 0.012534373718003804, ""random_K30"": 0.0031468382286489183, ""hard_K30"": 0.008297088713105319, ""smallest_K50"": 0.005031211894821819, ""random_K50"": 0.0019218220627287106, ""hard_K50"": 0.008619971150070859}"
GlobalTerrorismAttack.npz,ok,33620,5,0.2082,0.0,0.10906448741503649,0.09927491392875781,0.0,LOF,0.022308566347554418,"{""CBLOF"": 4.988463908738404, ""COPOD"": 2.4330548270371204, ""ECOD"": 1.7063037885948455, ""HBOS"": 6.924472281329684, ""IForest"": 5.3577631535163075, ""KNN"": 8.0, ""LODA"": 3.433021558140227, ""LOF"": 9.0, ""PCA"": 3.156920482643412}","{""IForest"": 0.42784774753200827, ""LOF"": 0.433333011355747, ""KNN"": 0.37084513079333264, ""ECOD"": 0.3863829105029759, ""COPOD"": 0.34259860060491537, ""HBOS"": 0.5397429277287769, ""PCA"": 0.5423974987707835, ""CBLOF"": 0.504434865611251, ""LODA"": 0.44052057067844036}","{""smallest_K30"": 0.012671486974905943, ""random_K30"": 0.013733820823899217, ""hard_K30"": 0.022308566347554418, ""smallest_K50"": 0.006859611446523815, ""random_K50"": 0.01584974263620513, ""hard_K50"": 0.0193992084509669}"
GlobalTerrorismAttack.npz,ok,33620,5,0.2082,1.0,0.11723937759049408,0.1134370995543516,0.0,LOF,0.023627357836423595,"{""CBLOF"": 5.8752396458382705, ""COPOD"": 1.333319610436825, ""ECOD"": 1.9708241638634738, ""HBOS"": 6.872373785936439, ""IForest"": 5.252386568225291, ""KNN"": 8.0, ""LODA"": 3.3650910214302474, ""LOF"": 9.0, ""PCA"": 3.3307652042694547}","{""IForest"": 0.4162481427594955, ""LOF"": 0.4304057521295799, ""KNN"": 0.37601975332492166, ""ECOD"": 0.3871109689043438, ""COPOD"": 0.3422908302795772, ""HBOS"": 0.547645129720074, ""PCA"": 0.5415910119956775, ""CBLOF"": 0.519120813369046, ""LODA"": 0.3474398690087853}","{""smallest_K30"": 0.014799647423255584, ""random_K30"": 0.017969627506144253, ""hard_K30"": 0.023627357836423595, ""smallest_K50"": 0.006273586020586004, ""random_K50"": 0.017102643363268527, ""hard_K50"": 0.01853901000946312}"
GlobalTerrorismAttack.npz,ok,33620,5,0.2082,2.0,0.11250098102545836,0.10203357466000623,0.0,LOF,0.02418406113413029,"{""CBLOF"": 5.615199231722471, ""COPOD"": 2.171424457023075, ""ECOD"": 1.5664910352402426, ""HBOS"": 6.78787148278141, ""IForest"": 5.5262197797565875, ""KNN"": 8.0, ""LODA"": 3.2945861575549102, ""LOF"": 8.999999999999998, ""PCA"": 3.038207855921301}","{""IForest"": 0.3976811710861444, ""LOF"": 0.43245999596186446, ""KNN"": 0.37561638248790735, ""ECOD"": 0.3831048432807638, ""COPOD"": 0.3409977682928547, ""HBOS"": 0.5449609769873228, ""PCA"": 0.5302530274277948, ""CBLOF"": 0.5067438876244561, ""LODA"": 0.47452856779674096}","{""smallest_K30"": 0.009646099888015767, ""random_K30"": 0.018188185273659827, ""hard_K30"": 0.02418406113413029, ""smallest_K50"": 0.00675530020208195, ""random_K50"": 0.01723163208303767, ""hard_K50"": 0.019530677036785387}"
SystemHealth.npz,ok,11500,182,0.2,0.0,0.004390831758034119,0.038602867044738476,0.0,IForest,0.055351141883129326,"{""CBLOF"": 3.233023236903426, ""COPOD"": 5.062510142706511, ""ECOD"": 7.004375833957786, ""HBOS"": 4.77833649680672, ""IForest"": 7.625432023721807, ""KNN"": 7.287017007380445, ""LODA"": 2.3978972164404384, ""LOF"": 2.065179743755324, ""PCA"": 5.546228298327549}","{""IForest"": 0.9872622873345935, ""LOF"": 0.7259052457466919, ""KNN"": 0.9916531190926277, ""ECOD"": 0.9861335066162571, ""COPOD"": 0.9771817107750473, ""HBOS"": 0.9830975897920605, ""PCA"": 0.9903783081285443, ""CBLOF"": 0.9898775992438563, ""LODA"": 0.9459629017013232}","{""smallest_K30"": 0.055351141883129326, ""random_K30"": 0.003049448510010733, ""hard_K30"": 0.009944321100386322, ""smallest_K50"": 0.05400538175870597, ""random_K50"": 0.0005478130511328459, ""hard_K50"": 0.005127594899656678}"
SystemHealth.npz,ok,11500,182,0.2,1.0,0.0,0.03780279878176862,0.0,KNN,0.0571420368807959,"{""CBLOF"": 3.120281669038259, ""COPOD"": 4.0236371856755015, ""ECOD"": 6.556580547879471, ""HBOS"": 5.07426563437462, ""IForest"": 7.758824477638603, ""KNN"": 8.604087154176609, ""LODA"": 2.175382127334832, ""LOF"": 1.7608229603369023, ""PCA"": 5.9261182435452024}","{""IForest"": 0.9894390359168242, ""LOF"": 0.7428577504725898, ""KNN"": 0.9921299621928167, ""ECOD"": 0.9866391776937619, ""COPOD"": 0.9781552457466918, ""HBOS"": 0.9838664933837429, ""PCA"": 0.9907478733459356, ""CBLOF"": 0.990546313799622, ""LODA"": 0.934562618147448}","{""smallest_K30"": 0.0571420368807959, ""random_K30"": 0.0022891537835001935, ""hard_K30"": 0.005983697692727281, ""smallest_K50"": 0.05405938138527034, ""random_K50"": 0.0007076855770849051, ""hard_K50"": 0.004971899755809575}"
SystemHealth.npz,ok,11500,182,0.2,2.0,0.0,0.04164195415879024,0.0,KNN,0.05505290779961963,"{""CBLOF"": 3.0674591880292237, ""COPOD"": 3.86835170863381, ""ECOD"": 5.792450571765381, ""HBOS"": 5.3074273364162865, ""IForest"": 7.34528743656068, ""KNN"": 8.239754735378446, ""LODA"": 2.089558341202597, ""LOF"": 1.8881944704188658}","{""IForest"": 0.987492202268431, ""LOF"": 0.7457946597353496, ""KNN"": 0.9908303402646503, ""ECOD"": 0.9853650756143667, ""COPOD"": 0.9766885633270321, ""HBOS"": 0.9825961720226843, ""CBLOF"": 0.9860560018903591, ""LODA"": 0.9386840737240074}","{""smallest_K30"": 0.05505290779961963, ""random_K30"": 0.001169296280636976, ""hard_K30"": 0.004837034964719914, ""smallest_K50"": 0.05462443137087153, ""random_K50"": 0.0031640236054797898, ""hard_K50"": 0.004527264660311871}"
DentalConditionAnomaly.npz,ok,32046,14,0.2471,0.0,0.08400158861721235,0.05749088917214695,0.0,IForest,0.005723188905171085,"{""CBLOF"": 2.3321037652512993, ""COPOD"": 5.757568830128546, ""ECOD"": 4.423246094906673, ""HBOS"": 3.4791305915280133, ""IForest"": 7.611904506550953, ""KNN"": 3.2129269548428327, ""LODA"": 5.155885422928825, ""LOF"": 5.490034353239157, ""PCA"": 7.537199480623697}","{""IForest"": 0.4812815264120693, ""LOF"": 0.5216868749659881, ""KNN"": 0.5652831150292816, ""ECOD"": 0.4758779255463881, ""COPOD"": 0.4909697629004509, ""HBOS"": 0.4623941183488428, ""PCA"": 0.4868486721755474, ""CBLOF"": 0.5396836161030111, ""LODA"": 0.5461044212326329}","{""smallest_K30"": 0.005506233678928815, ""random_K30"": 0.0012540675777113549, ""hard_K30"": 0.0016322767691386779, ""smallest_K50"": 0.005723188905171085, ""random_K50"": 0.00024207163300689729, ""hard_K50"": 0.00084931849168016}"
DentalConditionAnomaly.npz,ok,32046,14,0.2471,1.0,0.079929239556778,0.054916559223956773,0.0,IForest,0.007398723038129388,"{""CBLOF"": 2.7573746982202136, ""COPOD"": 5.913465840058012, ""ECOD"": 4.428262829896612, ""HBOS"": 3.7910647514950577, ""IForest"": 7.8238825943897945, ""KNN"": 3.5789130634356607, ""LODA"": 4.566003609859145, ""LOF"": 5.441398609920376, ""PCA"": 6.699634002725127}","{""IForest"": 0.48112622285850626, ""LOF"": 0.5166661695697128, ""KNN"": 0.5610554624152843, ""ECOD"": 0.47889794651864687, ""COPOD"": 0.49035864760326014, ""HBOS"": 0.4651704571617543, ""PCA"": 0.4856377963221104, ""CBLOF"": 0.5292550714354485, ""LODA"": 0.5470823548372243}","{""smallest_K30"": 0.007398723038129388, ""random_K30"": 0.0004432940988001185, ""hard_K30"": 0.0026005696683834207, ""smallest_K50"": 0.006671772271945741, ""random_K50"": 0.0003588659390485775, ""hard_K50"": 0.0011568095073714365}"
DentalConditionAnomaly.npz,ok,32046,14,0.2471,2.0,0.07069842383637442,0.054826506186327784,0.0,IForest,0.005871214823532016,"{""CBLOF"": 1.757069775519208, ""COPOD"": 5.759623059882099, ""ECOD"": 3.5850983018280442, ""HBOS"": 3.8876176746613913, ""IForest"": 8.425160104304123, ""KNN"": 3.111841376168469, ""LODA"": 4.060554742557295, ""LOF"": 6.636080702685693, ""PCA"": 7.776954262393676}","{""IForest"": 0.4909870304788457, ""LOF"": 0.5179477901685734, ""KNN"": 0.5616854543152201, ""ECOD"": 0.4803232281371527, ""COPOD"": 0.4943545483848012, ""HBOS"": 0.46185458501299775, ""PCA"": 0.4902724666892715, ""CBLOF"": 0.5387425592434917, ""LODA"": 0.5255628707296756}","{""smallest_K30"": 0.005871214823532016, ""random_K30"": 0.0003141226686395004, ""hard_K30"": 0.0008258628349387274, ""smallest_K50"": 0.004964139476311951, ""random_K50"": 0.00037446067586046597, ""hard_K50"": 0.0003625953508693642}"
CasePriority.npz,ok,24510,27,0.011,0.0,0.03455071201564608,0.15665079528786208,0.0,LOF,0.019807636553993056,"{""CBLOF"": 3.4963528667597035, ""COPOD"": 2.2952715434081945, ""ECOD"": 2.371319610050015, ""HBOS"": 4.711532887278495, ""IForest"": 5.351426548218638, ""KNN"": 6.7151488495899185, ""LODA"": 4.091012406688546, ""LOF"": 6.967935288006494}","{""IForest"": 0.8665047060261581, ""LOF"": 0.8319539940105121, ""KNN"": 0.820891394695025, ""ECOD"": 0.7408010939982888, ""COPOD"": 0.8150814386994255, ""HBOS"": 0.817890921036548, ""CBLOF"": 0.45555097176384307, ""LODA"": 0.33015676567656765}","{""smallest_K30"": 0.007335310998018367, ""random_K30"": 0.009508519466277687, ""hard_K30"": 0.014512249648781153, ""smallest_K50"": 0.00225840126682463, ""random_K50"": 0.00526402865365428, ""hard_K50"": 0.019807636553993056}"
CasePriority.npz,ok,24510,27,0.011,1.0,0.056709525119178594,0.10579004515034829,0.0,KNN,0.016459529978680568,"{""CBLOF"": 2.424140378685185, ""COPOD"": 3.9535658053394864, ""ECOD"": 2.2986579903514044, ""HBOS"": 5.253420502377092, ""IForest"": 6.020363670219476, ""KNN"": 7.125577637892594, ""LODA"": 2.513455832639785, ""LOF"": 6.410818182494979}","{""IForest"": 0.8786781108666422, ""LOF"": 0.828728150592837, ""KNN"": 0.8219685857474636, ""ECOD"": 0.7414657437966019, ""COPOD"": 0.8159523591248014, ""HBOS"": 0.8158442580369148, ""CBLOF"": 0.4653442427576091, ""LODA"": 0.8151230748074808}","{""smallest_K30"": 0.005898639506082518, ""random_K30"": 0.005229613478005254, ""hard_K30"": 0.016459529978680568, ""smallest_K50"": 0.006492607516317746, ""random_K50"": 0.007315803255882483, ""hard_K50"": 0.015633335284524007}"
CasePriority.npz,ok,24510,27,0.011,2.0,0.059593112088986655,0.12875407766471092,0.0,KNN,0.013935570725096201,"{""CBLOF"": 2.6758098179393333, ""COPOD"": 3.4600814995754083, ""ECOD"": 2.3685300611780638, ""HBOS"": 5.556828925723989, ""IForest"": 6.391722519485862, ""KNN"": 6.697373167864983, ""LODA"": 2.932902261901445, ""LOF"": 5.916751746330918}","{""IForest"": 0.8868750763965285, ""LOF"": 0.8285318115144849, ""KNN"": 0.8272819643075419, ""ECOD"": 0.7472054149859431, ""COPOD"": 0.8190372509473169, ""HBOS"": 0.8132074318542967, ""CBLOF"": 0.4632104877154382, ""LODA"": 0.6796185521329912}","{""smallest_K30"": 0.009771965281004236, ""random_K30"": 0.013826667148912756, ""hard_K30"": 0.012522905921278788, ""smallest_K50"": 0.005611715075404321, ""random_K50"": 0.008549198520142454, ""hard_K50"": 0.013935570725096201}"
HealthPulse.npz,ok,44119,28,0.0196,0.0,0.024892468884413987,0.027485977547289986,0.0,PCA,0.007505215348310027,"{""CBLOF"": 2.5319225438808433, ""COPOD"": 5.430294108072184, ""ECOD"": 5.101737191151115, ""HBOS"": 5.674237843423739, ""IForest"": 6.9546897988031695, ""KNN"": 3.109023147260899, ""LODA"": 4.736629005891045, ""LOF"": 3.6644649778293807, ""PCA"": 7.797001383687623}","{""IForest"": 0.5818190048691011, ""LOF"": 0.5669245592014439, ""KNN"": 0.5450211044379052, ""ECOD"": 0.5764184759054766, ""COPOD"": 0.5777126260735032, ""HBOS"": 0.5483701181087809, ""PCA"": 0.5569265359846871, ""CBLOF"": 0.5036812900412446, ""LODA"": 0.5321235312741573}","{""smallest_K30"": 0.007304704140666025, ""random_K30"": 0.0002939368784382424, ""hard_K30"": 0.0016353572402210412, ""smallest_K50"": 0.007505215348310027, ""random_K50"": 0.0004932890116024636, ""hard_K50"": 0.0011759395301431984}"
HealthPulse.npz,ok,44119,28,0.0196,1.0,0.06164603901387977,0.05631474359466582,0.0,PCA,0.0052487264736615045,"{""CBLOF"": 3.9029826432532952, ""COPOD"": 4.884650084948435, ""ECOD"": 4.185252372022115, ""HBOS"": 6.513200915393943, ""IForest"": 5.741773107544699, ""KNN"": 4.112095044162368, ""LODA"": 4.754051586195116, ""LOF"": 4.150061117858086, ""PCA"": 6.755933128621946}","{""IForest"": 0.5841994483221182, ""LOF"": 0.5684092225241861, ""KNN"": 0.5415764658865606, ""ECOD"": 0.5764711097682557, ""COPOD"": 0.5802097211664199, ""HBOS"": 0.5594177382278271, ""PCA"": 0.5604973350926169, ""CBLOF"": 0.499533259511997, ""LODA"": 0.6221433741064967}","{""smallest_K30"": 0.0052487264736615045, ""random_K30"": 0.0006810379212495186, ""hard_K30"": 0.0016372967365920572, ""smallest_K50"": 0.002746330604967699, ""random_K50"": 0.00041552419687621364, ""hard_K50"": 0.0022229525954235918}"
HealthPulse.npz,ok,44119,28,0.0196,2.0,0.06294996595539959,0.055356389137846906,0.0,PCA,0.013623973198309542,"{""CBLOF"": 2.0135447050069155, ""COPOD"": 6.284816186980357, ""ECOD"": 4.715662323809539, ""HBOS"": 5.918023897885723, ""IForest"": 7.555496445090147, ""KNN"": 2.8309700547189554, ""LODA"": 4.3692906259424795, ""LOF"": 2.885350069281275, ""PCA"": 8.426845691284612}","{""IForest"": 0.5671657642570803, ""LOF"": 0.56554683770931, ""KNN"": 0.5431829370927572, ""ECOD"": 0.5691075921869384, ""COPOD"": 0.5723990166440863, ""HBOS"": 0.5489659655782573, ""PCA"": 0.5515005606242993, ""CBLOF"": 0.4995280363042403, ""LODA"": 0.6144505265796989}","{""smallest_K30"": 0.013623973198309542, ""random_K30"": 0.0009830024692323656, ""hard_K30"": 0.0005036845899369653, ""smallest_K50"": 0.004700441870216181, ""random_K50"": 0.00037490259537246794, ""hard_K50"": 0.0015750564009735482}"
EyeTrackingAnomalies.npz,ok,45441,25,0.0804,0.0,0.1850901954189328,0.13586055595633972,0.0,KNN,0.01684666646648104,"{""CBLOF"": 5.7879582797524165, ""COPOD"": 1.7629301051475421, ""ECOD"": 2.2674342694645526, ""HBOS"": 5.224448567668451, ""IForest"": 4.462031522515012, ""KNN"": 7.977084721162264, ""LODA"": 2.990219108340376, ""LOF"": 5.729426714780102}","{""IForest"": 0.8569996685017601, ""LOF"": 0.6830392710810811, ""KNN"": 0.7323783996742385, ""ECOD"": 0.7672155771952787, ""COPOD"": 0.8126077844064329, ""HBOS"": 0.9174685950931712, ""CBLOF"": 0.6642017788266271, ""LODA"": 0.8189532383160624}","{""smallest_K30"": 0.003726771997540864, ""random_K30"": 0.005536685383961322, ""hard_K30"": 0.01684666646648104, ""smallest_K50"": 0.002778862838300627, ""random_K50"": 0.0055665978065627675, ""hard_K50"": 0.0069102293797414635}"
EyeTrackingAnomalies.npz,ok,45441,25,0.0804,1.0,0.18821477261460418,0.141328355260547,0.0,KNN,0.016474683372719404,"{""CBLOF"": 5.649893156827172, ""COPOD"": 2.167453077645321, ""ECOD"": 1.5114063954671746, ""HBOS"": 4.861653515288945, ""IForest"": 4.5899408399595645, ""KNN"": 8.0, ""LODA"": 2.93074012057113, ""LOF"": 6.288912894240689}","{""IForest"": 0.8681500459788449, ""LOF"": 0.6802911329918286, ""KNN"": 0.7314467403087845, ""ECOD"": 0.7715596645096362, ""COPOD"": 0.8157610451716449, ""HBOS"": 0.9196615129233887, ""CBLOF"": 0.669905879909098, ""LODA"": 0.7698892395095083}","{""smallest_K30"": 0.005135235397530159, ""random_K30"": 0.003925791048794634, ""hard_K30"": 0.016474683372719404, ""smallest_K50"": 0.006516963340728177, ""random_K50"": 0.008444586683604984, ""hard_K50"": 0.011800001991503994}"
EyeTrackingAnomalies.npz,ok,45441,25,0.0804,2.0,0.18666867582628666,0.14719410430184132,0.0,KNN,0.013411533776949121,"{""CBLOF"": 5.744584374339665, ""COPOD"": 2.0846438871454502, ""ECOD"": 1.9522112408636039, ""HBOS"": 5.175620623854823, ""IForest"": 4.438632913123509, ""KNN"": 8.15875200873494, ""LODA"": 2.8368651990214895, ""LOF"": 5.832099135907738}","{""IForest"": 0.8429933439711393, ""LOF"": 0.6814407023519087, ""KNN"": 0.7299718940311063, ""ECOD"": 0.7707802638181132, ""COPOD"": 0.813220224457445, ""HBOS"": 0.916640569857393, ""CBLOF"": 0.6636068239652665, ""LODA"": 0.7369179019920412}","{""smallest_K30"": 0.002947695205903448, ""random_K30"": 0.007016361307944081, ""hard_K30"": 0.013411533776949121, ""smallest_K50"": 0.00505875536449473, ""random_K50"": 0.010185114610235043, ""hard_K50"": 0.006970006362360777}"
WindowsEditionAnomaly.npz,ok,49384,26,0.0097,0.0,0.009164800999935996,0.14468846395300883,0.0,PCA,0.006959181789401725,"{""CBLOF"": 3.820709714517817, ""COPOD"": 4.634247344665537, ""ECOD"": 5.127323043578536, ""HBOS"": 3.736837214759243, ""IForest"": 5.907043701740385, ""KNN"": 4.433297905386607, ""LODA"": 5.773235248033265, ""LOF"": 4.821710351224232, ""PCA"": 6.745595476094385}","{""IForest"": 0.9511387059270252, ""LOF"": 0.6354819823444497, ""KNN"": 0.8144679546792929, ""ECOD"": 0.87570828279189, ""COPOD"": 0.9220471114911339, ""HBOS"": 0.6155391807088816, ""PCA"": 0.9419739049270892, ""CBLOF"": 0.7233123569000357, ""LODA"": 0.7783826979963496}","{""smallest_K30"": 0.006959181789401725, ""random_K30"": 0.0009260867982623544, ""hard_K30"": 0.0036158877165936, ""smallest_K50"": 0.002973421051369069, ""random_K50"": 0.0001219411882171396, ""hard_K50"": 0.0020901951769816693}"
WindowsEditionAnomaly.npz,ok,49384,26,0.0097,1.0,0.001978400029540417,0.14056261730601172,0.0,PCA,0.005113329651781245,"{""CBLOF"": 3.338375146811353, ""COPOD"": 4.9895833607586555, ""ECOD"": 4.356269025835731, ""HBOS"": 5.491367498072421, ""IForest"": 6.934932696611316, ""KNN"": 5.462261878612912, ""LODA"": 3.115500901177858, ""LOF"": 4.28160419963995, ""PCA"": 7.030105292479806}","{""IForest"": 0.9447759801873984, ""LOF"": 0.6350887142406169, ""KNN"": 0.8182101381422249, ""ECOD"": 0.8796456595687733, ""COPOD"": 0.9241657433492867, ""HBOS"": 0.634792562547771, ""PCA"": 0.942797580157858, ""CBLOF"": 0.7439616537452036, ""LODA"": 0.7144822339933479}","{""smallest_K30"": 0.005113329651781245, ""random_K30"": 0.0006554622208874763, ""hard_K30"": 0.001495063974126462, ""smallest_K50"": 0.0029506221270981124, ""random_K50"": 0.00063030154840466, ""hard_K50"": 0.0026306192264923573}"
WindowsEditionAnomaly.npz,ok,49384,26,0.0097,2.0,0.0,0.13349653870707967,0.0,PCA,0.00878393216311819,"{""CBLOF"": 3.171181228486887, ""COPOD"": 4.699674445117509, ""ECOD"": 4.909858621447886, ""HBOS"": 5.103006093834319, ""IForest"": 6.40178202224432, ""KNN"": 4.792525653161473, ""LODA"": 5.296228789379666, ""LOF"": 4.13285579761311, ""PCA"": 6.49288734871483}","{""IForest"": 0.9414925917253829, ""LOF"": 0.6416751278895066, ""KNN"": 0.8088456615324457, ""ECOD"": 0.8800973042405293, ""COPOD"": 0.9229412228002012, ""HBOS"": 0.6266046886095684, ""PCA"": 0.9426223437327579, ""CBLOF"": 0.7360365277233202, ""LODA"": 0.7818167769773916}","{""smallest_K30"": 0.00878393216311819, ""random_K30"": 0.0004091381235351247, ""hard_K30"": 0.002170056864962192, ""smallest_K50"": 0.0009287937080770047, ""random_K50"": 0.0008049025930796169, ""hard_K50"": 0.0032406358758946784}"
