dataset,modality,corpus,selector,pool,dedup_group,regret,norm_rank
19_landsat,tabular,adbench_dami,oracle_best,35,g135,0.0,0.0
19_landsat,tabular,adbench_dami,anti_oracle,35,g135,0.5664846773216569,1.0
19_landsat,tabular,adbench_dami,random,35,g135,0.3264622072271385,0.5
19_landsat,tabular,adbench_dami,global_fixed,35,g135,0.025832189547077666,0.029411764705882353
19_landsat,tabular,adbench_dami,iforest_random,35,g135,0.41141325221610364,0.6274509803921569
19_landsat,tabular,adbench_dami,em,35,g135,0.17166885057913772,0.23529411764705882
19_landsat,tabular,adbench_dami,mv,35,g135,0.17166885057913772,0.23529411764705882
19_landsat,tabular,adbench_dami,consensus,35,g135,0.4087003251851827,0.5882352941176471
19_landsat,tabular,adbench_dami,model_centrality,35,g135,0.4087003251851827,0.5882352941176471
19_landsat,tabular,adbench_dami,hits,35,g135,0.4087003251851827,0.5882352941176471
20_letter,tabular,adbench_dami,oracle_best,35,g137,0.0,0.0
20_letter,tabular,adbench_dami,anti_oracle,35,g137,0.7244747068266976,1.0
20_letter,tabular,adbench_dami,random,35,g137,0.48549524950611567,0.5
20_letter,tabular,adbench_dami,global_fixed,35,g137,0.02041914279137136,0.029411764705882353
20_letter,tabular,adbench_dami,iforest_random,35,g137,0.6112047712241432,0.5882352941176471
20_letter,tabular,adbench_dami,em,35,g137,0.5792694405559307,0.4411764705882353
20_letter,tabular,adbench_dami,mv,35,g137,0.5792694405559307,0.4411764705882353
20_letter,tabular,adbench_dami,consensus,35,g137,0.6290452385068216,0.6176470588235294
20_letter,tabular,adbench_dami,model_centrality,35,g137,0.6290452385068216,0.6176470588235294
20_letter,tabular,adbench_dami,hits,35,g137,0.6290452385068216,0.6176470588235294
23_mammography,tabular,adbench_dami,oracle_best,36,g143,0.0,0.0
23_mammography,tabular,adbench_dami,anti_oracle,36,g143,0.2812017197751415,1.0
23_mammography,tabular,adbench_dami,random,36,g143,0.16675437880995614,0.5
23_mammography,tabular,adbench_dami,global_fixed,36,g143,0.15679600207418984,0.4857142857142857
23_mammography,tabular,adbench_dami,iforest_random,36,g143,0.15018562261679533,0.42857142857142855
23_mammography,tabular,adbench_dami,em,36,g143,0.11310539396890826,0.11428571428571428
23_mammography,tabular,adbench_dami,mv,36,g143,0.11310539396890826,0.11428571428571428
23_mammography,tabular,adbench_dami,consensus,36,g143,0.14833570258286885,0.4
23_mammography,tabular,adbench_dami,model_centrality,36,g143,0.14833570258286885,0.4
23_mammography,tabular,adbench_dami,hits,36,g143,0.14833570258286885,0.4
26_optdigits,tabular,adbench_dami,oracle_best,35,g177,0.0,0.0
26_optdigits,tabular,adbench_dami,anti_oracle,35,g177,0.9647501039231595,1.0
26_optdigits,tabular,adbench_dami,random,35,g177,0.49656573838432644,0.5
26_optdigits,tabular,adbench_dami,global_fixed,35,g177,0.001566706703737264,0.029411764705882353
26_optdigits,tabular,adbench_dami,iforest_random,35,g177,0.7207669113359914,0.6764705882352942
26_optdigits,tabular,adbench_dami,em,35,g177,0.5012384402646386,0.4411764705882353
26_optdigits,tabular,adbench_dami,mv,35,g177,0.5012384402646386,0.4411764705882353
26_optdigits,tabular,adbench_dami,consensus,35,g177,0.7313157708952595,0.7058823529411765
26_optdigits,tabular,adbench_dami,model_centrality,35,g177,0.7313157708952595,0.7058823529411765
26_optdigits,tabular,adbench_dami,hits,35,g177,0.7313157708952595,0.7058823529411765
27_PageBlocks,tabular,adbench_dami,oracle_best,36,g180,0.0,0.0
27_PageBlocks,tabular,adbench_dami,anti_oracle,36,g180,0.7820343265682833,1.0
27_PageBlocks,tabular,adbench_dami,random,36,g180,0.39169116333145976,0.5
27_PageBlocks,tabular,adbench_dami,global_fixed,36,g180,0.20300288974208647,0.34285714285714286
27_PageBlocks,tabular,adbench_dami,iforest_random,36,g180,0.23664651495095274,0.45714285714285713
27_PageBlocks,tabular,adbench_dami,em,36,g180,0.23365009040990664,0.45714285714285713
27_PageBlocks,tabular,adbench_dami,mv,36,g180,0.729395173341543,0.7428571428571429
27_PageBlocks,tabular,adbench_dami,consensus,36,g180,0.23365009040990664,0.45714285714285713
27_PageBlocks,tabular,adbench_dami,model_centrality,36,g180,0.23365009040990664,0.45714285714285713
27_PageBlocks,tabular,adbench_dami,hits,36,g180,0.23365009040990664,0.45714285714285713
28_pendigits,tabular,adbench_dami,oracle_best,35,g183,0.0,0.0
28_pendigits,tabular,adbench_dami,anti_oracle,35,g183,0.6597649652703557,1.0
28_pendigits,tabular,adbench_dami,random,35,g183,0.3721105782400892,0.5
28_pendigits,tabular,adbench_dami,global_fixed,35,g183,0.06336327145537324,0.11764705882352941
28_pendigits,tabular,adbench_dami,iforest_random,35,g183,0.3422431390679129,0.36274509803921573
28_pendigits,tabular,adbench_dami,em,35,g183,0.0,0.0
28_pendigits,tabular,adbench_dami,mv,35,g183,0.0,0.0
28_pendigits,tabular,adbench_dami,consensus,35,g183,0.36413724359350685,0.4117647058823529
28_pendigits,tabular,adbench_dami,model_centrality,35,g183,0.36413724359350685,0.4117647058823529
28_pendigits,tabular,adbench_dami,hits,35,g183,0.36413724359350685,0.4117647058823529
36_speech,tabular,adbench_dami,oracle_best,36,g239,0.0,0.0
36_speech,tabular,adbench_dami,anti_oracle,36,g239,0.13728152687041995,1.0
36_speech,tabular,adbench_dami,random,36,g239,0.11831480737793537,0.5
36_speech,tabular,adbench_dami,global_fixed,36,g239,0.0,0.0
36_speech,tabular,adbench_dami,iforest_random,36,g239,0.13248852652657173,0.9619047619047618
36_speech,tabular,adbench_dami,em,36,g239,0.1268376065055196,0.8285714285714286
36_speech,tabular,adbench_dami,mv,36,g239,0.1268376065055196,0.8285714285714286
36_speech,tabular,adbench_dami,consensus,36,g239,0.12347623390340762,0.5142857142857142
36_speech,tabular,adbench_dami,model_centrality,36,g239,0.12347623390340762,0.5142857142857142
36_speech,tabular,adbench_dami,hits,36,g239,0.12347623390340762,0.5142857142857142
37_Stamps,tabular,adbench_dami,oracle_best,35,g242,0.0,0.0
37_Stamps,tabular,adbench_dami,anti_oracle,35,g242,0.5797604988985637,1.0
37_Stamps,tabular,adbench_dami,random,35,g242,0.16486206785850932,0.5
37_Stamps,tabular,adbench_dami,global_fixed,35,g242,0.12361538777489733,0.29411764705882354
37_Stamps,tabular,adbench_dami,iforest_random,35,g242,0.11770676716303163,0.23529411764705882
37_Stamps,tabular,adbench_dami,em,35,g242,0.10477575761551994,0.14705882352941177
37_Stamps,tabular,adbench_dami,mv,35,g242,0.10477575761551994,0.14705882352941177
37_Stamps,tabular,adbench_dami,consensus,35,g242,0.11879118805650435,0.23529411764705882
37_Stamps,tabular,adbench_dami,model_centrality,35,g242,0.11879118805650435,0.23529411764705882
37_Stamps,tabular,adbench_dami,hits,35,g242,0.11879118805650435,0.23529411764705882
38_thyroid,tabular,adbench_dami,oracle_best,36,g265,0.0,0.0
38_thyroid,tabular,adbench_dami,anti_oracle,36,g265,0.6106258491322898,1.0
38_thyroid,tabular,adbench_dami,random,36,g265,0.4036174881158547,0.5
38_thyroid,tabular,adbench_dami,global_fixed,36,g265,0.5569805622781251,0.8285714285714286
38_thyroid,tabular,adbench_dami,iforest_random,36,g265,0.2113849264570078,0.17142857142857143
38_thyroid,tabular,adbench_dami,em,36,g265,0.4801226587834664,0.5714285714285714
38_thyroid,tabular,adbench_dami,mv,36,g265,0.0,0.0
38_thyroid,tabular,adbench_dami,consensus,36,g265,0.5369478190653209,0.7428571428571429
38_thyroid,tabular,adbench_dami,model_centrality,36,g265,0.5369478190653209,0.7428571428571429
38_thyroid,tabular,adbench_dami,hits,36,g265,0.5369478190653209,0.7428571428571429
39_vertebral,tabular,adbench_dami,oracle_best,35,g386,0.0,0.0
39_vertebral,tabular,adbench_dami,anti_oracle,35,g386,0.2846644825473828,1.0
39_vertebral,tabular,adbench_dami,random,35,g386,0.18150450826656497,0.5
39_vertebral,tabular,adbench_dami,global_fixed,35,g386,0.0,0.0
39_vertebral,tabular,adbench_dami,iforest_random,35,g386,0.20678153579875064,0.6470588235294118
39_vertebral,tabular,adbench_dami,em,35,g386,0.0,0.0
39_vertebral,tabular,adbench_dami,mv,35,g386,0.0,0.0
39_vertebral,tabular,adbench_dami,consensus,35,g386,0.19810693579833336,0.5294117647058824
39_vertebral,tabular,adbench_dami,model_centrality,35,g386,0.19810693579833336,0.5294117647058824
39_vertebral,tabular,adbench_dami,hits,35,g386,0.19810693579833336,0.5294117647058824
40_vowels,tabular,adbench_dami,oracle_best,35,g393,0.0,0.0
40_vowels,tabular,adbench_dami,anti_oracle,35,g393,0.7614792580632095,1.0
40_vowels,tabular,adbench_dami,random,35,g393,0.5141664557524357,0.5
40_vowels,tabular,adbench_dami,global_fixed,35,g393,0.0,0.0
40_vowels,tabular,adbench_dami,iforest_random,35,g393,0.6336330324861573,0.47058823529411764
40_vowels,tabular,adbench_dami,em,35,g393,0.03301863738619226,0.029411764705882353
40_vowels,tabular,adbench_dami,mv,35,g393,0.03301863738619226,0.029411764705882353
40_vowels,tabular,adbench_dami,consensus,35,g393,0.6340687118750471,0.47058823529411764
40_vowels,tabular,adbench_dami,model_centrality,35,g393,0.6340687118750471,0.47058823529411764
40_vowels,tabular,adbench_dami,hits,35,g393,0.6340687118750471,0.47058823529411764
41_Waveform,tabular,adbench_dami,oracle_best,35,g398,0.0,0.0
41_Waveform,tabular,adbench_dami,anti_oracle,35,g398,0.40858833598277755,1.0
41_Waveform,tabular,adbench_dami,random,35,g398,0.19497670555349705,0.5
41_Waveform,tabular,adbench_dami,global_fixed,35,g398,0.06017322095390942,0.47058823529411764
41_Waveform,tabular,adbench_dami,iforest_random,35,g398,0.33635557107947534,0.5490196078431373
41_Waveform,tabular,adbench_dami,em,35,g398,0.015058973375524809,0.23529411764705882
41_Waveform,tabular,adbench_dami,mv,35,g398,0.01630098944148045,0.2647058823529412
41_Waveform,tabular,adbench_dami,consensus,35,g398,0.003394671230293911,0.058823529411764705
41_Waveform,tabular,adbench_dami,model_centrality,35,g398,0.003394671230293911,0.058823529411764705
41_Waveform,tabular,adbench_dami,hits,35,g398,0.003394671230293911,0.058823529411764705
44_Wilt,tabular,adbench_dami,oracle_best,36,g404,0.0,0.0
44_Wilt,tabular,adbench_dami,anti_oracle,36,g404,0.7296754075463132,1.0
44_Wilt,tabular,adbench_dami,random,36,g404,0.574229838544653,0.5
44_Wilt,tabular,adbench_dami,global_fixed,36,g404,0.0,0.0
44_Wilt,tabular,adbench_dami,iforest_random,36,g404,0.678708815840017,0.6190476190476191
44_Wilt,tabular,adbench_dami,em,36,g404,0.3953132982453137,0.14285714285714285
44_Wilt,tabular,adbench_dami,mv,36,g404,0.3953132982453137,0.14285714285714285
44_Wilt,tabular,adbench_dami,consensus,36,g404,0.6755697545863758,0.5714285714285714
44_Wilt,tabular,adbench_dami,model_centrality,36,g404,0.6755697545863758,0.5714285714285714
44_Wilt,tabular,adbench_dami,hits,36,g404,0.6755697545863758,0.5714285714285714
6_cardio,tabular,adbench_dami,oracle_best,35,g32,0.0,0.0
6_cardio,tabular,adbench_dami,anti_oracle,35,g32,0.46162445127735263,1.0
6_cardio,tabular,adbench_dami,random,35,g32,0.22926541526413724,0.5
6_cardio,tabular,adbench_dami,global_fixed,35,g32,0.07625108745773135,0.08823529411764706
6_cardio,tabular,adbench_dami,iforest_random,35,g32,0.025349240470623702,0.029411764705882353
6_cardio,tabular,adbench_dami,em,35,g32,0.46162445127735263,1.0
6_cardio,tabular,adbench_dami,mv,35,g32,0.46162445127735263,1.0
6_cardio,tabular,adbench_dami,consensus,35,g32,0.05472540299928197,0.058823529411764705
6_cardio,tabular,adbench_dami,model_centrality,35,g32,0.05472540299928197,0.058823529411764705
6_cardio,tabular,adbench_dami,hits,35,g32,0.05472540299928197,0.058823529411764705
Annthyroid,tabular,adbench_dami,oracle_best,36,g5,0.0,0.0
Annthyroid,tabular,adbench_dami,anti_oracle,36,g5,0.5387181946543883,1.0
Annthyroid,tabular,adbench_dami,random,36,g5,0.41787602452487227,0.5
Annthyroid,tabular,adbench_dami,global_fixed,36,g5,0.3402596435696942,0.17142857142857143
Annthyroid,tabular,adbench_dami,iforest_random,36,g5,0.3634210515650448,0.1904761904761905
Annthyroid,tabular,adbench_dami,em,36,g5,0.28007655217941607,0.08571428571428572
Annthyroid,tabular,adbench_dami,mv,36,g5,0.28007655217941607,0.08571428571428572
Annthyroid,tabular,adbench_dami,consensus,36,g5,0.4923706846944326,0.6857142857142857
Annthyroid,tabular,adbench_dami,model_centrality,36,g5,0.4923706846944326,0.6857142857142857
Annthyroid,tabular,adbench_dami,hits,36,g5,0.5123815516619386,0.7714285714285715
Cardiotocography,tabular,adbench_dami,oracle_best,35,g33,0.0,0.0
Cardiotocography,tabular,adbench_dami,anti_oracle,35,g33,0.2786278423449236,1.0
Cardiotocography,tabular,adbench_dami,random,35,g33,0.11054728145804776,0.5
Cardiotocography,tabular,adbench_dami,global_fixed,35,g33,0.08044781063345097,0.2647058823529412
Cardiotocography,tabular,adbench_dami,iforest_random,35,g33,0.11106918825419038,0.5686274509803921
Cardiotocography,tabular,adbench_dami,em,35,g33,0.25213864728563107,0.9705882352941176
Cardiotocography,tabular,adbench_dami,mv,35,g33,0.25213864728563107,0.9705882352941176
Cardiotocography,tabular,adbench_dami,consensus,35,g33,0.08530177304196046,0.3235294117647059
Cardiotocography,tabular,adbench_dami,model_centrality,35,g33,0.08530177304196046,0.3235294117647059
Cardiotocography,tabular,adbench_dami,hits,35,g33,0.08530177304196046,0.3235294117647059
InternetAds,tabular,adbench_dami,oracle_best,36,g124,0.0,0.0
InternetAds,tabular,adbench_dami,anti_oracle,36,g124,0.43304470365780134,1.0
InternetAds,tabular,adbench_dami,random,36,g124,0.2720474243444254,0.5
InternetAds,tabular,adbench_dami,global_fixed,36,g124,0.0,0.0
InternetAds,tabular,adbench_dami,iforest_random,36,g124,0.4248002446481837,0.9714285714285714
InternetAds,tabular,adbench_dami,em,36,g124,0.2607911647961373,0.42857142857142855
InternetAds,tabular,adbench_dami,mv,36,g124,0.2607911647961373,0.42857142857142855
InternetAds,tabular,adbench_dami,consensus,36,g124,0.31035483038684775,0.7142857142857143
InternetAds,tabular,adbench_dami,model_centrality,36,g124,0.31035483038684775,0.7142857142857143
InternetAds,tabular,adbench_dami,hits,36,g124,0.31035483038684775,0.7142857142857143
PageBlocks,tabular,adbench_dami,oracle_best,35,g180,0.0,0.0
PageBlocks,tabular,adbench_dami,anti_oracle,35,g180,0.5740563955415086,1.0
PageBlocks,tabular,adbench_dami,random,35,g180,0.2116848857866533,0.5
PageBlocks,tabular,adbench_dami,global_fixed,35,g180,0.23294837658943374,0.7352941176470589
PageBlocks,tabular,adbench_dami,iforest_random,35,g180,0.17669534121128155,0.46078431372549017
PageBlocks,tabular,adbench_dami,em,35,g180,0.1106484817043949,0.29411764705882354
PageBlocks,tabular,adbench_dami,mv,35,g180,0.1106484817043949,0.29411764705882354
PageBlocks,tabular,adbench_dami,consensus,35,g180,0.17882125531012882,0.47058823529411764
PageBlocks,tabular,adbench_dami,model_centrality,35,g180,0.17882125531012882,0.47058823529411764
PageBlocks,tabular,adbench_dami,hits,35,g180,0.17882125531012882,0.47058823529411764
Stamps,tabular,adbench_dami,oracle_best,34,g242,0.0,0.0
Stamps,tabular,adbench_dami,anti_oracle,34,g242,0.596604850748149,1.0
Stamps,tabular,adbench_dami,random,34,g242,0.16943009163512357,0.5
Stamps,tabular,adbench_dami,global_fixed,34,g242,0.15688035939558165,0.5151515151515151
Stamps,tabular,adbench_dami,iforest_random,34,g242,0.11795087580924069,0.24242424242424243
Stamps,tabular,adbench_dami,em,34,g242,0.1092756221388771,0.18181818181818182
Stamps,tabular,adbench_dami,mv,34,g242,0.1092756221388771,0.18181818181818182
Stamps,tabular,adbench_dami,consensus,34,g242,0.1190352967027134,0.24242424242424243
Stamps,tabular,adbench_dami,model_centrality,34,g242,0.1190352967027134,0.24242424242424243
Stamps,tabular,adbench_dami,hits,34,g242,0.1190352967027134,0.24242424242424243
Waveform,tabular,adbench_dami,oracle_best,35,g398,0.0,0.0
Waveform,tabular,adbench_dami,anti_oracle,35,g398,0.3372090454710852,1.0
Waveform,tabular,adbench_dami,random,35,g398,0.16580703488812945,0.5
Waveform,tabular,adbench_dami,global_fixed,35,g398,0.035669867713475745,0.14705882352941177
Waveform,tabular,adbench_dami,iforest_random,35,g398,0.2598328786329642,0.5392156862745098
Waveform,tabular,adbench_dami,em,35,g398,0.005823003395858728,0.029411764705882353
Waveform,tabular,adbench_dami,mv,35,g398,0.031558621132628695,0.08823529411764706
Waveform,tabular,adbench_dami,consensus,35,g398,0.06133595733641034,0.4411764705882353
Waveform,tabular,adbench_dami,model_centrality,35,g398,0.06133595733641034,0.4411764705882353
Waveform,tabular,adbench_dami,hits,35,g398,0.06133595733641034,0.4411764705882353
Wilt,tabular,adbench_dami,oracle_best,36,g404,0.0,0.0
Wilt,tabular,adbench_dami,anti_oracle,36,g404,0.26223868726232363,1.0
Wilt,tabular,adbench_dami,random,36,g404,0.21853808305207348,0.5
Wilt,tabular,adbench_dami,global_fixed,36,g404,0.0,0.0
Wilt,tabular,adbench_dami,iforest_random,36,g404,0.2112720955560273,0.26666666666666666
Wilt,tabular,adbench_dami,em,36,g404,0.18072543684949144,0.05714285714285714
Wilt,tabular,adbench_dami,mv,36,g404,0.18072543684949144,0.05714285714285714
Wilt,tabular,adbench_dami,consensus,36,g404,0.25429197346490695,0.9428571428571428
Wilt,tabular,adbench_dami,model_centrality,36,g404,0.25429197346490695,0.9428571428571428
Wilt,tabular,adbench_dami,hits,36,g404,0.25429197346490695,0.9428571428571428
AquaticMacroInverts,tabular,oddbench,oracle_best,36,g6,0.0,0.0
AquaticMacroInverts,tabular,oddbench,anti_oracle,36,g6,0.46795133422586704,1.0
AquaticMacroInverts,tabular,oddbench,random,36,g6,0.27738689765998176,0.5
AquaticMacroInverts,tabular,oddbench,global_fixed,36,g6,0.36789916316807003,0.6857142857142857
AquaticMacroInverts,tabular,oddbench,iforest_random,36,g6,0.009749402327304701,0.02857142857142857
AquaticMacroInverts,tabular,oddbench,em,36,g6,0.025166816093010858,0.05714285714285714
AquaticMacroInverts,tabular,oddbench,mv,36,g6,0.025166816093010858,0.05714285714285714
AquaticMacroInverts,tabular,oddbench,consensus,36,g6,0.025166816093010858,0.05714285714285714
AquaticMacroInverts,tabular,oddbench,model_centrality,36,g6,0.025166816093010858,0.05714285714285714
AquaticMacroInverts,tabular,oddbench,hits,36,g6,0.025166816093010858,0.05714285714285714
ArchaeologicalAnomalies,tabular,oddbench,oracle_best,36,g7,0.0,0.0
ArchaeologicalAnomalies,tabular,oddbench,anti_oracle,36,g7,0.29982923425563607,1.0
ArchaeologicalAnomalies,tabular,oddbench,random,36,g7,0.22765167935630481,0.5
ArchaeologicalAnomalies,tabular,oddbench,global_fixed,36,g7,0.05058006960572023,0.05714285714285714
ArchaeologicalAnomalies,tabular,oddbench,iforest_random,36,g7,0.2845041822578238,0.8285714285714286
ArchaeologicalAnomalies,tabular,oddbench,em,36,g7,0.0,0.0
ArchaeologicalAnomalies,tabular,oddbench,mv,36,g7,0.24235713112932378,0.4
ArchaeologicalAnomalies,tabular,oddbench,consensus,36,g7,0.28303394806330057,0.7428571428571429
ArchaeologicalAnomalies,tabular,oddbench,model_centrality,36,g7,0.28303394806330057,0.7428571428571429
ArchaeologicalAnomalies,tabular,oddbench,hits,36,g7,0.28303394806330057,0.7428571428571429
ArtCollections,tabular,oddbench,oracle_best,35,g8,0.0,0.0
ArtCollections,tabular,oddbench,anti_oracle,35,g8,0.28580374895358285,1.0
ArtCollections,tabular,oddbench,random,35,g8,0.23832795221834957,0.5
ArtCollections,tabular,oddbench,global_fixed,35,g8,0.0,0.0
ArtCollections,tabular,oddbench,iforest_random,35,g8,0.2715228943278106,0.5882352941176471
ArtCollections,tabular,oddbench,em,35,g8,0.2387893022809951,0.3235294117647059
ArtCollections,tabular,oddbench,mv,35,g8,0.2387893022809951,0.3235294117647059
ArtCollections,tabular,oddbench,consensus,35,g8,0.2719954314435248,0.5882352941176471
ArtCollections,tabular,oddbench,model_centrality,35,g8,0.2719954314435248,0.5882352941176471
ArtCollections,tabular,oddbench,hits,35,g8,0.2719954314435248,0.5882352941176471
AustinCrime,tabular,oddbench,oracle_best,36,g11,0.0,0.0
AustinCrime,tabular,oddbench,anti_oracle,36,g11,0.21713380422446776,1.0
AustinCrime,tabular,oddbench,random,36,g11,0.13227311299731348,0.5
AustinCrime,tabular,oddbench,global_fixed,36,g11,0.2057392097986389,0.9714285714285714
AustinCrime,tabular,oddbench,iforest_random,36,g11,0.11494054701660207,0.3238095238095238
AustinCrime,tabular,oddbench,em,36,g11,0.04729209362044223,0.14285714285714285
AustinCrime,tabular,oddbench,mv,36,g11,0.04729209362044223,0.14285714285714285
AustinCrime,tabular,oddbench,consensus,36,g11,0.11892076757604104,0.37142857142857144
AustinCrime,tabular,oddbench,model_centrality,36,g11,0.11892076757604104,0.37142857142857144
AustinCrime,tabular,oddbench,hits,36,g11,0.11892076757604104,0.37142857142857144
BarExamPrediction,tabular,oddbench,oracle_best,34,g14,0.0,0.0
BarExamPrediction,tabular,oddbench,anti_oracle,34,g14,0.415129740516201,1.0
BarExamPrediction,tabular,oddbench,random,34,g14,0.1622101198091157,0.5
BarExamPrediction,tabular,oddbench,global_fixed,34,g14,0.21972276728048665,0.8181818181818182
BarExamPrediction,tabular,oddbench,iforest_random,34,g14,0.14630125556819606,0.6161616161616161
BarExamPrediction,tabular,oddbench,em,34,g14,0.1502475370751149,0.6363636363636364
BarExamPrediction,tabular,oddbench,mv,34,g14,0.1502475370751149,0.6363636363636364
BarExamPrediction,tabular,oddbench,consensus,34,g14,0.1088151594311686,0.30303030303030304
BarExamPrediction,tabular,oddbench,model_centrality,34,g14,0.1088151594311686,0.30303030303030304
BarExamPrediction,tabular,oddbench,hits,34,g14,0.1088151594311686,0.30303030303030304
BaseballBattedBall,tabular,oddbench,oracle_best,35,g15,0.0,0.0
BaseballBattedBall,tabular,oddbench,anti_oracle,35,g15,0.391013529229131,1.0
BaseballBattedBall,tabular,oddbench,random,35,g15,0.2763242276185246,0.5
BaseballBattedBall,tabular,oddbench,global_fixed,35,g15,0.3727384398638187,0.7352941176470589
BaseballBattedBall,tabular,oddbench,iforest_random,35,g15,0.10658565587349289,0.19607843137254902
BaseballBattedBall,tabular,oddbench,em,35,g15,0.09114902819021764,0.14705882352941177
BaseballBattedBall,tabular,oddbench,mv,35,g15,0.09114902819021764,0.14705882352941177
BaseballBattedBall,tabular,oddbench,consensus,35,g15,0.09114902819021764,0.14705882352941177
BaseballBattedBall,tabular,oddbench,model_centrality,35,g15,0.09114902819021764,0.14705882352941177
BaseballBattedBall,tabular,oddbench,hits,35,g15,0.09114902819021764,0.14705882352941177
BaseballPitchingAnomalies,tabular,oddbench,oracle_best,35,g16,0.0,0.0
BaseballPitchingAnomalies,tabular,oddbench,anti_oracle,35,g16,0.3200518257469423,1.0
BaseballPitchingAnomalies,tabular,oddbench,random,35,g16,0.22679272660452693,0.5
BaseballPitchingAnomalies,tabular,oddbench,global_fixed,35,g16,0.2716583532949923,0.5
BaseballPitchingAnomalies,tabular,oddbench,iforest_random,35,g16,0.15359343441503104,0.2156862745098039
BaseballPitchingAnomalies,tabular,oddbench,em,35,g16,0.23605652332737048,0.3235294117647059
BaseballPitchingAnomalies,tabular,oddbench,mv,35,g16,0.23605652332737048,0.3235294117647059
BaseballPitchingAnomalies,tabular,oddbench,consensus,35,g16,0.13242445407901093,0.20588235294117646
BaseballPitchingAnomalies,tabular,oddbench,model_centrality,35,g16,0.13242445407901093,0.20588235294117646
BaseballPitchingAnomalies,tabular,oddbench,hits,35,g16,0.31789034385307546,0.9411764705882353
BuildingEnergyCompliance,tabular,oddbench,oracle_best,36,g25,0.0,0.0
BuildingEnergyCompliance,tabular,oddbench,anti_oracle,36,g25,0.24860447315782752,1.0
BuildingEnergyCompliance,tabular,oddbench,random,36,g25,0.1968665689443318,0.5
BuildingEnergyCompliance,tabular,oddbench,global_fixed,36,g25,0.23873783158083378,0.8857142857142857
BuildingEnergyCompliance,tabular,oddbench,iforest_random,36,g25,0.22631237888785025,0.7333333333333334
BuildingEnergyCompliance,tabular,oddbench,em,36,g25,0.22731896174994917,0.7428571428571429
BuildingEnergyCompliance,tabular,oddbench,mv,36,g25,0.22731896174994917,0.7428571428571429
BuildingEnergyCompliance,tabular,oddbench,consensus,36,g25,0.22731896174994917,0.7428571428571429
BuildingEnergyCompliance,tabular,oddbench,model_centrality,36,g25,0.22731896174994917,0.7428571428571429
BuildingEnergyCompliance,tabular,oddbench,hits,36,g25,0.22731896174994917,0.7428571428571429
BuildingInspections,tabular,oddbench,oracle_best,35,g26,0.0,0.0
BuildingInspections,tabular,oddbench,anti_oracle,35,g26,0.38600986037191704,1.0
BuildingInspections,tabular,oddbench,random,35,g26,0.23355963979291147,0.5
BuildingInspections,tabular,oddbench,global_fixed,35,g26,0.1575590200450385,0.23529411764705882
BuildingInspections,tabular,oddbench,iforest_random,35,g26,0.05421365516835569,0.08823529411764706
BuildingInspections,tabular,oddbench,em,35,g26,0.035231555063381825,0.029411764705882353
BuildingInspections,tabular,oddbench,mv,35,g26,0.035231555063381825,0.029411764705882353
BuildingInspections,tabular,oddbench,consensus,35,g26,0.06528757799362661,0.11764705882352941
BuildingInspections,tabular,oddbench,model_centrality,35,g26,0.06528757799362661,0.11764705882352941
BuildingInspections,tabular,oddbench,hits,35,g26,0.06528757799362661,0.11764705882352941
BusTracking,tabular,oddbench,oracle_best,35,g30,0.0,0.0
BusTracking,tabular,oddbench,anti_oracle,35,g30,0.8200247211246,1.0
BusTracking,tabular,oddbench,random,35,g30,0.5617931831570097,0.5
BusTracking,tabular,oddbench,global_fixed,35,g30,0.15921268714492842,0.08823529411764706
BusTracking,tabular,oddbench,iforest_random,35,g30,0.7095739366552082,0.6764705882352942
BusTracking,tabular,oddbench,em,35,g30,0.6356445848665647,0.5
BusTracking,tabular,oddbench,mv,35,g30,0.0,0.0
BusTracking,tabular,oddbench,consensus,35,g30,0.7162217176889523,0.7058823529411765
BusTracking,tabular,oddbench,model_centrality,35,g30,0.7162217176889523,0.7058823529411765
BusTracking,tabular,oddbench,hits,35,g30,0.7162217176889523,0.7058823529411765
BusinessProcessFraud,tabular,oddbench,oracle_best,36,g28,0.0,0.0
BusinessProcessFraud,tabular,oddbench,anti_oracle,36,g28,0.7401895965580098,1.0
BusinessProcessFraud,tabular,oddbench,random,36,g28,0.4814175080772782,0.5
BusinessProcessFraud,tabular,oddbench,global_fixed,36,g28,0.7164579555645562,0.9428571428571428
BusinessProcessFraud,tabular,oddbench,iforest_random,36,g28,0.6556404178593395,0.7428571428571429
BusinessProcessFraud,tabular,oddbench,em,36,g28,0.6561471523261628,0.7428571428571429
BusinessProcessFraud,tabular,oddbench,mv,36,g28,0.64480803115073,0.6571428571428571
BusinessProcessFraud,tabular,oddbench,consensus,36,g28,0.64480803115073,0.6571428571428571
BusinessProcessFraud,tabular,oddbench,model_centrality,36,g28,0.64480803115073,0.6571428571428571
BusinessProcessFraud,tabular,oddbench,hits,36,g28,0.5401975812671229,0.4857142857142857
CasePriority,tabular,oddbench,oracle_best,36,g37,0.0,0.0
CasePriority,tabular,oddbench,anti_oracle,36,g37,0.2298235755127581,1.0
CasePriority,tabular,oddbench,random,36,g37,0.18422808455369222,0.5
CasePriority,tabular,oddbench,global_fixed,36,g37,0.0,0.0
CasePriority,tabular,oddbench,iforest_random,36,g37,0.1543782427365612,0.18095238095238095
CasePriority,tabular,oddbench,em,36,g37,0.195686088612628,0.45714285714285713
CasePriority,tabular,oddbench,mv,36,g37,0.195686088612628,0.45714285714285713
CasePriority,tabular,oddbench,consensus,36,g37,0.161999114607641,0.22857142857142856
CasePriority,tabular,oddbench,model_centrality,36,g37,0.161999114607641,0.22857142857142856
CasePriority,tabular,oddbench,hits,36,g37,0.161999114607641,0.22857142857142856
CellMorphology,tabular,oddbench,oracle_best,36,g40,0.0,0.0
CellMorphology,tabular,oddbench,anti_oracle,36,g40,0.7848719945340754,1.0
CellMorphology,tabular,oddbench,random,36,g40,0.3263171099892242,0.5
CellMorphology,tabular,oddbench,global_fixed,36,g40,0.059896005145646525,0.05714285714285714
CellMorphology,tabular,oddbench,iforest_random,36,g40,0.382443423205239,0.7047619047619048
CellMorphology,tabular,oddbench,em,36,g40,0.7654885738490138,0.9428571428571428
CellMorphology,tabular,oddbench,mv,36,g40,0.7654885738490138,0.9428571428571428
CellMorphology,tabular,oddbench,consensus,36,g40,0.4026710740954592,0.7428571428571429
CellMorphology,tabular,oddbench,model_centrality,36,g40,0.4026710740954592,0.7428571428571429
CellMorphology,tabular,oddbench,hits,36,g40,0.18026820250911624,0.22857142857142856
CityTreeCondition,tabular,oddbench,oracle_best,35,g41,0.0,0.0
CityTreeCondition,tabular,oddbench,anti_oracle,35,g41,0.23588293323693946,1.0
CityTreeCondition,tabular,oddbench,random,35,g41,0.16324247118019775,0.5
CityTreeCondition,tabular,oddbench,global_fixed,35,g41,0.1270974401343415,0.23529411764705882
CityTreeCondition,tabular,oddbench,iforest_random,35,g41,0.11708501410283617,0.1568627450980392
CityTreeCondition,tabular,oddbench,em,35,g41,0.10716864822488818,0.11764705882352941
CityTreeCondition,tabular,oddbench,mv,35,g41,0.10716864822488818,0.11764705882352941
CityTreeCondition,tabular,oddbench,consensus,35,g41,0.10716864822488818,0.11764705882352941
CityTreeCondition,tabular,oddbench,model_centrality,35,g41,0.10716864822488818,0.11764705882352941
CityTreeCondition,tabular,oddbench,hits,35,g41,0.10716864822488818,0.11764705882352941
CodeSmell,tabular,oddbench,oracle_best,35,g42,0.0,0.0
CodeSmell,tabular,oddbench,anti_oracle,35,g42,0.17526481814917658,1.0
CodeSmell,tabular,oddbench,random,35,g42,0.12043628174868193,0.5
CodeSmell,tabular,oddbench,global_fixed,35,g42,0.12069103897546524,0.47058823529411764
CodeSmell,tabular,oddbench,iforest_random,35,g42,0.09686379468440831,0.2450980392156863
CodeSmell,tabular,oddbench,em,35,g42,0.08857785100304372,0.17647058823529413
CodeSmell,tabular,oddbench,mv,35,g42,0.08857785100304372,0.17647058823529413
CodeSmell,tabular,oddbench,consensus,35,g42,0.10298143493428603,0.29411764705882354
CodeSmell,tabular,oddbench,model_centrality,35,g42,0.10298143493428603,0.29411764705882354
CodeSmell,tabular,oddbench,hits,35,g42,0.10298143493428603,0.29411764705882354
CodeStrata,tabular,oddbench,oracle_best,35,g43,0.0,0.0
CodeStrata,tabular,oddbench,anti_oracle,35,g43,0.2972486253538641,1.0
CodeStrata,tabular,oddbench,random,35,g43,0.1953420646834347,0.5
CodeStrata,tabular,oddbench,global_fixed,35,g43,0.10097779000506751,0.029411764705882353
CodeStrata,tabular,oddbench,iforest_random,35,g43,0.16312902282548403,0.29411764705882354
CodeStrata,tabular,oddbench,em,35,g43,0.16677536573823404,0.3235294117647059
CodeStrata,tabular,oddbench,mv,35,g43,0.16349828782361114,0.29411764705882354
CodeStrata,tabular,oddbench,consensus,35,g43,0.16677536573823404,0.3235294117647059
CodeStrata,tabular,oddbench,model_centrality,35,g43,0.16677536573823404,0.3235294117647059
CodeStrata,tabular,oddbench,hits,35,g43,0.16677536573823404,0.3235294117647059
CrimeFraudDetection,tabular,oddbench,oracle_best,36,g51,0.0,0.0
CrimeFraudDetection,tabular,oddbench,anti_oracle,36,g51,1.0045104743758244,1.0
CrimeFraudDetection,tabular,oddbench,random,36,g51,0.38654067439599105,0.5
CrimeFraudDetection,tabular,oddbench,global_fixed,36,g51,0.9133184123759877,0.8571428571428571
CrimeFraudDetection,tabular,oddbench,iforest_random,36,g51,0.11576681162074709,0.1904761904761905
CrimeFraudDetection,tabular,oddbench,em,36,g51,0.14672190215141012,0.37142857142857144
CrimeFraudDetection,tabular,oddbench,mv,36,g51,0.14672190215141012,0.37142857142857144
CrimeFraudDetection,tabular,oddbench,consensus,36,g51,0.0841829412136409,0.14285714285714285
CrimeFraudDetection,tabular,oddbench,model_centrality,36,g51,0.0841829412136409,0.14285714285714285
CrimeFraudDetection,tabular,oddbench,hits,36,g51,0.0841829412136409,0.14285714285714285
CybersecurityVulnerability,tabular,oddbench,oracle_best,36,g56,0.0,0.0
CybersecurityVulnerability,tabular,oddbench,anti_oracle,36,g56,0.6492869702218929,1.0
CybersecurityVulnerability,tabular,oddbench,random,36,g56,0.30597637493931734,0.5
CybersecurityVulnerability,tabular,oddbench,global_fixed,36,g56,0.1498084829993257,0.11428571428571428
CybersecurityVulnerability,tabular,oddbench,iforest_random,36,g56,0.17271862363755786,0.1904761904761905
CybersecurityVulnerability,tabular,oddbench,em,36,g56,0.21582948711443817,0.2571428571428571
CybersecurityVulnerability,tabular,oddbench,mv,36,g56,0.21582948711443817,0.2571428571428571
CybersecurityVulnerability,tabular,oddbench,consensus,36,g56,0.1748508760712506,0.2
CybersecurityVulnerability,tabular,oddbench,model_centrality,36,g56,0.1748508760712506,0.2
CybersecurityVulnerability,tabular,oddbench,hits,36,g56,0.1748508760712506,0.2
DallasShelterOutcomes,tabular,oddbench,oracle_best,36,g57,0.0,0.0
DallasShelterOutcomes,tabular,oddbench,anti_oracle,36,g57,0.24028477320007202,1.0
DallasShelterOutcomes,tabular,oddbench,random,36,g57,0.17143034985781375,0.5
DallasShelterOutcomes,tabular,oddbench,global_fixed,36,g57,0.157530904603359,0.2571428571428571
DallasShelterOutcomes,tabular,oddbench,iforest_random,36,g57,0.18244744968848292,0.5142857142857142
DallasShelterOutcomes,tabular,oddbench,em,36,g57,0.02877426599344432,0.02857142857142857
DallasShelterOutcomes,tabular,oddbench,mv,36,g57,0.2189716853014988,0.9142857142857143
DallasShelterOutcomes,tabular,oddbench,consensus,36,g57,0.1706563235390009,0.42857142857142855
DallasShelterOutcomes,tabular,oddbench,model_centrality,36,g57,0.1706563235390009,0.42857142857142855
DallasShelterOutcomes,tabular,oddbench,hits,36,g57,0.1706563235390009,0.42857142857142855
DiamondClarity,tabular,oddbench,oracle_best,36,g61,0.0,0.0
DiamondClarity,tabular,oddbench,anti_oracle,36,g61,0.8465874489969257,1.0
DiamondClarity,tabular,oddbench,random,36,g61,0.6747669912884396,0.5
DiamondClarity,tabular,oddbench,global_fixed,36,g61,0.0,0.0
DiamondClarity,tabular,oddbench,iforest_random,36,g61,0.708399558366945,0.4761904761904762
DiamondClarity,tabular,oddbench,em,36,g61,0.6935699049839164,0.4
DiamondClarity,tabular,oddbench,mv,36,g61,0.7916290466621724,0.7142857142857143
DiamondClarity,tabular,oddbench,consensus,36,g61,0.6935699049839164,0.4
DiamondClarity,tabular,oddbench,model_centrality,36,g61,0.6935699049839164,0.4
DiamondClarity,tabular,oddbench,hits,36,g61,0.6935699049839164,0.4
DragonFlySystem,tabular,oddbench,oracle_best,36,g63,0.0,0.0
DragonFlySystem,tabular,oddbench,anti_oracle,36,g63,0.35886556202425723,1.0
DragonFlySystem,tabular,oddbench,random,36,g63,0.22706681176034232,0.5
DragonFlySystem,tabular,oddbench,global_fixed,36,g63,0.32731753159207,0.9714285714285714
DragonFlySystem,tabular,oddbench,iforest_random,36,g63,0.1159491767401461,0.2
DragonFlySystem,tabular,oddbench,em,36,g63,0.3129515921341737,0.8571428571428571
DragonFlySystem,tabular,oddbench,mv,36,g63,0.3129515921341737,0.8571428571428571
DragonFlySystem,tabular,oddbench,consensus,36,g63,0.11361913870343704,0.17142857142857143
DragonFlySystem,tabular,oddbench,model_centrality,36,g63,0.11361913870343704,0.17142857142857143
DragonFlySystem,tabular,oddbench,hits,36,g63,0.11361913870343704,0.17142857142857143
ElectionVoterLists,tabular,oddbench,oracle_best,36,g67,0.0,0.0
ElectionVoterLists,tabular,oddbench,anti_oracle,36,g67,1.0620319628156294,1.0
ElectionVoterLists,tabular,oddbench,random,36,g67,0.5865399277543233,0.5
ElectionVoterLists,tabular,oddbench,global_fixed,36,g67,0.441472106600609,0.42857142857142855
ElectionVoterLists,tabular,oddbench,iforest_random,36,g67,0.22312949424463557,0.3142857142857143
ElectionVoterLists,tabular,oddbench,em,36,g67,0.0,0.05714285714285714
ElectionVoterLists,tabular,oddbench,mv,36,g67,0.0,0.05714285714285714
ElectionVoterLists,tabular,oddbench,consensus,36,g67,0.225035587852895,0.3142857142857143
ElectionVoterLists,tabular,oddbench,model_centrality,36,g67,0.225035587852895,0.3142857142857143
ElectionVoterLists,tabular,oddbench,hits,36,g67,0.225035587852895,0.3142857142857143
EmailSpamDetection,tabular,oddbench,oracle_best,36,g69,0.0,0.0
EmailSpamDetection,tabular,oddbench,anti_oracle,36,g69,0.5298120675737962,1.0
EmailSpamDetection,tabular,oddbench,random,36,g69,0.3346569885607227,0.5
EmailSpamDetection,tabular,oddbench,global_fixed,36,g69,0.4006626977316641,0.6
EmailSpamDetection,tabular,oddbench,iforest_random,36,g69,0.2323070598853726,0.2
EmailSpamDetection,tabular,oddbench,em,36,g69,0.0,0.0
EmailSpamDetection,tabular,oddbench,mv,36,g69,0.0,0.0
EmailSpamDetection,tabular,oddbench,consensus,36,g69,0.23842093435818085,0.2
EmailSpamDetection,tabular,oddbench,model_centrality,36,g69,0.23842093435818085,0.2
EmailSpamDetection,tabular,oddbench,hits,36,g69,0.23842093435818085,0.2
EnvironmentalConcernSurvey,tabular,oddbench,oracle_best,36,g71,0.0,0.0
EnvironmentalConcernSurvey,tabular,oddbench,anti_oracle,36,g71,0.26829265414557546,1.0
EnvironmentalConcernSurvey,tabular,oddbench,random,36,g71,0.17196967864680363,0.5
EnvironmentalConcernSurvey,tabular,oddbench,global_fixed,36,g71,0.23552773318925044,0.6571428571428571
EnvironmentalConcernSurvey,tabular,oddbench,iforest_random,36,g71,0.14397065524161295,0.37142857142857144
EnvironmentalConcernSurvey,tabular,oddbench,em,36,g71,0.04883973059594038,0.14285714285714285
EnvironmentalConcernSurvey,tabular,oddbench,mv,36,g71,0.04883973059594038,0.14285714285714285
EnvironmentalConcernSurvey,tabular,oddbench,consensus,36,g71,0.13735340491936615,0.34285714285714286
EnvironmentalConcernSurvey,tabular,oddbench,model_centrality,36,g71,0.13735340491936615,0.34285714285714286
EnvironmentalConcernSurvey,tabular,oddbench,hits,36,g71,0.14068613423810272,0.37142857142857144
EpidemiologyCases,tabular,oddbench,oracle_best,36,g72,0.0,0.0
EpidemiologyCases,tabular,oddbench,anti_oracle,36,g72,0.5768818855830419,1.0
EpidemiologyCases,tabular,oddbench,random,36,g72,0.26605710042442493,0.5
EpidemiologyCases,tabular,oddbench,global_fixed,36,g72,0.5557245183339422,0.9714285714285714
EpidemiologyCases,tabular,oddbench,iforest_random,36,g72,0.20885629805162914,0.3523809523809524
EpidemiologyCases,tabular,oddbench,em,36,g72,0.0,0.0
EpidemiologyCases,tabular,oddbench,mv,36,g72,0.0,0.0
EpidemiologyCases,tabular,oddbench,consensus,36,g72,0.1912977894118867,0.3142857142857143
EpidemiologyCases,tabular,oddbench,model_centrality,36,g72,0.1912977894118867,0.3142857142857143
EpidemiologyCases,tabular,oddbench,hits,36,g72,0.1912977894118867,0.3142857142857143
ExamPerformance,tabular,oddbench,oracle_best,35,g74,0.0,0.0
ExamPerformance,tabular,oddbench,anti_oracle,35,g74,0.7910192776364549,1.0
ExamPerformance,tabular,oddbench,random,35,g74,0.268554607038473,0.5
ExamPerformance,tabular,oddbench,global_fixed,35,g74,0.3140733111501727,0.7352941176470589
ExamPerformance,tabular,oddbench,iforest_random,35,g74,0.2617269010280784,0.5294117647058824
ExamPerformance,tabular,oddbench,em,35,g74,0.2604987791361726,0.5882352941176471
ExamPerformance,tabular,oddbench,mv,35,g74,0.2604987791361726,0.5882352941176471
ExamPerformance,tabular,oddbench,consensus,35,g74,0.23824149685835005,0.4411764705882353
ExamPerformance,tabular,oddbench,model_centrality,35,g74,0.23824149685835005,0.4411764705882353
ExamPerformance,tabular,oddbench,hits,35,g74,0.23824149685835005,0.4411764705882353
FantasyFootball,tabular,oddbench,oracle_best,35,g76,0.0,0.0
FantasyFootball,tabular,oddbench,anti_oracle,35,g76,0.5972629735561559,1.0
FantasyFootball,tabular,oddbench,random,35,g76,0.3807079895831047,0.5
FantasyFootball,tabular,oddbench,global_fixed,35,g76,0.05711289925898888,0.08823529411764706
FantasyFootball,tabular,oddbench,iforest_random,35,g76,0.49624834165231746,0.6568627450980392
FantasyFootball,tabular,oddbench,em,35,g76,0.5795558414292683,0.9411764705882353
FantasyFootball,tabular,oddbench,mv,35,g76,0.5795558414292683,0.9411764705882353
FantasyFootball,tabular,oddbench,consensus,35,g76,0.26433874727083634,0.2647058823529412
FantasyFootball,tabular,oddbench,model_centrality,35,g76,0.26433874727083634,0.2647058823529412
FantasyFootball,tabular,oddbench,hits,35,g76,0.26433874727083634,0.2647058823529412
FishingAnomalies,tabular,oddbench,oracle_best,35,g84,0.0,0.0
FishingAnomalies,tabular,oddbench,anti_oracle,35,g84,0.2014915028565258,1.0
FishingAnomalies,tabular,oddbench,random,35,g84,0.11314042422534575,0.5
FishingAnomalies,tabular,oddbench,global_fixed,35,g84,0.13677150696347212,0.5882352941176471
FishingAnomalies,tabular,oddbench,iforest_random,35,g84,0.16756370160641496,0.7647058823529411
FishingAnomalies,tabular,oddbench,em,35,g84,0.002867305642542145,0.029411764705882353
FishingAnomalies,tabular,oddbench,mv,35,g84,0.002867305642542145,0.029411764705882353
FishingAnomalies,tabular,oddbench,consensus,35,g84,0.17047411256537287,0.7941176470588235
FishingAnomalies,tabular,oddbench,model_centrality,35,g84,0.17047411256537287,0.7941176470588235
FishingAnomalies,tabular,oddbench,hits,35,g84,0.03556258717148267,0.11764705882352941
FraudEventLog,tabular,oddbench,oracle_best,36,g88,0.0,0.0
FraudEventLog,tabular,oddbench,anti_oracle,36,g88,0.542998860975076,1.0
FraudEventLog,tabular,oddbench,random,36,g88,0.34462728963338074,0.5
FraudEventLog,tabular,oddbench,global_fixed,36,g88,0.12197022163014609,0.05714285714285714
FraudEventLog,tabular,oddbench,iforest_random,36,g88,0.31968072359874566,0.3523809523809524
FraudEventLog,tabular,oddbench,em,36,g88,0.2789931745404999,0.14285714285714285
FraudEventLog,tabular,oddbench,mv,36,g88,0.31067131822609306,0.3142857142857143
FraudEventLog,tabular,oddbench,consensus,36,g88,0.32074254008285774,0.37142857142857144
FraudEventLog,tabular,oddbench,model_centrality,36,g88,0.32074254008285774,0.37142857142857144
FraudEventLog,tabular,oddbench,hits,36,g88,0.32074254008285774,0.37142857142857144
GPUPowerProfile,tabular,oddbench,oracle_best,36,g106,0.0,0.0
GPUPowerProfile,tabular,oddbench,anti_oracle,36,g106,0.27867541478039576,1.0
GPUPowerProfile,tabular,oddbench,random,36,g106,0.1778111550315842,0.5
GPUPowerProfile,tabular,oddbench,global_fixed,36,g106,0.017333434249784563,0.02857142857142857
GPUPowerProfile,tabular,oddbench,iforest_random,36,g106,0.12149474462880136,0.18095238095238095
GPUPowerProfile,tabular,oddbench,em,36,g106,0.09608802901163835,0.14285714285714285
GPUPowerProfile,tabular,oddbench,mv,36,g106,0.0763103750178126,0.05714285714285714
GPUPowerProfile,tabular,oddbench,consensus,36,g106,0.09604172000379244,0.11428571428571428
GPUPowerProfile,tabular,oddbench,model_centrality,36,g106,0.09604172000379244,0.11428571428571428
GPUPowerProfile,tabular,oddbench,hits,36,g106,0.13482546081745195,0.22857142857142856
GPUResourceUsage,tabular,oddbench,oracle_best,36,g107,0.0,0.0
GPUResourceUsage,tabular,oddbench,anti_oracle,36,g107,0.38272716370091986,1.0
GPUResourceUsage,tabular,oddbench,random,36,g107,0.26286768109844144,0.5
GPUResourceUsage,tabular,oddbench,global_fixed,36,g107,0.2274188735161759,0.2571428571428571
GPUResourceUsage,tabular,oddbench,iforest_random,36,g107,0.2763574661048249,0.4
GPUResourceUsage,tabular,oddbench,em,36,g107,0.262767514716712,0.2857142857142857
GPUResourceUsage,tabular,oddbench,mv,36,g107,0.2819853488838062,0.42857142857142855
GPUResourceUsage,tabular,oddbench,consensus,36,g107,0.2819853488838062,0.42857142857142855
GPUResourceUsage,tabular,oddbench,model_centrality,36,g107,0.2819853488838062,0.42857142857142855
GPUResourceUsage,tabular,oddbench,hits,36,g107,0.2819853488838062,0.42857142857142855
GeneticAnalysis,tabular,oddbench,oracle_best,36,g91,0.0,0.0
GeneticAnalysis,tabular,oddbench,anti_oracle,36,g91,0.15965331276577857,1.0
GeneticAnalysis,tabular,oddbench,random,36,g91,0.1020335981308209,0.5
GeneticAnalysis,tabular,oddbench,global_fixed,36,g91,0.0916140562179115,0.37142857142857144
GeneticAnalysis,tabular,oddbench,iforest_random,36,g91,0.11295036525631347,0.5238095238095237
GeneticAnalysis,tabular,oddbench,em,36,g91,0.12395204944622787,0.6
GeneticAnalysis,tabular,oddbench,mv,36,g91,0.12395204944622787,0.6
GeneticAnalysis,tabular,oddbench,consensus,36,g91,0.10975860236746286,0.4857142857142857
GeneticAnalysis,tabular,oddbench,model_centrality,36,g91,0.10975860236746286,0.4857142857142857
GeneticAnalysis,tabular,oddbench,hits,36,g91,0.1382595377138216,0.7428571428571429
GenomicSequencing,tabular,oddbench,oracle_best,36,g94,0.0,0.0
GenomicSequencing,tabular,oddbench,anti_oracle,36,g94,0.6699186747297451,1.0
GenomicSequencing,tabular,oddbench,random,36,g94,0.4697569147339974,0.5
GenomicSequencing,tabular,oddbench,global_fixed,36,g94,0.6383107854849932,0.5428571428571428
GenomicSequencing,tabular,oddbench,iforest_random,36,g94,0.13369173454937844,0.2
GenomicSequencing,tabular,oddbench,em,36,g94,0.6622119499859637,0.8
GenomicSequencing,tabular,oddbench,mv,36,g94,0.6622119499859637,0.8
GenomicSequencing,tabular,oddbench,consensus,36,g94,0.5350377916383522,0.34285714285714286
GenomicSequencing,tabular,oddbench,model_centrality,36,g94,0.5350377916383522,0.34285714285714286
GenomicSequencing,tabular,oddbench,hits,36,g94,0.22230602313229558,0.2571428571428571
GeospatialInvestigation,tabular,oddbench,oracle_best,36,g95,0.0,0.0
GeospatialInvestigation,tabular,oddbench,anti_oracle,36,g95,0.5755767925537025,1.0
GeospatialInvestigation,tabular,oddbench,random,36,g95,0.3675244433314525,0.5
GeospatialInvestigation,tabular,oddbench,global_fixed,36,g95,0.13259585415021552,0.05714285714285714
GeospatialInvestigation,tabular,oddbench,iforest_random,36,g95,0.3487798930885614,0.3238095238095238
GeospatialInvestigation,tabular,oddbench,em,36,g95,0.401780115213535,0.5142857142857142
GeospatialInvestigation,tabular,oddbench,mv,36,g95,0.31749655386756237,0.22857142857142856
GeospatialInvestigation,tabular,oddbench,consensus,36,g95,0.48780404771448116,0.9142857142857143
GeospatialInvestigation,tabular,oddbench,model_centrality,36,g95,0.48780404771448116,0.9142857142857143
GeospatialInvestigation,tabular,oddbench,hits,36,g95,0.48780404771448116,0.9142857142857143
GlobalTerrorismAttack,tabular,oddbench,oracle_best,36,g105,0.0,0.0
GlobalTerrorismAttack,tabular,oddbench,anti_oracle,36,g105,0.18133069646866898,1.0
GlobalTerrorismAttack,tabular,oddbench,random,36,g105,0.12757737640440678,0.5
GlobalTerrorismAttack,tabular,oddbench,global_fixed,36,g105,0.1309415547975305,0.34285714285714286
GlobalTerrorismAttack,tabular,oddbench,iforest_random,36,g105,0.1455382371411994,0.4952380952380952
GlobalTerrorismAttack,tabular,oddbench,em,36,g105,0.16332748186069468,0.8285714285714286
GlobalTerrorismAttack,tabular,oddbench,mv,36,g105,0.16332748186069468,0.8285714285714286
GlobalTerrorismAttack,tabular,oddbench,consensus,36,g105,0.1426342675829762,0.45714285714285713
GlobalTerrorismAttack,tabular,oddbench,model_centrality,36,g105,0.1426342675829762,0.45714285714285713
GlobalTerrorismAttack,tabular,oddbench,hits,36,g105,0.16104019425538674,0.7428571428571429
GroceryErrorDept,tabular,oddbench,oracle_best,36,g108,0.0,0.0
GroceryErrorDept,tabular,oddbench,anti_oracle,36,g108,0.36304713509253467,1.0
GroceryErrorDept,tabular,oddbench,random,36,g108,0.10439145442636816,0.5
GroceryErrorDept,tabular,oddbench,global_fixed,36,g108,0.2601636494825862,0.9428571428571428
GroceryErrorDept,tabular,oddbench,iforest_random,36,g108,0.036592220602108094,0.1238095238095238
GroceryErrorDept,tabular,oddbench,em,36,g108,0.04475822774990734,0.2571428571428571
GroceryErrorDept,tabular,oddbench,mv,36,g108,0.04475822774990734,0.2571428571428571
GroceryErrorDept,tabular,oddbench,consensus,36,g108,0.03747911728358855,0.11428571428571428
GroceryErrorDept,tabular,oddbench,model_centrality,36,g108,0.03747911728358855,0.11428571428571428
GroceryErrorDept,tabular,oddbench,hits,36,g108,0.07685908032960631,0.4
HeatVulnerability,tabular,oddbench,oracle_best,36,g115,0.0,0.0
HeatVulnerability,tabular,oddbench,anti_oracle,36,g115,0.5168888899375271,1.0
HeatVulnerability,tabular,oddbench,random,36,g115,0.3843107026582384,0.5
HeatVulnerability,tabular,oddbench,global_fixed,36,g115,0.40884601599101533,0.4
HeatVulnerability,tabular,oddbench,iforest_random,36,g115,0.31803823400442977,0.17142857142857143
HeatVulnerability,tabular,oddbench,em,36,g115,0.39664418160790904,0.2857142857142857
HeatVulnerability,tabular,oddbench,mv,36,g115,0.41120702517533075,0.42857142857142855
HeatVulnerability,tabular,oddbench,consensus,36,g115,0.3007471457971824,0.14285714285714285
HeatVulnerability,tabular,oddbench,model_centrality,36,g115,0.3007471457971824,0.14285714285714285
HeatVulnerability,tabular,oddbench,hits,36,g115,0.3007471457971824,0.14285714285714285
HomicideCircumstance,tabular,oddbench,oracle_best,35,g117,0.0,0.0
HomicideCircumstance,tabular,oddbench,anti_oracle,35,g117,0.19192742304302066,1.0
HomicideCircumstance,tabular,oddbench,random,35,g117,0.1024710471997971,0.5
HomicideCircumstance,tabular,oddbench,global_fixed,35,g117,0.14419072482563774,0.7941176470588235
HomicideCircumstance,tabular,oddbench,iforest_random,35,g117,0.06619528114820251,0.22549019607843138
HomicideCircumstance,tabular,oddbench,em,35,g117,0.08853941046058832,0.5
HomicideCircumstance,tabular,oddbench,mv,35,g117,0.08853941046058832,0.5
HomicideCircumstance,tabular,oddbench,consensus,35,g117,0.05519157253520772,0.11764705882352941
HomicideCircumstance,tabular,oddbench,model_centrality,35,g117,0.05519157253520772,0.11764705882352941
HomicideCircumstance,tabular,oddbench,hits,35,g117,0.0,0.0
HospitalReadmissions,tabular,oddbench,oracle_best,35,g118,0.0,0.0
HospitalReadmissions,tabular,oddbench,anti_oracle,35,g118,0.23080230518150407,1.0
HospitalReadmissions,tabular,oddbench,random,35,g118,0.12552892379717917,0.5
HospitalReadmissions,tabular,oddbench,global_fixed,35,g118,0.17369414072770528,0.5588235294117647
HospitalReadmissions,tabular,oddbench,iforest_random,35,g118,0.21064343188342463,0.8431372549019608
HospitalReadmissions,tabular,oddbench,em,35,g118,0.22553892864785963,0.9411764705882353
HospitalReadmissions,tabular,oddbench,mv,35,g118,0.22553892864785963,0.9411764705882353
HospitalReadmissions,tabular,oddbench,consensus,35,g118,0.20787835920784123,0.8235294117647058
HospitalReadmissions,tabular,oddbench,model_centrality,35,g118,0.023834791136888828,0.17647058823529413
HospitalReadmissions,tabular,oddbench,hits,35,g118,0.021894245356062825,0.08823529411764706
HumanObjectInteraction,tabular,oddbench,oracle_best,35,g120,0.0,0.0
HumanObjectInteraction,tabular,oddbench,anti_oracle,35,g120,0.46942684239649124,1.0
HumanObjectInteraction,tabular,oddbench,random,35,g120,0.17121759870929448,0.5
HumanObjectInteraction,tabular,oddbench,global_fixed,35,g120,0.46942684239649124,1.0
HumanObjectInteraction,tabular,oddbench,iforest_random,35,g120,0.09700811691898298,0.22549019607843138
HumanObjectInteraction,tabular,oddbench,em,35,g120,0.0022702688098705792,0.029411764705882353
HumanObjectInteraction,tabular,oddbench,mv,35,g120,0.0022702688098705792,0.029411764705882353
HumanObjectInteraction,tabular,oddbench,consensus,35,g120,0.0991627596373813,0.23529411764705882
HumanObjectInteraction,tabular,oddbench,model_centrality,35,g120,0.0991627596373813,0.23529411764705882
HumanObjectInteraction,tabular,oddbench,hits,35,g120,0.0991627596373813,0.23529411764705882
HumanRobotCollaboration,tabular,oddbench,oracle_best,35,g121,0.0,0.0
HumanRobotCollaboration,tabular,oddbench,anti_oracle,35,g121,0.32644400176824384,1.0
HumanRobotCollaboration,tabular,oddbench,random,35,g121,0.2119831631912119,0.5
HumanRobotCollaboration,tabular,oddbench,global_fixed,35,g121,0.20289942204366693,0.4411764705882353
HumanRobotCollaboration,tabular,oddbench,iforest_random,35,g121,0.2471547570600544,0.7941176470588235
HumanRobotCollaboration,tabular,oddbench,em,35,g121,0.22443542304716557,0.6764705882352942
HumanRobotCollaboration,tabular,oddbench,mv,35,g121,0.22443542304716557,0.6764705882352942
HumanRobotCollaboration,tabular,oddbench,consensus,35,g121,0.2260774515786795,0.7058823529411765
HumanRobotCollaboration,tabular,oddbench,model_centrality,35,g121,0.19775943747918728,0.4117647058823529
HumanRobotCollaboration,tabular,oddbench,hits,35,g121,0.2260774515786795,0.7058823529411765
HurricaneTracks,tabular,oddbench,oracle_best,35,g122,0.0,0.0
HurricaneTracks,tabular,oddbench,anti_oracle,35,g122,0.7254465091096229,1.0
HurricaneTracks,tabular,oddbench,random,35,g122,0.5269190979000091,0.5
HurricaneTracks,tabular,oddbench,global_fixed,35,g122,0.0,0.0
HurricaneTracks,tabular,oddbench,iforest_random,35,g122,0.690265294917956,0.892156862745098
HurricaneTracks,tabular,oddbench,em,35,g122,0.697174822221651,0.9705882352941176
HurricaneTracks,tabular,oddbench,mv,35,g122,0.697174822221651,0.9705882352941176
HurricaneTracks,tabular,oddbench,consensus,35,g122,0.6483435780816095,0.7352941176470589
HurricaneTracks,tabular,oddbench,model_centrality,35,g122,0.6483435780816095,0.7352941176470589
HurricaneTracks,tabular,oddbench,hits,35,g122,0.6483435780816095,0.7352941176470589
LandRarity,tabular,oddbench,oracle_best,36,g134,0.0,0.0
LandRarity,tabular,oddbench,anti_oracle,36,g134,0.28723704531314764,1.0
LandRarity,tabular,oddbench,random,36,g134,0.19495380938239942,0.5
LandRarity,tabular,oddbench,global_fixed,36,g134,0.20369870090782968,0.45714285714285713
LandRarity,tabular,oddbench,iforest_random,36,g134,0.18569571763239878,0.3904761904761905
LandRarity,tabular,oddbench,em,36,g134,0.002486644022386464,0.02857142857142857
LandRarity,tabular,oddbench,mv,36,g134,0.002486644022386464,0.02857142857142857
LandRarity,tabular,oddbench,consensus,36,g134,0.19037562293242274,0.42857142857142855
LandRarity,tabular,oddbench,model_centrality,36,g134,0.19037562293242274,0.42857142857142855
LandRarity,tabular,oddbench,hits,36,g134,0.205798494933394,0.4857142857142857
LandShapeAnomaly,tabular,oddbench,oracle_best,36,g136,0.0,0.0
LandShapeAnomaly,tabular,oddbench,anti_oracle,36,g136,0.22969820833251076,1.0
LandShapeAnomaly,tabular,oddbench,random,36,g136,0.1325837678983261,0.5
LandShapeAnomaly,tabular,oddbench,global_fixed,36,g136,0.15997454343455286,0.6
LandShapeAnomaly,tabular,oddbench,iforest_random,36,g136,0.000508636041206767,0.02857142857142857
LandShapeAnomaly,tabular,oddbench,em,36,g136,0.001440696268934838,0.05714285714285714
LandShapeAnomaly,tabular,oddbench,mv,36,g136,0.001440696268934838,0.05714285714285714
LandShapeAnomaly,tabular,oddbench,consensus,36,g136,0.001440696268934838,0.05714285714285714
LandShapeAnomaly,tabular,oddbench,model_centrality,36,g136,0.001440696268934838,0.05714285714285714
LandShapeAnomaly,tabular,oddbench,hits,36,g136,0.001440696268934838,0.05714285714285714
MedicalClassificationAnomalies,tabular,oddbench,oracle_best,35,g144,0.0,0.0
MedicalClassificationAnomalies,tabular,oddbench,anti_oracle,35,g144,1.1007499472575935,1.0
MedicalClassificationAnomalies,tabular,oddbench,random,35,g144,0.6929710625001848,0.5
MedicalClassificationAnomalies,tabular,oddbench,global_fixed,35,g144,0.04118295407658845,0.11764705882352941
MedicalClassificationAnomalies,tabular,oddbench,iforest_random,35,g144,0.013775272227803725,0.029411764705882353
MedicalClassificationAnomalies,tabular,oddbench,em,35,g144,1.0377286173147606,0.6764705882352942
MedicalClassificationAnomalies,tabular,oddbench,mv,35,g144,1.0377286173147606,0.6764705882352942
MedicalClassificationAnomalies,tabular,oddbench,consensus,35,g144,0.02066174867292314,0.029411764705882353
MedicalClassificationAnomalies,tabular,oddbench,model_centrality,35,g144,0.02066174867292314,0.029411764705882353
MedicalClassificationAnomalies,tabular,oddbench,hits,35,g144,0.02066174867292314,0.029411764705882353
MouseInteractionPhase,tabular,oddbench,oracle_best,36,g155,0.0,0.0
MouseInteractionPhase,tabular,oddbench,anti_oracle,36,g155,1.049049425398529,1.0
MouseInteractionPhase,tabular,oddbench,random,36,g155,0.3184193605910468,0.5
MouseInteractionPhase,tabular,oddbench,global_fixed,36,g155,0.0,0.05714285714285714
MouseInteractionPhase,tabular,oddbench,iforest_random,36,g155,0.3826618071483735,0.6857142857142857
MouseInteractionPhase,tabular,oddbench,em,36,g155,0.0,0.2
MouseInteractionPhase,tabular,oddbench,mv,36,g155,0.0,0.05714285714285714
MouseInteractionPhase,tabular,oddbench,consensus,36,g155,0.367250655811848,0.6857142857142857
MouseInteractionPhase,tabular,oddbench,model_centrality,36,g155,0.367250655811848,0.6857142857142857
MouseInteractionPhase,tabular,oddbench,hits,36,g155,0.367250655811848,0.6857142857142857
MusicGenreAnomaly,tabular,oddbench,oracle_best,36,g158,0.0,0.0
MusicGenreAnomaly,tabular,oddbench,anti_oracle,36,g158,0.7898799338856257,1.0
MusicGenreAnomaly,tabular,oddbench,random,36,g158,0.6772293609263879,0.5
MusicGenreAnomaly,tabular,oddbench,global_fixed,36,g158,0.0,0.0
MusicGenreAnomaly,tabular,oddbench,iforest_random,36,g158,0.7463601137202495,0.6571428571428571
MusicGenreAnomaly,tabular,oddbench,em,36,g158,0.2704093513620055,0.02857142857142857
MusicGenreAnomaly,tabular,oddbench,mv,36,g158,0.2704093513620055,0.02857142857142857
MusicGenreAnomaly,tabular,oddbench,consensus,36,g158,0.7480964275882394,0.6571428571428571
MusicGenreAnomaly,tabular,oddbench,model_centrality,36,g158,0.7480964275882394,0.6571428571428571
MusicGenreAnomaly,tabular,oddbench,hits,36,g158,0.7480964275882394,0.6571428571428571
NavigationBugReport,tabular,oddbench,oracle_best,36,g160,0.0,0.0
NavigationBugReport,tabular,oddbench,anti_oracle,36,g160,0.7843465782737293,1.0
NavigationBugReport,tabular,oddbench,random,36,g160,0.46993310744457084,0.5
NavigationBugReport,tabular,oddbench,global_fixed,36,g160,0.7460310910432172,0.8285714285714286
NavigationBugReport,tabular,oddbench,iforest_random,36,g160,0.00861913656631863,0.02857142857142857
NavigationBugReport,tabular,oddbench,em,36,g160,0.015276677036249131,0.05714285714285714
NavigationBugReport,tabular,oddbench,mv,36,g160,0.015276677036249131,0.05714285714285714
NavigationBugReport,tabular,oddbench,consensus,36,g160,0.21437555939891872,0.34285714285714286
NavigationBugReport,tabular,oddbench,model_centrality,36,g160,0.21437555939891872,0.34285714285714286
NavigationBugReport,tabular,oddbench,hits,36,g160,0.015276677036249131,0.05714285714285714
NetworkFlowAnomalies,tabular,oddbench,oracle_best,36,g161,0.0,0.0
NetworkFlowAnomalies,tabular,oddbench,anti_oracle,36,g161,1.0379782735528744,1.0
NetworkFlowAnomalies,tabular,oddbench,random,36,g161,0.7420024347106398,0.5
NetworkFlowAnomalies,tabular,oddbench,global_fixed,36,g161,0.8978794580543941,0.42857142857142855
NetworkFlowAnomalies,tabular,oddbench,iforest_random,36,g161,0.7761034358759468,0.37142857142857144
NetworkFlowAnomalies,tabular,oddbench,em,36,g161,0.7742570433099856,0.37142857142857144
NetworkFlowAnomalies,tabular,oddbench,mv,36,g161,0.7808981770385801,0.4
NetworkFlowAnomalies,tabular,oddbench,consensus,36,g161,0.7742570433099856,0.37142857142857144
NetworkFlowAnomalies,tabular,oddbench,model_centrality,36,g161,0.7808981770385801,0.4
NetworkFlowAnomalies,tabular,oddbench,hits,36,g161,0.7742570433099856,0.37142857142857144
PTENPhosphatase,tabular,oddbench,oracle_best,35,g203,0.0,0.0
PTENPhosphatase,tabular,oddbench,anti_oracle,35,g203,0.4439645627378902,1.0
PTENPhosphatase,tabular,oddbench,random,35,g203,0.22868487991959285,0.5
PTENPhosphatase,tabular,oddbench,global_fixed,35,g203,0.04724747091588766,0.058823529411764705
PTENPhosphatase,tabular,oddbench,iforest_random,35,g203,0.2535977795185015,0.5392156862745098
PTENPhosphatase,tabular,oddbench,em,35,g203,0.15615352853273035,0.35294117647058826
PTENPhosphatase,tabular,oddbench,mv,35,g203,0.15615352853273035,0.35294117647058826
PTENPhosphatase,tabular,oddbench,consensus,35,g203,0.2719647911657646,0.5882352941176471
PTENPhosphatase,tabular,oddbench,model_centrality,35,g203,0.2719647911657646,0.5882352941176471
PTENPhosphatase,tabular,oddbench,hits,35,g203,0.2719647911657646,0.5882352941176471
PoliceArrestFraud,tabular,oddbench,oracle_best,36,g189,0.0,0.0
PoliceArrestFraud,tabular,oddbench,anti_oracle,36,g189,0.3596815401330602,1.0
PoliceArrestFraud,tabular,oddbench,random,36,g189,0.2757356219411566,0.5
PoliceArrestFraud,tabular,oddbench,global_fixed,36,g189,0.2740928809000495,0.2857142857142857
PoliceArrestFraud,tabular,oddbench,iforest_random,36,g189,0.257540790065796,0.22857142857142856
PoliceArrestFraud,tabular,oddbench,em,36,g189,0.07784978601300258,0.08571428571428572
PoliceArrestFraud,tabular,oddbench,mv,36,g189,0.07784978601300258,0.08571428571428572
PoliceArrestFraud,tabular,oddbench,consensus,36,g189,0.3387851810297245,0.6857142857142857
PoliceArrestFraud,tabular,oddbench,model_centrality,36,g189,0.3387851810297245,0.6857142857142857
PoliceArrestFraud,tabular,oddbench,hits,36,g189,0.2628921866163267,0.22857142857142856
PoliceForceDisturbance,tabular,oddbench,oracle_best,36,g190,0.0,0.0
PoliceForceDisturbance,tabular,oddbench,anti_oracle,36,g190,0.23278653833634527,1.0
PoliceForceDisturbance,tabular,oddbench,random,36,g190,0.13550758273597963,0.5
PoliceForceDisturbance,tabular,oddbench,global_fixed,36,g190,0.05069610231851747,0.11428571428571428
PoliceForceDisturbance,tabular,oddbench,iforest_random,36,g190,0.18185434425543978,0.6857142857142857
PoliceForceDisturbance,tabular,oddbench,em,36,g190,0.22763312429189753,0.9428571428571428
PoliceForceDisturbance,tabular,oddbench,mv,36,g190,0.22763312429189753,0.9428571428571428
PoliceForceDisturbance,tabular,oddbench,consensus,36,g190,0.1806457873031521,0.6857142857142857
PoliceForceDisturbance,tabular,oddbench,model_centrality,36,g190,0.1806457873031521,0.6857142857142857
PoliceForceDisturbance,tabular,oddbench,hits,36,g190,0.1806457873031521,0.6857142857142857
ProductionRunStatus,tabular,oddbench,oracle_best,36,g194,0.0,0.0
ProductionRunStatus,tabular,oddbench,anti_oracle,36,g194,0.6164111149780113,1.0
ProductionRunStatus,tabular,oddbench,random,36,g194,0.3974928814647586,0.5
ProductionRunStatus,tabular,oddbench,global_fixed,36,g194,0.6011058430975492,0.8571428571428571
ProductionRunStatus,tabular,oddbench,iforest_random,36,g194,0.4496170748022231,0.5142857142857142
ProductionRunStatus,tabular,oddbench,em,36,g194,0.14576456351986639,0.14285714285714285
ProductionRunStatus,tabular,oddbench,mv,36,g194,0.14576456351986639,0.14285714285714285
ProductionRunStatus,tabular,oddbench,consensus,36,g194,0.45746916642131774,0.5714285714285714
ProductionRunStatus,tabular,oddbench,model_centrality,36,g194,0.45746916642131774,0.5714285714285714
ProductionRunStatus,tabular,oddbench,hits,36,g194,0.45746916642131774,0.5714285714285714
ProtestViolence,tabular,oddbench,oracle_best,36,g200,0.0,0.0
ProtestViolence,tabular,oddbench,anti_oracle,36,g200,0.7151670242943237,1.0
ProtestViolence,tabular,oddbench,random,36,g200,0.5333799963010697,0.5
ProtestViolence,tabular,oddbench,global_fixed,36,g200,0.6652688822497734,0.5142857142857142
ProtestViolence,tabular,oddbench,iforest_random,36,g200,0.39352839274895496,0.17142857142857143
ProtestViolence,tabular,oddbench,em,36,g200,0.6237451963186557,0.45714285714285713
ProtestViolence,tabular,oddbench,mv,36,g200,0.0,0.0
ProtestViolence,tabular,oddbench,consensus,36,g200,0.38991227054986927,0.14285714285714285
ProtestViolence,tabular,oddbench,model_centrality,36,g200,0.38991227054986927,0.14285714285714285
ProtestViolence,tabular,oddbench,hits,36,g200,0.38991227054986927,0.14285714285714285
RacingMotion,tabular,oddbench,oracle_best,35,g204,0.0,0.0
RacingMotion,tabular,oddbench,anti_oracle,35,g204,1.001839382548566,1.0
RacingMotion,tabular,oddbench,random,35,g204,0.5467873422301865,0.5
RacingMotion,tabular,oddbench,global_fixed,35,g204,0.01075878331038349,0.14705882352941177
RacingMotion,tabular,oddbench,iforest_random,35,g204,0.7786274313644299,0.5588235294117647
RacingMotion,tabular,oddbench,em,35,g204,0.9286897178671103,0.8823529411764706
RacingMotion,tabular,oddbench,mv,35,g204,0.9286897178671103,0.8823529411764706
RacingMotion,tabular,oddbench,consensus,35,g204,0.8030955842050356,0.6470588235294118
RacingMotion,tabular,oddbench,model_centrality,35,g204,0.8030955842050356,0.6470588235294118
RacingMotion,tabular,oddbench,hits,35,g204,0.8030955842050356,0.6470588235294118
RemoteSensingAnomalies,tabular,oddbench,oracle_best,35,g209,0.0,0.0
RemoteSensingAnomalies,tabular,oddbench,anti_oracle,35,g209,0.44794586797126273,1.0
RemoteSensingAnomalies,tabular,oddbench,random,35,g209,0.17476237452808585,0.5
RemoteSensingAnomalies,tabular,oddbench,global_fixed,35,g209,0.0,0.0
RemoteSensingAnomalies,tabular,oddbench,iforest_random,35,g209,0.2513349782213532,0.7745098039215685
RemoteSensingAnomalies,tabular,oddbench,em,35,g209,0.05396550782224285,0.17647058823529413
RemoteSensingAnomalies,tabular,oddbench,mv,35,g209,0.024908654439731115,0.058823529411764705
RemoteSensingAnomalies,tabular,oddbench,consensus,35,g209,0.2703981631427612,0.8235294117647058
RemoteSensingAnomalies,tabular,oddbench,model_centrality,35,g209,0.2703981631427612,0.8235294117647058
RemoteSensingAnomalies,tabular,oddbench,hits,35,g209,0.2703981631427612,0.8235294117647058
SMSClassification,tabular,oddbench,oracle_best,36,g234,0.0,0.0
SMSClassification,tabular,oddbench,anti_oracle,36,g234,0.5947729499052841,1.0
SMSClassification,tabular,oddbench,random,36,g234,0.3124678376795645,0.5
SMSClassification,tabular,oddbench,global_fixed,36,g234,0.5671327431845894,0.9142857142857143
SMSClassification,tabular,oddbench,iforest_random,36,g234,0.04091672071488173,0.05714285714285714
SMSClassification,tabular,oddbench,em,36,g234,0.031744682399931445,0.05714285714285714
SMSClassification,tabular,oddbench,mv,36,g234,0.0,0.0
SMSClassification,tabular,oddbench,consensus,36,g234,0.23706922352358534,0.2857142857142857
SMSClassification,tabular,oddbench,model_centrality,36,g234,0.23706922352358534,0.2857142857142857
SMSClassification,tabular,oddbench,hits,36,g234,0.23706922352358534,0.2857142857142857
SalesPerformance,tabular,oddbench,oracle_best,36,g215,0.0,0.0
SalesPerformance,tabular,oddbench,anti_oracle,36,g215,0.32097583654225964,1.0
SalesPerformance,tabular,oddbench,random,36,g215,0.15075369097124827,0.5
SalesPerformance,tabular,oddbench,global_fixed,36,g215,0.32097583654225964,1.0
SalesPerformance,tabular,oddbench,iforest_random,36,g215,0.13298293262563757,0.42857142857142855
SalesPerformance,tabular,oddbench,em,36,g215,0.020041558482786714,0.05714285714285714
SalesPerformance,tabular,oddbench,mv,36,g215,0.020041558482786714,0.05714285714285714
SalesPerformance,tabular,oddbench,consensus,36,g215,0.050310625184397995,0.11428571428571428
SalesPerformance,tabular,oddbench,model_centrality,36,g215,0.050310625184397995,0.11428571428571428
SalesPerformance,tabular,oddbench,hits,36,g215,0.09188434138867557,0.2
SatelliteAnomaly,tabular,oddbench,oracle_best,35,g217,0.0,0.0
SatelliteAnomaly,tabular,oddbench,anti_oracle,35,g217,0.3705769969227385,1.0
SatelliteAnomaly,tabular,oddbench,random,35,g217,0.2669078795080614,0.5
SatelliteAnomaly,tabular,oddbench,global_fixed,35,g217,0.05113221659733741,0.029411764705882353
SatelliteAnomaly,tabular,oddbench,iforest_random,35,g217,0.21902499695426608,0.19607843137254902
SatelliteAnomaly,tabular,oddbench,em,35,g217,0.2535480960090578,0.38235294117647056
SatelliteAnomaly,tabular,oddbench,mv,35,g217,0.2535480960090578,0.38235294117647056
SatelliteAnomaly,tabular,oddbench,consensus,35,g217,0.20799546465560864,0.14705882352941177
SatelliteAnomaly,tabular,oddbench,model_centrality,35,g217,0.20799546465560864,0.14705882352941177
SatelliteAnomaly,tabular,oddbench,hits,35,g217,0.349587340385882,0.7647058823529411
SystemFailureCases,tabular,oddbench,oracle_best,36,g259,0.0,0.0
SystemFailureCases,tabular,oddbench,anti_oracle,36,g259,0.35416119989095507,1.0
SystemFailureCases,tabular,oddbench,random,36,g259,0.11704301205900017,0.5
SystemFailureCases,tabular,oddbench,global_fixed,36,g259,0.27861727820842386,0.9142857142857143
SystemFailureCases,tabular,oddbench,iforest_random,36,g259,0.04290327634422875,0.27619047619047615
SystemFailureCases,tabular,oddbench,em,36,g259,0.01843142461565428,0.14285714285714285
SystemFailureCases,tabular,oddbench,mv,36,g259,0.01843142461565428,0.14285714285714285
SystemFailureCases,tabular,oddbench,consensus,36,g259,0.04871485294067418,0.3142857142857143
SystemFailureCases,tabular,oddbench,model_centrality,36,g259,0.03569257465403919,0.22857142857142856
SystemFailureCases,tabular,oddbench,hits,36,g259,0.03569257465403919,0.22857142857142856
TBAnomalyDetection,tabular,oddbench,oracle_best,35,g262,0.0,0.0
TBAnomalyDetection,tabular,oddbench,anti_oracle,35,g262,0.36760862882246653,1.0
TBAnomalyDetection,tabular,oddbench,random,35,g262,0.16093386949196692,0.5
TBAnomalyDetection,tabular,oddbench,global_fixed,35,g262,0.15514668623726913,0.47058823529411764
TBAnomalyDetection,tabular,oddbench,iforest_random,35,g262,0.060598301589247144,0.17647058823529413
TBAnomalyDetection,tabular,oddbench,em,35,g262,0.09886217007881101,0.29411764705882354
TBAnomalyDetection,tabular,oddbench,mv,35,g262,0.19535658539797768,0.5882352941176471
TBAnomalyDetection,tabular,oddbench,consensus,35,g262,0.05475564397240984,0.14705882352941177
TBAnomalyDetection,tabular,oddbench,model_centrality,35,g262,0.05475564397240984,0.14705882352941177
TBAnomalyDetection,tabular,oddbench,hits,35,g262,0.05475564397240984,0.14705882352941177
TransactionFeeAnomalies,tabular,oddbench,oracle_best,36,g269,0.0,0.0
TransactionFeeAnomalies,tabular,oddbench,anti_oracle,36,g269,0.35452435396905224,1.0
TransactionFeeAnomalies,tabular,oddbench,random,36,g269,0.23743095565782305,0.5
TransactionFeeAnomalies,tabular,oddbench,global_fixed,36,g269,0.08584055414670372,0.08571428571428572
TransactionFeeAnomalies,tabular,oddbench,iforest_random,36,g269,0.018031651018719036,0.02857142857142857
TransactionFeeAnomalies,tabular,oddbench,em,36,g269,0.029904346746044586,0.05714285714285714
TransactionFeeAnomalies,tabular,oddbench,mv,36,g269,0.024190606310112522,0.02857142857142857
TransactionFeeAnomalies,tabular,oddbench,consensus,36,g269,0.31572741698557816,0.6571428571428571
TransactionFeeAnomalies,tabular,oddbench,model_centrality,36,g269,0.31572741698557816,0.6571428571428571
TransactionFeeAnomalies,tabular,oddbench,hits,36,g269,0.3360881586537059,0.7428571428571429
TreadmillStatus,tabular,oddbench,oracle_best,35,g271,0.0,0.0
TreadmillStatus,tabular,oddbench,anti_oracle,35,g271,0.6195453499176958,1.0
TreadmillStatus,tabular,oddbench,random,35,g271,0.39550277438838444,0.5
TreadmillStatus,tabular,oddbench,global_fixed,35,g271,0.5388413696992411,0.6764705882352942
TreadmillStatus,tabular,oddbench,iforest_random,35,g271,0.37275759339408177,0.38235294117647056
TreadmillStatus,tabular,oddbench,em,35,g271,0.26953997644012234,0.29411764705882354
TreadmillStatus,tabular,oddbench,mv,35,g271,0.5388413696992411,0.6764705882352942
TreadmillStatus,tabular,oddbench,consensus,35,g271,0.5644393165287982,0.8235294117647058
TreadmillStatus,tabular,oddbench,model_centrality,35,g271,0.5644393165287982,0.8235294117647058
TreadmillStatus,tabular,oddbench,hits,35,g271,0.5662343308976668,0.8529411764705882
TrialBehavior,tabular,oddbench,oracle_best,35,g272,0.0,0.0
TrialBehavior,tabular,oddbench,anti_oracle,35,g272,0.1325546501819561,1.0
TrialBehavior,tabular,oddbench,random,35,g272,0.10130433248210259,0.5
TrialBehavior,tabular,oddbench,global_fixed,35,g272,0.13134166806238576,0.9705882352941176
TrialBehavior,tabular,oddbench,iforest_random,35,g272,0.09558350015577961,0.2450980392156863
TrialBehavior,tabular,oddbench,em,35,g272,0.0,0.029411764705882353
TrialBehavior,tabular,oddbench,mv,35,g272,0.10519557333081721,0.4117647058823529
TrialBehavior,tabular,oddbench,consensus,35,g272,0.09424978558425906,0.23529411764705882
TrialBehavior,tabular,oddbench,model_centrality,35,g272,0.09424978558425906,0.23529411764705882
TrialBehavior,tabular,oddbench,hits,35,g272,0.09424978558425906,0.23529411764705882
UserEventAnomalies,tabular,oddbench,oracle_best,34,g382,0.0,0.0
UserEventAnomalies,tabular,oddbench,anti_oracle,34,g382,0.8640462974694911,1.0
UserEventAnomalies,tabular,oddbench,random,34,g382,0.7963193169505218,0.5
UserEventAnomalies,tabular,oddbench,global_fixed,34,g382,0.8445088782994423,0.9393939393939394
UserEventAnomalies,tabular,oddbench,iforest_random,34,g382,0.807542463524823,0.20202020202020202
UserEventAnomalies,tabular,oddbench,em,34,g382,0.805914494294446,0.15151515151515152
UserEventAnomalies,tabular,oddbench,mv,34,g382,0.805914494294446,0.15151515151515152
UserEventAnomalies,tabular,oddbench,consensus,34,g382,0.8265145906125291,0.6666666666666666
UserEventAnomalies,tabular,oddbench,model_centrality,34,g382,0.8265145906125291,0.6666666666666666
UserEventAnomalies,tabular,oddbench,hits,34,g382,0.805914494294446,0.15151515151515152
UserTrackingAnomalies,tabular,oddbench,oracle_best,36,g385,0.0,0.0
UserTrackingAnomalies,tabular,oddbench,anti_oracle,36,g385,0.45987202082605094,1.0
UserTrackingAnomalies,tabular,oddbench,random,36,g385,0.3090671036723277,0.5
UserTrackingAnomalies,tabular,oddbench,global_fixed,36,g385,0.15093728295256836,0.08571428571428572
UserTrackingAnomalies,tabular,oddbench,iforest_random,36,g385,0.26431520148774523,0.3142857142857143
UserTrackingAnomalies,tabular,oddbench,em,36,g385,0.0,0.0
UserTrackingAnomalies,tabular,oddbench,mv,36,g385,0.0,0.0
UserTrackingAnomalies,tabular,oddbench,consensus,36,g385,0.3509561069809162,0.5142857142857142
UserTrackingAnomalies,tabular,oddbench,model_centrality,36,g385,0.3509561069809162,0.5142857142857142
UserTrackingAnomalies,tabular,oddbench,hits,36,g385,0.3509561069809162,0.5142857142857142
VoteOutcome,tabular,oddbench,oracle_best,36,g391,0.0,0.0
VoteOutcome,tabular,oddbench,anti_oracle,36,g391,0.643420321062212,1.0
VoteOutcome,tabular,oddbench,random,36,g391,0.4497484606705907,0.5
VoteOutcome,tabular,oddbench,global_fixed,36,g391,0.3765064984825037,0.17142857142857143
VoteOutcome,tabular,oddbench,iforest_random,36,g391,0.4756943923197837,0.3523809523809524
VoteOutcome,tabular,oddbench,em,36,g391,0.47186367576382615,0.3142857142857143
VoteOutcome,tabular,oddbench,mv,36,g391,0.5051738211349337,0.5428571428571428
VoteOutcome,tabular,oddbench,consensus,36,g391,0.47479285237854163,0.34285714285714286
VoteOutcome,tabular,oddbench,model_centrality,36,g391,0.47479285237854163,0.34285714285714286
VoteOutcome,tabular,oddbench,hits,36,g391,0.47479285237854163,0.34285714285714286
VoteResult,tabular,oddbench,oracle_best,35,g392,0.0,0.0
VoteResult,tabular,oddbench,anti_oracle,35,g392,0.9434276220952457,1.0
VoteResult,tabular,oddbench,random,35,g392,0.3473618320922952,0.5
VoteResult,tabular,oddbench,global_fixed,35,g392,0.3810169873329613,0.5882352941176471
VoteResult,tabular,oddbench,iforest_random,35,g392,0.02715811111246913,0.2156862745098039
VoteResult,tabular,oddbench,em,35,g392,0.0,0.0
VoteResult,tabular,oddbench,mv,35,g392,0.0,0.0
VoteResult,tabular,oddbench,consensus,35,g392,0.007770283999208427,0.058823529411764705
VoteResult,tabular,oddbench,model_centrality,35,g392,0.007770283999208427,0.058823529411764705
VoteResult,tabular,oddbench,hits,35,g392,0.007770283999208427,0.058823529411764705
WaterChemistry,tabular,oddbench,oracle_best,36,g394,0.0,0.0
WaterChemistry,tabular,oddbench,anti_oracle,36,g394,0.7196441926639211,1.0
WaterChemistry,tabular,oddbench,random,36,g394,0.45897255102211487,0.5
WaterChemistry,tabular,oddbench,global_fixed,36,g394,0.06647072205724547,0.05714285714285714
WaterChemistry,tabular,oddbench,iforest_random,36,g394,0.3722402602698333,0.30476190476190473
WaterChemistry,tabular,oddbench,em,36,g394,0.5389454697539806,0.5714285714285714
WaterChemistry,tabular,oddbench,mv,36,g394,0.5389454697539806,0.5714285714285714
WaterChemistry,tabular,oddbench,consensus,36,g394,0.41369497782020825,0.34285714285714286
WaterChemistry,tabular,oddbench,model_centrality,36,g394,0.41369497782020825,0.34285714285714286
WaterChemistry,tabular,oddbench,hits,36,g394,0.41369497782020825,0.34285714285714286
WaterMeterAnomaly,tabular,oddbench,oracle_best,36,g395,0.0,0.0
WaterMeterAnomaly,tabular,oddbench,anti_oracle,36,g395,1.1081598762935503,1.0
WaterMeterAnomaly,tabular,oddbench,random,36,g395,0.7153452614344704,0.5
WaterMeterAnomaly,tabular,oddbench,global_fixed,36,g395,0.05630807040383068,0.11428571428571428
WaterMeterAnomaly,tabular,oddbench,iforest_random,36,g395,0.8111252599498592,0.5142857142857142
WaterMeterAnomaly,tabular,oddbench,em,36,g395,0.9227579211449144,0.6285714285714286
WaterMeterAnomaly,tabular,oddbench,mv,36,g395,0.9227579211449144,0.6285714285714286
WaterMeterAnomaly,tabular,oddbench,consensus,36,g395,0.8343737444898709,0.5428571428571428
WaterMeterAnomaly,tabular,oddbench,model_centrality,36,g395,0.8343737444898709,0.5428571428571428
WaterMeterAnomaly,tabular,oddbench,hits,36,g395,0.9187164599053885,0.6
WeatherEvents,tabular,oddbench,oracle_best,36,g400,0.0,0.0
WeatherEvents,tabular,oddbench,anti_oracle,36,g400,0.40688267930765665,1.0
WeatherEvents,tabular,oddbench,random,36,g400,0.26074694059129166,0.5
WeatherEvents,tabular,oddbench,global_fixed,36,g400,0.3462074181730025,0.6285714285714286
WeatherEvents,tabular,oddbench,iforest_random,36,g400,0.24256568447862425,0.42857142857142855
WeatherEvents,tabular,oddbench,em,36,g400,0.23737970637608954,0.4
WeatherEvents,tabular,oddbench,mv,36,g400,0.23737970637608954,0.4
WeatherEvents,tabular,oddbench,consensus,36,g400,0.28758843203636925,0.5428571428571428
WeatherEvents,tabular,oddbench,model_centrality,36,g400,0.28758843203636925,0.5428571428571428
WeatherEvents,tabular,oddbench,hits,36,g400,0.28758843203636925,0.5428571428571428
WebTrafficError,tabular,oddbench,oracle_best,35,g402,0.0,0.0
WebTrafficError,tabular,oddbench,anti_oracle,35,g402,0.3152460733615911,1.0
WebTrafficError,tabular,oddbench,random,35,g402,0.2269289477741921,0.5
WebTrafficError,tabular,oddbench,global_fixed,35,g402,0.17333411754780664,0.20588235294117646
WebTrafficError,tabular,oddbench,iforest_random,35,g402,0.015099613750148566,0.029411764705882353
WebTrafficError,tabular,oddbench,em,35,g402,0.23502923861342664,0.35294117647058826
WebTrafficError,tabular,oddbench,mv,35,g402,0.23502923861342664,0.35294117647058826
WebTrafficError,tabular,oddbench,consensus,35,g402,0.3152460733615911,1.0
WebTrafficError,tabular,oddbench,model_centrality,35,g402,0.3152460733615911,1.0
WebTrafficError,tabular,oddbench,hits,35,g402,0.3152460733615911,1.0
WindmillAnomaly,tabular,oddbench,oracle_best,36,g405,0.0,0.0
WindmillAnomaly,tabular,oddbench,anti_oracle,36,g405,0.8237752318529552,1.0
WindmillAnomaly,tabular,oddbench,random,36,g405,0.6683295743807867,0.5
WindmillAnomaly,tabular,oddbench,global_fixed,36,g405,0.8045826617169086,0.6285714285714286
WindmillAnomaly,tabular,oddbench,iforest_random,36,g405,0.6724203650543912,0.20952380952380953
WindmillAnomaly,tabular,oddbench,em,36,g405,0.6167287962659902,0.14285714285714285
WindmillAnomaly,tabular,oddbench,mv,36,g405,0.6167287962659902,0.14285714285714285
WindmillAnomaly,tabular,oddbench,consensus,36,g405,0.6167287962659902,0.14285714285714285
WindmillAnomaly,tabular,oddbench,model_centrality,36,g405,0.6167287962659902,0.14285714285714285
WindmillAnomaly,tabular,oddbench,hits,36,g405,0.6167287962659902,0.14285714285714285
WindowsEditionAnomaly,tabular,oddbench,oracle_best,36,g406,0.0,0.0
WindowsEditionAnomaly,tabular,oddbench,anti_oracle,36,g406,0.450568761549638,1.0
WindowsEditionAnomaly,tabular,oddbench,random,36,g406,0.2863329578401455,0.5
WindowsEditionAnomaly,tabular,oddbench,global_fixed,36,g406,0.4165578514160561,0.7428571428571429
WindowsEditionAnomaly,tabular,oddbench,iforest_random,36,g406,0.027120955957292414,0.02857142857142857
WindowsEditionAnomaly,tabular,oddbench,em,36,g406,0.32496872062474313,0.5714285714285714
WindowsEditionAnomaly,tabular,oddbench,mv,36,g406,0.32496872062474313,0.5714285714285714
WindowsEditionAnomaly,tabular,oddbench,consensus,36,g406,0.0487548838812924,0.05714285714285714
WindowsEditionAnomaly,tabular,oddbench,model_centrality,36,g406,0.0487548838812924,0.05714285714285714
WindowsEditionAnomaly,tabular,oddbench,hits,36,g406,0.0487548838812924,0.05714285714285714
WorkforceDemographics,tabular,oddbench,oracle_best,36,g409,0.0,0.0
WorkforceDemographics,tabular,oddbench,anti_oracle,36,g409,0.938974371106855,1.0
WorkforceDemographics,tabular,oddbench,random,36,g409,0.45943665463427974,0.5
WorkforceDemographics,tabular,oddbench,global_fixed,36,g409,0.5822331338937645,0.6285714285714286
WorkforceDemographics,tabular,oddbench,iforest_random,36,g409,0.1955722448826026,0.2857142857142857
WorkforceDemographics,tabular,oddbench,em,36,g409,0.938974371106855,1.0
WorkforceDemographics,tabular,oddbench,mv,36,g409,0.938974371106855,1.0
WorkforceDemographics,tabular,oddbench,consensus,36,g409,0.18573493216900283,0.2571428571428571
WorkforceDemographics,tabular,oddbench,model_centrality,36,g409,0.18573493216900283,0.2571428571428571
WorkforceDemographics,tabular,oddbench,hits,36,g409,0.04930239582292484,0.17142857142857143
ZookeeperLogs,tabular,oddbench,oracle_best,35,g411,0.0,0.0
ZookeeperLogs,tabular,oddbench,anti_oracle,35,g411,0.3568272951304775,1.0
ZookeeperLogs,tabular,oddbench,random,35,g411,0.2982487347649694,0.5
ZookeeperLogs,tabular,oddbench,global_fixed,35,g411,0.0,0.0
ZookeeperLogs,tabular,oddbench,iforest_random,35,g411,0.3429951600414989,0.6666666666666667
ZookeeperLogs,tabular,oddbench,em,35,g411,0.2830344950589662,0.14705882352941177
ZookeeperLogs,tabular,oddbench,mv,35,g411,0.2830344950589662,0.14705882352941177
ZookeeperLogs,tabular,oddbench,consensus,35,g411,0.33485863219013595,0.5294117647058824
ZookeeperLogs,tabular,oddbench,model_centrality,35,g411,0.33485863219013595,0.5294117647058824
ZookeeperLogs,tabular,oddbench,hits,35,g411,0.33485863219013595,0.5294117647058824
AbstractAnomalyBatch,tabular,ovrbench,oracle_best,34,g0,0.0,0.0
AbstractAnomalyBatch,tabular,ovrbench,anti_oracle,34,g0,0.888033427888627,1.0
AbstractAnomalyBatch,tabular,ovrbench,random,34,g0,0.5674105126800959,0.5
AbstractAnomalyBatch,tabular,ovrbench,global_fixed,34,g0,0.14705543599555382,0.21212121212121213
AbstractAnomalyBatch,tabular,ovrbench,iforest_random,34,g0,0.8384065224249434,0.7272727272727273
AbstractAnomalyBatch,tabular,ovrbench,em,34,g0,0.7970418043938856,0.5454545454545454
AbstractAnomalyBatch,tabular,ovrbench,mv,34,g0,0.7970418043938856,0.5454545454545454
AbstractAnomalyBatch,tabular,ovrbench,consensus,34,g0,0.8518292401094851,0.9393939393939394
AbstractAnomalyBatch,tabular,ovrbench,model_centrality,34,g0,0.8513299165742942,0.9090909090909091
AbstractAnomalyBatch,tabular,ovrbench,hits,34,g0,0.8513299165742942,0.9090909090909091
ActivityRecognition,tabular,ovrbench,oracle_best,36,g1,0.0,0.0
ActivityRecognition,tabular,ovrbench,anti_oracle,36,g1,0.7251324125202175,1.0
ActivityRecognition,tabular,ovrbench,random,36,g1,0.2690007977715634,0.5
ActivityRecognition,tabular,ovrbench,global_fixed,36,g1,0.7251324125202175,1.0
ActivityRecognition,tabular,ovrbench,iforest_random,36,g1,0.21287584386591196,0.37142857142857144
ActivityRecognition,tabular,ovrbench,em,36,g1,0.0,0.0
ActivityRecognition,tabular,ovrbench,mv,36,g1,0.4569332399894745,0.8285714285714286
ActivityRecognition,tabular,ovrbench,consensus,36,g1,0.21006437814754708,0.34285714285714286
ActivityRecognition,tabular,ovrbench,model_centrality,36,g1,0.21006437814754708,0.34285714285714286
ActivityRecognition,tabular,ovrbench,hits,36,g1,0.21006437814754708,0.34285714285714286
AirPressure,tabular,ovrbench,oracle_best,36,g3,0.0,0.0
AirPressure,tabular,ovrbench,anti_oracle,36,g3,0.5113718915394483,1.0
AirPressure,tabular,ovrbench,random,36,g3,0.19029723020647732,0.5
AirPressure,tabular,ovrbench,global_fixed,36,g3,0.5113718915394483,1.0
AirPressure,tabular,ovrbench,iforest_random,36,g3,0.0346146741975758,0.05714285714285714
AirPressure,tabular,ovrbench,em,36,g3,0.4351191513025371,0.8571428571428571
AirPressure,tabular,ovrbench,mv,36,g3,0.4351191513025371,0.8571428571428571
AirPressure,tabular,ovrbench,consensus,36,g3,0.033515824802358485,0.05714285714285714
AirPressure,tabular,ovrbench,model_centrality,36,g3,0.033515824802358485,0.05714285714285714
AirPressure,tabular,ovrbench,hits,36,g3,0.033515824802358485,0.05714285714285714
AmazonReviewAnomalies,tabular,ovrbench,oracle_best,35,g4,0.0,0.0
AmazonReviewAnomalies,tabular,ovrbench,anti_oracle,35,g4,0.6183910607438277,1.0
AmazonReviewAnomalies,tabular,ovrbench,random,35,g4,0.3461858821069502,0.5
AmazonReviewAnomalies,tabular,ovrbench,global_fixed,35,g4,0.6103305675544076,0.8823529411764706
AmazonReviewAnomalies,tabular,ovrbench,iforest_random,35,g4,0.06669092837095014,0.22549019607843138
AmazonReviewAnomalies,tabular,ovrbench,em,35,g4,0.07979124841383545,0.2647058823529412
AmazonReviewAnomalies,tabular,ovrbench,mv,35,g4,0.07979124841383545,0.2647058823529412
AmazonReviewAnomalies,tabular,ovrbench,consensus,35,g4,0.07073114802316494,0.23529411764705882
AmazonReviewAnomalies,tabular,ovrbench,model_centrality,35,g4,0.07073114802316494,0.23529411764705882
AmazonReviewAnomalies,tabular,ovrbench,hits,35,g4,0.07073114802316494,0.23529411764705882
BCellImmunity,tabular,ovrbench,oracle_best,36,g18,0.0,0.0
BCellImmunity,tabular,ovrbench,anti_oracle,36,g18,0.32701881957120793,1.0
BCellImmunity,tabular,ovrbench,random,36,g18,0.2516173609122442,0.5
BCellImmunity,tabular,ovrbench,global_fixed,36,g18,0.21035837503780658,0.17142857142857143
BCellImmunity,tabular,ovrbench,iforest_random,36,g18,0.2639933245407287,0.4380952380952381
BCellImmunity,tabular,ovrbench,em,36,g18,0.2198695831393387,0.22857142857142856
BCellImmunity,tabular,ovrbench,mv,36,g18,0.2198695831393387,0.22857142857142856
BCellImmunity,tabular,ovrbench,consensus,36,g18,0.2639372690087779,0.42857142857142855
BCellImmunity,tabular,ovrbench,model_centrality,36,g18,0.2639372690087779,0.42857142857142855
BCellImmunity,tabular,ovrbench,hits,36,g18,0.2639372690087779,0.42857142857142855
BatchProcessingEvents,tabular,ovrbench,oracle_best,36,g17,0.0,0.0
BatchProcessingEvents,tabular,ovrbench,anti_oracle,36,g17,0.30527621695719864,1.0
BatchProcessingEvents,tabular,ovrbench,random,36,g17,0.1367053868339656,0.5
BatchProcessingEvents,tabular,ovrbench,global_fixed,36,g17,0.0,0.0
BatchProcessingEvents,tabular,ovrbench,iforest_random,36,g17,0.25891869184604216,0.7904761904761906
BatchProcessingEvents,tabular,ovrbench,em,36,g17,0.2613383640123395,0.8285714285714286
BatchProcessingEvents,tabular,ovrbench,mv,36,g17,0.30527621695719864,1.0
BatchProcessingEvents,tabular,ovrbench,consensus,36,g17,0.2607875496447866,0.8
BatchProcessingEvents,tabular,ovrbench,model_centrality,36,g17,0.2607875496447866,0.8
BatchProcessingEvents,tabular,ovrbench,hits,36,g17,0.018661321092783734,0.2857142857142857
BoundingBoxClassification,tabular,ovrbench,oracle_best,35,g20,0.0,0.0
BoundingBoxClassification,tabular,ovrbench,anti_oracle,35,g20,0.5034575534428415,1.0
BoundingBoxClassification,tabular,ovrbench,random,35,g20,0.17601429160837379,0.5
BoundingBoxClassification,tabular,ovrbench,global_fixed,35,g20,0.41442555168694745,0.9117647058823529
BoundingBoxClassification,tabular,ovrbench,iforest_random,35,g20,0.007715304568356007,0.029411764705882353
BoundingBoxClassification,tabular,ovrbench,em,35,g20,0.015350784109608107,0.058823529411764705
BoundingBoxClassification,tabular,ovrbench,mv,35,g20,0.1030677021018338,0.38235294117647056
BoundingBoxClassification,tabular,ovrbench,consensus,35,g20,0.007795129595460137,0.029411764705882353
BoundingBoxClassification,tabular,ovrbench,model_centrality,35,g20,0.007795129595460137,0.029411764705882353
BoundingBoxClassification,tabular,ovrbench,hits,35,g20,0.007795129595460137,0.029411764705882353
BoxTracking,tabular,ovrbench,oracle_best,35,g21,0.0,0.0
BoxTracking,tabular,ovrbench,anti_oracle,35,g21,0.6341047774096749,1.0
BoxTracking,tabular,ovrbench,random,35,g21,0.38706634825701636,0.5
BoxTracking,tabular,ovrbench,global_fixed,35,g21,0.6189143167623825,0.8823529411764706
BoxTracking,tabular,ovrbench,iforest_random,35,g21,0.06100151781022822,0.1568627450980392
BoxTracking,tabular,ovrbench,em,35,g21,0.09891612719335652,0.20588235294117646
BoxTracking,tabular,ovrbench,mv,35,g21,0.3389152753328976,0.4117647058823529
BoxTracking,tabular,ovrbench,consensus,35,g21,0.09891612719335652,0.20588235294117646
BoxTracking,tabular,ovrbench,model_centrality,35,g21,0.09891612719335652,0.20588235294117646
BoxTracking,tabular,ovrbench,hits,35,g21,0.09891612719335652,0.20588235294117646
BrainEEGSignals,tabular,ovrbench,oracle_best,36,g22,0.0,0.0
BrainEEGSignals,tabular,ovrbench,anti_oracle,36,g22,0.5162015091984488,1.0
BrainEEGSignals,tabular,ovrbench,random,36,g22,0.43280074174226035,0.5
BrainEEGSignals,tabular,ovrbench,global_fixed,36,g22,0.0,0.0
BrainEEGSignals,tabular,ovrbench,iforest_random,36,g22,0.48415159465377455,0.5238095238095237
BrainEEGSignals,tabular,ovrbench,em,36,g22,0.20947358659429166,0.05714285714285714
BrainEEGSignals,tabular,ovrbench,mv,36,g22,0.0,0.0
BrainEEGSignals,tabular,ovrbench,consensus,36,g22,0.48100572622178606,0.4857142857142857
BrainEEGSignals,tabular,ovrbench,model_centrality,36,g22,0.48100572622178606,0.4857142857142857
BrainEEGSignals,tabular,ovrbench,hits,36,g22,0.48100572622178606,0.4857142857142857
BusinessAnomalies,tabular,ovrbench,oracle_best,36,g27,0.0,0.0
BusinessAnomalies,tabular,ovrbench,anti_oracle,36,g27,0.3102015587085664,1.0
BusinessAnomalies,tabular,ovrbench,random,36,g27,0.10421428474727801,0.5
BusinessAnomalies,tabular,ovrbench,global_fixed,36,g27,0.3102015587085664,1.0
BusinessAnomalies,tabular,ovrbench,iforest_random,36,g27,0.04003358364133319,0.13333333333333333
BusinessAnomalies,tabular,ovrbench,em,36,g27,0.0,0.0
BusinessAnomalies,tabular,ovrbench,mv,36,g27,0.028109929221333985,0.05714285714285714
BusinessAnomalies,tabular,ovrbench,consensus,36,g27,0.028109929221333985,0.05714285714285714
BusinessAnomalies,tabular,ovrbench,model_centrality,36,g27,0.028109929221333985,0.05714285714285714
BusinessAnomalies,tabular,ovrbench,hits,36,g27,0.028109929221333985,0.05714285714285714
CarSales,tabular,ovrbench,oracle_best,35,g36,0.0,0.0
CarSales,tabular,ovrbench,anti_oracle,35,g36,1.0028154721153801,1.0
CarSales,tabular,ovrbench,random,35,g36,0.39597480375688143,0.5
CarSales,tabular,ovrbench,global_fixed,35,g36,0.0,0.0
CarSales,tabular,ovrbench,iforest_random,35,g36,0.6769351799466652,0.6960784313725491
CarSales,tabular,ovrbench,em,35,g36,0.6989213014725695,0.7352941176470589
CarSales,tabular,ovrbench,mv,35,g36,0.6737509873109445,0.7058823529411765
CarSales,tabular,ovrbench,consensus,35,g36,0.6989213014725695,0.7352941176470589
CarSales,tabular,ovrbench,model_centrality,35,g36,0.6989213014725695,0.7352941176470589
CarSales,tabular,ovrbench,hits,35,g36,0.6989213014725695,0.7352941176470589
CardiacHealth,tabular,ovrbench,oracle_best,36,g31,0.0,0.0
CardiacHealth,tabular,ovrbench,anti_oracle,36,g31,0.9260935867319772,1.0
CardiacHealth,tabular,ovrbench,random,36,g31,0.646113720209573,0.5
CardiacHealth,tabular,ovrbench,global_fixed,36,g31,0.0034819758246614763,0.05714285714285714
CardiacHealth,tabular,ovrbench,iforest_random,36,g31,0.7379976117895733,0.4666666666666666
CardiacHealth,tabular,ovrbench,em,36,g31,0.0013383426064779158,0.02857142857142857
CardiacHealth,tabular,ovrbench,mv,36,g31,0.0013383426064779158,0.02857142857142857
CardiacHealth,tabular,ovrbench,consensus,36,g31,0.737259909178692,0.45714285714285713
CardiacHealth,tabular,ovrbench,model_centrality,36,g31,0.737259909178692,0.45714285714285713
CardiacHealth,tabular,ovrbench,hits,36,g31,0.737259909178692,0.45714285714285713
CelestialObjects2,tabular,ovrbench,oracle_best,36,g39,0.0,0.0
CelestialObjects2,tabular,ovrbench,anti_oracle,36,g39,0.26236641364255237,1.0
CelestialObjects2,tabular,ovrbench,random,36,g39,0.12825386718662735,0.5
CelestialObjects2,tabular,ovrbench,global_fixed,36,g39,0.14513797779434973,0.6
CelestialObjects2,tabular,ovrbench,iforest_random,36,g39,0.033771421662689705,0.13333333333333333
CelestialObjects2,tabular,ovrbench,em,36,g39,0.10014657382010586,0.37142857142857144
CelestialObjects2,tabular,ovrbench,mv,36,g39,0.10014657382010586,0.37142857142857144
CelestialObjects2,tabular,ovrbench,consensus,36,g39,0.0284212672283507,0.11428571428571428
CelestialObjects2,tabular,ovrbench,model_centrality,36,g39,0.0284212672283507,0.11428571428571428
CelestialObjects2,tabular,ovrbench,hits,36,g39,0.0284212672283507,0.11428571428571428
Contaminant-detection-in-packaged-cocoa-hazelnut-spread-jars-using-Microwaves-Sensing-and-Machine-Learning-10.5GHz(Urbinati),tabular,ovrbench,oracle_best,35,g46,0.0,0.0
Contaminant-detection-in-packaged-cocoa-hazelnut-spread-jars-using-Microwaves-Sensing-and-Machine-Learning-10.5GHz(Urbinati),tabular,ovrbench,anti_oracle,35,g46,0.29552163897292383,1.0
Contaminant-detection-in-packaged-cocoa-hazelnut-spread-jars-using-Microwaves-Sensing-and-Machine-Learning-10.5GHz(Urbinati),tabular,ovrbench,random,35,g46,0.21046562920516634,0.5
Contaminant-detection-in-packaged-cocoa-hazelnut-spread-jars-using-Microwaves-Sensing-and-Machine-Learning-10.5GHz(Urbinati),tabular,ovrbench,global_fixed,35,g46,0.1444951407108077,0.17647058823529413
Contaminant-detection-in-packaged-cocoa-hazelnut-spread-jars-using-Microwaves-Sensing-and-Machine-Learning-10.5GHz(Urbinati),tabular,ovrbench,iforest_random,35,g46,0.2400709756419766,0.5294117647058824
Contaminant-detection-in-packaged-cocoa-hazelnut-spread-jars-using-Microwaves-Sensing-and-Machine-Learning-10.5GHz(Urbinati),tabular,ovrbench,em,35,g46,0.24848989340065356,0.6176470588235294
Contaminant-detection-in-packaged-cocoa-hazelnut-spread-jars-using-Microwaves-Sensing-and-Machine-Learning-10.5GHz(Urbinati),tabular,ovrbench,mv,35,g46,0.24848989340065356,0.6176470588235294
Contaminant-detection-in-packaged-cocoa-hazelnut-spread-jars-using-Microwaves-Sensing-and-Machine-Learning-10.5GHz(Urbinati),tabular,ovrbench,consensus,35,g46,0.24019974998970978,0.5294117647058824
Contaminant-detection-in-packaged-cocoa-hazelnut-spread-jars-using-Microwaves-Sensing-and-Machine-Learning-10.5GHz(Urbinati),tabular,ovrbench,model_centrality,35,g46,0.24019974998970978,0.5294117647058824
Contaminant-detection-in-packaged-cocoa-hazelnut-spread-jars-using-Microwaves-Sensing-and-Machine-Learning-10.5GHz(Urbinati),tabular,ovrbench,hits,35,g46,0.24019974998970978,0.5294117647058824
CreditRisk,tabular,ovrbench,oracle_best,36,g49,0.0,0.0
CreditRisk,tabular,ovrbench,anti_oracle,36,g49,0.1391277407058845,1.0
CreditRisk,tabular,ovrbench,random,36,g49,0.11249178085715103,0.5
CreditRisk,tabular,ovrbench,global_fixed,36,g49,0.09310964484548048,0.11428571428571428
CreditRisk,tabular,ovrbench,iforest_random,36,g49,0.1204663398439871,0.4666666666666666
CreditRisk,tabular,ovrbench,em,36,g49,0.10239902998443992,0.17142857142857143
CreditRisk,tabular,ovrbench,mv,36,g49,0.1383559297021303,0.9714285714285714
CreditRisk,tabular,ovrbench,consensus,36,g49,0.13124663837495235,0.6285714285714286
CreditRisk,tabular,ovrbench,model_centrality,36,g49,0.13124663837495235,0.6285714285714286
CreditRisk,tabular,ovrbench,hits,36,g49,0.13124663837495235,0.6285714285714286
CropWeedDetection,tabular,ovrbench,oracle_best,35,g52,0.0,0.0
CropWeedDetection,tabular,ovrbench,anti_oracle,35,g52,0.18939586144810935,1.0
CropWeedDetection,tabular,ovrbench,random,35,g52,0.11375035815585896,0.5
CropWeedDetection,tabular,ovrbench,global_fixed,35,g52,0.09344282702521939,0.35294117647058826
CropWeedDetection,tabular,ovrbench,iforest_random,35,g52,0.1418410572927768,0.5196078431372549
CropWeedDetection,tabular,ovrbench,em,35,g52,0.008487291083540821,0.029411764705882353
CropWeedDetection,tabular,ovrbench,mv,35,g52,0.09344282702521939,0.35294117647058826
CropWeedDetection,tabular,ovrbench,consensus,35,g52,0.13692327676995794,0.47058823529411764
CropWeedDetection,tabular,ovrbench,model_centrality,35,g52,0.13692327676995794,0.47058823529411764
CropWeedDetection,tabular,ovrbench,hits,35,g52,0.10420415056883457,0.38235294117647056
CryptojackingSystem,tabular,ovrbench,oracle_best,36,g53,0.0,0.0
CryptojackingSystem,tabular,ovrbench,anti_oracle,36,g53,0.3709080552371713,1.0
CryptojackingSystem,tabular,ovrbench,random,36,g53,0.25212798749074716,0.5
CryptojackingSystem,tabular,ovrbench,global_fixed,36,g53,0.02831940910645142,0.11428571428571428
CryptojackingSystem,tabular,ovrbench,iforest_random,36,g53,0.2896946424162383,0.4952380952380952
CryptojackingSystem,tabular,ovrbench,em,36,g53,0.2926260110851077,0.5714285714285714
CryptojackingSystem,tabular,ovrbench,mv,36,g53,0.2926260110851077,0.5714285714285714
CryptojackingSystem,tabular,ovrbench,consensus,36,g53,0.2926260110851077,0.5714285714285714
CryptojackingSystem,tabular,ovrbench,model_centrality,36,g53,0.2926260110851077,0.5714285714285714
CryptojackingSystem,tabular,ovrbench,hits,36,g53,0.2926260110851077,0.5714285714285714
CustomerChurn2,tabular,ovrbench,oracle_best,36,g55,0.0,0.0
CustomerChurn2,tabular,ovrbench,anti_oracle,36,g55,0.34996847699148503,1.0
CustomerChurn2,tabular,ovrbench,random,36,g55,0.16116085130833574,0.5
CustomerChurn2,tabular,ovrbench,global_fixed,36,g55,0.18344877678725835,0.6857142857142857
CustomerChurn2,tabular,ovrbench,iforest_random,36,g55,0.09892320275941005,0.2857142857142857
CustomerChurn2,tabular,ovrbench,em,36,g55,0.10003782558034055,0.34285714285714286
CustomerChurn2,tabular,ovrbench,mv,36,g55,0.34322117722842854,0.9428571428571428
CustomerChurn2,tabular,ovrbench,consensus,36,g55,0.11172707476440119,0.4
CustomerChurn2,tabular,ovrbench,model_centrality,36,g55,0.11172707476440119,0.4
CustomerChurn2,tabular,ovrbench,hits,36,g55,0.11172707476440119,0.4
DiabetesMetrics,tabular,ovrbench,oracle_best,36,g59,0.0,0.0
DiabetesMetrics,tabular,ovrbench,anti_oracle,36,g59,0.3367578670372621,1.0
DiabetesMetrics,tabular,ovrbench,random,36,g59,0.15908561273084007,0.5
DiabetesMetrics,tabular,ovrbench,global_fixed,36,g59,0.2678207217986816,0.9142857142857143
DiabetesMetrics,tabular,ovrbench,iforest_random,36,g59,0.025810201287283063,0.11428571428571428
DiabetesMetrics,tabular,ovrbench,em,36,g59,0.0004531637625077023,0.02857142857142857
DiabetesMetrics,tabular,ovrbench,mv,36,g59,0.029979683520415468,0.08571428571428572
DiabetesMetrics,tabular,ovrbench,consensus,36,g59,0.0004531637625077023,0.02857142857142857
DiabetesMetrics,tabular,ovrbench,model_centrality,36,g59,0.0004531637625077023,0.02857142857142857
DiabetesMetrics,tabular,ovrbench,hits,36,g59,0.0004531637625077023,0.02857142857142857
DiskHealthPrediction,tabular,ovrbench,oracle_best,35,g62,0.0,0.0
DiskHealthPrediction,tabular,ovrbench,anti_oracle,35,g62,0.9820335885774961,1.0
DiskHealthPrediction,tabular,ovrbench,random,35,g62,0.46956620354857037,0.5
DiskHealthPrediction,tabular,ovrbench,global_fixed,35,g62,0.09729650172546445,0.14705882352941177
DiskHealthPrediction,tabular,ovrbench,iforest_random,35,g62,0.26346594538049883,0.29411764705882354
DiskHealthPrediction,tabular,ovrbench,em,35,g62,0.11780840432306428,0.20588235294117646
DiskHealthPrediction,tabular,ovrbench,mv,35,g62,0.11780840432306428,0.20588235294117646
DiskHealthPrediction,tabular,ovrbench,consensus,35,g62,0.2753791444759419,0.29411764705882354
DiskHealthPrediction,tabular,ovrbench,model_centrality,35,g62,0.2753791444759419,0.29411764705882354
DiskHealthPrediction,tabular,ovrbench,hits,35,g62,0.2753791444759419,0.29411764705882354
ECGAnomaly,tabular,ovrbench,oracle_best,36,g65,0.0,0.0
ECGAnomaly,tabular,ovrbench,anti_oracle,36,g65,0.5738418974837227,1.0
ECGAnomaly,tabular,ovrbench,random,36,g65,0.2664662402414749,0.5
ECGAnomaly,tabular,ovrbench,global_fixed,36,g65,0.02424334008138329,0.22857142857142856
ECGAnomaly,tabular,ovrbench,iforest_random,36,g65,0.417547359183398,0.6285714285714286
ECGAnomaly,tabular,ovrbench,em,36,g65,0.0040811728371485945,0.11428571428571428
ECGAnomaly,tabular,ovrbench,mv,36,g65,0.019541236747249835,0.17142857142857143
ECGAnomaly,tabular,ovrbench,consensus,36,g65,0.2083497821196474,0.37142857142857144
ECGAnomaly,tabular,ovrbench,model_centrality,36,g65,0.2083497821196474,0.37142857142857144
ECGAnomaly,tabular,ovrbench,hits,36,g65,0.2083497821196474,0.37142857142857144
EEGEyeState,tabular,ovrbench,oracle_best,36,g66,0.0,0.0
EEGEyeState,tabular,ovrbench,anti_oracle,36,g66,0.6410552883533256,1.0
EEGEyeState,tabular,ovrbench,random,36,g66,0.5055842195570264,0.5
EEGEyeState,tabular,ovrbench,global_fixed,36,g66,0.0,0.0
EEGEyeState,tabular,ovrbench,iforest_random,36,g66,0.6164577802470869,0.6666666666666666
EEGEyeState,tabular,ovrbench,em,36,g66,0.24522543658254176,0.14285714285714285
EEGEyeState,tabular,ovrbench,mv,36,g66,0.24522543658254176,0.14285714285714285
EEGEyeState,tabular,ovrbench,consensus,36,g66,0.6135419387034539,0.6
EEGEyeState,tabular,ovrbench,model_centrality,36,g66,0.6135419387034539,0.6
EEGEyeState,tabular,ovrbench,hits,36,g66,0.6135419387034539,0.6
ElectronicCommerceAnomalies,tabular,ovrbench,oracle_best,35,g68,0.0,0.0
ElectronicCommerceAnomalies,tabular,ovrbench,anti_oracle,35,g68,0.36034455918877883,1.0
ElectronicCommerceAnomalies,tabular,ovrbench,random,35,g68,0.29304197293014583,0.5
ElectronicCommerceAnomalies,tabular,ovrbench,global_fixed,35,g68,0.0,0.0
ElectronicCommerceAnomalies,tabular,ovrbench,iforest_random,35,g68,0.331161140619306,0.7745098039215685
ElectronicCommerceAnomalies,tabular,ovrbench,em,35,g68,0.3294730914123331,0.7941176470588235
ElectronicCommerceAnomalies,tabular,ovrbench,mv,35,g68,0.2824837830681682,0.2647058823529412
ElectronicCommerceAnomalies,tabular,ovrbench,consensus,35,g68,0.3280664355619401,0.6176470588235294
ElectronicCommerceAnomalies,tabular,ovrbench,model_centrality,35,g68,0.3280664355619401,0.6176470588235294
ElectronicCommerceAnomalies,tabular,ovrbench,hits,35,g68,0.3280664355619401,0.6176470588235294
EmployeePerformance,tabular,ovrbench,oracle_best,35,g70,0.0,0.0
EmployeePerformance,tabular,ovrbench,anti_oracle,35,g70,0.35704698936593154,1.0
EmployeePerformance,tabular,ovrbench,random,35,g70,0.17683621988919543,0.5
EmployeePerformance,tabular,ovrbench,global_fixed,35,g70,0.06760504117358265,0.17647058823529413
EmployeePerformance,tabular,ovrbench,iforest_random,35,g70,0.1888284161934204,0.5686274509803921
EmployeePerformance,tabular,ovrbench,em,35,g70,0.03351757580485004,0.029411764705882353
EmployeePerformance,tabular,ovrbench,mv,35,g70,0.03351757580485004,0.029411764705882353
EmployeePerformance,tabular,ovrbench,consensus,35,g70,0.17758045060838404,0.5
EmployeePerformance,tabular,ovrbench,model_centrality,35,g70,0.17758045060838404,0.5
EmployeePerformance,tabular,ovrbench,hits,35,g70,0.17758045060838404,0.5
FakeNewsPropagation,tabular,ovrbench,oracle_best,36,g75,0.0,0.0
FakeNewsPropagation,tabular,ovrbench,anti_oracle,36,g75,0.2317045676246711,1.0
FakeNewsPropagation,tabular,ovrbench,random,36,g75,0.10929615700350365,0.5
FakeNewsPropagation,tabular,ovrbench,global_fixed,36,g75,0.0669097734348871,0.2857142857142857
FakeNewsPropagation,tabular,ovrbench,iforest_random,36,g75,0.02585072927724097,0.09523809523809525
FakeNewsPropagation,tabular,ovrbench,em,36,g75,0.01801351917265448,0.05714285714285714
FakeNewsPropagation,tabular,ovrbench,mv,36,g75,0.02541371204606302,0.08571428571428572
FakeNewsPropagation,tabular,ovrbench,consensus,36,g75,0.01801351917265448,0.05714285714285714
FakeNewsPropagation,tabular,ovrbench,model_centrality,36,g75,0.01801351917265448,0.05714285714285714
FakeNewsPropagation,tabular,ovrbench,hits,36,g75,0.01801351917265448,0.05714285714285714
FinancialTransaction4,tabular,ovrbench,oracle_best,36,g81,0.0,0.0
FinancialTransaction4,tabular,ovrbench,anti_oracle,36,g81,0.21206082928338488,1.0
FinancialTransaction4,tabular,ovrbench,random,36,g81,0.11307842711063806,0.5
FinancialTransaction4,tabular,ovrbench,global_fixed,36,g81,0.0,0.0
FinancialTransaction4,tabular,ovrbench,iforest_random,36,g81,0.12377119810463118,0.6095238095238095
FinancialTransaction4,tabular,ovrbench,em,36,g81,0.05320445624242082,0.08571428571428572
FinancialTransaction4,tabular,ovrbench,mv,36,g81,0.05320445624242082,0.08571428571428572
FinancialTransaction4,tabular,ovrbench,consensus,36,g81,0.12209574554005034,0.6
FinancialTransaction4,tabular,ovrbench,model_centrality,36,g81,0.12209574554005034,0.6
FinancialTransaction4,tabular,ovrbench,hits,36,g81,0.12209574554005034,0.6
FootballBetting,tabular,ovrbench,oracle_best,35,g85,0.0,0.0
FootballBetting,tabular,ovrbench,anti_oracle,35,g85,0.25646690346997914,1.0
FootballBetting,tabular,ovrbench,random,35,g85,0.15408579632237457,0.5
FootballBetting,tabular,ovrbench,global_fixed,35,g85,0.12591000903739175,0.35294117647058826
FootballBetting,tabular,ovrbench,iforest_random,35,g85,0.21024811736573712,0.7745098039215685
FootballBetting,tabular,ovrbench,em,35,g85,0.0,0.0
FootballBetting,tabular,ovrbench,mv,35,g85,0.0,0.0
FootballBetting,tabular,ovrbench,consensus,35,g85,0.20804588504690935,0.7058823529411765
FootballBetting,tabular,ovrbench,model_centrality,35,g85,0.20804588504690935,0.7058823529411765
FootballBetting,tabular,ovrbench,hits,35,g85,0.20804588504690935,0.7058823529411765
FootballEfficiency,tabular,ovrbench,oracle_best,35,g86,0.0,0.0
FootballEfficiency,tabular,ovrbench,anti_oracle,35,g86,0.26244168271991364,1.0
FootballEfficiency,tabular,ovrbench,random,35,g86,0.11163280324595021,0.5
FootballEfficiency,tabular,ovrbench,global_fixed,35,g86,0.11743760753750576,0.47058823529411764
FootballEfficiency,tabular,ovrbench,iforest_random,35,g86,0.13588445144544192,0.6568627450980392
FootballEfficiency,tabular,ovrbench,em,35,g86,0.11188276036740752,0.38235294117647056
FootballEfficiency,tabular,ovrbench,mv,35,g86,0.11188276036740752,0.38235294117647056
FootballEfficiency,tabular,ovrbench,consensus,35,g86,0.14928705975983272,0.7941176470588235
FootballEfficiency,tabular,ovrbench,model_centrality,35,g86,0.14928705975983272,0.7941176470588235
FootballEfficiency,tabular,ovrbench,hits,35,g86,0.14928705975983272,0.7941176470588235
FootballOutcome,tabular,ovrbench,oracle_best,35,g87,0.0,0.0
FootballOutcome,tabular,ovrbench,anti_oracle,35,g87,1.0731060021650274,1.0
FootballOutcome,tabular,ovrbench,random,35,g87,0.4575566946073183,0.5
FootballOutcome,tabular,ovrbench,global_fixed,35,g87,0.0025737794826911076,0.058823529411764705
FootballOutcome,tabular,ovrbench,iforest_random,35,g87,0.9034128060138948,0.9117647058823529
FootballOutcome,tabular,ovrbench,em,35,g87,0.8622053180640038,0.7647058823529411
FootballOutcome,tabular,ovrbench,mv,35,g87,0.8622053180640038,0.7647058823529411
FootballOutcome,tabular,ovrbench,consensus,35,g87,0.8965922290639069,0.8529411764705882
FootballOutcome,tabular,ovrbench,model_centrality,35,g87,0.8965922290639069,0.8529411764705882
FootballOutcome,tabular,ovrbench,hits,35,g87,0.8827831191637789,0.8235294117647058
GamingBehavior,tabular,ovrbench,oracle_best,36,g89,0.0,0.0
GamingBehavior,tabular,ovrbench,anti_oracle,36,g89,0.7870184528530235,1.0
GamingBehavior,tabular,ovrbench,random,36,g89,0.3608872738777691,0.5
GamingBehavior,tabular,ovrbench,global_fixed,36,g89,0.4794518167802089,0.8
GamingBehavior,tabular,ovrbench,iforest_random,36,g89,0.38300799626423976,0.5238095238095237
GamingBehavior,tabular,ovrbench,em,36,g89,0.3845362034344265,0.5428571428571428
GamingBehavior,tabular,ovrbench,mv,36,g89,0.3845362034344265,0.5428571428571428
GamingBehavior,tabular,ovrbench,consensus,36,g89,0.3845362034344265,0.5428571428571428
GamingBehavior,tabular,ovrbench,model_centrality,36,g89,0.3845362034344265,0.5428571428571428
GamingBehavior,tabular,ovrbench,hits,36,g89,0.3845362034344265,0.5428571428571428
GeneExpressionCoactivator,tabular,ovrbench,oracle_best,36,g90,0.0,0.0
GeneExpressionCoactivator,tabular,ovrbench,anti_oracle,36,g90,0.6690901821836823,1.0
GeneExpressionCoactivator,tabular,ovrbench,random,36,g90,0.24896573642887088,0.5
GeneExpressionCoactivator,tabular,ovrbench,global_fixed,36,g90,0.1922901969232318,0.42857142857142855
GeneExpressionCoactivator,tabular,ovrbench,iforest_random,36,g90,0.056052977997386844,0.08571428571428572
GeneExpressionCoactivator,tabular,ovrbench,em,36,g90,0.0501838789233946,0.05714285714285714
GeneExpressionCoactivator,tabular,ovrbench,mv,36,g90,0.0501838789233946,0.05714285714285714
GeneExpressionCoactivator,tabular,ovrbench,consensus,36,g90,0.0501838789233946,0.05714285714285714
GeneExpressionCoactivator,tabular,ovrbench,model_centrality,36,g90,0.0501838789233946,0.05714285714285714
GeneExpressionCoactivator,tabular,ovrbench,hits,36,g90,0.0501838789233946,0.05714285714285714
GeneticMutationAnalysis,tabular,ovrbench,oracle_best,36,g92,0.0,0.0
GeneticMutationAnalysis,tabular,ovrbench,anti_oracle,36,g92,0.712313241743443,1.0
GeneticMutationAnalysis,tabular,ovrbench,random,36,g92,0.5382512190694609,0.5
GeneticMutationAnalysis,tabular,ovrbench,global_fixed,36,g92,0.4901705937393158,0.2857142857142857
GeneticMutationAnalysis,tabular,ovrbench,iforest_random,36,g92,0.5014500053951113,0.30476190476190473
GeneticMutationAnalysis,tabular,ovrbench,em,36,g92,0.0,0.0
GeneticMutationAnalysis,tabular,ovrbench,mv,36,g92,0.0,0.0
GeneticMutationAnalysis,tabular,ovrbench,consensus,36,g92,0.6818582416860365,0.8
GeneticMutationAnalysis,tabular,ovrbench,model_centrality,36,g92,0.6818582416860365,0.8
GeneticMutationAnalysis,tabular,ovrbench,hits,36,g92,0.6818582416860365,0.8
GesturePhaseSegmentationProcessed,tabular,ovrbench,oracle_best,36,g97,0.0,0.0
GesturePhaseSegmentationProcessed,tabular,ovrbench,anti_oracle,36,g97,0.4562739230482969,1.0
GesturePhaseSegmentationProcessed,tabular,ovrbench,random,36,g97,0.38883967828791155,0.5
GesturePhaseSegmentationProcessed,tabular,ovrbench,global_fixed,36,g97,0.000192220444131197,0.02857142857142857
GesturePhaseSegmentationProcessed,tabular,ovrbench,iforest_random,36,g97,0.44327578926826433,0.5904761904761905
GesturePhaseSegmentationProcessed,tabular,ovrbench,em,36,g97,0.44868892988493014,0.8285714285714286
GesturePhaseSegmentationProcessed,tabular,ovrbench,mv,36,g97,0.4536850715571899,0.9428571428571428
GesturePhaseSegmentationProcessed,tabular,ovrbench,consensus,36,g97,0.4452695845420102,0.7142857142857143
GesturePhaseSegmentationProcessed,tabular,ovrbench,model_centrality,36,g97,0.4452695845420102,0.7142857142857143
GesturePhaseSegmentationProcessed,tabular,ovrbench,hits,36,g97,0.4452695845420102,0.7142857142857143
HeadingDetection,tabular,ovrbench,oracle_best,35,g110,0.0,0.0
HeadingDetection,tabular,ovrbench,anti_oracle,35,g110,0.20739488109187365,1.0
HeadingDetection,tabular,ovrbench,random,35,g110,0.1494038244149171,0.5
HeadingDetection,tabular,ovrbench,global_fixed,35,g110,0.14094415607314492,0.3235294117647059
HeadingDetection,tabular,ovrbench,iforest_random,35,g110,0.17069216700136303,0.6960784313725491
HeadingDetection,tabular,ovrbench,em,35,g110,0.2060127073752493,0.9705882352941176
HeadingDetection,tabular,ovrbench,mv,35,g110,0.2060127073752493,0.9705882352941176
HeadingDetection,tabular,ovrbench,consensus,35,g110,0.16452391054737764,0.5588235294117647
HeadingDetection,tabular,ovrbench,model_centrality,35,g110,0.1688706342707233,0.6764705882352942
HeadingDetection,tabular,ovrbench,hits,35,g110,0.1688706342707233,0.6764705882352942
ImageSegmentation,tabular,ovrbench,oracle_best,36,g123,0.0,0.0
ImageSegmentation,tabular,ovrbench,anti_oracle,36,g123,0.3115311145710363,1.0
ImageSegmentation,tabular,ovrbench,random,36,g123,0.15025487661503079,0.5
ImageSegmentation,tabular,ovrbench,global_fixed,36,g123,0.25751774053158705,0.8571428571428571
ImageSegmentation,tabular,ovrbench,iforest_random,36,g123,0.207285061300995,0.6
ImageSegmentation,tabular,ovrbench,em,36,g123,0.20564574737337854,0.5714285714285714
ImageSegmentation,tabular,ovrbench,mv,36,g123,0.20564574737337854,0.5714285714285714
ImageSegmentation,tabular,ovrbench,consensus,36,g123,0.20728892318939945,0.6
ImageSegmentation,tabular,ovrbench,model_centrality,36,g123,0.20728892318939945,0.6
ImageSegmentation,tabular,ovrbench,hits,36,g123,0.20728892318939945,0.6
JobChangePatterns,tabular,ovrbench,oracle_best,36,g128,0.0,0.0
JobChangePatterns,tabular,ovrbench,anti_oracle,36,g128,0.33524775740725765,1.0
JobChangePatterns,tabular,ovrbench,random,36,g128,0.21633248237155273,0.5
JobChangePatterns,tabular,ovrbench,global_fixed,36,g128,0.2885190157179263,0.6
JobChangePatterns,tabular,ovrbench,iforest_random,36,g128,0.1862024620396428,0.380952380952381
JobChangePatterns,tabular,ovrbench,em,36,g128,0.2360004717361569,0.4857142857142857
JobChangePatterns,tabular,ovrbench,mv,36,g128,0.2360004717361569,0.4857142857142857
JobChangePatterns,tabular,ovrbench,consensus,36,g128,0.17481287466326487,0.3142857142857143
JobChangePatterns,tabular,ovrbench,model_centrality,36,g128,0.17481287466326487,0.3142857142857143
JobChangePatterns,tabular,ovrbench,hits,36,g128,0.17481287466326487,0.3142857142857143
JobMarket,tabular,ovrbench,oracle_best,35,g129,0.0,0.0
JobMarket,tabular,ovrbench,anti_oracle,35,g129,0.8481661824129861,1.0
JobMarket,tabular,ovrbench,random,35,g129,0.6273721888102813,0.5
JobMarket,tabular,ovrbench,global_fixed,35,g129,0.0016440363797141089,0.029411764705882353
JobMarket,tabular,ovrbench,iforest_random,35,g129,0.6320539036561915,0.4215686274509804
JobMarket,tabular,ovrbench,em,35,g129,0.812172590232128,0.9117647058823529
JobMarket,tabular,ovrbench,mv,35,g129,0.812172590232128,0.9117647058823529
JobMarket,tabular,ovrbench,consensus,35,g129,0.6236854677132742,0.35294117647058826
JobMarket,tabular,ovrbench,model_centrality,35,g129,0.6236854677132742,0.35294117647058826
JobMarket,tabular,ovrbench,hits,35,g129,0.6236854677132742,0.35294117647058826
KickstarterCampaigns,tabular,ovrbench,oracle_best,34,g132,0.0,0.0
KickstarterCampaigns,tabular,ovrbench,anti_oracle,34,g132,0.41588215450335475,1.0
KickstarterCampaigns,tabular,ovrbench,random,34,g132,0.28663089689619786,0.5
KickstarterCampaigns,tabular,ovrbench,global_fixed,34,g132,0.31925506379983437,0.8181818181818182
KickstarterCampaigns,tabular,ovrbench,iforest_random,34,g132,0.23982542083829156,0.1616161616161616
KickstarterCampaigns,tabular,ovrbench,em,34,g132,0.24289734953614855,0.21212121212121213
KickstarterCampaigns,tabular,ovrbench,mv,34,g132,0.23662587760866538,0.12121212121212122
KickstarterCampaigns,tabular,ovrbench,consensus,34,g132,0.23159573069177197,0.09090909090909091
KickstarterCampaigns,tabular,ovrbench,model_centrality,34,g132,0.24289734953614855,0.21212121212121213
KickstarterCampaigns,tabular,ovrbench,hits,34,g132,0.23159573069177197,0.09090909090909091
MalariaDetection,tabular,ovrbench,oracle_best,36,g140,0.0,0.0
MalariaDetection,tabular,ovrbench,anti_oracle,36,g140,0.5872499502318944,1.0
MalariaDetection,tabular,ovrbench,random,36,g140,0.3846604416921854,0.5
MalariaDetection,tabular,ovrbench,global_fixed,36,g140,0.5125872368185589,0.6857142857142857
MalariaDetection,tabular,ovrbench,iforest_random,36,g140,0.3019356585797244,0.27619047619047615
MalariaDetection,tabular,ovrbench,em,36,g140,0.15936498544989391,0.11428571428571428
MalariaDetection,tabular,ovrbench,mv,36,g140,0.2561713685419836,0.22857142857142856
MalariaDetection,tabular,ovrbench,consensus,36,g140,0.2561713685419836,0.22857142857142856
MalariaDetection,tabular,ovrbench,model_centrality,36,g140,0.2561713685419836,0.22857142857142856
MalariaDetection,tabular,ovrbench,hits,36,g140,0.2561713685419836,0.22857142857142856
MalwareHardwareMetrics,tabular,ovrbench,oracle_best,36,g142,0.0,0.0
MalwareHardwareMetrics,tabular,ovrbench,anti_oracle,36,g142,0.5518424001065546,1.0
MalwareHardwareMetrics,tabular,ovrbench,random,36,g142,0.2535899993970605,0.5
MalwareHardwareMetrics,tabular,ovrbench,global_fixed,36,g142,0.22772057305449617,0.5142857142857142
MalwareHardwareMetrics,tabular,ovrbench,iforest_random,36,g142,0.196320673237027,0.42857142857142855
MalwareHardwareMetrics,tabular,ovrbench,em,36,g142,0.19670438969201676,0.42857142857142855
MalwareHardwareMetrics,tabular,ovrbench,mv,36,g142,0.19670438969201676,0.42857142857142855
MalwareHardwareMetrics,tabular,ovrbench,consensus,36,g142,0.06498606608471863,0.05714285714285714
MalwareHardwareMetrics,tabular,ovrbench,model_centrality,36,g142,0.06498606608471863,0.05714285714285714
MalwareHardwareMetrics,tabular,ovrbench,hits,36,g142,0.19670438969201676,0.42857142857142855
MissingInformation1,tabular,ovrbench,oracle_best,35,g148,0.0,0.0
MissingInformation1,tabular,ovrbench,anti_oracle,35,g148,0.40394429435873125,1.0
MissingInformation1,tabular,ovrbench,random,35,g148,0.20761174935874577,0.5
MissingInformation1,tabular,ovrbench,global_fixed,35,g148,0.01153877393035213,0.058823529411764705
MissingInformation1,tabular,ovrbench,iforest_random,35,g148,0.3227321512880004,0.8235294117647058
MissingInformation1,tabular,ovrbench,em,35,g148,0.3053564965433255,0.7941176470588235
MissingInformation1,tabular,ovrbench,mv,35,g148,0.3053564965433255,0.7941176470588235
MissingInformation1,tabular,ovrbench,consensus,35,g148,0.06038125236470382,0.14705882352941177
MissingInformation1,tabular,ovrbench,model_centrality,35,g148,0.06038125236470382,0.14705882352941177
MissingInformation1,tabular,ovrbench,hits,35,g148,0.06038125236470382,0.14705882352941177
MolecularAnomalies1,tabular,ovrbench,oracle_best,36,g153,0.0,0.0
MolecularAnomalies1,tabular,ovrbench,anti_oracle,36,g153,0.45342791049896486,1.0
MolecularAnomalies1,tabular,ovrbench,random,36,g153,0.28627335886139005,0.5
MolecularAnomalies1,tabular,ovrbench,global_fixed,36,g153,0.3649617584316529,0.5428571428571428
MolecularAnomalies1,tabular,ovrbench,iforest_random,36,g153,0.11183113488325158,0.17142857142857143
MolecularAnomalies1,tabular,ovrbench,em,36,g153,0.0,0.0
MolecularAnomalies1,tabular,ovrbench,mv,36,g153,0.0,0.0
MolecularAnomalies1,tabular,ovrbench,consensus,36,g153,0.2809012397779564,0.45714285714285713
MolecularAnomalies1,tabular,ovrbench,model_centrality,36,g153,0.2809012397779564,0.45714285714285713
MolecularAnomalies1,tabular,ovrbench,hits,36,g153,0.2809012397779564,0.45714285714285713
MolecularBinding,tabular,ovrbench,oracle_best,35,g154,0.0,0.0
MolecularBinding,tabular,ovrbench,anti_oracle,35,g154,0.49671013539922115,1.0
MolecularBinding,tabular,ovrbench,random,35,g154,0.13589011877701052,0.5
MolecularBinding,tabular,ovrbench,global_fixed,35,g154,0.49671013539922115,1.0
MolecularBinding,tabular,ovrbench,iforest_random,35,g154,0.10400890469493684,0.47058823529411764
MolecularBinding,tabular,ovrbench,em,35,g154,0.038603060422871205,0.20588235294117646
MolecularBinding,tabular,ovrbench,mv,35,g154,0.038603060422871205,0.20588235294117646
MolecularBinding,tabular,ovrbench,consensus,35,g154,0.0827753810214642,0.3235294117647059
MolecularBinding,tabular,ovrbench,model_centrality,35,g154,0.0827753810214642,0.3235294117647059
MolecularBinding,tabular,ovrbench,hits,35,g154,0.0827753810214642,0.3235294117647059
NetworkHealthMonitor,tabular,ovrbench,oracle_best,36,g162,0.0,0.0
NetworkHealthMonitor,tabular,ovrbench,anti_oracle,36,g162,0.4349390184138525,1.0
NetworkHealthMonitor,tabular,ovrbench,random,36,g162,0.16078686260006786,0.5
NetworkHealthMonitor,tabular,ovrbench,global_fixed,36,g162,0.19556019820009057,0.6285714285714286
NetworkHealthMonitor,tabular,ovrbench,iforest_random,36,g162,0.04001170610837462,0.11428571428571428
NetworkHealthMonitor,tabular,ovrbench,em,36,g162,0.13615345851556393,0.5428571428571428
NetworkHealthMonitor,tabular,ovrbench,mv,36,g162,0.13615345851556393,0.5428571428571428
NetworkHealthMonitor,tabular,ovrbench,consensus,36,g162,0.03787513171688456,0.08571428571428572
NetworkHealthMonitor,tabular,ovrbench,model_centrality,36,g162,0.03787513171688456,0.08571428571428572
NetworkHealthMonitor,tabular,ovrbench,hits,36,g162,0.03787513171688456,0.08571428571428572
NeuroSignalEEG,tabular,ovrbench,oracle_best,34,g163,0.0,0.0
NeuroSignalEEG,tabular,ovrbench,anti_oracle,34,g163,0.35853181485212093,1.0
NeuroSignalEEG,tabular,ovrbench,random,34,g163,0.3245463599726349,0.5
NeuroSignalEEG,tabular,ovrbench,global_fixed,34,g163,0.33698218832529436,0.2727272727272727
NeuroSignalEEG,tabular,ovrbench,iforest_random,34,g163,0.3506269967723656,0.7373737373737373
NeuroSignalEEG,tabular,ovrbench,em,34,g163,0.0,0.0
NeuroSignalEEG,tabular,ovrbench,mv,34,g163,0.0,0.0
NeuroSignalEEG,tabular,ovrbench,consensus,34,g163,0.34972968097600354,0.6666666666666666
NeuroSignalEEG,tabular,ovrbench,model_centrality,34,g163,0.34972968097600354,0.6666666666666666
NeuroSignalEEG,tabular,ovrbench,hits,34,g163,0.34972968097600354,0.6666666666666666
OrbitalAnomalies,tabular,ovrbench,oracle_best,35,g178,0.0,0.0
OrbitalAnomalies,tabular,ovrbench,anti_oracle,35,g178,0.7574851872287751,1.0
OrbitalAnomalies,tabular,ovrbench,random,35,g178,0.5528219547811917,0.5
OrbitalAnomalies,tabular,ovrbench,global_fixed,35,g178,0.749852795033678,0.8823529411764706
OrbitalAnomalies,tabular,ovrbench,iforest_random,35,g178,0.30330931906478964,0.20588235294117646
OrbitalAnomalies,tabular,ovrbench,em,35,g178,0.3935081469310427,0.29411764705882354
OrbitalAnomalies,tabular,ovrbench,mv,35,g178,0.2665889189923366,0.17647058823529413
OrbitalAnomalies,tabular,ovrbench,consensus,35,g178,0.2665889189923366,0.17647058823529413
OrbitalAnomalies,tabular,ovrbench,model_centrality,35,g178,0.2665889189923366,0.17647058823529413
OrbitalAnomalies,tabular,ovrbench,hits,35,g178,0.24341624935449746,0.11764705882352941
PatientSurvival1,tabular,ovrbench,oracle_best,36,g182,0.0,0.0
PatientSurvival1,tabular,ovrbench,anti_oracle,36,g182,0.27699986776908697,1.0
PatientSurvival1,tabular,ovrbench,random,36,g182,0.1566999551132358,0.5
PatientSurvival1,tabular,ovrbench,global_fixed,36,g182,0.16120115006914026,0.42857142857142855
PatientSurvival1,tabular,ovrbench,iforest_random,36,g182,0.0280792878632532,0.09523809523809525
PatientSurvival1,tabular,ovrbench,em,36,g182,0.015905896200164138,0.05714285714285714
PatientSurvival1,tabular,ovrbench,mv,36,g182,0.015905896200164138,0.05714285714285714
PatientSurvival1,tabular,ovrbench,consensus,36,g182,0.015905896200164138,0.05714285714285714
PatientSurvival1,tabular,ovrbench,model_centrality,36,g182,0.015905896200164138,0.05714285714285714
PatientSurvival1,tabular,ovrbench,hits,36,g182,0.015905896200164138,0.05714285714285714
PerformanceBenchmark,tabular,ovrbench,oracle_best,36,g184,0.0,0.0
PerformanceBenchmark,tabular,ovrbench,anti_oracle,36,g184,0.5670678404208306,1.0
PerformanceBenchmark,tabular,ovrbench,random,36,g184,0.321938904038829,0.5
PerformanceBenchmark,tabular,ovrbench,global_fixed,36,g184,0.24305915243919773,0.2571428571428571
PerformanceBenchmark,tabular,ovrbench,iforest_random,36,g184,0.2020006501959148,0.1619047619047619
PerformanceBenchmark,tabular,ovrbench,em,36,g184,0.1948041046684988,0.11428571428571428
PerformanceBenchmark,tabular,ovrbench,mv,36,g184,0.1948041046684988,0.11428571428571428
PerformanceBenchmark,tabular,ovrbench,consensus,36,g184,0.1948041046684988,0.11428571428571428
PerformanceBenchmark,tabular,ovrbench,model_centrality,36,g184,0.1948041046684988,0.11428571428571428
PerformanceBenchmark,tabular,ovrbench,hits,36,g184,0.1948041046684988,0.11428571428571428
PokemonBattle,tabular,ovrbench,oracle_best,35,g188,0.0,0.0
PokemonBattle,tabular,ovrbench,anti_oracle,35,g188,0.15701629204795375,1.0
PokemonBattle,tabular,ovrbench,random,35,g188,0.10523879639040713,0.5
PokemonBattle,tabular,ovrbench,global_fixed,35,g188,0.0,0.0
PokemonBattle,tabular,ovrbench,iforest_random,35,g188,0.10259056755079231,0.36274509803921573
PokemonBattle,tabular,ovrbench,em,35,g188,0.06989880141652924,0.11764705882352941
PokemonBattle,tabular,ovrbench,mv,35,g188,0.02125271695634956,0.029411764705882353
PokemonBattle,tabular,ovrbench,consensus,35,g188,0.10356965538643027,0.35294117647058826
PokemonBattle,tabular,ovrbench,model_centrality,35,g188,0.10356965538643027,0.35294117647058826
PokemonBattle,tabular,ovrbench,hits,35,g188,0.10356965538643027,0.35294117647058826
PredictiveMaintenance,tabular,ovrbench,oracle_best,35,g193,0.0,0.0
PredictiveMaintenance,tabular,ovrbench,anti_oracle,35,g193,0.4807199577124655,1.0
PredictiveMaintenance,tabular,ovrbench,random,35,g193,0.1915200058508616,0.5
PredictiveMaintenance,tabular,ovrbench,global_fixed,35,g193,0.1273815007099114,0.23529411764705882
PredictiveMaintenance,tabular,ovrbench,iforest_random,35,g193,0.14884081788012338,0.4313725490196078
PredictiveMaintenance,tabular,ovrbench,em,35,g193,0.2784479562593646,0.7941176470588235
PredictiveMaintenance,tabular,ovrbench,mv,35,g193,0.2784479562593646,0.7941176470588235
PredictiveMaintenance,tabular,ovrbench,consensus,35,g193,0.1459647355036685,0.4117647058823529
PredictiveMaintenance,tabular,ovrbench,model_centrality,35,g193,0.1459647355036685,0.4117647058823529
PredictiveMaintenance,tabular,ovrbench,hits,35,g193,0.1459647355036685,0.4117647058823529
RealEstateData,tabular,ovrbench,oracle_best,34,g206,0.0,0.0
RealEstateData,tabular,ovrbench,anti_oracle,34,g206,0.4632093894521534,1.0
RealEstateData,tabular,ovrbench,random,34,g206,0.32470119059958624,0.5
RealEstateData,tabular,ovrbench,global_fixed,34,g206,0.30510342944374536,0.15151515151515152
RealEstateData,tabular,ovrbench,iforest_random,34,g206,0.3859031010495436,0.7272727272727273
RealEstateData,tabular,ovrbench,em,34,g206,0.11514581068214383,0.09090909090909091
RealEstateData,tabular,ovrbench,mv,34,g206,0.11514581068214383,0.09090909090909091
RealEstateData,tabular,ovrbench,consensus,34,g206,0.4632093894521534,1.0
RealEstateData,tabular,ovrbench,model_centrality,34,g206,0.4632093894521534,1.0
RealEstateData,tabular,ovrbench,hits,34,g206,0.39583137459018847,0.7575757575757576
ReviewSentiment,tabular,ovrbench,oracle_best,35,g210,0.0,0.0
ReviewSentiment,tabular,ovrbench,anti_oracle,35,g210,0.96027677394892,1.0
ReviewSentiment,tabular,ovrbench,random,35,g210,0.4129913209824372,0.5
ReviewSentiment,tabular,ovrbench,global_fixed,35,g210,0.0,0.0
ReviewSentiment,tabular,ovrbench,iforest_random,35,g210,0.6277041750082597,0.8725490196078431
ReviewSentiment,tabular,ovrbench,em,35,g210,0.6325607926339013,0.9117647058823529
ReviewSentiment,tabular,ovrbench,mv,35,g210,0.6325607926339013,0.9117647058823529
ReviewSentiment,tabular,ovrbench,consensus,35,g210,0.6325607926339013,0.9117647058823529
ReviewSentiment,tabular,ovrbench,model_centrality,35,g210,0.6325607926339013,0.9117647058823529
ReviewSentiment,tabular,ovrbench,hits,35,g210,0.6325607926339013,0.9117647058823529
Run_or_walk_information,tabular,ovrbench,oracle_best,35,g213,0.0,0.0
Run_or_walk_information,tabular,ovrbench,anti_oracle,35,g213,0.6811312615846167,1.0
Run_or_walk_information,tabular,ovrbench,random,35,g213,0.46865803845353593,0.5
Run_or_walk_information,tabular,ovrbench,global_fixed,35,g213,0.04158003829856227,0.029411764705882353
Run_or_walk_information,tabular,ovrbench,iforest_random,35,g213,0.5868725688366431,0.7745098039215685
Run_or_walk_information,tabular,ovrbench,em,35,g213,0.6181394318540356,0.9117647058823529
Run_or_walk_information,tabular,ovrbench,mv,35,g213,0.6181394318540356,0.9117647058823529
Run_or_walk_information,tabular,ovrbench,consensus,35,g213,0.5817431473848007,0.7352941176470589
Run_or_walk_information,tabular,ovrbench,model_centrality,35,g213,0.5602959442985967,0.5882352941176471
Run_or_walk_information,tabular,ovrbench,hits,35,g213,0.5817431473848007,0.7352941176470589
Satellite,tabular,ovrbench,oracle_best,35,g216,0.0,0.0
Satellite,tabular,ovrbench,anti_oracle,35,g216,0.3536879262997048,1.0
Satellite,tabular,ovrbench,random,35,g216,0.24324352769739582,0.5
Satellite,tabular,ovrbench,global_fixed,35,g216,0.045111465175420584,0.029411764705882353
Satellite,tabular,ovrbench,iforest_random,35,g216,0.20749037925785963,0.22549019607843138
Satellite,tabular,ovrbench,em,35,g216,0.2092632067310931,0.29411764705882354
Satellite,tabular,ovrbench,mv,35,g216,0.2092632067310931,0.29411764705882354
Satellite,tabular,ovrbench,consensus,35,g216,0.20097214037159034,0.17647058823529413
Satellite,tabular,ovrbench,model_centrality,35,g216,0.20097214037159034,0.17647058823529413
Satellite,tabular,ovrbench,hits,35,g216,0.32140684269529396,0.7647058823529411
ScientificMeasurement,tabular,ovrbench,oracle_best,34,g219,0.0,0.0
ScientificMeasurement,tabular,ovrbench,anti_oracle,34,g219,0.8800872334274424,1.0
ScientificMeasurement,tabular,ovrbench,random,34,g219,0.6344685726156523,0.5
ScientificMeasurement,tabular,ovrbench,global_fixed,34,g219,0.0,0.0
ScientificMeasurement,tabular,ovrbench,iforest_random,34,g219,0.6091795860099325,0.3333333333333333
ScientificMeasurement,tabular,ovrbench,em,34,g219,0.0,0.0
ScientificMeasurement,tabular,ovrbench,mv,34,g219,0.0,0.0
ScientificMeasurement,tabular,ovrbench,consensus,34,g219,0.5975779221207781,0.30303030303030304
ScientificMeasurement,tabular,ovrbench,model_centrality,34,g219,0.5975779221207781,0.30303030303030304
ScientificMeasurement,tabular,ovrbench,hits,34,g219,0.5975779221207781,0.30303030303030304
SensorAnomaly,tabular,ovrbench,oracle_best,36,g221,0.0,0.0
SensorAnomaly,tabular,ovrbench,anti_oracle,36,g221,0.16121680148545753,1.0
SensorAnomaly,tabular,ovrbench,random,36,g221,0.11666459332793172,0.5
SensorAnomaly,tabular,ovrbench,global_fixed,36,g221,0.16121680148545753,1.0
SensorAnomaly,tabular,ovrbench,iforest_random,36,g221,0.12840737481617903,0.42857142857142855
SensorAnomaly,tabular,ovrbench,em,36,g221,0.12362926141931461,0.37142857142857144
SensorAnomaly,tabular,ovrbench,mv,36,g221,0.12362926141931461,0.37142857142857144
SensorAnomaly,tabular,ovrbench,consensus,36,g221,0.12480386821376603,0.4
SensorAnomaly,tabular,ovrbench,model_centrality,36,g221,0.12480386821376603,0.4
SensorAnomaly,tabular,ovrbench,hits,36,g221,0.12480386821376603,0.4
ShillBidding,tabular,ovrbench,oracle_best,35,g224,0.0,0.0
ShillBidding,tabular,ovrbench,anti_oracle,35,g224,0.7366871453043506,1.0
ShillBidding,tabular,ovrbench,random,35,g224,0.45290873271913495,0.5
ShillBidding,tabular,ovrbench,global_fixed,35,g224,0.5720316890345645,0.47058823529411764
ShillBidding,tabular,ovrbench,iforest_random,35,g224,0.04409048771509805,0.13725490196078433
ShillBidding,tabular,ovrbench,em,35,g224,0.013635879578371424,0.058823529411764705
ShillBidding,tabular,ovrbench,mv,35,g224,0.013635879578371424,0.058823529411764705
ShillBidding,tabular,ovrbench,consensus,35,g224,0.040063810183698534,0.14705882352941177
ShillBidding,tabular,ovrbench,model_centrality,35,g224,0.040063810183698534,0.14705882352941177
ShillBidding,tabular,ovrbench,hits,35,g224,0.040063810183698534,0.14705882352941177
ShuttleOperations,tabular,ovrbench,oracle_best,36,g225,0.0,0.0
ShuttleOperations,tabular,ovrbench,anti_oracle,36,g225,0.9074642734133747,1.0
ShuttleOperations,tabular,ovrbench,random,36,g225,0.49216041106139424,0.5
ShuttleOperations,tabular,ovrbench,global_fixed,36,g225,0.0,0.0
ShuttleOperations,tabular,ovrbench,iforest_random,36,g225,0.6962343097798698,0.6571428571428571
ShuttleOperations,tabular,ovrbench,em,36,g225,0.04244938786741215,0.17142857142857143
ShuttleOperations,tabular,ovrbench,mv,36,g225,0.04244938786741215,0.17142857142857143
ShuttleOperations,tabular,ovrbench,consensus,36,g225,0.6867243650576605,0.6285714285714286
ShuttleOperations,tabular,ovrbench,model_centrality,36,g225,0.6867243650576605,0.6285714285714286
ShuttleOperations,tabular,ovrbench,hits,36,g225,0.6867243650576605,0.6285714285714286
SolarFlare,tabular,ovrbench,oracle_best,35,g236,0.0,0.0
SolarFlare,tabular,ovrbench,anti_oracle,35,g236,0.3632216852278973,1.0
SolarFlare,tabular,ovrbench,random,35,g236,0.16456035280868858,0.5
SolarFlare,tabular,ovrbench,global_fixed,35,g236,0.1547140493962876,0.5588235294117647
SolarFlare,tabular,ovrbench,iforest_random,35,g236,0.017627844557355277,0.10784313725490195
SolarFlare,tabular,ovrbench,em,35,g236,0.01584732424242613,0.058823529411764705
SolarFlare,tabular,ovrbench,mv,35,g236,0.01584732424242613,0.058823529411764705
SolarFlare,tabular,ovrbench,consensus,35,g236,0.018862605989492076,0.14705882352941177
SolarFlare,tabular,ovrbench,model_centrality,35,g236,0.01717847863141242,0.08823529411764706
SolarFlare,tabular,ovrbench,hits,35,g236,0.01584732424242613,0.058823529411764705
SpatialAnomalies,tabular,ovrbench,oracle_best,35,g237,0.0,0.0
SpatialAnomalies,tabular,ovrbench,anti_oracle,35,g237,0.4398831792645189,1.0
SpatialAnomalies,tabular,ovrbench,random,35,g237,0.3269460563287498,0.5
SpatialAnomalies,tabular,ovrbench,global_fixed,35,g237,0.0,0.0
SpatialAnomalies,tabular,ovrbench,iforest_random,35,g237,0.41698043941021756,0.6372549019607844
SpatialAnomalies,tabular,ovrbench,em,35,g237,0.018075506390028417,0.029411764705882353
SpatialAnomalies,tabular,ovrbench,mv,35,g237,0.018075506390028417,0.029411764705882353
SpatialAnomalies,tabular,ovrbench,consensus,35,g237,0.3179175093916691,0.35294117647058826
SpatialAnomalies,tabular,ovrbench,model_centrality,35,g237,0.3179175093916691,0.35294117647058826
SpatialAnomalies,tabular,ovrbench,hits,35,g237,0.40986332164163447,0.5
SpectralImaging,tabular,ovrbench,oracle_best,35,g238,0.0,0.0
SpectralImaging,tabular,ovrbench,anti_oracle,35,g238,0.7473207989682367,1.0
SpectralImaging,tabular,ovrbench,random,35,g238,0.3461104484714828,0.5
SpectralImaging,tabular,ovrbench,global_fixed,35,g238,0.46118716356748407,0.6470588235294118
SpectralImaging,tabular,ovrbench,iforest_random,35,g238,0.11297191737253753,0.17647058823529413
SpectralImaging,tabular,ovrbench,em,35,g238,0.035724584569701734,0.11764705882352941
SpectralImaging,tabular,ovrbench,mv,35,g238,0.035724584569701734,0.11764705882352941
SpectralImaging,tabular,ovrbench,consensus,35,g238,0.11547651715756613,0.17647058823529413
SpectralImaging,tabular,ovrbench,model_centrality,35,g238,0.11547651715756613,0.17647058823529413
SpectralImaging,tabular,ovrbench,hits,35,g238,0.11547651715756613,0.17647058823529413
SpeechAnalysis,tabular,ovrbench,oracle_best,36,g240,0.0,0.0
SpeechAnalysis,tabular,ovrbench,anti_oracle,36,g240,0.6377242716255677,1.0
SpeechAnalysis,tabular,ovrbench,random,36,g240,0.5069016260692389,0.5
SpeechAnalysis,tabular,ovrbench,global_fixed,36,g240,0.41027985774583414,0.22857142857142856
SpeechAnalysis,tabular,ovrbench,iforest_random,36,g240,0.4620740910407477,0.3142857142857143
SpeechAnalysis,tabular,ovrbench,em,36,g240,0.4719928920770712,0.3142857142857143
SpeechAnalysis,tabular,ovrbench,mv,36,g240,0.4342700742173005,0.2571428571428571
SpeechAnalysis,tabular,ovrbench,consensus,36,g240,0.5626196751791059,0.5142857142857142
SpeechAnalysis,tabular,ovrbench,model_centrality,36,g240,0.5626196751791059,0.5142857142857142
SpeechAnalysis,tabular,ovrbench,hits,36,g240,0.5626196751791059,0.5142857142857142
SpotifyHitPredictor,tabular,ovrbench,oracle_best,36,g241,0.0,0.0
SpotifyHitPredictor,tabular,ovrbench,anti_oracle,36,g241,0.42132310695705555,1.0
SpotifyHitPredictor,tabular,ovrbench,random,36,g241,0.19561936879532565,0.5
SpotifyHitPredictor,tabular,ovrbench,global_fixed,36,g241,0.42132310695705555,1.0
SpotifyHitPredictor,tabular,ovrbench,iforest_random,36,g241,0.060804186607599175,0.09523809523809525
SpotifyHitPredictor,tabular,ovrbench,em,36,g241,0.06001841990857887,0.11428571428571428
SpotifyHitPredictor,tabular,ovrbench,mv,36,g241,0.06001841990857887,0.11428571428571428
SpotifyHitPredictor,tabular,ovrbench,consensus,36,g241,0.05325213562626763,0.05714285714285714
SpotifyHitPredictor,tabular,ovrbench,model_centrality,36,g241,0.05325213562626763,0.05714285714285714
SpotifyHitPredictor,tabular,ovrbench,hits,36,g241,0.05325213562626763,0.05714285714285714
StockMarketAnomaly,tabular,ovrbench,oracle_best,36,g243,0.0,0.0
StockMarketAnomaly,tabular,ovrbench,anti_oracle,36,g243,0.9376117844878133,1.0
StockMarketAnomaly,tabular,ovrbench,random,36,g243,0.5249671397872826,0.5
StockMarketAnomaly,tabular,ovrbench,global_fixed,36,g243,0.0,0.0
StockMarketAnomaly,tabular,ovrbench,iforest_random,36,g243,0.6968503954358011,0.6761904761904762
StockMarketAnomaly,tabular,ovrbench,em,36,g243,0.3261961803406931,0.2857142857142857
StockMarketAnomaly,tabular,ovrbench,mv,36,g243,0.3261961803406931,0.2857142857142857
StockMarketAnomaly,tabular,ovrbench,consensus,36,g243,0.7046520549379645,0.7142857142857143
StockMarketAnomaly,tabular,ovrbench,model_centrality,36,g243,0.7046520549379645,0.7142857142857143
StockMarketAnomaly,tabular,ovrbench,hits,36,g243,0.7046520549379645,0.7142857142857143
SwampAnomaly,tabular,ovrbench,oracle_best,35,g255,0.0,0.0
SwampAnomaly,tabular,ovrbench,anti_oracle,35,g255,0.6623492109385742,1.0
SwampAnomaly,tabular,ovrbench,random,35,g255,0.371795787006587,0.5
SwampAnomaly,tabular,ovrbench,global_fixed,35,g255,0.0,0.0
SwampAnomaly,tabular,ovrbench,iforest_random,35,g255,0.34731148118808847,0.37254901960784315
SwampAnomaly,tabular,ovrbench,em,35,g255,0.479875189653986,0.6470588235294118
SwampAnomaly,tabular,ovrbench,mv,35,g255,0.479875189653986,0.6470588235294118
SwampAnomaly,tabular,ovrbench,consensus,35,g255,0.35292772289615637,0.38235294117647056
SwampAnomaly,tabular,ovrbench,model_centrality,35,g255,0.35292772289615637,0.38235294117647056
SwampAnomaly,tabular,ovrbench,hits,35,g255,0.35292772289615637,0.38235294117647056
SyntheticNumericalBatch,tabular,ovrbench,oracle_best,36,g257,0.0,0.0
SyntheticNumericalBatch,tabular,ovrbench,anti_oracle,36,g257,0.27860138637342374,1.0
SyntheticNumericalBatch,tabular,ovrbench,random,36,g257,0.20686676353895822,0.5
SyntheticNumericalBatch,tabular,ovrbench,global_fixed,36,g257,0.0,0.0
SyntheticNumericalBatch,tabular,ovrbench,iforest_random,36,g257,0.22843995399981518,0.6571428571428571
SyntheticNumericalBatch,tabular,ovrbench,em,36,g257,0.22614726439948504,0.6571428571428571
SyntheticNumericalBatch,tabular,ovrbench,mv,36,g257,0.22614726439948504,0.6571428571428571
SyntheticNumericalBatch,tabular,ovrbench,consensus,36,g257,0.22212643992956746,0.5428571428571428
SyntheticNumericalBatch,tabular,ovrbench,model_centrality,36,g257,0.22212643992956746,0.5428571428571428
SyntheticNumericalBatch,tabular,ovrbench,hits,36,g257,0.22212643992956746,0.5428571428571428
SystemPerformance2,tabular,ovrbench,oracle_best,36,g261,0.0,0.0
SystemPerformance2,tabular,ovrbench,anti_oracle,36,g261,0.6993800448911784,1.0
SystemPerformance2,tabular,ovrbench,random,36,g261,0.4546453566032681,0.5
SystemPerformance2,tabular,ovrbench,global_fixed,36,g261,0.008725194875559006,0.02857142857142857
SystemPerformance2,tabular,ovrbench,iforest_random,36,g261,0.6312656520217681,0.8
SystemPerformance2,tabular,ovrbench,em,36,g261,0.0,0.0
SystemPerformance2,tabular,ovrbench,mv,36,g261,0.0,0.0
SystemPerformance2,tabular,ovrbench,consensus,36,g261,0.6293106946092868,0.7714285714285715
SystemPerformance2,tabular,ovrbench,model_centrality,36,g261,0.6332528797043405,0.8285714285714286
SystemPerformance2,tabular,ovrbench,hits,36,g261,0.6293106946092868,0.7714285714285715
ThermalAnomaly,tabular,ovrbench,oracle_best,36,g264,0.0,0.0
ThermalAnomaly,tabular,ovrbench,anti_oracle,36,g264,0.41108014639843865,1.0
ThermalAnomaly,tabular,ovrbench,random,36,g264,0.12224841865283742,0.5
ThermalAnomaly,tabular,ovrbench,global_fixed,36,g264,0.24532306484114397,0.9142857142857143
ThermalAnomaly,tabular,ovrbench,iforest_random,36,g264,0.10402755259194951,0.42857142857142855
ThermalAnomaly,tabular,ovrbench,em,36,g264,0.06306406873056458,0.2571428571428571
ThermalAnomaly,tabular,ovrbench,mv,36,g264,0.06306406873056458,0.2571428571428571
ThermalAnomaly,tabular,ovrbench,consensus,36,g264,0.1060991157377762,0.42857142857142855
ThermalAnomaly,tabular,ovrbench,model_centrality,36,g264,0.1060991157377762,0.42857142857142855
ThermalAnomaly,tabular,ovrbench,hits,36,g264,0.1060991157377762,0.42857142857142855
TrafficSensor,tabular,ovrbench,oracle_best,36,g268,0.0,0.0
TrafficSensor,tabular,ovrbench,anti_oracle,36,g268,0.7296667169020438,1.0
TrafficSensor,tabular,ovrbench,random,36,g268,0.5842303772275728,0.5
TrafficSensor,tabular,ovrbench,global_fixed,36,g268,0.10777454481733528,0.02857142857142857
TrafficSensor,tabular,ovrbench,iforest_random,36,g268,0.5212650431002747,0.18095238095238095
TrafficSensor,tabular,ovrbench,em,36,g268,0.10777454481733528,0.02857142857142857
TrafficSensor,tabular,ovrbench,mv,36,g268,0.10777454481733528,0.02857142857142857
TrafficSensor,tabular,ovrbench,consensus,36,g268,0.5133122444155938,0.17142857142857143
TrafficSensor,tabular,ovrbench,model_centrality,36,g268,0.5133122444155938,0.17142857142857143
TrafficSensor,tabular,ovrbench,hits,36,g268,0.5133122444155938,0.17142857142857143
UrlAnalysis,tabular,ovrbench,oracle_best,36,g381,0.0,0.0
UrlAnalysis,tabular,ovrbench,anti_oracle,36,g381,0.6085110790534596,1.0
UrlAnalysis,tabular,ovrbench,random,36,g381,0.2728041193498416,0.5
UrlAnalysis,tabular,ovrbench,global_fixed,36,g381,0.35740836945024,0.8571428571428571
UrlAnalysis,tabular,ovrbench,iforest_random,36,g381,0.07470403474652587,0.09523809523809525
UrlAnalysis,tabular,ovrbench,em,36,g381,0.06544441292673309,0.05714285714285714
UrlAnalysis,tabular,ovrbench,mv,36,g381,0.06635868979580845,0.08571428571428572
UrlAnalysis,tabular,ovrbench,consensus,36,g381,0.06635868979580845,0.08571428571428572
UrlAnalysis,tabular,ovrbench,model_centrality,36,g381,0.06635868979580845,0.08571428571428572
UrlAnalysis,tabular,ovrbench,hits,36,g381,0.06635868979580845,0.08571428571428572
UserInteraction1,tabular,ovrbench,oracle_best,35,g383,0.0,0.0
UserInteraction1,tabular,ovrbench,anti_oracle,35,g383,0.7784842407551728,1.0
UserInteraction1,tabular,ovrbench,random,35,g383,0.4445747553476413,0.5
UserInteraction1,tabular,ovrbench,global_fixed,35,g383,0.6639141611334953,0.9117647058823529
UserInteraction1,tabular,ovrbench,iforest_random,35,g383,0.010659553169549696,0.029411764705882353
UserInteraction1,tabular,ovrbench,em,35,g383,0.4966599944022575,0.4117647058823529
UserInteraction1,tabular,ovrbench,mv,35,g383,0.4966599944022575,0.4117647058823529
UserInteraction1,tabular,ovrbench,consensus,35,g383,0.007714085899967804,0.029411764705882353
UserInteraction1,tabular,ovrbench,model_centrality,35,g383,0.007714085899967804,0.029411764705882353
UserInteraction1,tabular,ovrbench,hits,35,g383,0.6409896495064954,0.7352941176470589
ViralProteinFunction,tabular,ovrbench,oracle_best,36,g387,0.0,0.0
ViralProteinFunction,tabular,ovrbench,anti_oracle,36,g387,0.3270757009089008,1.0
ViralProteinFunction,tabular,ovrbench,random,36,g387,0.24008806515024586,0.5
ViralProteinFunction,tabular,ovrbench,global_fixed,36,g387,0.28052497350373523,0.8285714285714286
ViralProteinFunction,tabular,ovrbench,iforest_random,36,g387,0.21175493268022816,0.14285714285714285
ViralProteinFunction,tabular,ovrbench,em,36,g387,0.24560721451998413,0.5142857142857142
ViralProteinFunction,tabular,ovrbench,mv,36,g387,0.24560721451998413,0.5142857142857142
ViralProteinFunction,tabular,ovrbench,consensus,36,g387,0.21127165813718735,0.14285714285714285
ViralProteinFunction,tabular,ovrbench,model_centrality,36,g387,0.21127165813718735,0.14285714285714285
ViralProteinFunction,tabular,ovrbench,hits,36,g387,0.21127165813718735,0.14285714285714285
WellMetrics,tabular,ovrbench,oracle_best,35,g403,0.0,0.0
WellMetrics,tabular,ovrbench,anti_oracle,35,g403,0.5738621001211504,1.0
WellMetrics,tabular,ovrbench,random,35,g403,0.17122995495990984,0.5
WellMetrics,tabular,ovrbench,global_fixed,35,g403,0.13867378384146384,0.5294117647058824
WellMetrics,tabular,ovrbench,iforest_random,35,g403,0.1999535561191007,0.7058823529411765
WellMetrics,tabular,ovrbench,em,35,g403,0.062379419269394054,0.3235294117647059
WellMetrics,tabular,ovrbench,mv,35,g403,0.062379419269394054,0.3235294117647059
WellMetrics,tabular,ovrbench,consensus,35,g403,0.20215324289476816,0.7058823529411765
WellMetrics,tabular,ovrbench,model_centrality,35,g403,0.20215324289476816,0.7058823529411765
WellMetrics,tabular,ovrbench,hits,35,g403,0.20215324289476816,0.7058823529411765
XSSDetection,tabular,ovrbench,oracle_best,36,g410,0.0,0.0
XSSDetection,tabular,ovrbench,anti_oracle,36,g410,0.5270718648920933,1.0
XSSDetection,tabular,ovrbench,random,36,g410,0.31280849152909646,0.5
XSSDetection,tabular,ovrbench,global_fixed,36,g410,0.37352726846810186,0.4857142857142857
XSSDetection,tabular,ovrbench,iforest_random,36,g410,0.14807538809614984,0.2571428571428571
XSSDetection,tabular,ovrbench,em,36,g410,0.07970204243339407,0.08571428571428572
XSSDetection,tabular,ovrbench,mv,36,g410,0.07970204243339407,0.08571428571428572
XSSDetection,tabular,ovrbench,consensus,36,g410,0.1733183263122989,0.34285714285714286
XSSDetection,tabular,ovrbench,model_centrality,36,g410,0.1733183263122989,0.34285714285714286
XSSDetection,tabular,ovrbench,hits,36,g410,0.1733183263122989,0.34285714285714286
ailerons,tabular,ovrbench,oracle_best,35,g2,0.0,0.0
ailerons,tabular,ovrbench,anti_oracle,35,g2,0.3217412878931875,1.0
ailerons,tabular,ovrbench,random,35,g2,0.17467592507209334,0.5
ailerons,tabular,ovrbench,global_fixed,35,g2,0.188906243286219,0.5294117647058824
ailerons,tabular,ovrbench,iforest_random,35,g2,0.05077693635853486,0.14705882352941177
ailerons,tabular,ovrbench,em,35,g2,0.0457476550099134,0.058823529411764705
ailerons,tabular,ovrbench,mv,35,g2,0.0457476550099134,0.058823529411764705
ailerons,tabular,ovrbench,consensus,35,g2,0.048747382340313616,0.11764705882352941
ailerons,tabular,ovrbench,model_centrality,35,g2,0.048747382340313616,0.11764705882352941
ailerons,tabular,ovrbench,hits,35,g2,0.048747382340313616,0.11764705882352941
dry_bean_dataset,tabular,ovrbench,oracle_best,35,g64,0.0,0.0
dry_bean_dataset,tabular,ovrbench,anti_oracle,35,g64,0.5057492157550976,1.0
dry_bean_dataset,tabular,ovrbench,random,35,g64,0.1857769449405915,0.5
dry_bean_dataset,tabular,ovrbench,global_fixed,35,g64,0.136788249706833,0.47058823529411764
dry_bean_dataset,tabular,ovrbench,iforest_random,35,g64,0.09933846554158521,0.20588235294117646
dry_bean_dataset,tabular,ovrbench,em,35,g64,0.0928721575741912,0.2647058823529412
dry_bean_dataset,tabular,ovrbench,mv,35,g64,0.0928721575741912,0.2647058823529412
dry_bean_dataset,tabular,ovrbench,consensus,35,g64,0.19752545476556416,0.7058823529411765
dry_bean_dataset,tabular,ovrbench,model_centrality,35,g64,0.19752545476556416,0.7058823529411765
dry_bean_dataset,tabular,ovrbench,hits,35,g64,0.19752545476556416,0.7058823529411765
internet_firewall,tabular,ovrbench,oracle_best,36,g125,0.0,0.0
internet_firewall,tabular,ovrbench,anti_oracle,36,g125,0.3548437306820414,1.0
internet_firewall,tabular,ovrbench,random,36,g125,0.2913725754722424,0.5
internet_firewall,tabular,ovrbench,global_fixed,36,g125,0.29992936084736954,0.4
internet_firewall,tabular,ovrbench,iforest_random,36,g125,0.3264845426366255,0.5142857142857142
internet_firewall,tabular,ovrbench,em,36,g125,0.3279501572114522,0.5428571428571428
internet_firewall,tabular,ovrbench,mv,36,g125,0.35384083000765665,0.8285714285714286
internet_firewall,tabular,ovrbench,consensus,36,g125,0.3251745267825952,0.4857142857142857
internet_firewall,tabular,ovrbench,model_centrality,36,g125,0.3251745267825952,0.4857142857142857
internet_firewall,tabular,ovrbench,hits,36,g125,0.3279501572114522,0.5428571428571428
madeline,tabular,ovrbench,oracle_best,35,g139,0.0,0.0
madeline,tabular,ovrbench,anti_oracle,35,g139,0.1797206444229898,1.0
madeline,tabular,ovrbench,random,35,g139,0.11004861416402703,0.5
madeline,tabular,ovrbench,global_fixed,35,g139,0.01782356053983536,0.11764705882352941
madeline,tabular,ovrbench,iforest_random,35,g139,0.1578606141468854,0.7941176470588235
madeline,tabular,ovrbench,em,35,g139,0.0,0.0
madeline,tabular,ovrbench,mv,35,g139,0.0,0.0
madeline,tabular,ovrbench,consensus,35,g139,0.17289267941335124,0.8529411764705882
madeline,tabular,ovrbench,model_centrality,35,g139,0.17289267941335124,0.8529411764705882
madeline,tabular,ovrbench,hits,35,g139,0.073955673011749,0.29411764705882354
mozilla4,tabular,ovrbench,oracle_best,36,g156,0.0,0.0
mozilla4,tabular,ovrbench,anti_oracle,36,g156,0.6862546195756616,1.0
mozilla4,tabular,ovrbench,random,36,g156,0.4550816949767396,0.5
mozilla4,tabular,ovrbench,global_fixed,36,g156,0.5364564655323935,0.7142857142857143
mozilla4,tabular,ovrbench,iforest_random,36,g156,0.5322067592419385,0.6857142857142857
mozilla4,tabular,ovrbench,em,36,g156,0.5411052551815354,0.7428571428571429
mozilla4,tabular,ovrbench,mv,36,g156,0.5411052551815354,0.7428571428571429
mozilla4,tabular,ovrbench,consensus,36,g156,0.5411052551815354,0.7428571428571429
mozilla4,tabular,ovrbench,model_centrality,36,g156,0.5411052551815354,0.7428571428571429
mozilla4,tabular,ovrbench,hits,36,g156,0.38617852026041444,0.2571428571428571
ozone-level-8hr,tabular,ovrbench,oracle_best,35,g179,0.0,0.0
ozone-level-8hr,tabular,ovrbench,anti_oracle,35,g179,0.24566143729056328,1.0
ozone-level-8hr,tabular,ovrbench,random,35,g179,0.17443999967508036,0.5
ozone-level-8hr,tabular,ovrbench,global_fixed,35,g179,0.03122661281707806,0.058823529411764705
ozone-level-8hr,tabular,ovrbench,iforest_random,35,g179,0.17406515375285458,0.36274509803921573
ozone-level-8hr,tabular,ovrbench,em,35,g179,0.22085964243503453,0.7352941176470589
ozone-level-8hr,tabular,ovrbench,mv,35,g179,0.22085964243503453,0.7352941176470589
ozone-level-8hr,tabular,ovrbench,consensus,35,g179,0.19818787092644735,0.5
ozone-level-8hr,tabular,ovrbench,model_centrality,35,g179,0.19818787092644735,0.5
ozone-level-8hr,tabular,ovrbench,hits,35,g179,0.19818787092644735,0.5
page-blocks,tabular,ovrbench,oracle_best,36,g180,0.0,0.0
page-blocks,tabular,ovrbench,anti_oracle,36,g180,0.7617098891996479,1.0
page-blocks,tabular,ovrbench,random,36,g180,0.3786248752950285,0.5
page-blocks,tabular,ovrbench,global_fixed,36,g180,0.2290089670396354,0.4857142857142857
page-blocks,tabular,ovrbench,iforest_random,36,g180,0.21558048327147433,0.42857142857142855
page-blocks,tabular,ovrbench,em,36,g180,0.2194976075872409,0.45714285714285713
page-blocks,tabular,ovrbench,mv,36,g180,0.7076295390204252,0.7714285714285715
page-blocks,tabular,ovrbench,consensus,36,g180,0.2194976075872409,0.45714285714285713
page-blocks,tabular,ovrbench,model_centrality,36,g180,0.2194976075872409,0.45714285714285713
page-blocks,tabular,ovrbench,hits,36,g180,0.2194976075872409,0.45714285714285713
philippine,tabular,ovrbench,oracle_best,36,g185,0.0,0.0
philippine,tabular,ovrbench,anti_oracle,36,g185,0.21973938070273097,1.0
philippine,tabular,ovrbench,random,36,g185,0.13272874878455115,0.5
philippine,tabular,ovrbench,global_fixed,36,g185,0.21973938070273097,1.0
philippine,tabular,ovrbench,iforest_random,36,g185,0.03225593380906716,0.18095238095238095
philippine,tabular,ovrbench,em,36,g185,0.04470192717708965,0.2
philippine,tabular,ovrbench,mv,36,g185,0.04470192717708965,0.2
philippine,tabular,ovrbench,consensus,36,g185,0.2044587111141789,0.7428571428571429
philippine,tabular,ovrbench,model_centrality,36,g185,0.2044587111141789,0.7428571428571429
philippine,tabular,ovrbench,hits,36,g185,0.2044587111141789,0.7428571428571429
rice_cammeo_and_osmancik,tabular,ovrbench,oracle_best,35,g211,0.0,0.0
rice_cammeo_and_osmancik,tabular,ovrbench,anti_oracle,35,g211,0.44335544901152096,1.0
rice_cammeo_and_osmancik,tabular,ovrbench,random,35,g211,0.19405328978293385,0.5
rice_cammeo_and_osmancik,tabular,ovrbench,global_fixed,35,g211,0.44335544901152096,1.0
rice_cammeo_and_osmancik,tabular,ovrbench,iforest_random,35,g211,0.02667898059062135,0.06862745098039216
rice_cammeo_and_osmancik,tabular,ovrbench,em,35,g211,0.14538594790191334,0.38235294117647056
rice_cammeo_and_osmancik,tabular,ovrbench,mv,35,g211,0.14538594790191334,0.38235294117647056
rice_cammeo_and_osmancik,tabular,ovrbench,consensus,35,g211,0.133589217246101,0.2647058823529412
rice_cammeo_and_osmancik,tabular,ovrbench,model_centrality,35,g211,0.133589217246101,0.2647058823529412
rice_cammeo_and_osmancik,tabular,ovrbench,hits,35,g211,0.133589217246101,0.2647058823529412
students_dropout_and_academic_success,tabular,ovrbench,oracle_best,36,g244,0.0,0.0
students_dropout_and_academic_success,tabular,ovrbench,anti_oracle,36,g244,0.2394612495873048,1.0
students_dropout_and_academic_success,tabular,ovrbench,random,36,g244,0.12850416699893316,0.5
students_dropout_and_academic_success,tabular,ovrbench,global_fixed,36,g244,0.0,0.0
students_dropout_and_academic_success,tabular,ovrbench,iforest_random,36,g244,0.12036353984800788,0.3238095238095238
students_dropout_and_academic_success,tabular,ovrbench,em,36,g244,0.2045290311180408,0.8857142857142857
students_dropout_and_academic_success,tabular,ovrbench,mv,36,g244,0.2045290311180408,0.8857142857142857
students_dropout_and_academic_success,tabular,ovrbench,consensus,36,g244,0.16925963959862883,0.7142857142857143
students_dropout_and_academic_success,tabular,ovrbench,model_centrality,36,g244,0.16925963959862883,0.7142857142857143
students_dropout_and_academic_success,tabular,ovrbench,hits,36,g244,0.16925963959862883,0.7142857142857143
thyroid-ann,tabular,ovrbench,oracle_best,35,g266,0.0,0.0
thyroid-ann,tabular,ovrbench,anti_oracle,35,g266,0.5787482029404206,1.0
thyroid-ann,tabular,ovrbench,random,35,g266,0.3640911049440488,0.5
thyroid-ann,tabular,ovrbench,global_fixed,35,g266,0.3982211917798594,0.47058823529411764
thyroid-ann,tabular,ovrbench,iforest_random,35,g266,0.1121442595003142,0.10784313725490195
thyroid-ann,tabular,ovrbench,em,35,g266,0.001354238794729623,0.029411764705882353
thyroid-ann,tabular,ovrbench,mv,35,g266,0.001354238794729623,0.029411764705882353
thyroid-ann,tabular,ovrbench,consensus,35,g266,0.42201499338035486,0.5588235294117647
thyroid-ann,tabular,ovrbench,model_centrality,35,g266,0.42201499338035486,0.5588235294117647
thyroid-ann,tabular,ovrbench,hits,35,g266,0.42201499338035486,0.5588235294117647
visualizing_soil,tabular,ovrbench,oracle_best,36,g388,0.0,0.0
visualizing_soil,tabular,ovrbench,anti_oracle,36,g388,0.8862585016695288,1.0
visualizing_soil,tabular,ovrbench,random,36,g388,0.6042818954837796,0.5
visualizing_soil,tabular,ovrbench,global_fixed,36,g388,0.6321036567846408,0.4857142857142857
visualizing_soil,tabular,ovrbench,iforest_random,36,g388,0.5408430201553478,0.21904761904761905
visualizing_soil,tabular,ovrbench,em,36,g388,0.0,0.0
visualizing_soil,tabular,ovrbench,mv,36,g388,0.0,0.0
visualizing_soil,tabular,ovrbench,consensus,36,g388,0.5410789180207742,0.22857142857142856
visualizing_soil,tabular,ovrbench,model_centrality,36,g388,0.5410789180207742,0.22857142857142856
visualizing_soil,tabular,ovrbench,hits,36,g388,0.5410789180207742,0.22857142857142856
volcanoes-a4,tabular,ovrbench,oracle_best,34,g389,0.0,0.0
volcanoes-a4,tabular,ovrbench,anti_oracle,34,g389,0.6662650049171296,1.0
volcanoes-a4,tabular,ovrbench,random,34,g389,0.4041822614405635,0.5
volcanoes-a4,tabular,ovrbench,global_fixed,34,g389,0.6079557956943638,0.7575757575757576
volcanoes-a4,tabular,ovrbench,iforest_random,34,g389,0.19184870517232944,0.2727272727272727
volcanoes-a4,tabular,ovrbench,em,34,g389,0.039903511744194486,0.12121212121212122
volcanoes-a4,tabular,ovrbench,mv,34,g389,0.039903511744194486,0.12121212121212122
volcanoes-a4,tabular,ovrbench,consensus,34,g389,0.20426726497627906,0.30303030303030304
volcanoes-a4,tabular,ovrbench,model_centrality,34,g389,0.20426726497627906,0.30303030303030304
volcanoes-a4,tabular,ovrbench,hits,34,g389,0.20426726497627906,0.30303030303030304
volkert,tabular,ovrbench,oracle_best,35,g390,0.0,0.0
volkert,tabular,ovrbench,anti_oracle,35,g390,0.5472630327777954,1.0
volkert,tabular,ovrbench,random,35,g390,0.2324131457983616,0.5
volkert,tabular,ovrbench,global_fixed,35,g390,0.5472630327777954,1.0
volkert,tabular,ovrbench,iforest_random,35,g390,0.06639800062201628,0.20588235294117646
volkert,tabular,ovrbench,em,35,g390,0.008425060159338416,0.029411764705882353
volkert,tabular,ovrbench,mv,35,g390,0.008425060159338416,0.029411764705882353
volkert,tabular,ovrbench,consensus,35,g390,0.21602246844008743,0.5
volkert,tabular,ovrbench,model_centrality,35,g390,0.21602246844008743,0.5
volkert,tabular,ovrbench,hits,35,g390,0.21602246844008743,0.5
006_MSL_id_5_Sensor_tr_1150_1st_1250.csv,timeseries,tsbad_m,oracle_best,23,g157,0.0,0.0
006_MSL_id_5_Sensor_tr_1150_1st_1250.csv,timeseries,tsbad_m,anti_oracle,23,g157,0.32964278402034897,1.0
006_MSL_id_5_Sensor_tr_1150_1st_1250.csv,timeseries,tsbad_m,random,23,g157,0.22384193603912494,0.5
006_MSL_id_5_Sensor_tr_1150_1st_1250.csv,timeseries,tsbad_m,global_fixed,23,g157,0.2239880843641145,0.2727272727272727
006_MSL_id_5_Sensor_tr_1150_1st_1250.csv,timeseries,tsbad_m,iforest_random,23,g157,0.31188768349361023,0.8636363636363636
006_MSL_id_5_Sensor_tr_1150_1st_1250.csv,timeseries,tsbad_m,em,23,g157,0.31463454016662923,0.9545454545454546
006_MSL_id_5_Sensor_tr_1150_1st_1250.csv,timeseries,tsbad_m,mv,23,g157,0.31463454016662923,0.9545454545454546
006_MSL_id_5_Sensor_tr_1150_1st_1250.csv,timeseries,tsbad_m,consensus,23,g157,0.3142181967158876,0.9090909090909091
006_MSL_id_5_Sensor_tr_1150_1st_1250.csv,timeseries,tsbad_m,model_centrality,23,g157,0.3142181967158876,0.9090909090909091
006_MSL_id_5_Sensor_tr_1150_1st_1250.csv,timeseries,tsbad_m,hits,23,g157,0.3142181967158876,0.9090909090909091
020_MITDB_id_2_Medical_tr_50000_1st_52315.csv,timeseries,tsbad_m,oracle_best,23,g150,0.0,0.0
020_MITDB_id_2_Medical_tr_50000_1st_52315.csv,timeseries,tsbad_m,anti_oracle,23,g150,0.2180563879025378,1.0
020_MITDB_id_2_Medical_tr_50000_1st_52315.csv,timeseries,tsbad_m,random,23,g150,0.14141686350444277,0.5
020_MITDB_id_2_Medical_tr_50000_1st_52315.csv,timeseries,tsbad_m,global_fixed,23,g150,0.015238675126382828,0.045454545454545456
020_MITDB_id_2_Medical_tr_50000_1st_52315.csv,timeseries,tsbad_m,iforest_random,23,g150,0.1703716069661525,0.5909090909090909
020_MITDB_id_2_Medical_tr_50000_1st_52315.csv,timeseries,tsbad_m,em,23,g150,0.07859073752012696,0.18181818181818182
020_MITDB_id_2_Medical_tr_50000_1st_52315.csv,timeseries,tsbad_m,mv,23,g150,0.07859073752012696,0.18181818181818182
020_MITDB_id_2_Medical_tr_50000_1st_52315.csv,timeseries,tsbad_m,consensus,23,g150,0.1672620485476491,0.5909090909090909
020_MITDB_id_2_Medical_tr_50000_1st_52315.csv,timeseries,tsbad_m,model_centrality,23,g150,0.1672620485476491,0.5909090909090909
020_MITDB_id_2_Medical_tr_50000_1st_52315.csv,timeseries,tsbad_m,hits,23,g150,0.1672620485476491,0.5909090909090909
023_MITDB_id_5_Medical_tr_25000_1st_36913.csv,timeseries,tsbad_m,oracle_best,23,g151,0.0,0.0
023_MITDB_id_5_Medical_tr_25000_1st_36913.csv,timeseries,tsbad_m,anti_oracle,23,g151,0.30751934653566676,1.0
023_MITDB_id_5_Medical_tr_25000_1st_36913.csv,timeseries,tsbad_m,random,23,g151,0.15799852202424292,0.5
023_MITDB_id_5_Medical_tr_25000_1st_36913.csv,timeseries,tsbad_m,global_fixed,23,g151,0.0,0.0
023_MITDB_id_5_Medical_tr_25000_1st_36913.csv,timeseries,tsbad_m,iforest_random,23,g151,0.19340436082194068,0.6060606060606061
023_MITDB_id_5_Medical_tr_25000_1st_36913.csv,timeseries,tsbad_m,em,23,g151,0.07635999411863748,0.13636363636363635
023_MITDB_id_5_Medical_tr_25000_1st_36913.csv,timeseries,tsbad_m,mv,23,g151,0.07635999411863748,0.13636363636363635
023_MITDB_id_5_Medical_tr_25000_1st_36913.csv,timeseries,tsbad_m,consensus,23,g151,0.1360065996610632,0.3181818181818182
023_MITDB_id_5_Medical_tr_25000_1st_36913.csv,timeseries,tsbad_m,model_centrality,23,g151,0.1360065996610632,0.3181818181818182
023_MITDB_id_5_Medical_tr_25000_1st_36913.csv,timeseries,tsbad_m,hits,23,g151,0.1360065996610632,0.3181818181818182
027_MITDB_id_9_Medical_tr_25000_1st_52255.csv,timeseries,tsbad_m,oracle_best,23,g152,0.0,0.0
027_MITDB_id_9_Medical_tr_25000_1st_52255.csv,timeseries,tsbad_m,anti_oracle,23,g152,0.367453248837976,1.0
027_MITDB_id_9_Medical_tr_25000_1st_52255.csv,timeseries,tsbad_m,random,23,g152,0.21763564569981889,0.5
027_MITDB_id_9_Medical_tr_25000_1st_52255.csv,timeseries,tsbad_m,global_fixed,23,g152,0.15596043816345434,0.18181818181818182
027_MITDB_id_9_Medical_tr_25000_1st_52255.csv,timeseries,tsbad_m,iforest_random,23,g152,0.2390961220310574,0.6363636363636364
027_MITDB_id_9_Medical_tr_25000_1st_52255.csv,timeseries,tsbad_m,em,23,g152,0.0,0.0
027_MITDB_id_9_Medical_tr_25000_1st_52255.csv,timeseries,tsbad_m,mv,23,g152,0.0,0.0
027_MITDB_id_9_Medical_tr_25000_1st_52255.csv,timeseries,tsbad_m,consensus,23,g152,0.24996636686923052,0.7272727272727273
027_MITDB_id_9_Medical_tr_25000_1st_52255.csv,timeseries,tsbad_m,model_centrality,23,g152,0.24996636686923052,0.7272727272727273
027_MITDB_id_9_Medical_tr_25000_1st_52255.csv,timeseries,tsbad_m,hits,23,g152,0.24996636686923052,0.7272727272727273
033_GHL_id_2_Sensor_tr_50000_1st_51001.csv,timeseries,tsbad_m,oracle_best,23,g103,0.0,0.0
033_GHL_id_2_Sensor_tr_50000_1st_51001.csv,timeseries,tsbad_m,anti_oracle,23,g103,0.39805878277342194,1.0
033_GHL_id_2_Sensor_tr_50000_1st_51001.csv,timeseries,tsbad_m,random,23,g103,0.2459434763089035,0.5
033_GHL_id_2_Sensor_tr_50000_1st_51001.csv,timeseries,tsbad_m,global_fixed,23,g103,0.36831941173059896,0.6818181818181818
033_GHL_id_2_Sensor_tr_50000_1st_51001.csv,timeseries,tsbad_m,iforest_random,23,g103,0.3793807936531762,0.8030303030303031
033_GHL_id_2_Sensor_tr_50000_1st_51001.csv,timeseries,tsbad_m,em,23,g103,0.31201756296940536,0.4090909090909091
033_GHL_id_2_Sensor_tr_50000_1st_51001.csv,timeseries,tsbad_m,mv,23,g103,0.31201756296940536,0.4090909090909091
033_GHL_id_2_Sensor_tr_50000_1st_51001.csv,timeseries,tsbad_m,consensus,23,g103,0.3939864248676064,0.9545454545454546
033_GHL_id_2_Sensor_tr_50000_1st_51001.csv,timeseries,tsbad_m,model_centrality,23,g103,0.3939864248676064,0.9545454545454546
033_GHL_id_2_Sensor_tr_50000_1st_51001.csv,timeseries,tsbad_m,hits,23,g103,0.37598773989477674,0.8181818181818182
038_GHL_id_7_Sensor_tr_50000_1st_100001.csv,timeseries,tsbad_m,oracle_best,23,g104,0.0,0.0
038_GHL_id_7_Sensor_tr_50000_1st_100001.csv,timeseries,tsbad_m,anti_oracle,23,g104,0.4922568366637109,1.0
038_GHL_id_7_Sensor_tr_50000_1st_100001.csv,timeseries,tsbad_m,random,23,g104,0.28424527974799285,0.5
038_GHL_id_7_Sensor_tr_50000_1st_100001.csv,timeseries,tsbad_m,global_fixed,23,g104,0.12107993305259973,0.3181818181818182
038_GHL_id_7_Sensor_tr_50000_1st_100001.csv,timeseries,tsbad_m,iforest_random,23,g104,0.4682435505033327,0.7878787878787878
038_GHL_id_7_Sensor_tr_50000_1st_100001.csv,timeseries,tsbad_m,em,23,g104,0.44625991663636266,0.6363636363636364
038_GHL_id_7_Sensor_tr_50000_1st_100001.csv,timeseries,tsbad_m,mv,23,g104,0.44625991663636266,0.6363636363636364
038_GHL_id_7_Sensor_tr_50000_1st_100001.csv,timeseries,tsbad_m,consensus,23,g104,0.43335880594698234,0.5454545454545454
038_GHL_id_7_Sensor_tr_50000_1st_100001.csv,timeseries,tsbad_m,model_centrality,23,g104,0.43335880594698234,0.5454545454545454
038_GHL_id_7_Sensor_tr_50000_1st_100001.csv,timeseries,tsbad_m,hits,23,g104,0.43335880594698234,0.5454545454545454
041_GHL_id_10_Sensor_tr_50000_1st_57001.csv,timeseries,tsbad_m,oracle_best,23,g98,0.0,0.0
041_GHL_id_10_Sensor_tr_50000_1st_57001.csv,timeseries,tsbad_m,anti_oracle,23,g98,0.3659045164465424,1.0
041_GHL_id_10_Sensor_tr_50000_1st_57001.csv,timeseries,tsbad_m,random,23,g98,0.23356520973131398,0.5
041_GHL_id_10_Sensor_tr_50000_1st_57001.csv,timeseries,tsbad_m,global_fixed,23,g98,0.2590764571363961,0.4090909090909091
041_GHL_id_10_Sensor_tr_50000_1st_57001.csv,timeseries,tsbad_m,iforest_random,23,g98,0.3376175053948447,0.712121212121212
041_GHL_id_10_Sensor_tr_50000_1st_57001.csv,timeseries,tsbad_m,em,23,g98,0.3345879687837533,0.6818181818181818
041_GHL_id_10_Sensor_tr_50000_1st_57001.csv,timeseries,tsbad_m,mv,23,g98,0.3345879687837533,0.6818181818181818
041_GHL_id_10_Sensor_tr_50000_1st_57001.csv,timeseries,tsbad_m,consensus,23,g98,0.3658350667875888,0.9545454545454546
041_GHL_id_10_Sensor_tr_50000_1st_57001.csv,timeseries,tsbad_m,model_centrality,23,g98,0.3658350667875888,0.9545454545454546
041_GHL_id_10_Sensor_tr_50000_1st_57001.csv,timeseries,tsbad_m,hits,23,g98,0.3658350667875888,0.9545454545454546
042_GHL_id_11_Sensor_tr_50000_1st_150001.csv,timeseries,tsbad_m,oracle_best,23,g99,0.0,0.0
042_GHL_id_11_Sensor_tr_50000_1st_150001.csv,timeseries,tsbad_m,anti_oracle,23,g99,0.40166020673525765,1.0
042_GHL_id_11_Sensor_tr_50000_1st_150001.csv,timeseries,tsbad_m,random,23,g99,0.28926829871513443,0.5
042_GHL_id_11_Sensor_tr_50000_1st_150001.csv,timeseries,tsbad_m,global_fixed,23,g99,0.3522257603467889,0.5454545454545454
042_GHL_id_11_Sensor_tr_50000_1st_150001.csv,timeseries,tsbad_m,iforest_random,23,g99,0.3967452325156212,0.8484848484848485
042_GHL_id_11_Sensor_tr_50000_1st_150001.csv,timeseries,tsbad_m,em,23,g99,0.3364875104206272,0.4090909090909091
042_GHL_id_11_Sensor_tr_50000_1st_150001.csv,timeseries,tsbad_m,mv,23,g99,0.3364875104206272,0.4090909090909091
042_GHL_id_11_Sensor_tr_50000_1st_150001.csv,timeseries,tsbad_m,consensus,23,g99,0.39788850992671687,0.7727272727272727
042_GHL_id_11_Sensor_tr_50000_1st_150001.csv,timeseries,tsbad_m,model_centrality,23,g99,0.39788850992671687,0.7727272727272727
042_GHL_id_11_Sensor_tr_50000_1st_150001.csv,timeseries,tsbad_m,hits,23,g99,0.39788850992671687,0.7727272727272727
043_GHL_id_12_Sensor_tr_39938_1st_40038.csv,timeseries,tsbad_m,oracle_best,23,g100,0.0,0.0
043_GHL_id_12_Sensor_tr_39938_1st_40038.csv,timeseries,tsbad_m,anti_oracle,23,g100,0.29673337675321554,1.0
043_GHL_id_12_Sensor_tr_39938_1st_40038.csv,timeseries,tsbad_m,random,23,g100,0.22844692883817913,0.5
043_GHL_id_12_Sensor_tr_39938_1st_40038.csv,timeseries,tsbad_m,global_fixed,23,g100,0.23360376931776897,0.36363636363636365
043_GHL_id_12_Sensor_tr_39938_1st_40038.csv,timeseries,tsbad_m,iforest_random,23,g100,0.2796391609704029,0.696969696969697
043_GHL_id_12_Sensor_tr_39938_1st_40038.csv,timeseries,tsbad_m,em,23,g100,0.23937448280123624,0.45454545454545453
043_GHL_id_12_Sensor_tr_39938_1st_40038.csv,timeseries,tsbad_m,mv,23,g100,0.23937448280123624,0.45454545454545453
043_GHL_id_12_Sensor_tr_39938_1st_40038.csv,timeseries,tsbad_m,consensus,23,g100,0.2960399492994974,0.9545454545454546
043_GHL_id_12_Sensor_tr_39938_1st_40038.csv,timeseries,tsbad_m,model_centrality,23,g100,0.2960399492994974,0.9545454545454546
043_GHL_id_12_Sensor_tr_39938_1st_40038.csv,timeseries,tsbad_m,hits,23,g100,0.2960399492994974,0.9545454545454546
045_GHL_id_14_Sensor_tr_50000_1st_85076.csv,timeseries,tsbad_m,oracle_best,23,g101,0.0,0.0
045_GHL_id_14_Sensor_tr_50000_1st_85076.csv,timeseries,tsbad_m,anti_oracle,23,g101,0.525709599067205,1.0
045_GHL_id_14_Sensor_tr_50000_1st_85076.csv,timeseries,tsbad_m,random,23,g101,0.30682010023168416,0.5
045_GHL_id_14_Sensor_tr_50000_1st_85076.csv,timeseries,tsbad_m,global_fixed,23,g101,0.11545552548285581,0.18181818181818182
045_GHL_id_14_Sensor_tr_50000_1st_85076.csv,timeseries,tsbad_m,iforest_random,23,g101,0.4586238859928033,0.696969696969697
045_GHL_id_14_Sensor_tr_50000_1st_85076.csv,timeseries,tsbad_m,em,23,g101,0.41749379437929457,0.5
045_GHL_id_14_Sensor_tr_50000_1st_85076.csv,timeseries,tsbad_m,mv,23,g101,0.41749379437929457,0.5
045_GHL_id_14_Sensor_tr_50000_1st_85076.csv,timeseries,tsbad_m,consensus,23,g101,0.4772230244649698,0.8636363636363636
045_GHL_id_14_Sensor_tr_50000_1st_85076.csv,timeseries,tsbad_m,model_centrality,23,g101,0.4772230244649698,0.8636363636363636
045_GHL_id_14_Sensor_tr_50000_1st_85076.csv,timeseries,tsbad_m,hits,23,g101,0.4772230244649698,0.8636363636363636
052_GHL_id_21_Sensor_tr_50000_1st_98001.csv,timeseries,tsbad_m,oracle_best,23,g102,0.0,0.0
052_GHL_id_21_Sensor_tr_50000_1st_98001.csv,timeseries,tsbad_m,anti_oracle,23,g102,0.6216903460009691,1.0
052_GHL_id_21_Sensor_tr_50000_1st_98001.csv,timeseries,tsbad_m,random,23,g102,0.3894606186412523,0.5
052_GHL_id_21_Sensor_tr_50000_1st_98001.csv,timeseries,tsbad_m,global_fixed,23,g102,0.31071748115228953,0.4090909090909091
052_GHL_id_21_Sensor_tr_50000_1st_98001.csv,timeseries,tsbad_m,iforest_random,23,g102,0.6137873008157937,0.8484848484848485
052_GHL_id_21_Sensor_tr_50000_1st_98001.csv,timeseries,tsbad_m,em,23,g102,0.598162791093745,0.5454545454545454
052_GHL_id_21_Sensor_tr_50000_1st_98001.csv,timeseries,tsbad_m,mv,23,g102,0.598162791093745,0.5454545454545454
052_GHL_id_21_Sensor_tr_50000_1st_98001.csv,timeseries,tsbad_m,consensus,23,g102,0.598162791093745,0.5454545454545454
052_GHL_id_21_Sensor_tr_50000_1st_98001.csv,timeseries,tsbad_m,model_centrality,23,g102,0.598162791093745,0.5454545454545454
052_GHL_id_21_Sensor_tr_50000_1st_98001.csv,timeseries,tsbad_m,hits,23,g102,0.6046778676344591,0.6363636363636364
057_SMD_id_1_Facility_tr_4529_1st_4629.csv,timeseries,tsbad_m,oracle_best,23,g232,0.0,0.0
057_SMD_id_1_Facility_tr_4529_1st_4629.csv,timeseries,tsbad_m,anti_oracle,23,g232,0.5451740309205022,1.0
057_SMD_id_1_Facility_tr_4529_1st_4629.csv,timeseries,tsbad_m,random,23,g232,0.10093973966299008,0.5
057_SMD_id_1_Facility_tr_4529_1st_4629.csv,timeseries,tsbad_m,global_fixed,23,g232,0.30028786328371615,0.9545454545454546
057_SMD_id_1_Facility_tr_4529_1st_4629.csv,timeseries,tsbad_m,iforest_random,23,g232,0.07792022555866629,0.5
057_SMD_id_1_Facility_tr_4529_1st_4629.csv,timeseries,tsbad_m,em,23,g232,0.09430737669696065,0.6363636363636364
057_SMD_id_1_Facility_tr_4529_1st_4629.csv,timeseries,tsbad_m,mv,23,g232,0.09430737669696065,0.6363636363636364
057_SMD_id_1_Facility_tr_4529_1st_4629.csv,timeseries,tsbad_m,consensus,23,g232,0.006319657559252123,0.045454545454545456
057_SMD_id_1_Facility_tr_4529_1st_4629.csv,timeseries,tsbad_m,model_centrality,23,g232,0.006319657559252123,0.045454545454545456
057_SMD_id_1_Facility_tr_4529_1st_4629.csv,timeseries,tsbad_m,hits,23,g232,0.006319657559252123,0.045454545454545456
063_SMD_id_7_Facility_tr_5923_1st_6506.csv,timeseries,tsbad_m,oracle_best,23,g233,0.0,0.0
063_SMD_id_7_Facility_tr_5923_1st_6506.csv,timeseries,tsbad_m,anti_oracle,23,g233,0.4232169581381163,1.0
063_SMD_id_7_Facility_tr_5923_1st_6506.csv,timeseries,tsbad_m,random,23,g233,0.11957471205322612,0.5
063_SMD_id_7_Facility_tr_5923_1st_6506.csv,timeseries,tsbad_m,global_fixed,23,g233,0.22101188304127017,0.9090909090909091
063_SMD_id_7_Facility_tr_5923_1st_6506.csv,timeseries,tsbad_m,iforest_random,23,g233,0.11416273203879479,0.5454545454545454
063_SMD_id_7_Facility_tr_5923_1st_6506.csv,timeseries,tsbad_m,em,23,g233,0.22101188304127017,0.9090909090909091
063_SMD_id_7_Facility_tr_5923_1st_6506.csv,timeseries,tsbad_m,mv,23,g233,0.042687291330269495,0.22727272727272727
063_SMD_id_7_Facility_tr_5923_1st_6506.csv,timeseries,tsbad_m,consensus,23,g233,0.00031470842728253956,0.045454545454545456
063_SMD_id_7_Facility_tr_5923_1st_6506.csv,timeseries,tsbad_m,model_centrality,23,g233,0.00031470842728253956,0.045454545454545456
063_SMD_id_7_Facility_tr_5923_1st_6506.csv,timeseries,tsbad_m,hits,23,g233,0.00031470842728253956,0.045454545454545456
068_SMD_id_12_Facility_tr_1099_1st_1199.csv,timeseries,tsbad_m,oracle_best,23,g229,0.0,0.0
068_SMD_id_12_Facility_tr_1099_1st_1199.csv,timeseries,tsbad_m,anti_oracle,23,g229,0.46553834997913585,1.0
068_SMD_id_12_Facility_tr_1099_1st_1199.csv,timeseries,tsbad_m,random,23,g229,0.1255875516512911,0.5
068_SMD_id_12_Facility_tr_1099_1st_1199.csv,timeseries,tsbad_m,global_fixed,23,g229,0.007671880549382171,0.2727272727272727
068_SMD_id_12_Facility_tr_1099_1st_1199.csv,timeseries,tsbad_m,iforest_random,23,g229,0.24134423700317253,0.8333333333333333
068_SMD_id_12_Facility_tr_1099_1st_1199.csv,timeseries,tsbad_m,em,23,g229,0.0071202683319187,0.18181818181818182
068_SMD_id_12_Facility_tr_1099_1st_1199.csv,timeseries,tsbad_m,mv,23,g229,0.007621296265268307,0.22727272727272727
068_SMD_id_12_Facility_tr_1099_1st_1199.csv,timeseries,tsbad_m,consensus,23,g229,0.2259559750583391,0.7272727272727273
068_SMD_id_12_Facility_tr_1099_1st_1199.csv,timeseries,tsbad_m,model_centrality,23,g229,0.2259559750583391,0.7272727272727273
068_SMD_id_12_Facility_tr_1099_1st_1199.csv,timeseries,tsbad_m,hits,23,g229,0.2259559750583391,0.7272727272727273
070_SMD_id_14_Facility_tr_1070_1st_1170.csv,timeseries,tsbad_m,oracle_best,23,g230,0.0,0.0
070_SMD_id_14_Facility_tr_1070_1st_1170.csv,timeseries,tsbad_m,anti_oracle,23,g230,0.34946828986375955,1.0
070_SMD_id_14_Facility_tr_1070_1st_1170.csv,timeseries,tsbad_m,random,23,g230,0.1040007486459611,0.5
070_SMD_id_14_Facility_tr_1070_1st_1170.csv,timeseries,tsbad_m,global_fixed,23,g230,0.1227699764674578,0.7727272727272727
070_SMD_id_14_Facility_tr_1070_1st_1170.csv,timeseries,tsbad_m,iforest_random,23,g230,0.057691544179388266,0.22727272727272727
070_SMD_id_14_Facility_tr_1070_1st_1170.csv,timeseries,tsbad_m,em,23,g230,0.007905050346655007,0.045454545454545456
070_SMD_id_14_Facility_tr_1070_1st_1170.csv,timeseries,tsbad_m,mv,23,g230,0.007905050346655007,0.045454545454545456
070_SMD_id_14_Facility_tr_1070_1st_1170.csv,timeseries,tsbad_m,consensus,23,g230,0.0,0.0
070_SMD_id_14_Facility_tr_1070_1st_1170.csv,timeseries,tsbad_m,model_centrality,23,g230,0.0,0.0
070_SMD_id_14_Facility_tr_1070_1st_1170.csv,timeseries,tsbad_m,hits,23,g230,0.06073863858352446,0.2727272727272727
075_SMD_id_19_Facility_tr_564_1st_664.csv,timeseries,tsbad_m,oracle_best,23,g231,0.0,0.0
075_SMD_id_19_Facility_tr_564_1st_664.csv,timeseries,tsbad_m,anti_oracle,23,g231,0.2206577712013554,1.0
075_SMD_id_19_Facility_tr_564_1st_664.csv,timeseries,tsbad_m,random,23,g231,0.11303414610726775,0.5
075_SMD_id_19_Facility_tr_564_1st_664.csv,timeseries,tsbad_m,global_fixed,23,g231,0.0,0.0
075_SMD_id_19_Facility_tr_564_1st_664.csv,timeseries,tsbad_m,iforest_random,23,g231,0.15822867621745695,0.6818181818181818
075_SMD_id_19_Facility_tr_564_1st_664.csv,timeseries,tsbad_m,em,23,g231,0.052486873416797364,0.18181818181818182
075_SMD_id_19_Facility_tr_564_1st_664.csv,timeseries,tsbad_m,mv,23,g231,0.052486873416797364,0.18181818181818182
075_SMD_id_19_Facility_tr_564_1st_664.csv,timeseries,tsbad_m,consensus,23,g231,0.15548549715446258,0.6363636363636364
075_SMD_id_19_Facility_tr_564_1st_664.csv,timeseries,tsbad_m,model_centrality,23,g231,0.15548549715446258,0.6363636363636364
075_SMD_id_19_Facility_tr_564_1st_664.csv,timeseries,tsbad_m,hits,23,g231,0.15548549715446258,0.6363636363636364
083_LTDB_id_5_Medical_tr_15502_1st_15602.csv,timeseries,tsbad_m,oracle_best,23,g138,0.0,0.0
083_LTDB_id_5_Medical_tr_15502_1st_15602.csv,timeseries,tsbad_m,anti_oracle,23,g138,0.38471751283564204,1.0
083_LTDB_id_5_Medical_tr_15502_1st_15602.csv,timeseries,tsbad_m,random,23,g138,0.12311746510273514,0.5
083_LTDB_id_5_Medical_tr_15502_1st_15602.csv,timeseries,tsbad_m,global_fixed,23,g138,0.06794754162478761,0.5454545454545454
083_LTDB_id_5_Medical_tr_15502_1st_15602.csv,timeseries,tsbad_m,iforest_random,23,g138,0.017898832976979695,0.16666666666666666
083_LTDB_id_5_Medical_tr_15502_1st_15602.csv,timeseries,tsbad_m,em,23,g138,0.03736446056000564,0.3181818181818182
083_LTDB_id_5_Medical_tr_15502_1st_15602.csv,timeseries,tsbad_m,mv,23,g138,0.03736446056000564,0.3181818181818182
083_LTDB_id_5_Medical_tr_15502_1st_15602.csv,timeseries,tsbad_m,consensus,23,g138,0.015032178739374125,0.13636363636363635
083_LTDB_id_5_Medical_tr_15502_1st_15602.csv,timeseries,tsbad_m,model_centrality,23,g138,0.015032178739374125,0.13636363636363635
083_LTDB_id_5_Medical_tr_15502_1st_15602.csv,timeseries,tsbad_m,hits,23,g138,0.015032178739374125,0.13636363636363635
095_SVDB_id_12_Medical_tr_6264_1st_6364.csv,timeseries,tsbad_m,oracle_best,23,g245,0.0,0.0
095_SVDB_id_12_Medical_tr_6264_1st_6364.csv,timeseries,tsbad_m,anti_oracle,23,g245,0.38146322961690904,1.0
095_SVDB_id_12_Medical_tr_6264_1st_6364.csv,timeseries,tsbad_m,random,23,g245,0.1604005739165007,0.5
095_SVDB_id_12_Medical_tr_6264_1st_6364.csv,timeseries,tsbad_m,global_fixed,23,g245,0.0,0.0
095_SVDB_id_12_Medical_tr_6264_1st_6364.csv,timeseries,tsbad_m,iforest_random,23,g245,0.1852856582151029,0.6666666666666666
095_SVDB_id_12_Medical_tr_6264_1st_6364.csv,timeseries,tsbad_m,em,23,g245,0.06727862086095304,0.13636363636363635
095_SVDB_id_12_Medical_tr_6264_1st_6364.csv,timeseries,tsbad_m,mv,23,g245,0.06727862086095304,0.13636363636363635
095_SVDB_id_12_Medical_tr_6264_1st_6364.csv,timeseries,tsbad_m,consensus,23,g245,0.1872270982481416,0.6818181818181818
095_SVDB_id_12_Medical_tr_6264_1st_6364.csv,timeseries,tsbad_m,model_centrality,23,g245,0.1872270982481416,0.6818181818181818
095_SVDB_id_12_Medical_tr_6264_1st_6364.csv,timeseries,tsbad_m,hits,23,g245,0.2518712979482742,0.9090909090909091
096_SVDB_id_13_Medical_tr_500_1st_444.csv,timeseries,tsbad_m,oracle_best,23,g246,0.0,0.0
096_SVDB_id_13_Medical_tr_500_1st_444.csv,timeseries,tsbad_m,anti_oracle,23,g246,0.5424353499460938,1.0
096_SVDB_id_13_Medical_tr_500_1st_444.csv,timeseries,tsbad_m,random,23,g246,0.3079477090067258,0.5
096_SVDB_id_13_Medical_tr_500_1st_444.csv,timeseries,tsbad_m,global_fixed,23,g246,0.0,0.0
096_SVDB_id_13_Medical_tr_500_1st_444.csv,timeseries,tsbad_m,iforest_random,23,g246,0.3452507596511003,0.5
096_SVDB_id_13_Medical_tr_500_1st_444.csv,timeseries,tsbad_m,em,23,g246,0.23164248236972212,0.22727272727272727
096_SVDB_id_13_Medical_tr_500_1st_444.csv,timeseries,tsbad_m,mv,23,g246,0.23164248236972212,0.22727272727272727
096_SVDB_id_13_Medical_tr_500_1st_444.csv,timeseries,tsbad_m,consensus,23,g246,0.3436024492944685,0.5
096_SVDB_id_13_Medical_tr_500_1st_444.csv,timeseries,tsbad_m,model_centrality,23,g246,0.3436024492944685,0.5
096_SVDB_id_13_Medical_tr_500_1st_444.csv,timeseries,tsbad_m,hits,23,g246,0.39286027579895033,0.7272727272727273
100_SVDB_id_17_Medical_tr_17803_1st_17903.csv,timeseries,tsbad_m,oracle_best,23,g247,0.0,0.0
100_SVDB_id_17_Medical_tr_17803_1st_17903.csv,timeseries,tsbad_m,anti_oracle,23,g247,0.5626797894321943,1.0
100_SVDB_id_17_Medical_tr_17803_1st_17903.csv,timeseries,tsbad_m,random,23,g247,0.2105005144194394,0.5
100_SVDB_id_17_Medical_tr_17803_1st_17903.csv,timeseries,tsbad_m,global_fixed,23,g247,0.004677539737967917,0.045454545454545456
100_SVDB_id_17_Medical_tr_17803_1st_17903.csv,timeseries,tsbad_m,iforest_random,23,g247,0.25818399575185275,0.712121212121212
100_SVDB_id_17_Medical_tr_17803_1st_17903.csv,timeseries,tsbad_m,em,23,g247,0.0269744818531924,0.13636363636363635
100_SVDB_id_17_Medical_tr_17803_1st_17903.csv,timeseries,tsbad_m,mv,23,g247,0.0269744818531924,0.13636363636363635
100_SVDB_id_17_Medical_tr_17803_1st_17903.csv,timeseries,tsbad_m,consensus,23,g247,0.2459490243471662,0.6363636363636364
100_SVDB_id_17_Medical_tr_17803_1st_17903.csv,timeseries,tsbad_m,model_centrality,23,g247,0.2459490243471662,0.6363636363636364
100_SVDB_id_17_Medical_tr_17803_1st_17903.csv,timeseries,tsbad_m,hits,23,g247,0.2459490243471662,0.6363636363636364
105_SVDB_id_22_Medical_tr_500_1st_417.csv,timeseries,tsbad_m,oracle_best,23,g249,0.0,0.0
105_SVDB_id_22_Medical_tr_500_1st_417.csv,timeseries,tsbad_m,anti_oracle,23,g249,0.26191867314777256,1.0
105_SVDB_id_22_Medical_tr_500_1st_417.csv,timeseries,tsbad_m,random,23,g249,0.13050347654365146,0.5
105_SVDB_id_22_Medical_tr_500_1st_417.csv,timeseries,tsbad_m,global_fixed,23,g249,0.0005528962919720826,0.045454545454545456
105_SVDB_id_22_Medical_tr_500_1st_417.csv,timeseries,tsbad_m,iforest_random,23,g249,0.13097364181536875,0.5303030303030303
105_SVDB_id_22_Medical_tr_500_1st_417.csv,timeseries,tsbad_m,em,23,g249,0.10933773705051031,0.4090909090909091
105_SVDB_id_22_Medical_tr_500_1st_417.csv,timeseries,tsbad_m,mv,23,g249,0.10933773705051031,0.4090909090909091
105_SVDB_id_22_Medical_tr_500_1st_417.csv,timeseries,tsbad_m,consensus,23,g249,0.1173287776064168,0.45454545454545453
105_SVDB_id_22_Medical_tr_500_1st_417.csv,timeseries,tsbad_m,model_centrality,23,g249,0.1173287776064168,0.45454545454545453
105_SVDB_id_22_Medical_tr_500_1st_417.csv,timeseries,tsbad_m,hits,23,g249,0.1173287776064168,0.45454545454545453
115_PSM_id_1_Facility_tr_50000_1st_129872.csv,timeseries,tsbad_m,oracle_best,23,g201,0.0,0.0
115_PSM_id_1_Facility_tr_50000_1st_129872.csv,timeseries,tsbad_m,anti_oracle,23,g201,0.44110873988417265,1.0
115_PSM_id_1_Facility_tr_50000_1st_129872.csv,timeseries,tsbad_m,random,23,g201,0.2593797282955583,0.5
115_PSM_id_1_Facility_tr_50000_1st_129872.csv,timeseries,tsbad_m,global_fixed,23,g201,0.37978842736785856,0.5909090909090909
115_PSM_id_1_Facility_tr_50000_1st_129872.csv,timeseries,tsbad_m,iforest_random,23,g201,0.20041990466737297,0.3939393939393939
115_PSM_id_1_Facility_tr_50000_1st_129872.csv,timeseries,tsbad_m,em,23,g201,0.15124590934613785,0.36363636363636365
115_PSM_id_1_Facility_tr_50000_1st_129872.csv,timeseries,tsbad_m,mv,23,g201,0.15124590934613785,0.36363636363636365
115_PSM_id_1_Facility_tr_50000_1st_129872.csv,timeseries,tsbad_m,consensus,23,g201,0.42580538669219736,0.7727272727272727
115_PSM_id_1_Facility_tr_50000_1st_129872.csv,timeseries,tsbad_m,model_centrality,23,g201,0.42156642954605383,0.7272727272727273
115_PSM_id_1_Facility_tr_50000_1st_129872.csv,timeseries,tsbad_m,hits,23,g201,0.42156642954605383,0.7272727272727273
130_OPPORTUNITY_id_2_HumanActivity_tr_1045_1st_1145.csv,timeseries,tsbad_m,oracle_best,23,g170,0.0,0.0
130_OPPORTUNITY_id_2_HumanActivity_tr_1045_1st_1145.csv,timeseries,tsbad_m,anti_oracle,23,g170,0.7420417314526029,1.0
130_OPPORTUNITY_id_2_HumanActivity_tr_1045_1st_1145.csv,timeseries,tsbad_m,random,23,g170,0.36799720223651156,0.5
130_OPPORTUNITY_id_2_HumanActivity_tr_1045_1st_1145.csv,timeseries,tsbad_m,global_fixed,23,g170,0.7420417314526029,1.0
130_OPPORTUNITY_id_2_HumanActivity_tr_1045_1st_1145.csv,timeseries,tsbad_m,iforest_random,23,g170,0.2911433825774588,0.3939393939393939
130_OPPORTUNITY_id_2_HumanActivity_tr_1045_1st_1145.csv,timeseries,tsbad_m,em,23,g170,0.44135972745080215,0.7272727272727273
130_OPPORTUNITY_id_2_HumanActivity_tr_1045_1st_1145.csv,timeseries,tsbad_m,mv,23,g170,0.16873760212810968,0.18181818181818182
130_OPPORTUNITY_id_2_HumanActivity_tr_1045_1st_1145.csv,timeseries,tsbad_m,consensus,23,g170,0.0,0.0
130_OPPORTUNITY_id_2_HumanActivity_tr_1045_1st_1145.csv,timeseries,tsbad_m,model_centrality,23,g170,0.0,0.0
130_OPPORTUNITY_id_2_HumanActivity_tr_1045_1st_1145.csv,timeseries,tsbad_m,hits,23,g170,0.22117778980733316,0.2727272727272727
131_OPPORTUNITY_id_3_HumanActivity_tr_7016_1st_26691.csv,timeseries,tsbad_m,oracle_best,23,g171,0.0,0.0
131_OPPORTUNITY_id_3_HumanActivity_tr_7016_1st_26691.csv,timeseries,tsbad_m,anti_oracle,23,g171,0.2836942580580941,1.0
131_OPPORTUNITY_id_3_HumanActivity_tr_7016_1st_26691.csv,timeseries,tsbad_m,random,23,g171,0.20663919414852264,0.5
131_OPPORTUNITY_id_3_HumanActivity_tr_7016_1st_26691.csv,timeseries,tsbad_m,global_fixed,23,g171,0.0850947136237872,0.09090909090909091
131_OPPORTUNITY_id_3_HumanActivity_tr_7016_1st_26691.csv,timeseries,tsbad_m,iforest_random,23,g171,0.2777953309214657,0.9090909090909091
131_OPPORTUNITY_id_3_HumanActivity_tr_7016_1st_26691.csv,timeseries,tsbad_m,em,23,g171,0.26391604515382555,0.6818181818181818
131_OPPORTUNITY_id_3_HumanActivity_tr_7016_1st_26691.csv,timeseries,tsbad_m,mv,23,g171,0.27405515208190184,0.8636363636363636
131_OPPORTUNITY_id_3_HumanActivity_tr_7016_1st_26691.csv,timeseries,tsbad_m,consensus,23,g171,0.27405515208190184,0.8636363636363636
131_OPPORTUNITY_id_3_HumanActivity_tr_7016_1st_26691.csv,timeseries,tsbad_m,model_centrality,23,g171,0.27405515208190184,0.8636363636363636
131_OPPORTUNITY_id_3_HumanActivity_tr_7016_1st_26691.csv,timeseries,tsbad_m,hits,23,g171,0.27405515208190184,0.8636363636363636
132_OPPORTUNITY_id_4_HumanActivity_tr_895_1st_995.csv,timeseries,tsbad_m,oracle_best,23,g172,0.0,0.0
132_OPPORTUNITY_id_4_HumanActivity_tr_895_1st_995.csv,timeseries,tsbad_m,anti_oracle,23,g172,0.5887254834726411,1.0
132_OPPORTUNITY_id_4_HumanActivity_tr_895_1st_995.csv,timeseries,tsbad_m,random,23,g172,0.35616666760037197,0.5
132_OPPORTUNITY_id_4_HumanActivity_tr_895_1st_995.csv,timeseries,tsbad_m,global_fixed,23,g172,0.005354242285068311,0.09090909090909091
132_OPPORTUNITY_id_4_HumanActivity_tr_895_1st_995.csv,timeseries,tsbad_m,iforest_random,23,g172,0.4684464311185365,0.6060606060606061
132_OPPORTUNITY_id_4_HumanActivity_tr_895_1st_995.csv,timeseries,tsbad_m,em,23,g172,0.5386663742412916,0.7727272727272727
132_OPPORTUNITY_id_4_HumanActivity_tr_895_1st_995.csv,timeseries,tsbad_m,mv,23,g172,0.5386663742412916,0.7727272727272727
132_OPPORTUNITY_id_4_HumanActivity_tr_895_1st_995.csv,timeseries,tsbad_m,consensus,23,g172,0.3387850793078441,0.36363636363636365
132_OPPORTUNITY_id_4_HumanActivity_tr_895_1st_995.csv,timeseries,tsbad_m,model_centrality,23,g172,0.3387850793078441,0.36363636363636365
132_OPPORTUNITY_id_4_HumanActivity_tr_895_1st_995.csv,timeseries,tsbad_m,hits,23,g172,0.3599157757643282,0.45454545454545453
133_OPPORTUNITY_id_5_HumanActivity_tr_1745_1st_6500.csv,timeseries,tsbad_m,oracle_best,23,g173,0.0,0.0
133_OPPORTUNITY_id_5_HumanActivity_tr_1745_1st_6500.csv,timeseries,tsbad_m,anti_oracle,23,g173,0.49538791272543836,1.0
133_OPPORTUNITY_id_5_HumanActivity_tr_1745_1st_6500.csv,timeseries,tsbad_m,random,23,g173,0.10089565088880958,0.5
133_OPPORTUNITY_id_5_HumanActivity_tr_1745_1st_6500.csv,timeseries,tsbad_m,global_fixed,23,g173,0.2551170479975684,0.9545454545454546
133_OPPORTUNITY_id_5_HumanActivity_tr_1745_1st_6500.csv,timeseries,tsbad_m,iforest_random,23,g173,0.1148719458064219,0.6363636363636364
133_OPPORTUNITY_id_5_HumanActivity_tr_1745_1st_6500.csv,timeseries,tsbad_m,em,23,g173,0.19317768660258805,0.8181818181818182
133_OPPORTUNITY_id_5_HumanActivity_tr_1745_1st_6500.csv,timeseries,tsbad_m,mv,23,g173,0.19317768660258805,0.8181818181818182
133_OPPORTUNITY_id_5_HumanActivity_tr_1745_1st_6500.csv,timeseries,tsbad_m,consensus,23,g173,0.1021097996750957,0.5909090909090909
133_OPPORTUNITY_id_5_HumanActivity_tr_1745_1st_6500.csv,timeseries,tsbad_m,model_centrality,23,g173,0.1021097996750957,0.5909090909090909
133_OPPORTUNITY_id_5_HumanActivity_tr_1745_1st_6500.csv,timeseries,tsbad_m,hits,23,g173,0.0,0.0
134_OPPORTUNITY_id_6_HumanActivity_tr_1477_1st_1577.csv,timeseries,tsbad_m,oracle_best,23,g174,0.0,0.0
134_OPPORTUNITY_id_6_HumanActivity_tr_1477_1st_1577.csv,timeseries,tsbad_m,anti_oracle,23,g174,0.4943768496323651,1.0
134_OPPORTUNITY_id_6_HumanActivity_tr_1477_1st_1577.csv,timeseries,tsbad_m,random,23,g174,0.3803517289932901,0.5
134_OPPORTUNITY_id_6_HumanActivity_tr_1477_1st_1577.csv,timeseries,tsbad_m,global_fixed,23,g174,0.22296690195813693,0.13636363636363635
134_OPPORTUNITY_id_6_HumanActivity_tr_1477_1st_1577.csv,timeseries,tsbad_m,iforest_random,23,g174,0.4392307818161561,0.45454545454545453
134_OPPORTUNITY_id_6_HumanActivity_tr_1477_1st_1577.csv,timeseries,tsbad_m,em,23,g174,0.4222769046724055,0.2727272727272727
134_OPPORTUNITY_id_6_HumanActivity_tr_1477_1st_1577.csv,timeseries,tsbad_m,mv,23,g174,0.4222769046724055,0.2727272727272727
134_OPPORTUNITY_id_6_HumanActivity_tr_1477_1st_1577.csv,timeseries,tsbad_m,consensus,23,g174,0.4462621315264935,0.6818181818181818
134_OPPORTUNITY_id_6_HumanActivity_tr_1477_1st_1577.csv,timeseries,tsbad_m,model_centrality,23,g174,0.4462621315264935,0.6818181818181818
134_OPPORTUNITY_id_6_HumanActivity_tr_1477_1st_1577.csv,timeseries,tsbad_m,hits,23,g174,0.4431211265049089,0.5
145_SMAP_id_2_Sensor_tr_2133_1st_5400.csv,timeseries,tsbad_m,oracle_best,23,g227,0.0,0.0
145_SMAP_id_2_Sensor_tr_2133_1st_5400.csv,timeseries,tsbad_m,anti_oracle,23,g227,0.37315884936592614,1.0
145_SMAP_id_2_Sensor_tr_2133_1st_5400.csv,timeseries,tsbad_m,random,23,g227,0.16887784905865155,0.5
145_SMAP_id_2_Sensor_tr_2133_1st_5400.csv,timeseries,tsbad_m,global_fixed,23,g227,0.0,0.0
145_SMAP_id_2_Sensor_tr_2133_1st_5400.csv,timeseries,tsbad_m,iforest_random,23,g227,0.24866041240833664,0.7727272727272727
145_SMAP_id_2_Sensor_tr_2133_1st_5400.csv,timeseries,tsbad_m,em,23,g227,0.04679086052325465,0.18181818181818182
145_SMAP_id_2_Sensor_tr_2133_1st_5400.csv,timeseries,tsbad_m,mv,23,g227,0.04679086052325465,0.18181818181818182
145_SMAP_id_2_Sensor_tr_2133_1st_5400.csv,timeseries,tsbad_m,consensus,23,g227,0.2488775523255871,0.7727272727272727
145_SMAP_id_2_Sensor_tr_2133_1st_5400.csv,timeseries,tsbad_m,model_centrality,23,g227,0.2488775523255871,0.7727272727272727
145_SMAP_id_2_Sensor_tr_2133_1st_5400.csv,timeseries,tsbad_m,hits,23,g227,0.2488775523255871,0.7727272727272727
160_SMAP_id_17_Sensor_tr_1832_1st_5300.csv,timeseries,tsbad_m,oracle_best,23,g226,0.0,0.0
160_SMAP_id_17_Sensor_tr_1832_1st_5300.csv,timeseries,tsbad_m,anti_oracle,23,g226,0.6801913824883046,1.0
160_SMAP_id_17_Sensor_tr_1832_1st_5300.csv,timeseries,tsbad_m,random,23,g226,0.3731537321172092,0.5
160_SMAP_id_17_Sensor_tr_1832_1st_5300.csv,timeseries,tsbad_m,global_fixed,23,g226,0.19085389741402037,0.22727272727272727
160_SMAP_id_17_Sensor_tr_1832_1st_5300.csv,timeseries,tsbad_m,iforest_random,23,g226,0.46429531460173257,0.6666666666666666
160_SMAP_id_17_Sensor_tr_1832_1st_5300.csv,timeseries,tsbad_m,em,23,g226,0.4751059714896714,0.6818181818181818
160_SMAP_id_17_Sensor_tr_1832_1st_5300.csv,timeseries,tsbad_m,mv,23,g226,0.4751059714896714,0.6818181818181818
160_SMAP_id_17_Sensor_tr_1832_1st_5300.csv,timeseries,tsbad_m,consensus,23,g226,0.4501000831856121,0.5909090909090909
160_SMAP_id_17_Sensor_tr_1832_1st_5300.csv,timeseries,tsbad_m,model_centrality,23,g226,0.4501000831856121,0.5909090909090909
160_SMAP_id_17_Sensor_tr_1832_1st_5300.csv,timeseries,tsbad_m,hits,23,g226,0.4501000831856121,0.5909090909090909
171_SWaT_id_1_Sensor_tr_3749_1st_9522.csv,timeseries,tsbad_m,oracle_best,23,g256,0.0,0.0
171_SWaT_id_1_Sensor_tr_3749_1st_9522.csv,timeseries,tsbad_m,anti_oracle,23,g256,0.4529032913403592,1.0
171_SWaT_id_1_Sensor_tr_3749_1st_9522.csv,timeseries,tsbad_m,random,23,g256,0.2856753086778627,0.5
171_SWaT_id_1_Sensor_tr_3749_1st_9522.csv,timeseries,tsbad_m,global_fixed,23,g256,0.18831741785510436,0.13636363636363635
171_SWaT_id_1_Sensor_tr_3749_1st_9522.csv,timeseries,tsbad_m,iforest_random,23,g256,0.3346172794199429,0.6818181818181818
171_SWaT_id_1_Sensor_tr_3749_1st_9522.csv,timeseries,tsbad_m,em,23,g256,0.43808724566226925,0.8636363636363636
171_SWaT_id_1_Sensor_tr_3749_1st_9522.csv,timeseries,tsbad_m,mv,23,g256,0.43808724566226925,0.8636363636363636
171_SWaT_id_1_Sensor_tr_3749_1st_9522.csv,timeseries,tsbad_m,consensus,23,g256,0.4529032913403592,1.0
171_SWaT_id_1_Sensor_tr_3749_1st_9522.csv,timeseries,tsbad_m,model_centrality,23,g256,0.4529032913403592,1.0
171_SWaT_id_1_Sensor_tr_3749_1st_9522.csv,timeseries,tsbad_m,hits,23,g256,0.29969540411714946,0.5909090909090909
228_MGAB_id_4_Synthetic_tr_25000_1st_38948.csv,timeseries,tsbad_u,oracle_best,23,g145,0.0,0.0
228_MGAB_id_4_Synthetic_tr_25000_1st_38948.csv,timeseries,tsbad_u,anti_oracle,23,g145,0.2378047895302279,1.0
228_MGAB_id_4_Synthetic_tr_25000_1st_38948.csv,timeseries,tsbad_u,random,23,g145,0.19749759414862245,0.5
228_MGAB_id_4_Synthetic_tr_25000_1st_38948.csv,timeseries,tsbad_u,global_fixed,23,g145,0.02042030794040972,0.045454545454545456
228_MGAB_id_4_Synthetic_tr_25000_1st_38948.csv,timeseries,tsbad_u,iforest_random,23,g145,0.22794248167657538,0.712121212121212
228_MGAB_id_4_Synthetic_tr_25000_1st_38948.csv,timeseries,tsbad_u,em,23,g145,0.18001536972674329,0.13636363636363635
228_MGAB_id_4_Synthetic_tr_25000_1st_38948.csv,timeseries,tsbad_u,mv,23,g145,0.18001536972674329,0.13636363636363635
228_MGAB_id_4_Synthetic_tr_25000_1st_38948.csv,timeseries,tsbad_u,consensus,23,g145,0.22913336498765022,0.7727272727272727
228_MGAB_id_4_Synthetic_tr_25000_1st_38948.csv,timeseries,tsbad_u,model_centrality,23,g145,0.22913336498765022,0.7727272727272727
228_MGAB_id_4_Synthetic_tr_25000_1st_38948.csv,timeseries,tsbad_u,hits,23,g145,0.22913336498765022,0.7727272727272727
229_MGAB_id_5_Synthetic_tr_25000_1st_33098.csv,timeseries,tsbad_u,oracle_best,23,g146,0.0,0.0
229_MGAB_id_5_Synthetic_tr_25000_1st_33098.csv,timeseries,tsbad_u,anti_oracle,23,g146,0.22668602321082512,1.0
229_MGAB_id_5_Synthetic_tr_25000_1st_33098.csv,timeseries,tsbad_u,random,23,g146,0.19545322838941612,0.5
229_MGAB_id_5_Synthetic_tr_25000_1st_33098.csv,timeseries,tsbad_u,global_fixed,23,g146,0.06531333270732048,0.045454545454545456
229_MGAB_id_5_Synthetic_tr_25000_1st_33098.csv,timeseries,tsbad_u,iforest_random,23,g146,0.2223284267911178,0.7272727272727273
229_MGAB_id_5_Synthetic_tr_25000_1st_33098.csv,timeseries,tsbad_u,em,23,g146,0.16249727304305506,0.13636363636363635
229_MGAB_id_5_Synthetic_tr_25000_1st_33098.csv,timeseries,tsbad_u,mv,23,g146,0.16249727304305506,0.13636363636363635
229_MGAB_id_5_Synthetic_tr_25000_1st_33098.csv,timeseries,tsbad_u,consensus,23,g146,0.22268440656670452,0.8181818181818182
229_MGAB_id_5_Synthetic_tr_25000_1st_33098.csv,timeseries,tsbad_u,model_centrality,23,g146,0.22268440656670452,0.8181818181818182
229_MGAB_id_5_Synthetic_tr_25000_1st_33098.csv,timeseries,tsbad_u,hits,23,g146,0.22268440656670452,0.8181818181818182
230_MGAB_id_6_Synthetic_tr_25000_1st_42441.csv,timeseries,tsbad_u,oracle_best,23,g147,0.0,0.0
230_MGAB_id_6_Synthetic_tr_25000_1st_42441.csv,timeseries,tsbad_u,anti_oracle,23,g147,0.39199172110724567,1.0
230_MGAB_id_6_Synthetic_tr_25000_1st_42441.csv,timeseries,tsbad_u,random,23,g147,0.3402249519474246,0.5
230_MGAB_id_6_Synthetic_tr_25000_1st_42441.csv,timeseries,tsbad_u,global_fixed,23,g147,0.1620440366500801,0.045454545454545456
230_MGAB_id_6_Synthetic_tr_25000_1st_42441.csv,timeseries,tsbad_u,iforest_random,23,g147,0.3908071477499028,0.893939393939394
230_MGAB_id_6_Synthetic_tr_25000_1st_42441.csv,timeseries,tsbad_u,em,23,g147,0.3196109500329038,0.13636363636363635
230_MGAB_id_6_Synthetic_tr_25000_1st_42441.csv,timeseries,tsbad_u,mv,23,g147,0.3196109500329038,0.13636363636363635
230_MGAB_id_6_Synthetic_tr_25000_1st_42441.csv,timeseries,tsbad_u,consensus,23,g147,0.3900722900957819,0.8181818181818182
230_MGAB_id_6_Synthetic_tr_25000_1st_42441.csv,timeseries,tsbad_u,model_centrality,23,g147,0.3900722900957819,0.8181818181818182
230_MGAB_id_6_Synthetic_tr_25000_1st_42441.csv,timeseries,tsbad_u,hits,23,g147,0.3900722900957819,0.8181818181818182
302_Power_id_1_Facility_tr_7685_1st_7785.csv,timeseries,tsbad_u,oracle_best,23,g192,0.0,0.0
302_Power_id_1_Facility_tr_7685_1st_7785.csv,timeseries,tsbad_u,anti_oracle,23,g192,0.27095601563153815,1.0
302_Power_id_1_Facility_tr_7685_1st_7785.csv,timeseries,tsbad_u,random,23,g192,0.13015835880772902,0.5
302_Power_id_1_Facility_tr_7685_1st_7785.csv,timeseries,tsbad_u,global_fixed,23,g192,0.22238695009810588,0.6818181818181818
302_Power_id_1_Facility_tr_7685_1st_7785.csv,timeseries,tsbad_u,iforest_random,23,g192,0.09185204969696636,0.45454545454545453
302_Power_id_1_Facility_tr_7685_1st_7785.csv,timeseries,tsbad_u,em,23,g192,0.07671284022795131,0.4090909090909091
302_Power_id_1_Facility_tr_7685_1st_7785.csv,timeseries,tsbad_u,mv,23,g192,0.22540940678699717,0.7272727272727273
302_Power_id_1_Facility_tr_7685_1st_7785.csv,timeseries,tsbad_u,consensus,23,g192,0.09523882276136819,0.45454545454545453
302_Power_id_1_Facility_tr_7685_1st_7785.csv,timeseries,tsbad_u,model_centrality,23,g192,0.07671284022795131,0.4090909090909091
302_Power_id_1_Facility_tr_7685_1st_7785.csv,timeseries,tsbad_u,hits,23,g192,0.09523882276136819,0.45454545454545453
314_UCR_id_12_HumanActivity_tr_16250_1st_38500.csv,timeseries,tsbad_u,oracle_best,23,g369,0.0,0.0
314_UCR_id_12_HumanActivity_tr_16250_1st_38500.csv,timeseries,tsbad_u,anti_oracle,23,g369,0.18302941438457515,1.0
314_UCR_id_12_HumanActivity_tr_16250_1st_38500.csv,timeseries,tsbad_u,random,23,g369,0.1181589418460941,0.5
314_UCR_id_12_HumanActivity_tr_16250_1st_38500.csv,timeseries,tsbad_u,global_fixed,23,g369,0.027082368735017792,0.13636363636363635
314_UCR_id_12_HumanActivity_tr_16250_1st_38500.csv,timeseries,tsbad_u,iforest_random,23,g369,0.17438733507014972,0.6363636363636364
314_UCR_id_12_HumanActivity_tr_16250_1st_38500.csv,timeseries,tsbad_u,em,23,g369,0.0,0.0
314_UCR_id_12_HumanActivity_tr_16250_1st_38500.csv,timeseries,tsbad_u,mv,23,g369,0.0,0.0
314_UCR_id_12_HumanActivity_tr_16250_1st_38500.csv,timeseries,tsbad_u,consensus,23,g369,0.1758099558621363,0.7272727272727273
314_UCR_id_12_HumanActivity_tr_16250_1st_38500.csv,timeseries,tsbad_u,model_centrality,23,g369,0.1758099558621363,0.7272727272727273
314_UCR_id_12_HumanActivity_tr_16250_1st_38500.csv,timeseries,tsbad_u,hits,23,g369,0.1758099558621363,0.7272727272727273
345_UCR_id_43_Facility_tr_25000_1st_44630.csv,timeseries,tsbad_u,oracle_best,23,g376,0.0,0.0
345_UCR_id_43_Facility_tr_25000_1st_44630.csv,timeseries,tsbad_u,anti_oracle,23,g376,0.12004917766297207,1.0
345_UCR_id_43_Facility_tr_25000_1st_44630.csv,timeseries,tsbad_u,random,23,g376,0.10619761780576548,0.5
345_UCR_id_43_Facility_tr_25000_1st_44630.csv,timeseries,tsbad_u,global_fixed,23,g376,0.10236377278761206,0.18181818181818182
345_UCR_id_43_Facility_tr_25000_1st_44630.csv,timeseries,tsbad_u,iforest_random,23,g376,0.10638159637109093,0.2727272727272727
345_UCR_id_43_Facility_tr_25000_1st_44630.csv,timeseries,tsbad_u,em,23,g376,0.11479338855949241,0.6818181818181818
345_UCR_id_43_Facility_tr_25000_1st_44630.csv,timeseries,tsbad_u,mv,23,g376,0.11479338855949241,0.6818181818181818
345_UCR_id_43_Facility_tr_25000_1st_44630.csv,timeseries,tsbad_u,consensus,23,g376,0.1072908081888752,0.2727272727272727
345_UCR_id_43_Facility_tr_25000_1st_44630.csv,timeseries,tsbad_u,model_centrality,23,g376,0.1072908081888752,0.2727272727272727
345_UCR_id_43_Facility_tr_25000_1st_44630.csv,timeseries,tsbad_u,hits,23,g376,0.1072908081888752,0.2727272727272727
368_UCR_id_66_Facility_tr_50000_1st_125720.csv,timeseries,tsbad_u,oracle_best,23,g378,0.0,0.0
368_UCR_id_66_Facility_tr_50000_1st_125720.csv,timeseries,tsbad_u,anti_oracle,23,g378,0.3960177725680286,1.0
368_UCR_id_66_Facility_tr_50000_1st_125720.csv,timeseries,tsbad_u,random,23,g378,0.2798109327670774,0.5
368_UCR_id_66_Facility_tr_50000_1st_125720.csv,timeseries,tsbad_u,global_fixed,23,g378,0.04480638958400274,0.045454545454545456
368_UCR_id_66_Facility_tr_50000_1st_125720.csv,timeseries,tsbad_u,iforest_random,23,g378,0.2910549469676955,0.4393939393939394
368_UCR_id_66_Facility_tr_50000_1st_125720.csv,timeseries,tsbad_u,em,23,g378,0.23003455419717347,0.18181818181818182
368_UCR_id_66_Facility_tr_50000_1st_125720.csv,timeseries,tsbad_u,mv,23,g378,0.23003455419717347,0.18181818181818182
368_UCR_id_66_Facility_tr_50000_1st_125720.csv,timeseries,tsbad_u,consensus,23,g378,0.2816545051291823,0.36363636363636365
368_UCR_id_66_Facility_tr_50000_1st_125720.csv,timeseries,tsbad_u,model_centrality,23,g378,0.2816545051291823,0.36363636363636365
368_UCR_id_66_Facility_tr_50000_1st_125720.csv,timeseries,tsbad_u,hits,23,g378,0.2816545051291823,0.36363636363636365
381_UCR_id_79_HumanActivity_tr_16000_1st_31200.csv,timeseries,tsbad_u,oracle_best,23,g380,0.0,0.0
381_UCR_id_79_HumanActivity_tr_16000_1st_31200.csv,timeseries,tsbad_u,anti_oracle,23,g380,0.31312562854563686,1.0
381_UCR_id_79_HumanActivity_tr_16000_1st_31200.csv,timeseries,tsbad_u,random,23,g380,0.20451849756749918,0.5
381_UCR_id_79_HumanActivity_tr_16000_1st_31200.csv,timeseries,tsbad_u,global_fixed,23,g380,0.033125587831197956,0.045454545454545456
381_UCR_id_79_HumanActivity_tr_16000_1st_31200.csv,timeseries,tsbad_u,iforest_random,23,g380,0.22860641659039926,0.45454545454545453
381_UCR_id_79_HumanActivity_tr_16000_1st_31200.csv,timeseries,tsbad_u,em,23,g380,0.0,0.0
381_UCR_id_79_HumanActivity_tr_16000_1st_31200.csv,timeseries,tsbad_u,mv,23,g380,0.0,0.0
381_UCR_id_79_HumanActivity_tr_16000_1st_31200.csv,timeseries,tsbad_u,consensus,23,g380,0.23697758719678935,0.5454545454545454
381_UCR_id_79_HumanActivity_tr_16000_1st_31200.csv,timeseries,tsbad_u,model_centrality,23,g380,0.23697758719678935,0.5454545454545454
381_UCR_id_79_HumanActivity_tr_16000_1st_31200.csv,timeseries,tsbad_u,hits,23,g380,0.30095340001118354,0.8181818181818182
416_UCR_id_114_Medical_tr_50000_1st_91200.csv,timeseries,tsbad_u,oracle_best,23,g367,0.0,0.0
416_UCR_id_114_Medical_tr_50000_1st_91200.csv,timeseries,tsbad_u,anti_oracle,23,g367,0.5935472120320131,1.0
416_UCR_id_114_Medical_tr_50000_1st_91200.csv,timeseries,tsbad_u,random,23,g367,0.4328137682461932,0.5
416_UCR_id_114_Medical_tr_50000_1st_91200.csv,timeseries,tsbad_u,global_fixed,23,g367,0.32860872883011844,0.09090909090909091
416_UCR_id_114_Medical_tr_50000_1st_91200.csv,timeseries,tsbad_u,iforest_random,23,g367,0.4546531241279327,0.4090909090909091
416_UCR_id_114_Medical_tr_50000_1st_91200.csv,timeseries,tsbad_u,em,23,g367,0.4312912754497752,0.3181818181818182
416_UCR_id_114_Medical_tr_50000_1st_91200.csv,timeseries,tsbad_u,mv,23,g367,0.4765120671344351,0.5909090909090909
416_UCR_id_114_Medical_tr_50000_1st_91200.csv,timeseries,tsbad_u,consensus,23,g367,0.4496561281910174,0.36363636363636365
416_UCR_id_114_Medical_tr_50000_1st_91200.csv,timeseries,tsbad_u,model_centrality,23,g367,0.4496561281910174,0.36363636363636365
416_UCR_id_114_Medical_tr_50000_1st_91200.csv,timeseries,tsbad_u,hits,23,g367,0.4496561281910174,0.36363636363636365
430_UCR_id_128_HumanActivity_tr_12500_1st_46500.csv,timeseries,tsbad_u,oracle_best,23,g368,0.0,0.0
430_UCR_id_128_HumanActivity_tr_12500_1st_46500.csv,timeseries,tsbad_u,anti_oracle,23,g368,0.2078194050352768,1.0
430_UCR_id_128_HumanActivity_tr_12500_1st_46500.csv,timeseries,tsbad_u,random,23,g368,0.13051994777999482,0.5
430_UCR_id_128_HumanActivity_tr_12500_1st_46500.csv,timeseries,tsbad_u,global_fixed,23,g368,0.035488369024549216,0.18181818181818182
430_UCR_id_128_HumanActivity_tr_12500_1st_46500.csv,timeseries,tsbad_u,iforest_random,23,g368,0.172215819363057,0.5151515151515151
430_UCR_id_128_HumanActivity_tr_12500_1st_46500.csv,timeseries,tsbad_u,em,23,g368,0.009094265277142854,0.13636363636363635
430_UCR_id_128_HumanActivity_tr_12500_1st_46500.csv,timeseries,tsbad_u,mv,23,g368,0.009094265277142854,0.13636363636363635
430_UCR_id_128_HumanActivity_tr_12500_1st_46500.csv,timeseries,tsbad_u,consensus,23,g368,0.16245244269815443,0.45454545454545453
430_UCR_id_128_HumanActivity_tr_12500_1st_46500.csv,timeseries,tsbad_u,model_centrality,23,g368,0.16245244269815443,0.45454545454545453
430_UCR_id_128_HumanActivity_tr_12500_1st_46500.csv,timeseries,tsbad_u,hits,23,g368,0.16245244269815443,0.45454545454545453
433_UCR_id_131_Facility_tr_50000_1st_106720.csv,timeseries,tsbad_u,oracle_best,23,g370,0.0,0.0
433_UCR_id_131_Facility_tr_50000_1st_106720.csv,timeseries,tsbad_u,anti_oracle,23,g370,0.2478175861668476,1.0
433_UCR_id_131_Facility_tr_50000_1st_106720.csv,timeseries,tsbad_u,random,23,g370,0.17413449158970545,0.5
433_UCR_id_131_Facility_tr_50000_1st_106720.csv,timeseries,tsbad_u,global_fixed,23,g370,0.011107895987094163,0.045454545454545456
433_UCR_id_131_Facility_tr_50000_1st_106720.csv,timeseries,tsbad_u,iforest_random,23,g370,0.22115742548682915,0.7272727272727273
433_UCR_id_131_Facility_tr_50000_1st_106720.csv,timeseries,tsbad_u,em,23,g370,0.09996131865378452,0.13636363636363635
433_UCR_id_131_Facility_tr_50000_1st_106720.csv,timeseries,tsbad_u,mv,23,g370,0.09996131865378452,0.13636363636363635
433_UCR_id_131_Facility_tr_50000_1st_106720.csv,timeseries,tsbad_u,consensus,23,g370,0.22225443879421067,0.7727272727272727
433_UCR_id_131_Facility_tr_50000_1st_106720.csv,timeseries,tsbad_u,model_centrality,23,g370,0.22225443879421067,0.7727272727272727
433_UCR_id_131_Facility_tr_50000_1st_106720.csv,timeseries,tsbad_u,hits,23,g370,0.22225443879421067,0.7727272727272727
461_UCR_id_159_Medical_tr_45096_1st_131200.csv,timeseries,tsbad_u,oracle_best,23,g372,0.0,0.0
461_UCR_id_159_Medical_tr_45096_1st_131200.csv,timeseries,tsbad_u,anti_oracle,23,g372,0.7609460072179157,1.0
461_UCR_id_159_Medical_tr_45096_1st_131200.csv,timeseries,tsbad_u,random,23,g372,0.6059089301964719,0.5
461_UCR_id_159_Medical_tr_45096_1st_131200.csv,timeseries,tsbad_u,global_fixed,23,g372,0.474158556732778,0.09090909090909091
461_UCR_id_159_Medical_tr_45096_1st_131200.csv,timeseries,tsbad_u,iforest_random,23,g372,0.6969392821467085,0.6515151515151515
461_UCR_id_159_Medical_tr_45096_1st_131200.csv,timeseries,tsbad_u,em,23,g372,0.671404494650494,0.4090909090909091
461_UCR_id_159_Medical_tr_45096_1st_131200.csv,timeseries,tsbad_u,mv,23,g372,0.6779302763841727,0.5
461_UCR_id_159_Medical_tr_45096_1st_131200.csv,timeseries,tsbad_u,consensus,23,g372,0.6865034739095811,0.5909090909090909
461_UCR_id_159_Medical_tr_45096_1st_131200.csv,timeseries,tsbad_u,model_centrality,23,g372,0.6865034739095811,0.5909090909090909
461_UCR_id_159_Medical_tr_45096_1st_131200.csv,timeseries,tsbad_u,hits,23,g372,0.6865034739095811,0.5909090909090909
529_UCR_id_227_Facility_tr_19948_1st_52000.csv,timeseries,tsbad_u,oracle_best,23,g374,0.0,0.0
529_UCR_id_227_Facility_tr_19948_1st_52000.csv,timeseries,tsbad_u,anti_oracle,23,g374,0.49193613068502556,1.0
529_UCR_id_227_Facility_tr_19948_1st_52000.csv,timeseries,tsbad_u,random,23,g374,0.2643885496651293,0.5
529_UCR_id_227_Facility_tr_19948_1st_52000.csv,timeseries,tsbad_u,global_fixed,23,g374,0.03540896319649883,0.09090909090909091
529_UCR_id_227_Facility_tr_19948_1st_52000.csv,timeseries,tsbad_u,iforest_random,23,g374,0.40444903019844625,0.7272727272727273
529_UCR_id_227_Facility_tr_19948_1st_52000.csv,timeseries,tsbad_u,em,23,g374,0.4050124043276962,0.7727272727272727
529_UCR_id_227_Facility_tr_19948_1st_52000.csv,timeseries,tsbad_u,mv,23,g374,0.4050124043276962,0.7727272727272727
529_UCR_id_227_Facility_tr_19948_1st_52000.csv,timeseries,tsbad_u,consensus,23,g374,0.4050124043276962,0.7727272727272727
529_UCR_id_227_Facility_tr_19948_1st_52000.csv,timeseries,tsbad_u,model_centrality,23,g374,0.4050124043276962,0.7727272727272727
529_UCR_id_227_Facility_tr_19948_1st_52000.csv,timeseries,tsbad_u,hits,23,g374,0.4050124043276962,0.7727272727272727
842_OPPORTUNITY_id_1_HumanActivity_tr_7295_1st_27516.csv,timeseries,tsbad_u,oracle_best,23,g166,0.0,0.0
842_OPPORTUNITY_id_1_HumanActivity_tr_7295_1st_27516.csv,timeseries,tsbad_u,anti_oracle,23,g166,0.7324513411247378,1.0
842_OPPORTUNITY_id_1_HumanActivity_tr_7295_1st_27516.csv,timeseries,tsbad_u,random,23,g166,0.18939290353216354,0.5
842_OPPORTUNITY_id_1_HumanActivity_tr_7295_1st_27516.csv,timeseries,tsbad_u,global_fixed,23,g166,0.013442032099516,0.3181818181818182
842_OPPORTUNITY_id_1_HumanActivity_tr_7295_1st_27516.csv,timeseries,tsbad_u,iforest_random,23,g166,0.14421596961637484,0.6212121212121212
842_OPPORTUNITY_id_1_HumanActivity_tr_7295_1st_27516.csv,timeseries,tsbad_u,em,23,g166,0.0005937118437118194,0.045454545454545456
842_OPPORTUNITY_id_1_HumanActivity_tr_7295_1st_27516.csv,timeseries,tsbad_u,mv,23,g166,0.0005937118437118194,0.045454545454545456
842_OPPORTUNITY_id_1_HumanActivity_tr_7295_1st_27516.csv,timeseries,tsbad_u,consensus,23,g166,0.18856475058327238,0.7272727272727273
842_OPPORTUNITY_id_1_HumanActivity_tr_7295_1st_27516.csv,timeseries,tsbad_u,model_centrality,23,g166,0.18856475058327238,0.7272727272727273
842_OPPORTUNITY_id_1_HumanActivity_tr_7295_1st_27516.csv,timeseries,tsbad_u,hits,23,g166,0.18856475058327238,0.7272727272727273
848_OPPORTUNITY_id_7_HumanActivity_tr_1477_1st_1577.csv,timeseries,tsbad_u,oracle_best,23,g175,0.0,0.0
848_OPPORTUNITY_id_7_HumanActivity_tr_1477_1st_1577.csv,timeseries,tsbad_u,anti_oracle,23,g175,0.9466825226702748,1.0
848_OPPORTUNITY_id_7_HumanActivity_tr_1477_1st_1577.csv,timeseries,tsbad_u,random,23,g175,0.2250700059894707,0.5
848_OPPORTUNITY_id_7_HumanActivity_tr_1477_1st_1577.csv,timeseries,tsbad_u,global_fixed,23,g175,0.04544078388501571,0.45454545454545453
848_OPPORTUNITY_id_7_HumanActivity_tr_1477_1st_1577.csv,timeseries,tsbad_u,iforest_random,23,g175,0.04346437228698008,0.4696969696969697
848_OPPORTUNITY_id_7_HumanActivity_tr_1477_1st_1577.csv,timeseries,tsbad_u,em,23,g175,0.028270368884674046,0.3181818181818182
848_OPPORTUNITY_id_7_HumanActivity_tr_1477_1st_1577.csv,timeseries,tsbad_u,mv,23,g175,0.050947392135182734,0.5454545454545454
848_OPPORTUNITY_id_7_HumanActivity_tr_1477_1st_1577.csv,timeseries,tsbad_u,consensus,23,g175,0.033890755531503,0.36363636363636365
848_OPPORTUNITY_id_7_HumanActivity_tr_1477_1st_1577.csv,timeseries,tsbad_u,model_centrality,23,g175,0.033890755531503,0.36363636363636365
848_OPPORTUNITY_id_7_HumanActivity_tr_1477_1st_1577.csv,timeseries,tsbad_u,hits,23,g175,0.033890755531503,0.36363636363636365
850_OPPORTUNITY_id_9_HumanActivity_tr_895_1st_995.csv,timeseries,tsbad_u,oracle_best,23,g176,0.0,0.0
850_OPPORTUNITY_id_9_HumanActivity_tr_895_1st_995.csv,timeseries,tsbad_u,anti_oracle,23,g176,0.9757269471747244,1.0
850_OPPORTUNITY_id_9_HumanActivity_tr_895_1st_995.csv,timeseries,tsbad_u,random,23,g176,0.38153267449523387,0.5
850_OPPORTUNITY_id_9_HumanActivity_tr_895_1st_995.csv,timeseries,tsbad_u,global_fixed,23,g176,0.1360499944896718,0.4090909090909091
850_OPPORTUNITY_id_9_HumanActivity_tr_895_1st_995.csv,timeseries,tsbad_u,iforest_random,23,g176,0.5203920238694968,0.696969696969697
850_OPPORTUNITY_id_9_HumanActivity_tr_895_1st_995.csv,timeseries,tsbad_u,em,23,g176,0.05018779183754951,0.09090909090909091
850_OPPORTUNITY_id_9_HumanActivity_tr_895_1st_995.csv,timeseries,tsbad_u,mv,23,g176,0.05018779183754951,0.09090909090909091
850_OPPORTUNITY_id_9_HumanActivity_tr_895_1st_995.csv,timeseries,tsbad_u,consensus,23,g176,0.6057377562270443,0.7727272727272727
850_OPPORTUNITY_id_9_HumanActivity_tr_895_1st_995.csv,timeseries,tsbad_u,model_centrality,23,g176,0.6057377562270443,0.7727272727272727
850_OPPORTUNITY_id_9_HumanActivity_tr_895_1st_995.csv,timeseries,tsbad_u,hits,23,g176,0.6057377562270443,0.7727272727272727
854_OPPORTUNITY_id_13_HumanActivity_tr_1477_1st_1577.csv,timeseries,tsbad_u,oracle_best,23,g165,0.0,0.0
854_OPPORTUNITY_id_13_HumanActivity_tr_1477_1st_1577.csv,timeseries,tsbad_u,anti_oracle,23,g165,0.6581337258503372,1.0
854_OPPORTUNITY_id_13_HumanActivity_tr_1477_1st_1577.csv,timeseries,tsbad_u,random,23,g165,0.17614725384610896,0.5
854_OPPORTUNITY_id_13_HumanActivity_tr_1477_1st_1577.csv,timeseries,tsbad_u,global_fixed,23,g165,0.07684418135816173,0.5909090909090909
854_OPPORTUNITY_id_13_HumanActivity_tr_1477_1st_1577.csv,timeseries,tsbad_u,iforest_random,23,g165,0.1886138082561365,0.6818181818181818
854_OPPORTUNITY_id_13_HumanActivity_tr_1477_1st_1577.csv,timeseries,tsbad_u,em,23,g165,0.0,0.18181818181818182
854_OPPORTUNITY_id_13_HumanActivity_tr_1477_1st_1577.csv,timeseries,tsbad_u,mv,23,g165,0.15620428449946522,0.6363636363636364
854_OPPORTUNITY_id_13_HumanActivity_tr_1477_1st_1577.csv,timeseries,tsbad_u,consensus,23,g165,0.22698223986042876,0.7272727272727273
854_OPPORTUNITY_id_13_HumanActivity_tr_1477_1st_1577.csv,timeseries,tsbad_u,model_centrality,23,g165,0.22698223986042876,0.7272727272727273
854_OPPORTUNITY_id_13_HumanActivity_tr_1477_1st_1577.csv,timeseries,tsbad_u,hits,23,g165,0.22698223986042876,0.7272727272727273
863_OPPORTUNITY_id_22_HumanActivity_tr_808_1st_908.csv,timeseries,tsbad_u,oracle_best,23,g167,0.0,0.0
863_OPPORTUNITY_id_22_HumanActivity_tr_808_1st_908.csv,timeseries,tsbad_u,anti_oracle,23,g167,1.0292077805194402,1.0
863_OPPORTUNITY_id_22_HumanActivity_tr_808_1st_908.csv,timeseries,tsbad_u,random,23,g167,0.29003717633874504,0.5
863_OPPORTUNITY_id_22_HumanActivity_tr_808_1st_908.csv,timeseries,tsbad_u,global_fixed,23,g167,0.009888570272202135,0.4090909090909091
863_OPPORTUNITY_id_22_HumanActivity_tr_808_1st_908.csv,timeseries,tsbad_u,iforest_random,23,g167,0.4420660178332779,0.6818181818181818
863_OPPORTUNITY_id_22_HumanActivity_tr_808_1st_908.csv,timeseries,tsbad_u,em,23,g167,0.2833199777505421,0.6363636363636364
863_OPPORTUNITY_id_22_HumanActivity_tr_808_1st_908.csv,timeseries,tsbad_u,mv,23,g167,1.0046673366061627,0.9090909090909091
863_OPPORTUNITY_id_22_HumanActivity_tr_808_1st_908.csv,timeseries,tsbad_u,consensus,23,g167,0.5457621445864522,0.7272727272727273
863_OPPORTUNITY_id_22_HumanActivity_tr_808_1st_908.csv,timeseries,tsbad_u,model_centrality,23,g167,0.5457621445864522,0.7272727272727273
863_OPPORTUNITY_id_22_HumanActivity_tr_808_1st_908.csv,timeseries,tsbad_u,hits,23,g167,0.5457621445864522,0.7272727272727273
867_OPPORTUNITY_id_26_HumanActivity_tr_808_1st_908.csv,timeseries,tsbad_u,oracle_best,23,g168,0.0,0.0
867_OPPORTUNITY_id_26_HumanActivity_tr_808_1st_908.csv,timeseries,tsbad_u,anti_oracle,23,g168,0.6522066759206597,1.0
867_OPPORTUNITY_id_26_HumanActivity_tr_808_1st_908.csv,timeseries,tsbad_u,random,23,g168,0.18436941655350536,0.5
867_OPPORTUNITY_id_26_HumanActivity_tr_808_1st_908.csv,timeseries,tsbad_u,global_fixed,23,g168,0.03143338143338159,0.4090909090909091
867_OPPORTUNITY_id_26_HumanActivity_tr_808_1st_908.csv,timeseries,tsbad_u,iforest_random,23,g168,0.33671358465692103,0.7727272727272727
867_OPPORTUNITY_id_26_HumanActivity_tr_808_1st_908.csv,timeseries,tsbad_u,em,23,g168,0.0,0.0
867_OPPORTUNITY_id_26_HumanActivity_tr_808_1st_908.csv,timeseries,tsbad_u,mv,23,g168,0.0,0.0
867_OPPORTUNITY_id_26_HumanActivity_tr_808_1st_908.csv,timeseries,tsbad_u,consensus,23,g168,0.12743088181768603,0.5909090909090909
867_OPPORTUNITY_id_26_HumanActivity_tr_808_1st_908.csv,timeseries,tsbad_u,model_centrality,23,g168,0.12743088181768603,0.5909090909090909
867_OPPORTUNITY_id_26_HumanActivity_tr_808_1st_908.csv,timeseries,tsbad_u,hits,23,g168,0.12743088181768603,0.5909090909090909
868_OPPORTUNITY_id_27_HumanActivity_tr_2085_1st_2185.csv,timeseries,tsbad_u,oracle_best,23,g169,0.0,0.0
868_OPPORTUNITY_id_27_HumanActivity_tr_2085_1st_2185.csv,timeseries,tsbad_u,anti_oracle,23,g169,0.7295496394404777,1.0
868_OPPORTUNITY_id_27_HumanActivity_tr_2085_1st_2185.csv,timeseries,tsbad_u,random,23,g169,0.22863851813355396,0.5
868_OPPORTUNITY_id_27_HumanActivity_tr_2085_1st_2185.csv,timeseries,tsbad_u,global_fixed,23,g169,0.19380660351764634,0.5454545454545454
868_OPPORTUNITY_id_27_HumanActivity_tr_2085_1st_2185.csv,timeseries,tsbad_u,iforest_random,23,g169,0.33335415806198954,0.7424242424242423
868_OPPORTUNITY_id_27_HumanActivity_tr_2085_1st_2185.csv,timeseries,tsbad_u,em,23,g169,0.0239673763279058,0.2727272727272727
868_OPPORTUNITY_id_27_HumanActivity_tr_2085_1st_2185.csv,timeseries,tsbad_u,mv,23,g169,0.03485712366348881,0.3181818181818182
868_OPPORTUNITY_id_27_HumanActivity_tr_2085_1st_2185.csv,timeseries,tsbad_u,consensus,23,g169,0.3131911702429082,0.6818181818181818
868_OPPORTUNITY_id_27_HumanActivity_tr_2085_1st_2185.csv,timeseries,tsbad_u,model_centrality,23,g169,0.3131911702429082,0.6818181818181818
868_OPPORTUNITY_id_27_HumanActivity_tr_2085_1st_2185.csv,timeseries,tsbad_u,hits,23,g169,0.3131911702429082,0.6818181818181818
001_UCR_Anomaly_DISTORTED1sddb40_35000_52000_52620.txt,timeseries,ucr,oracle_best,23,g285,0.0,0.0
001_UCR_Anomaly_DISTORTED1sddb40_35000_52000_52620.txt,timeseries,ucr,anti_oracle,23,g285,0.49535791595666384,1.0
001_UCR_Anomaly_DISTORTED1sddb40_35000_52000_52620.txt,timeseries,ucr,random,23,g285,0.2624017577269866,0.5
001_UCR_Anomaly_DISTORTED1sddb40_35000_52000_52620.txt,timeseries,ucr,global_fixed,23,g285,0.0,0.0
001_UCR_Anomaly_DISTORTED1sddb40_35000_52000_52620.txt,timeseries,ucr,iforest_random,23,g285,0.40272704881508864,0.6515151515151515
001_UCR_Anomaly_DISTORTED1sddb40_35000_52000_52620.txt,timeseries,ucr,em,23,g285,0.4067280482608891,0.7272727272727273
001_UCR_Anomaly_DISTORTED1sddb40_35000_52000_52620.txt,timeseries,ucr,mv,23,g285,0.06653040670190391,0.22727272727272727
001_UCR_Anomaly_DISTORTED1sddb40_35000_52000_52620.txt,timeseries,ucr,consensus,23,g285,0.4067280482608891,0.7272727272727273
001_UCR_Anomaly_DISTORTED1sddb40_35000_52000_52620.txt,timeseries,ucr,model_centrality,23,g285,0.4067280482608891,0.7272727272727273
001_UCR_Anomaly_DISTORTED1sddb40_35000_52000_52620.txt,timeseries,ucr,hits,23,g285,0.4067280482608891,0.7272727272727273
003_UCR_Anomaly_DISTORTED3sddb40_35000_46600_46900.txt,timeseries,ucr,oracle_best,23,g287,0.0,0.0
003_UCR_Anomaly_DISTORTED3sddb40_35000_46600_46900.txt,timeseries,ucr,anti_oracle,23,g287,0.7780986292730531,1.0
003_UCR_Anomaly_DISTORTED3sddb40_35000_46600_46900.txt,timeseries,ucr,random,23,g287,0.387175147689705,0.5
003_UCR_Anomaly_DISTORTED3sddb40_35000_46600_46900.txt,timeseries,ucr,global_fixed,23,g287,0.4154910779778788,0.5454545454545454
003_UCR_Anomaly_DISTORTED3sddb40_35000_46600_46900.txt,timeseries,ucr,iforest_random,23,g287,0.1911933137949956,0.18181818181818182
003_UCR_Anomaly_DISTORTED3sddb40_35000_46600_46900.txt,timeseries,ucr,em,23,g287,0.505161924704491,0.7272727272727273
003_UCR_Anomaly_DISTORTED3sddb40_35000_46600_46900.txt,timeseries,ucr,mv,23,g287,0.505161924704491,0.7272727272727273
003_UCR_Anomaly_DISTORTED3sddb40_35000_46600_46900.txt,timeseries,ucr,consensus,23,g287,0.21859898952714385,0.22727272727272727
003_UCR_Anomaly_DISTORTED3sddb40_35000_46600_46900.txt,timeseries,ucr,model_centrality,23,g287,0.21859898952714385,0.22727272727272727
003_UCR_Anomaly_DISTORTED3sddb40_35000_46600_46900.txt,timeseries,ucr,hits,23,g287,0.21859898952714385,0.22727272727272727
007_UCR_Anomaly_DISTORTEDCIMIS44AirTemperature3_4000_6520_6544.txt,timeseries,ucr,oracle_best,23,g291,0.0,0.0
007_UCR_Anomaly_DISTORTEDCIMIS44AirTemperature3_4000_6520_6544.txt,timeseries,ucr,anti_oracle,23,g291,0.40780866395620374,1.0
007_UCR_Anomaly_DISTORTEDCIMIS44AirTemperature3_4000_6520_6544.txt,timeseries,ucr,random,23,g291,0.22011210467037368,0.5
007_UCR_Anomaly_DISTORTEDCIMIS44AirTemperature3_4000_6520_6544.txt,timeseries,ucr,global_fixed,23,g291,0.3488527360899914,0.6363636363636364
007_UCR_Anomaly_DISTORTEDCIMIS44AirTemperature3_4000_6520_6544.txt,timeseries,ucr,iforest_random,23,g291,0.08428324516694763,0.28787878787878785
007_UCR_Anomaly_DISTORTEDCIMIS44AirTemperature3_4000_6520_6544.txt,timeseries,ucr,em,23,g291,0.1097093222510469,0.4090909090909091
007_UCR_Anomaly_DISTORTEDCIMIS44AirTemperature3_4000_6520_6544.txt,timeseries,ucr,mv,23,g291,0.3216090717262078,0.5454545454545454
007_UCR_Anomaly_DISTORTEDCIMIS44AirTemperature3_4000_6520_6544.txt,timeseries,ucr,consensus,23,g291,0.054673493474366286,0.18181818181818182
007_UCR_Anomaly_DISTORTEDCIMIS44AirTemperature3_4000_6520_6544.txt,timeseries,ucr,model_centrality,23,g291,0.054673493474366286,0.18181818181818182
007_UCR_Anomaly_DISTORTEDCIMIS44AirTemperature3_4000_6520_6544.txt,timeseries,ucr,hits,23,g291,0.054673493474366286,0.18181818181818182
009_UCR_Anomaly_DISTORTEDCIMIS44AirTemperature5_4000_4852_4900.txt,timeseries,ucr,oracle_best,23,g292,0.0,0.0
009_UCR_Anomaly_DISTORTEDCIMIS44AirTemperature5_4000_4852_4900.txt,timeseries,ucr,anti_oracle,23,g292,0.5638151972337652,1.0
009_UCR_Anomaly_DISTORTEDCIMIS44AirTemperature5_4000_4852_4900.txt,timeseries,ucr,random,23,g292,0.23050104764128176,0.5
009_UCR_Anomaly_DISTORTEDCIMIS44AirTemperature5_4000_4852_4900.txt,timeseries,ucr,global_fixed,23,g292,0.27359207557152165,0.5454545454545454
009_UCR_Anomaly_DISTORTEDCIMIS44AirTemperature5_4000_4852_4900.txt,timeseries,ucr,iforest_random,23,g292,0.012974859554171991,0.045454545454545456
009_UCR_Anomaly_DISTORTEDCIMIS44AirTemperature5_4000_4852_4900.txt,timeseries,ucr,em,23,g292,0.3332112573383456,0.6363636363636364
009_UCR_Anomaly_DISTORTEDCIMIS44AirTemperature5_4000_4852_4900.txt,timeseries,ucr,mv,23,g292,0.27359207557152165,0.5454545454545454
009_UCR_Anomaly_DISTORTEDCIMIS44AirTemperature5_4000_4852_4900.txt,timeseries,ucr,consensus,23,g292,0.02161382507547116,0.09090909090909091
009_UCR_Anomaly_DISTORTEDCIMIS44AirTemperature5_4000_4852_4900.txt,timeseries,ucr,model_centrality,23,g292,0.02161382507547116,0.09090909090909091
009_UCR_Anomaly_DISTORTEDCIMIS44AirTemperature5_4000_4852_4900.txt,timeseries,ucr,hits,23,g292,0.02161382507547116,0.09090909090909091
013_UCR_Anomaly_DISTORTEDECG3_15000_16000_16100.txt,timeseries,ucr,oracle_best,23,g293,0.0,0.0
013_UCR_Anomaly_DISTORTEDECG3_15000_16000_16100.txt,timeseries,ucr,anti_oracle,23,g293,0.34099087805086087,1.0
013_UCR_Anomaly_DISTORTEDECG3_15000_16000_16100.txt,timeseries,ucr,random,23,g293,0.2502919635735468,0.5
013_UCR_Anomaly_DISTORTEDECG3_15000_16000_16100.txt,timeseries,ucr,global_fixed,23,g293,0.19671053742666483,0.2727272727272727
013_UCR_Anomaly_DISTORTEDECG3_15000_16000_16100.txt,timeseries,ucr,iforest_random,23,g293,0.31408819094240575,0.7878787878787878
013_UCR_Anomaly_DISTORTEDECG3_15000_16000_16100.txt,timeseries,ucr,em,23,g293,0.0,0.0
013_UCR_Anomaly_DISTORTEDECG3_15000_16000_16100.txt,timeseries,ucr,mv,23,g293,0.0,0.0
013_UCR_Anomaly_DISTORTEDECG3_15000_16000_16100.txt,timeseries,ucr,consensus,23,g293,0.3020481675598171,0.6818181818181818
013_UCR_Anomaly_DISTORTEDECG3_15000_16000_16100.txt,timeseries,ucr,model_centrality,23,g293,0.3020481675598171,0.6818181818181818
013_UCR_Anomaly_DISTORTEDECG3_15000_16000_16100.txt,timeseries,ucr,hits,23,g293,0.3020481675598171,0.6818181818181818
014_UCR_Anomaly_DISTORTEDECG3_8000_17000_17100.txt,timeseries,ucr,oracle_best,23,g294,0.0,0.0
014_UCR_Anomaly_DISTORTEDECG3_8000_17000_17100.txt,timeseries,ucr,anti_oracle,23,g294,0.4946858586709137,1.0
014_UCR_Anomaly_DISTORTEDECG3_8000_17000_17100.txt,timeseries,ucr,random,23,g294,0.3249197253742604,0.5
014_UCR_Anomaly_DISTORTEDECG3_8000_17000_17100.txt,timeseries,ucr,global_fixed,23,g294,0.0,0.0
014_UCR_Anomaly_DISTORTEDECG3_8000_17000_17100.txt,timeseries,ucr,iforest_random,23,g294,0.34748096534188566,0.4090909090909091
014_UCR_Anomaly_DISTORTEDECG3_8000_17000_17100.txt,timeseries,ucr,em,23,g294,0.06338299036319966,0.045454545454545456
014_UCR_Anomaly_DISTORTEDECG3_8000_17000_17100.txt,timeseries,ucr,mv,23,g294,0.06338299036319966,0.045454545454545456
014_UCR_Anomaly_DISTORTEDECG3_8000_17000_17100.txt,timeseries,ucr,consensus,23,g294,0.3434700276700813,0.4090909090909091
014_UCR_Anomaly_DISTORTEDECG3_8000_17000_17100.txt,timeseries,ucr,model_centrality,23,g294,0.3434700276700813,0.4090909090909091
014_UCR_Anomaly_DISTORTEDECG3_8000_17000_17100.txt,timeseries,ucr,hits,23,g294,0.3434700276700813,0.4090909090909091
020_UCR_Anomaly_DISTORTEDGP711MarkerLFM5z2_5000_7175_7388.txt,timeseries,ucr,oracle_best,23,g300,0.0,0.0
020_UCR_Anomaly_DISTORTEDGP711MarkerLFM5z2_5000_7175_7388.txt,timeseries,ucr,anti_oracle,23,g300,0.2025031587993951,1.0
020_UCR_Anomaly_DISTORTEDGP711MarkerLFM5z2_5000_7175_7388.txt,timeseries,ucr,random,23,g300,0.14854933420851418,0.5
020_UCR_Anomaly_DISTORTEDGP711MarkerLFM5z2_5000_7175_7388.txt,timeseries,ucr,global_fixed,23,g300,0.0,0.0
020_UCR_Anomaly_DISTORTEDGP711MarkerLFM5z2_5000_7175_7388.txt,timeseries,ucr,iforest_random,23,g300,0.16834391693327533,0.45454545454545453
020_UCR_Anomaly_DISTORTEDGP711MarkerLFM5z2_5000_7175_7388.txt,timeseries,ucr,em,23,g300,0.16927207466298588,0.5
020_UCR_Anomaly_DISTORTEDGP711MarkerLFM5z2_5000_7175_7388.txt,timeseries,ucr,mv,23,g300,0.16927207466298588,0.5
020_UCR_Anomaly_DISTORTEDGP711MarkerLFM5z2_5000_7175_7388.txt,timeseries,ucr,consensus,23,g300,0.18976938290410425,0.7727272727272727
020_UCR_Anomaly_DISTORTEDGP711MarkerLFM5z2_5000_7175_7388.txt,timeseries,ucr,model_centrality,23,g300,0.18976938290410425,0.7727272727272727
020_UCR_Anomaly_DISTORTEDGP711MarkerLFM5z2_5000_7175_7388.txt,timeseries,ucr,hits,23,g300,0.18976938290410425,0.7727272727272727
026_UCR_Anomaly_DISTORTEDInternalBleeding15_1700_5684_5854.txt,timeseries,ucr,oracle_best,23,g303,0.0,0.0
026_UCR_Anomaly_DISTORTEDInternalBleeding15_1700_5684_5854.txt,timeseries,ucr,anti_oracle,23,g303,0.47567845391738245,1.0
026_UCR_Anomaly_DISTORTEDInternalBleeding15_1700_5684_5854.txt,timeseries,ucr,random,23,g303,0.3306630279848591,0.5
026_UCR_Anomaly_DISTORTEDInternalBleeding15_1700_5684_5854.txt,timeseries,ucr,global_fixed,23,g303,0.08221220689114866,0.09090909090909091
026_UCR_Anomaly_DISTORTEDInternalBleeding15_1700_5684_5854.txt,timeseries,ucr,iforest_random,23,g303,0.3518087512857142,0.36363636363636365
026_UCR_Anomaly_DISTORTEDInternalBleeding15_1700_5684_5854.txt,timeseries,ucr,em,23,g303,0.0027030839589154976,0.045454545454545456
026_UCR_Anomaly_DISTORTEDInternalBleeding15_1700_5684_5854.txt,timeseries,ucr,mv,23,g303,0.0027030839589154976,0.045454545454545456
026_UCR_Anomaly_DISTORTEDInternalBleeding15_1700_5684_5854.txt,timeseries,ucr,consensus,23,g303,0.353241681478105,0.36363636363636365
026_UCR_Anomaly_DISTORTEDInternalBleeding15_1700_5684_5854.txt,timeseries,ucr,model_centrality,23,g303,0.353241681478105,0.36363636363636365
026_UCR_Anomaly_DISTORTEDInternalBleeding15_1700_5684_5854.txt,timeseries,ucr,hits,23,g303,0.353241681478105,0.36363636363636365
035_UCR_Anomaly_DISTORTEDInternalBleeding8_2500_5865_5974.txt,timeseries,ucr,oracle_best,23,g304,0.0,0.0
035_UCR_Anomaly_DISTORTEDInternalBleeding8_2500_5865_5974.txt,timeseries,ucr,anti_oracle,23,g304,0.14784933735788072,1.0
035_UCR_Anomaly_DISTORTEDInternalBleeding8_2500_5865_5974.txt,timeseries,ucr,random,23,g304,0.11460042615664946,0.5
035_UCR_Anomaly_DISTORTEDInternalBleeding8_2500_5865_5974.txt,timeseries,ucr,global_fixed,23,g304,0.05081203575530088,0.045454545454545456
035_UCR_Anomaly_DISTORTEDInternalBleeding8_2500_5865_5974.txt,timeseries,ucr,iforest_random,23,g304,0.11711975457665849,0.3181818181818182
035_UCR_Anomaly_DISTORTEDInternalBleeding8_2500_5865_5974.txt,timeseries,ucr,em,23,g304,0.05705867442221722,0.09090909090909091
035_UCR_Anomaly_DISTORTEDInternalBleeding8_2500_5865_5974.txt,timeseries,ucr,mv,23,g304,0.05705867442221722,0.09090909090909091
035_UCR_Anomaly_DISTORTEDInternalBleeding8_2500_5865_5974.txt,timeseries,ucr,consensus,23,g304,0.10952971266704911,0.18181818181818182
035_UCR_Anomaly_DISTORTEDInternalBleeding8_2500_5865_5974.txt,timeseries,ucr,model_centrality,23,g304,0.10952971266704911,0.18181818181818182
035_UCR_Anomaly_DISTORTEDInternalBleeding8_2500_5865_5974.txt,timeseries,ucr,hits,23,g304,0.10952971266704911,0.18181818181818182
036_UCR_Anomaly_DISTORTEDInternalBleeding9_4200_6599_6681.txt,timeseries,ucr,oracle_best,23,g305,0.0,0.0
036_UCR_Anomaly_DISTORTEDInternalBleeding9_4200_6599_6681.txt,timeseries,ucr,anti_oracle,23,g305,0.14734192427749215,1.0
036_UCR_Anomaly_DISTORTEDInternalBleeding9_4200_6599_6681.txt,timeseries,ucr,random,23,g305,0.10646287338460733,0.5
036_UCR_Anomaly_DISTORTEDInternalBleeding9_4200_6599_6681.txt,timeseries,ucr,global_fixed,23,g305,0.13529311729172888,0.7272727272727273
036_UCR_Anomaly_DISTORTEDInternalBleeding9_4200_6599_6681.txt,timeseries,ucr,iforest_random,23,g305,0.12148434903139155,0.4393939393939394
036_UCR_Anomaly_DISTORTEDInternalBleeding9_4200_6599_6681.txt,timeseries,ucr,em,23,g305,0.142010194042256,0.9090909090909091
036_UCR_Anomaly_DISTORTEDInternalBleeding9_4200_6599_6681.txt,timeseries,ucr,mv,23,g305,0.142010194042256,0.9090909090909091
036_UCR_Anomaly_DISTORTEDInternalBleeding9_4200_6599_6681.txt,timeseries,ucr,consensus,23,g305,0.11242708639847863,0.36363636363636365
036_UCR_Anomaly_DISTORTEDInternalBleeding9_4200_6599_6681.txt,timeseries,ucr,model_centrality,23,g305,0.12686258305544965,0.5
036_UCR_Anomaly_DISTORTEDInternalBleeding9_4200_6599_6681.txt,timeseries,ucr,hits,23,g305,0.11242708639847863,0.36363636363636365
043_UCR_Anomaly_DISTORTEDMesoplodonDensirostris_10000_19280_19440.txt,timeseries,ucr,oracle_best,23,g308,0.0,0.0
043_UCR_Anomaly_DISTORTEDMesoplodonDensirostris_10000_19280_19440.txt,timeseries,ucr,anti_oracle,23,g308,0.2719381779463963,1.0
043_UCR_Anomaly_DISTORTEDMesoplodonDensirostris_10000_19280_19440.txt,timeseries,ucr,random,23,g308,0.15005481375362498,0.5
043_UCR_Anomaly_DISTORTEDMesoplodonDensirostris_10000_19280_19440.txt,timeseries,ucr,global_fixed,23,g308,0.047151271462001404,0.2727272727272727
043_UCR_Anomaly_DISTORTEDMesoplodonDensirostris_10000_19280_19440.txt,timeseries,ucr,iforest_random,23,g308,0.21827715195145642,0.5606060606060607
043_UCR_Anomaly_DISTORTEDMesoplodonDensirostris_10000_19280_19440.txt,timeseries,ucr,em,23,g308,0.22066350855866246,0.5454545454545454
043_UCR_Anomaly_DISTORTEDMesoplodonDensirostris_10000_19280_19440.txt,timeseries,ucr,mv,23,g308,0.22066350855866246,0.5454545454545454
043_UCR_Anomaly_DISTORTEDMesoplodonDensirostris_10000_19280_19440.txt,timeseries,ucr,consensus,23,g308,0.22066350855866246,0.5454545454545454
043_UCR_Anomaly_DISTORTEDMesoplodonDensirostris_10000_19280_19440.txt,timeseries,ucr,model_centrality,23,g308,0.22066350855866246,0.5454545454545454
043_UCR_Anomaly_DISTORTEDMesoplodonDensirostris_10000_19280_19440.txt,timeseries,ucr,hits,23,g308,0.22066350855866246,0.5454545454545454
052_UCR_Anomaly_DISTORTEDTkeepThirdMARS_3500_4711_4809.txt,timeseries,ucr,oracle_best,23,g320,0.0,0.0
052_UCR_Anomaly_DISTORTEDTkeepThirdMARS_3500_4711_4809.txt,timeseries,ucr,anti_oracle,23,g320,0.6167226353184836,1.0
052_UCR_Anomaly_DISTORTEDTkeepThirdMARS_3500_4711_4809.txt,timeseries,ucr,random,23,g320,0.5146004702174005,0.5
052_UCR_Anomaly_DISTORTEDTkeepThirdMARS_3500_4711_4809.txt,timeseries,ucr,global_fixed,23,g320,0.09439797728512045,0.045454545454545456
052_UCR_Anomaly_DISTORTEDTkeepThirdMARS_3500_4711_4809.txt,timeseries,ucr,iforest_random,23,g320,0.5672826754783871,0.36363636363636365
052_UCR_Anomaly_DISTORTEDTkeepThirdMARS_3500_4711_4809.txt,timeseries,ucr,em,23,g320,0.5665487677975828,0.36363636363636365
052_UCR_Anomaly_DISTORTEDTkeepThirdMARS_3500_4711_4809.txt,timeseries,ucr,mv,23,g320,0.0,0.0
052_UCR_Anomaly_DISTORTEDTkeepThirdMARS_3500_4711_4809.txt,timeseries,ucr,consensus,23,g320,0.5665487677975828,0.36363636363636365
052_UCR_Anomaly_DISTORTEDTkeepThirdMARS_3500_4711_4809.txt,timeseries,ucr,model_centrality,23,g320,0.5665487677975828,0.36363636363636365
052_UCR_Anomaly_DISTORTEDTkeepThirdMARS_3500_4711_4809.txt,timeseries,ucr,hits,23,g320,0.5665487677975828,0.36363636363636365
056_UCR_Anomaly_DISTORTEDapneaecg3_5000_11111_11211.txt,timeseries,ucr,oracle_best,23,g289,0.0,0.0
056_UCR_Anomaly_DISTORTEDapneaecg3_5000_11111_11211.txt,timeseries,ucr,anti_oracle,23,g289,0.7708798999998066,1.0
056_UCR_Anomaly_DISTORTEDapneaecg3_5000_11111_11211.txt,timeseries,ucr,random,23,g289,0.4510643201780531,0.5
056_UCR_Anomaly_DISTORTEDapneaecg3_5000_11111_11211.txt,timeseries,ucr,global_fixed,23,g289,0.45638024959802054,0.36363636363636365
056_UCR_Anomaly_DISTORTEDapneaecg3_5000_11111_11211.txt,timeseries,ucr,iforest_random,23,g289,0.6159247919529266,0.5606060606060607
056_UCR_Anomaly_DISTORTEDapneaecg3_5000_11111_11211.txt,timeseries,ucr,em,23,g289,0.6393546838797771,0.5909090909090909
056_UCR_Anomaly_DISTORTEDapneaecg3_5000_11111_11211.txt,timeseries,ucr,mv,23,g289,0.6393546838797771,0.5909090909090909
056_UCR_Anomaly_DISTORTEDapneaecg3_5000_11111_11211.txt,timeseries,ucr,consensus,23,g289,0.5826174410240407,0.45454545454545453
056_UCR_Anomaly_DISTORTEDapneaecg3_5000_11111_11211.txt,timeseries,ucr,model_centrality,23,g289,0.5826174410240407,0.45454545454545453
056_UCR_Anomaly_DISTORTEDapneaecg3_5000_11111_11211.txt,timeseries,ucr,hits,23,g289,0.5826174410240407,0.45454545454545453
058_UCR_Anomaly_DISTORTEDapneaecg_10000_12240_12308.txt,timeseries,ucr,oracle_best,23,g288,0.0,0.0
058_UCR_Anomaly_DISTORTEDapneaecg_10000_12240_12308.txt,timeseries,ucr,anti_oracle,23,g288,0.5190913964198891,1.0
058_UCR_Anomaly_DISTORTEDapneaecg_10000_12240_12308.txt,timeseries,ucr,random,23,g288,0.39984642329168624,0.5
058_UCR_Anomaly_DISTORTEDapneaecg_10000_12240_12308.txt,timeseries,ucr,global_fixed,23,g288,0.03561878219868281,0.045454545454545456
058_UCR_Anomaly_DISTORTEDapneaecg_10000_12240_12308.txt,timeseries,ucr,iforest_random,23,g288,0.5012194936193753,0.7272727272727273
058_UCR_Anomaly_DISTORTEDapneaecg_10000_12240_12308.txt,timeseries,ucr,em,23,g288,0.14519920246548318,0.13636363636363635
058_UCR_Anomaly_DISTORTEDapneaecg_10000_12240_12308.txt,timeseries,ucr,mv,23,g288,0.14519920246548318,0.13636363636363635
058_UCR_Anomaly_DISTORTEDapneaecg_10000_12240_12308.txt,timeseries,ucr,consensus,23,g288,0.5005854898518592,0.7272727272727273
058_UCR_Anomaly_DISTORTEDapneaecg_10000_12240_12308.txt,timeseries,ucr,model_centrality,23,g288,0.5005854898518592,0.7272727272727273
058_UCR_Anomaly_DISTORTEDapneaecg_10000_12240_12308.txt,timeseries,ucr,hits,23,g288,0.5005854898518592,0.7272727272727273
059_UCR_Anomaly_DISTORTEDgait1_20000_38500_38800.txt,timeseries,ucr,oracle_best,23,g295,0.0,0.0
059_UCR_Anomaly_DISTORTEDgait1_20000_38500_38800.txt,timeseries,ucr,anti_oracle,23,g295,0.19122592430388022,1.0
059_UCR_Anomaly_DISTORTEDgait1_20000_38500_38800.txt,timeseries,ucr,random,23,g295,0.13003087480857073,0.5
059_UCR_Anomaly_DISTORTEDgait1_20000_38500_38800.txt,timeseries,ucr,global_fixed,23,g295,0.022984405333727698,0.09090909090909091
059_UCR_Anomaly_DISTORTEDgait1_20000_38500_38800.txt,timeseries,ucr,iforest_random,23,g295,0.1838849363689495,0.6818181818181818
059_UCR_Anomaly_DISTORTEDgait1_20000_38500_38800.txt,timeseries,ucr,em,23,g295,0.0,0.0
059_UCR_Anomaly_DISTORTEDgait1_20000_38500_38800.txt,timeseries,ucr,mv,23,g295,0.0,0.0
059_UCR_Anomaly_DISTORTEDgait1_20000_38500_38800.txt,timeseries,ucr,consensus,23,g295,0.18595554093453176,0.8181818181818182
059_UCR_Anomaly_DISTORTEDgait1_20000_38500_38800.txt,timeseries,ucr,model_centrality,23,g295,0.18595554093453176,0.8181818181818182
059_UCR_Anomaly_DISTORTEDgait1_20000_38500_38800.txt,timeseries,ucr,hits,23,g295,0.18595554093453176,0.8181818181818182
060_UCR_Anomaly_DISTORTEDgait2_22000_46500_46800.txt,timeseries,ucr,oracle_best,23,g296,0.0,0.0
060_UCR_Anomaly_DISTORTEDgait2_22000_46500_46800.txt,timeseries,ucr,anti_oracle,23,g296,0.24037678294812145,1.0
060_UCR_Anomaly_DISTORTEDgait2_22000_46500_46800.txt,timeseries,ucr,random,23,g296,0.15929768145282716,0.5
060_UCR_Anomaly_DISTORTEDgait2_22000_46500_46800.txt,timeseries,ucr,global_fixed,23,g296,0.041419979264898266,0.18181818181818182
060_UCR_Anomaly_DISTORTEDgait2_22000_46500_46800.txt,timeseries,ucr,iforest_random,23,g296,0.22497740932328222,0.5454545454545454
060_UCR_Anomaly_DISTORTEDgait2_22000_46500_46800.txt,timeseries,ucr,em,23,g296,0.020189765169289414,0.045454545454545456
060_UCR_Anomaly_DISTORTEDgait2_22000_46500_46800.txt,timeseries,ucr,mv,23,g296,0.020189765169289414,0.045454545454545456
060_UCR_Anomaly_DISTORTEDgait2_22000_46500_46800.txt,timeseries,ucr,consensus,23,g296,0.2256376439504438,0.5454545454545454
060_UCR_Anomaly_DISTORTEDgait2_22000_46500_46800.txt,timeseries,ucr,model_centrality,23,g296,0.2256376439504438,0.5454545454545454
060_UCR_Anomaly_DISTORTEDgait2_22000_46500_46800.txt,timeseries,ucr,hits,23,g296,0.2256376439504438,0.5454545454545454
062_UCR_Anomaly_DISTORTEDgaitHunt1_18500_33070_33180.txt,timeseries,ucr,oracle_best,23,g297,0.0,0.0
062_UCR_Anomaly_DISTORTEDgaitHunt1_18500_33070_33180.txt,timeseries,ucr,anti_oracle,23,g297,0.18878756570989147,1.0
062_UCR_Anomaly_DISTORTEDgaitHunt1_18500_33070_33180.txt,timeseries,ucr,random,23,g297,0.12789642632177192,0.5
062_UCR_Anomaly_DISTORTEDgaitHunt1_18500_33070_33180.txt,timeseries,ucr,global_fixed,23,g297,0.0,0.0
062_UCR_Anomaly_DISTORTEDgaitHunt1_18500_33070_33180.txt,timeseries,ucr,iforest_random,23,g297,0.1199365982115101,0.3333333333333333
062_UCR_Anomaly_DISTORTEDgaitHunt1_18500_33070_33180.txt,timeseries,ucr,em,23,g297,0.018356026470550513,0.045454545454545456
062_UCR_Anomaly_DISTORTEDgaitHunt1_18500_33070_33180.txt,timeseries,ucr,mv,23,g297,0.018356026470550513,0.045454545454545456
062_UCR_Anomaly_DISTORTEDgaitHunt1_18500_33070_33180.txt,timeseries,ucr,consensus,23,g297,0.11757536682568523,0.2727272727272727
062_UCR_Anomaly_DISTORTEDgaitHunt1_18500_33070_33180.txt,timeseries,ucr,model_centrality,23,g297,0.11757536682568523,0.2727272727272727
062_UCR_Anomaly_DISTORTEDgaitHunt1_18500_33070_33180.txt,timeseries,ucr,hits,23,g297,0.11757536682568523,0.2727272727272727
063_UCR_Anomaly_DISTORTEDgaitHunt2_18500_31200_31850.txt,timeseries,ucr,oracle_best,23,g298,0.0,0.0
063_UCR_Anomaly_DISTORTEDgaitHunt2_18500_31200_31850.txt,timeseries,ucr,anti_oracle,23,g298,0.26395590309070954,1.0
063_UCR_Anomaly_DISTORTEDgaitHunt2_18500_31200_31850.txt,timeseries,ucr,random,23,g298,0.1854761722412805,0.5
063_UCR_Anomaly_DISTORTEDgaitHunt2_18500_31200_31850.txt,timeseries,ucr,global_fixed,23,g298,0.09466960523671408,0.18181818181818182
063_UCR_Anomaly_DISTORTEDgaitHunt2_18500_31200_31850.txt,timeseries,ucr,iforest_random,23,g298,0.23015198665249953,0.5303030303030303
063_UCR_Anomaly_DISTORTEDgaitHunt2_18500_31200_31850.txt,timeseries,ucr,em,23,g298,0.0,0.0
063_UCR_Anomaly_DISTORTEDgaitHunt2_18500_31200_31850.txt,timeseries,ucr,mv,23,g298,0.0,0.0
063_UCR_Anomaly_DISTORTEDgaitHunt2_18500_31200_31850.txt,timeseries,ucr,consensus,23,g298,0.22397807694748162,0.45454545454545453
063_UCR_Anomaly_DISTORTEDgaitHunt2_18500_31200_31850.txt,timeseries,ucr,model_centrality,23,g298,0.22397807694748162,0.45454545454545453
063_UCR_Anomaly_DISTORTEDgaitHunt2_18500_31200_31850.txt,timeseries,ucr,hits,23,g298,0.22397807694748162,0.45454545454545453
066_UCR_Anomaly_DISTORTEDinsectEPG2_3700_8000_8025.txt,timeseries,ucr,oracle_best,23,g302,0.0,0.0
066_UCR_Anomaly_DISTORTEDinsectEPG2_3700_8000_8025.txt,timeseries,ucr,anti_oracle,23,g302,0.3462970697979829,1.0
066_UCR_Anomaly_DISTORTEDinsectEPG2_3700_8000_8025.txt,timeseries,ucr,random,23,g302,0.1521050580634823,0.5
066_UCR_Anomaly_DISTORTEDinsectEPG2_3700_8000_8025.txt,timeseries,ucr,global_fixed,23,g302,0.05452535853050888,0.3181818181818182
066_UCR_Anomaly_DISTORTEDinsectEPG2_3700_8000_8025.txt,timeseries,ucr,iforest_random,23,g302,0.256232813931744,0.712121212121212
066_UCR_Anomaly_DISTORTEDinsectEPG2_3700_8000_8025.txt,timeseries,ucr,em,23,g302,0.0,0.045454545454545456
066_UCR_Anomaly_DISTORTEDinsectEPG2_3700_8000_8025.txt,timeseries,ucr,mv,23,g302,0.05452535853050888,0.3181818181818182
066_UCR_Anomaly_DISTORTEDinsectEPG2_3700_8000_8025.txt,timeseries,ucr,consensus,23,g302,0.22827805062568984,0.5909090909090909
066_UCR_Anomaly_DISTORTEDinsectEPG2_3700_8000_8025.txt,timeseries,ucr,model_centrality,23,g302,0.22827805062568984,0.5909090909090909
066_UCR_Anomaly_DISTORTEDinsectEPG2_3700_8000_8025.txt,timeseries,ucr,hits,23,g302,0.22827805062568984,0.5909090909090909
072_UCR_Anomaly_DISTORTEDltstdbs30791ES_20000_52600_52800.txt,timeseries,ucr,oracle_best,23,g307,0.0,0.0
072_UCR_Anomaly_DISTORTEDltstdbs30791ES_20000_52600_52800.txt,timeseries,ucr,anti_oracle,23,g307,0.22117768090122294,1.0
072_UCR_Anomaly_DISTORTEDltstdbs30791ES_20000_52600_52800.txt,timeseries,ucr,random,23,g307,0.15656257106736604,0.5
072_UCR_Anomaly_DISTORTEDltstdbs30791ES_20000_52600_52800.txt,timeseries,ucr,global_fixed,23,g307,0.1548261960072595,0.45454545454545453
072_UCR_Anomaly_DISTORTEDltstdbs30791ES_20000_52600_52800.txt,timeseries,ucr,iforest_random,23,g307,0.19586492877039413,0.696969696969697
072_UCR_Anomaly_DISTORTEDltstdbs30791ES_20000_52600_52800.txt,timeseries,ucr,em,23,g307,0.08763673467444136,0.13636363636363635
072_UCR_Anomaly_DISTORTEDltstdbs30791ES_20000_52600_52800.txt,timeseries,ucr,mv,23,g307,0.08763673467444136,0.13636363636363635
072_UCR_Anomaly_DISTORTEDltstdbs30791ES_20000_52600_52800.txt,timeseries,ucr,consensus,23,g307,0.19990314964819195,0.8181818181818182
072_UCR_Anomaly_DISTORTEDltstdbs30791ES_20000_52600_52800.txt,timeseries,ucr,model_centrality,23,g307,0.19990314964819195,0.8181818181818182
072_UCR_Anomaly_DISTORTEDltstdbs30791ES_20000_52600_52800.txt,timeseries,ucr,hits,23,g307,0.19990314964819195,0.8181818181818182
073_UCR_Anomaly_DISTORTEDpark3m_60000_72150_72495.txt,timeseries,ucr,oracle_best,23,g309,0.0,0.0
073_UCR_Anomaly_DISTORTEDpark3m_60000_72150_72495.txt,timeseries,ucr,anti_oracle,23,g309,0.21746848374408956,1.0
073_UCR_Anomaly_DISTORTEDpark3m_60000_72150_72495.txt,timeseries,ucr,random,23,g309,0.1642688984832768,0.5
073_UCR_Anomaly_DISTORTEDpark3m_60000_72150_72495.txt,timeseries,ucr,global_fixed,23,g309,0.13028746235512068,0.18181818181818182
073_UCR_Anomaly_DISTORTEDpark3m_60000_72150_72495.txt,timeseries,ucr,iforest_random,23,g309,0.19546321622013554,0.6363636363636364
073_UCR_Anomaly_DISTORTEDpark3m_60000_72150_72495.txt,timeseries,ucr,em,23,g309,0.026453047640444455,0.045454545454545456
073_UCR_Anomaly_DISTORTEDpark3m_60000_72150_72495.txt,timeseries,ucr,mv,23,g309,0.026453047640444455,0.045454545454545456
073_UCR_Anomaly_DISTORTEDpark3m_60000_72150_72495.txt,timeseries,ucr,consensus,23,g309,0.1944197202326905,0.5909090909090909
073_UCR_Anomaly_DISTORTEDpark3m_60000_72150_72495.txt,timeseries,ucr,model_centrality,23,g309,0.1944197202326905,0.5909090909090909
073_UCR_Anomaly_DISTORTEDpark3m_60000_72150_72495.txt,timeseries,ucr,hits,23,g309,0.1944197202326905,0.5909090909090909
078_UCR_Anomaly_DISTORTEDresperation1_100000_110260_110412.txt,timeseries,ucr,oracle_best,23,g313,0.0,0.0
078_UCR_Anomaly_DISTORTEDresperation1_100000_110260_110412.txt,timeseries,ucr,anti_oracle,23,g313,0.5558038195075607,1.0
078_UCR_Anomaly_DISTORTEDresperation1_100000_110260_110412.txt,timeseries,ucr,random,23,g313,0.30029795743990595,0.5
078_UCR_Anomaly_DISTORTEDresperation1_100000_110260_110412.txt,timeseries,ucr,global_fixed,23,g313,0.0,0.0
078_UCR_Anomaly_DISTORTEDresperation1_100000_110260_110412.txt,timeseries,ucr,iforest_random,23,g313,0.25738973765904666,0.37878787878787884
078_UCR_Anomaly_DISTORTEDresperation1_100000_110260_110412.txt,timeseries,ucr,em,23,g313,0.036937847053865824,0.045454545454545456
078_UCR_Anomaly_DISTORTEDresperation1_100000_110260_110412.txt,timeseries,ucr,mv,23,g313,0.036937847053865824,0.045454545454545456
078_UCR_Anomaly_DISTORTEDresperation1_100000_110260_110412.txt,timeseries,ucr,consensus,23,g313,0.25110944090271325,0.36363636363636365
078_UCR_Anomaly_DISTORTEDresperation1_100000_110260_110412.txt,timeseries,ucr,model_centrality,23,g313,0.25110944090271325,0.36363636363636365
078_UCR_Anomaly_DISTORTEDresperation1_100000_110260_110412.txt,timeseries,ucr,hits,23,g313,0.25110944090271325,0.36363636363636365
086_UCR_Anomaly_DISTORTEDsddb49_20000_67950_68200.txt,timeseries,ucr,oracle_best,23,g314,0.0,0.0
086_UCR_Anomaly_DISTORTEDsddb49_20000_67950_68200.txt,timeseries,ucr,anti_oracle,23,g314,0.21631096740655992,1.0
086_UCR_Anomaly_DISTORTEDsddb49_20000_67950_68200.txt,timeseries,ucr,random,23,g314,0.14090167707107693,0.5
086_UCR_Anomaly_DISTORTEDsddb49_20000_67950_68200.txt,timeseries,ucr,global_fixed,23,g314,0.0,0.0
086_UCR_Anomaly_DISTORTEDsddb49_20000_67950_68200.txt,timeseries,ucr,iforest_random,23,g314,0.1933018632052843,0.6363636363636364
086_UCR_Anomaly_DISTORTEDsddb49_20000_67950_68200.txt,timeseries,ucr,em,23,g314,0.03909690711890601,0.13636363636363635
086_UCR_Anomaly_DISTORTEDsddb49_20000_67950_68200.txt,timeseries,ucr,mv,23,g314,0.03909690711890601,0.13636363636363635
086_UCR_Anomaly_DISTORTEDsddb49_20000_67950_68200.txt,timeseries,ucr,consensus,23,g314,0.19383174546449872,0.6818181818181818
086_UCR_Anomaly_DISTORTEDsddb49_20000_67950_68200.txt,timeseries,ucr,model_centrality,23,g314,0.19383174546449872,0.6818181818181818
086_UCR_Anomaly_DISTORTEDsddb49_20000_67950_68200.txt,timeseries,ucr,hits,23,g314,0.19383174546449872,0.6818181818181818
089_UCR_Anomaly_DISTORTEDtiltAPB1_100000_114283_114350.txt,timeseries,ucr,oracle_best,23,g317,0.0,0.0
089_UCR_Anomaly_DISTORTEDtiltAPB1_100000_114283_114350.txt,timeseries,ucr,anti_oracle,23,g317,0.1760469164904014,1.0
089_UCR_Anomaly_DISTORTEDtiltAPB1_100000_114283_114350.txt,timeseries,ucr,random,23,g317,0.14874592666519829,0.5
089_UCR_Anomaly_DISTORTEDtiltAPB1_100000_114283_114350.txt,timeseries,ucr,global_fixed,23,g317,0.01048663123733154,0.045454545454545456
089_UCR_Anomaly_DISTORTEDtiltAPB1_100000_114283_114350.txt,timeseries,ucr,iforest_random,23,g317,0.16908789992832396,0.5151515151515151
089_UCR_Anomaly_DISTORTEDtiltAPB1_100000_114283_114350.txt,timeseries,ucr,em,23,g317,0.10826734567534654,0.09090909090909091
089_UCR_Anomaly_DISTORTEDtiltAPB1_100000_114283_114350.txt,timeseries,ucr,mv,23,g317,0.10826734567534654,0.09090909090909091
089_UCR_Anomaly_DISTORTEDtiltAPB1_100000_114283_114350.txt,timeseries,ucr,consensus,23,g317,0.1685137411950231,0.4090909090909091
089_UCR_Anomaly_DISTORTEDtiltAPB1_100000_114283_114350.txt,timeseries,ucr,model_centrality,23,g317,0.1685137411950231,0.4090909090909091
089_UCR_Anomaly_DISTORTEDtiltAPB1_100000_114283_114350.txt,timeseries,ucr,hits,23,g317,0.1685137411950231,0.4090909090909091
093_UCR_Anomaly_NOISE1sddb40_35000_52000_52620.txt,timeseries,ucr,oracle_best,23,g338,0.0,0.0
093_UCR_Anomaly_NOISE1sddb40_35000_52000_52620.txt,timeseries,ucr,anti_oracle,23,g338,0.49774640188673164,1.0
093_UCR_Anomaly_NOISE1sddb40_35000_52000_52620.txt,timeseries,ucr,random,23,g338,0.2706598450677569,0.5
093_UCR_Anomaly_NOISE1sddb40_35000_52000_52620.txt,timeseries,ucr,global_fixed,23,g338,0.0247278115061651,0.13636363636363635
093_UCR_Anomaly_NOISE1sddb40_35000_52000_52620.txt,timeseries,ucr,iforest_random,23,g338,0.40908384430296163,0.7272727272727273
093_UCR_Anomaly_NOISE1sddb40_35000_52000_52620.txt,timeseries,ucr,em,23,g338,0.4102411456841805,0.7272727272727273
093_UCR_Anomaly_NOISE1sddb40_35000_52000_52620.txt,timeseries,ucr,mv,23,g338,0.40615240588004986,0.6818181818181818
093_UCR_Anomaly_NOISE1sddb40_35000_52000_52620.txt,timeseries,ucr,consensus,23,g338,0.41085798134465445,0.7727272727272727
093_UCR_Anomaly_NOISE1sddb40_35000_52000_52620.txt,timeseries,ucr,model_centrality,23,g338,0.41085798134465445,0.7727272727272727
093_UCR_Anomaly_NOISE1sddb40_35000_52000_52620.txt,timeseries,ucr,hits,23,g338,0.41085798134465445,0.7727272727272727
097_UCR_Anomaly_NOISEGP711MarkerLFM5z3_5000_5948_5993.txt,timeseries,ucr,oracle_best,23,g343,0.0,0.0
097_UCR_Anomaly_NOISEGP711MarkerLFM5z3_5000_5948_5993.txt,timeseries,ucr,anti_oracle,23,g343,0.639640423120372,1.0
097_UCR_Anomaly_NOISEGP711MarkerLFM5z3_5000_5948_5993.txt,timeseries,ucr,random,23,g343,0.49700708004569316,0.5
097_UCR_Anomaly_NOISEGP711MarkerLFM5z3_5000_5948_5993.txt,timeseries,ucr,global_fixed,23,g343,0.0,0.0
097_UCR_Anomaly_NOISEGP711MarkerLFM5z3_5000_5948_5993.txt,timeseries,ucr,iforest_random,23,g343,0.6261396371072193,0.6515151515151515
097_UCR_Anomaly_NOISEGP711MarkerLFM5z3_5000_5948_5993.txt,timeseries,ucr,em,23,g343,0.6277044539838548,0.6363636363636364
097_UCR_Anomaly_NOISEGP711MarkerLFM5z3_5000_5948_5993.txt,timeseries,ucr,mv,23,g343,0.6314189500160152,0.8181818181818182
097_UCR_Anomaly_NOISEGP711MarkerLFM5z3_5000_5948_5993.txt,timeseries,ucr,consensus,23,g343,0.626494909218786,0.5454545454545454
097_UCR_Anomaly_NOISEGP711MarkerLFM5z3_5000_5948_5993.txt,timeseries,ucr,model_centrality,23,g343,0.6314189500160152,0.8181818181818182
097_UCR_Anomaly_NOISEGP711MarkerLFM5z3_5000_5948_5993.txt,timeseries,ucr,hits,23,g343,0.626494909218786,0.5454545454545454
099_UCR_Anomaly_NOISEInternalBleeding6_1500_3474_3629.txt,timeseries,ucr,oracle_best,23,g345,0.0,0.0
099_UCR_Anomaly_NOISEInternalBleeding6_1500_3474_3629.txt,timeseries,ucr,anti_oracle,23,g345,0.4779244152628205,1.0
099_UCR_Anomaly_NOISEInternalBleeding6_1500_3474_3629.txt,timeseries,ucr,random,23,g345,0.2420108385095413,0.5
099_UCR_Anomaly_NOISEInternalBleeding6_1500_3474_3629.txt,timeseries,ucr,global_fixed,23,g345,0.06815087954379706,0.09090909090909091
099_UCR_Anomaly_NOISEInternalBleeding6_1500_3474_3629.txt,timeseries,ucr,iforest_random,23,g345,0.18074381154314123,0.3333333333333333
099_UCR_Anomaly_NOISEInternalBleeding6_1500_3474_3629.txt,timeseries,ucr,em,23,g345,0.0,0.0
099_UCR_Anomaly_NOISEInternalBleeding6_1500_3474_3629.txt,timeseries,ucr,mv,23,g345,0.0,0.0
099_UCR_Anomaly_NOISEInternalBleeding6_1500_3474_3629.txt,timeseries,ucr,consensus,23,g345,0.21211740454007066,0.5
099_UCR_Anomaly_NOISEInternalBleeding6_1500_3474_3629.txt,timeseries,ucr,model_centrality,23,g345,0.21211740454007066,0.5
099_UCR_Anomaly_NOISEInternalBleeding6_1500_3474_3629.txt,timeseries,ucr,hits,23,g345,0.21211740454007066,0.5
102_UCR_Anomaly_NOISEMesoplodonDensirostris_10000_19280_19440.txt,timeseries,ucr,oracle_best,23,g346,0.0,0.0
102_UCR_Anomaly_NOISEMesoplodonDensirostris_10000_19280_19440.txt,timeseries,ucr,anti_oracle,23,g346,0.3056866324104966,1.0
102_UCR_Anomaly_NOISEMesoplodonDensirostris_10000_19280_19440.txt,timeseries,ucr,random,23,g346,0.1487638934078037,0.5
102_UCR_Anomaly_NOISEMesoplodonDensirostris_10000_19280_19440.txt,timeseries,ucr,global_fixed,23,g346,0.08763454813734647,0.4090909090909091
102_UCR_Anomaly_NOISEMesoplodonDensirostris_10000_19280_19440.txt,timeseries,ucr,iforest_random,23,g346,0.22743825191859085,0.6212121212121212
102_UCR_Anomaly_NOISEMesoplodonDensirostris_10000_19280_19440.txt,timeseries,ucr,em,23,g346,0.21285688851876466,0.5454545454545454
102_UCR_Anomaly_NOISEMesoplodonDensirostris_10000_19280_19440.txt,timeseries,ucr,mv,23,g346,0.21285688851876466,0.5454545454545454
102_UCR_Anomaly_NOISEMesoplodonDensirostris_10000_19280_19440.txt,timeseries,ucr,consensus,23,g346,0.21285688851876466,0.5454545454545454
102_UCR_Anomaly_NOISEMesoplodonDensirostris_10000_19280_19440.txt,timeseries,ucr,model_centrality,23,g346,0.21285688851876466,0.5454545454545454
102_UCR_Anomaly_NOISEMesoplodonDensirostris_10000_19280_19440.txt,timeseries,ucr,hits,23,g346,0.21285688851876466,0.5454545454545454
103_UCR_Anomaly_NOISETkeepThirdMARS_3500_4711_4809.txt,timeseries,ucr,oracle_best,23,g347,0.0,0.0
103_UCR_Anomaly_NOISETkeepThirdMARS_3500_4711_4809.txt,timeseries,ucr,anti_oracle,23,g347,0.7672826518493908,1.0
103_UCR_Anomaly_NOISETkeepThirdMARS_3500_4711_4809.txt,timeseries,ucr,random,23,g347,0.6042871777873908,0.5
103_UCR_Anomaly_NOISETkeepThirdMARS_3500_4711_4809.txt,timeseries,ucr,global_fixed,23,g347,0.06788212708257013,0.045454545454545456
103_UCR_Anomaly_NOISETkeepThirdMARS_3500_4711_4809.txt,timeseries,ucr,iforest_random,23,g347,0.6975210002637061,0.45454545454545453
103_UCR_Anomaly_NOISETkeepThirdMARS_3500_4711_4809.txt,timeseries,ucr,em,23,g347,0.40040103071255057,0.18181818181818182
103_UCR_Anomaly_NOISETkeepThirdMARS_3500_4711_4809.txt,timeseries,ucr,mv,23,g347,0.40040103071255057,0.18181818181818182
103_UCR_Anomaly_NOISETkeepThirdMARS_3500_4711_4809.txt,timeseries,ucr,consensus,23,g347,0.6902066009674799,0.4090909090909091
103_UCR_Anomaly_NOISETkeepThirdMARS_3500_4711_4809.txt,timeseries,ucr,model_centrality,23,g347,0.6902066009674799,0.4090909090909091
103_UCR_Anomaly_NOISETkeepThirdMARS_3500_4711_4809.txt,timeseries,ucr,hits,23,g347,0.6902066009674799,0.4090909090909091
106_UCR_Anomaly_NOISEgaitHunt2_18500_31200_31850.txt,timeseries,ucr,oracle_best,23,g342,0.0,0.0
106_UCR_Anomaly_NOISEgaitHunt2_18500_31200_31850.txt,timeseries,ucr,anti_oracle,23,g342,0.31899484625015356,1.0
106_UCR_Anomaly_NOISEgaitHunt2_18500_31200_31850.txt,timeseries,ucr,random,23,g342,0.206729021313678,0.5
106_UCR_Anomaly_NOISEgaitHunt2_18500_31200_31850.txt,timeseries,ucr,global_fixed,23,g342,0.0,0.0
106_UCR_Anomaly_NOISEgaitHunt2_18500_31200_31850.txt,timeseries,ucr,iforest_random,23,g342,0.2463759341419673,0.4696969696969697
106_UCR_Anomaly_NOISEgaitHunt2_18500_31200_31850.txt,timeseries,ucr,em,23,g342,0.0022703518348097806,0.045454545454545456
106_UCR_Anomaly_NOISEgaitHunt2_18500_31200_31850.txt,timeseries,ucr,mv,23,g342,0.0022703518348097806,0.045454545454545456
106_UCR_Anomaly_NOISEgaitHunt2_18500_31200_31850.txt,timeseries,ucr,consensus,23,g342,0.2430071460067209,0.45454545454545453
106_UCR_Anomaly_NOISEgaitHunt2_18500_31200_31850.txt,timeseries,ucr,model_centrality,23,g342,0.2430071460067209,0.45454545454545453
106_UCR_Anomaly_NOISEgaitHunt2_18500_31200_31850.txt,timeseries,ucr,hits,23,g342,0.30296328414941726,0.8181818181818182
107_UCR_Anomaly_NOISEinsectEPG3_5200_7000_7050.txt,timeseries,ucr,oracle_best,23,g344,0.0,0.0
107_UCR_Anomaly_NOISEinsectEPG3_5200_7000_7050.txt,timeseries,ucr,anti_oracle,23,g344,0.17570536028961686,1.0
107_UCR_Anomaly_NOISEinsectEPG3_5200_7000_7050.txt,timeseries,ucr,random,23,g344,0.12398422224590677,0.5
107_UCR_Anomaly_NOISEinsectEPG3_5200_7000_7050.txt,timeseries,ucr,global_fixed,23,g344,0.16516102431159807,0.5909090909090909
107_UCR_Anomaly_NOISEinsectEPG3_5200_7000_7050.txt,timeseries,ucr,iforest_random,23,g344,0.11615883714548492,0.42424242424242425
107_UCR_Anomaly_NOISEinsectEPG3_5200_7000_7050.txt,timeseries,ucr,em,23,g344,0.16782668589630195,0.7727272727272727
107_UCR_Anomaly_NOISEinsectEPG3_5200_7000_7050.txt,timeseries,ucr,mv,23,g344,0.16516102431159807,0.5909090909090909
107_UCR_Anomaly_NOISEinsectEPG3_5200_7000_7050.txt,timeseries,ucr,consensus,23,g344,0.11694258733562893,0.45454545454545453
107_UCR_Anomaly_NOISEinsectEPG3_5200_7000_7050.txt,timeseries,ucr,model_centrality,23,g344,0.11694258733562893,0.45454545454545453
107_UCR_Anomaly_NOISEinsectEPG3_5200_7000_7050.txt,timeseries,ucr,hits,23,g344,0.11694258733562893,0.45454545454545453
111_UCR_Anomaly_3sddb40_35000_46600_46900.txt,timeseries,ucr,oracle_best,23,g274,0.0,0.0
111_UCR_Anomaly_3sddb40_35000_46600_46900.txt,timeseries,ucr,anti_oracle,23,g274,0.7870427509148098,1.0
111_UCR_Anomaly_3sddb40_35000_46600_46900.txt,timeseries,ucr,random,23,g274,0.3883880941469323,0.5
111_UCR_Anomaly_3sddb40_35000_46600_46900.txt,timeseries,ucr,global_fixed,23,g274,0.4581467802524179,0.5909090909090909
111_UCR_Anomaly_3sddb40_35000_46600_46900.txt,timeseries,ucr,iforest_random,23,g274,0.1851337733572075,0.21212121212121213
111_UCR_Anomaly_3sddb40_35000_46600_46900.txt,timeseries,ucr,em,23,g274,0.5391638065432537,0.7272727272727273
111_UCR_Anomaly_3sddb40_35000_46600_46900.txt,timeseries,ucr,mv,23,g274,0.5391638065432537,0.7272727272727273
111_UCR_Anomaly_3sddb40_35000_46600_46900.txt,timeseries,ucr,consensus,23,g274,0.2163873700046195,0.2727272727272727
111_UCR_Anomaly_3sddb40_35000_46600_46900.txt,timeseries,ucr,model_centrality,23,g274,0.2163873700046195,0.2727272727272727
111_UCR_Anomaly_3sddb40_35000_46600_46900.txt,timeseries,ucr,hits,23,g274,0.2163873700046195,0.2727272727272727
114_UCR_Anomaly_CIMIS44AirTemperature2_4000_5703_5727.txt,timeseries,ucr,oracle_best,23,g282,0.0,0.0
114_UCR_Anomaly_CIMIS44AirTemperature2_4000_5703_5727.txt,timeseries,ucr,anti_oracle,23,g282,0.588592466151594,1.0
114_UCR_Anomaly_CIMIS44AirTemperature2_4000_5703_5727.txt,timeseries,ucr,random,23,g282,0.2710431670606106,0.5
114_UCR_Anomaly_CIMIS44AirTemperature2_4000_5703_5727.txt,timeseries,ucr,global_fixed,23,g282,0.04553778568058198,0.045454545454545456
114_UCR_Anomaly_CIMIS44AirTemperature2_4000_5703_5727.txt,timeseries,ucr,iforest_random,23,g282,0.09100938081772592,0.16666666666666666
114_UCR_Anomaly_CIMIS44AirTemperature2_4000_5703_5727.txt,timeseries,ucr,em,23,g282,0.14826768172841737,0.3181818181818182
114_UCR_Anomaly_CIMIS44AirTemperature2_4000_5703_5727.txt,timeseries,ucr,mv,23,g282,0.14826768172841737,0.3181818181818182
114_UCR_Anomaly_CIMIS44AirTemperature2_4000_5703_5727.txt,timeseries,ucr,consensus,23,g282,0.07556747954352316,0.09090909090909091
114_UCR_Anomaly_CIMIS44AirTemperature2_4000_5703_5727.txt,timeseries,ucr,model_centrality,23,g282,0.07556747954352316,0.09090909090909091
114_UCR_Anomaly_CIMIS44AirTemperature2_4000_5703_5727.txt,timeseries,ucr,hits,23,g282,0.07556747954352316,0.09090909090909091
115_UCR_Anomaly_CIMIS44AirTemperature3_4000_6520_6544.txt,timeseries,ucr,oracle_best,23,g283,0.0,0.0
115_UCR_Anomaly_CIMIS44AirTemperature3_4000_6520_6544.txt,timeseries,ucr,anti_oracle,23,g283,0.4857211237836469,1.0
115_UCR_Anomaly_CIMIS44AirTemperature3_4000_6520_6544.txt,timeseries,ucr,random,23,g283,0.2648392299041571,0.5
115_UCR_Anomaly_CIMIS44AirTemperature3_4000_6520_6544.txt,timeseries,ucr,global_fixed,23,g283,0.4204845250775292,0.5909090909090909
115_UCR_Anomaly_CIMIS44AirTemperature3_4000_6520_6544.txt,timeseries,ucr,iforest_random,23,g283,0.018753483957179795,0.07575757575757576
115_UCR_Anomaly_CIMIS44AirTemperature3_4000_6520_6544.txt,timeseries,ucr,em,23,g283,0.42650472609682977,0.6363636363636364
115_UCR_Anomaly_CIMIS44AirTemperature3_4000_6520_6544.txt,timeseries,ucr,mv,23,g283,0.41523420167579006,0.5454545454545454
115_UCR_Anomaly_CIMIS44AirTemperature3_4000_6520_6544.txt,timeseries,ucr,consensus,23,g283,0.0,0.0
115_UCR_Anomaly_CIMIS44AirTemperature3_4000_6520_6544.txt,timeseries,ucr,model_centrality,23,g283,0.0,0.0
115_UCR_Anomaly_CIMIS44AirTemperature3_4000_6520_6544.txt,timeseries,ucr,hits,23,g283,0.0,0.0
117_UCR_Anomaly_CIMIS44AirTemperature5_4000_4852_4900.txt,timeseries,ucr,oracle_best,23,g284,0.0,0.0
117_UCR_Anomaly_CIMIS44AirTemperature5_4000_4852_4900.txt,timeseries,ucr,anti_oracle,23,g284,0.3724978184271536,1.0
117_UCR_Anomaly_CIMIS44AirTemperature5_4000_4852_4900.txt,timeseries,ucr,random,23,g284,0.15751649781326316,0.5
117_UCR_Anomaly_CIMIS44AirTemperature5_4000_4852_4900.txt,timeseries,ucr,global_fixed,23,g284,0.21418769175648134,0.7727272727272727
117_UCR_Anomaly_CIMIS44AirTemperature5_4000_4852_4900.txt,timeseries,ucr,iforest_random,23,g284,0.017709162211548946,0.045454545454545456
117_UCR_Anomaly_CIMIS44AirTemperature5_4000_4852_4900.txt,timeseries,ucr,em,23,g284,0.1366485748683467,0.5454545454545454
117_UCR_Anomaly_CIMIS44AirTemperature5_4000_4852_4900.txt,timeseries,ucr,mv,23,g284,0.1366485748683467,0.5454545454545454
117_UCR_Anomaly_CIMIS44AirTemperature5_4000_4852_4900.txt,timeseries,ucr,consensus,23,g284,0.03126991434339488,0.09090909090909091
117_UCR_Anomaly_CIMIS44AirTemperature5_4000_4852_4900.txt,timeseries,ucr,model_centrality,23,g284,0.03126991434339488,0.09090909090909091
117_UCR_Anomaly_CIMIS44AirTemperature5_4000_4852_4900.txt,timeseries,ucr,hits,23,g284,0.03126991434339488,0.09090909090909091
121_UCR_Anomaly_ECG3_15000_16000_16100.txt,timeseries,ucr,oracle_best,23,g321,0.0,0.0
121_UCR_Anomaly_ECG3_15000_16000_16100.txt,timeseries,ucr,anti_oracle,23,g321,0.34205622788549994,1.0
121_UCR_Anomaly_ECG3_15000_16000_16100.txt,timeseries,ucr,random,23,g321,0.22483865235024805,0.5
121_UCR_Anomaly_ECG3_15000_16000_16100.txt,timeseries,ucr,global_fixed,23,g321,0.24270844431564692,0.3181818181818182
121_UCR_Anomaly_ECG3_15000_16000_16100.txt,timeseries,ucr,iforest_random,23,g321,0.2632465251822902,0.5
121_UCR_Anomaly_ECG3_15000_16000_16100.txt,timeseries,ucr,em,23,g321,0.0,0.0
121_UCR_Anomaly_ECG3_15000_16000_16100.txt,timeseries,ucr,mv,23,g321,0.0,0.0
121_UCR_Anomaly_ECG3_15000_16000_16100.txt,timeseries,ucr,consensus,23,g321,0.2355746069576566,0.2727272727272727
121_UCR_Anomaly_ECG3_15000_16000_16100.txt,timeseries,ucr,model_centrality,23,g321,0.2355746069576566,0.2727272727272727
121_UCR_Anomaly_ECG3_15000_16000_16100.txt,timeseries,ucr,hits,23,g321,0.2355746069576566,0.2727272727272727
122_UCR_Anomaly_ECG3_8000_17000_17100.txt,timeseries,ucr,oracle_best,23,g322,0.0,0.0
122_UCR_Anomaly_ECG3_8000_17000_17100.txt,timeseries,ucr,anti_oracle,23,g322,0.4312886355824847,1.0
122_UCR_Anomaly_ECG3_8000_17000_17100.txt,timeseries,ucr,random,23,g322,0.2833542979837571,0.5
122_UCR_Anomaly_ECG3_8000_17000_17100.txt,timeseries,ucr,global_fixed,23,g322,0.15898323109097995,0.2727272727272727
122_UCR_Anomaly_ECG3_8000_17000_17100.txt,timeseries,ucr,iforest_random,23,g322,0.3238153671791137,0.4848484848484848
122_UCR_Anomaly_ECG3_8000_17000_17100.txt,timeseries,ucr,em,23,g322,0.0,0.0
122_UCR_Anomaly_ECG3_8000_17000_17100.txt,timeseries,ucr,mv,23,g322,0.0,0.0
122_UCR_Anomaly_ECG3_8000_17000_17100.txt,timeseries,ucr,consensus,23,g322,0.32678352003950495,0.5
122_UCR_Anomaly_ECG3_8000_17000_17100.txt,timeseries,ucr,model_centrality,23,g322,0.32678352003950495,0.5
122_UCR_Anomaly_ECG3_8000_17000_17100.txt,timeseries,ucr,hits,23,g322,0.32678352003950495,0.5
151_UCR_Anomaly_MesoplodonDensirostris_10000_19280_19440.txt,timeseries,ucr,oracle_best,23,g334,0.0,0.0
151_UCR_Anomaly_MesoplodonDensirostris_10000_19280_19440.txt,timeseries,ucr,anti_oracle,23,g334,0.28605483372202645,1.0
151_UCR_Anomaly_MesoplodonDensirostris_10000_19280_19440.txt,timeseries,ucr,random,23,g334,0.16591826632825482,0.5
151_UCR_Anomaly_MesoplodonDensirostris_10000_19280_19440.txt,timeseries,ucr,global_fixed,23,g334,0.10149351703649429,0.4090909090909091
151_UCR_Anomaly_MesoplodonDensirostris_10000_19280_19440.txt,timeseries,ucr,iforest_random,23,g334,0.22717295825249756,0.5
151_UCR_Anomaly_MesoplodonDensirostris_10000_19280_19440.txt,timeseries,ucr,em,23,g334,0.22889599528668092,0.5
151_UCR_Anomaly_MesoplodonDensirostris_10000_19280_19440.txt,timeseries,ucr,mv,23,g334,0.22344696920931562,0.45454545454545453
151_UCR_Anomaly_MesoplodonDensirostris_10000_19280_19440.txt,timeseries,ucr,consensus,23,g334,0.22344696920931562,0.45454545454545453
151_UCR_Anomaly_MesoplodonDensirostris_10000_19280_19440.txt,timeseries,ucr,model_centrality,23,g334,0.22344696920931562,0.45454545454545453
151_UCR_Anomaly_MesoplodonDensirostris_10000_19280_19440.txt,timeseries,ucr,hits,23,g334,0.22344696920931562,0.45454545454545453
157_UCR_Anomaly_TkeepFirstMARS_3500_5365_5380.txt,timeseries,ucr,oracle_best,23,g362,0.0,0.0
157_UCR_Anomaly_TkeepFirstMARS_3500_5365_5380.txt,timeseries,ucr,anti_oracle,23,g362,0.3890404736102542,1.0
157_UCR_Anomaly_TkeepFirstMARS_3500_5365_5380.txt,timeseries,ucr,random,23,g362,0.30829136725019696,0.5
157_UCR_Anomaly_TkeepFirstMARS_3500_5365_5380.txt,timeseries,ucr,global_fixed,23,g362,0.0,0.0
157_UCR_Anomaly_TkeepFirstMARS_3500_5365_5380.txt,timeseries,ucr,iforest_random,23,g362,0.3531138146471134,0.45454545454545453
157_UCR_Anomaly_TkeepFirstMARS_3500_5365_5380.txt,timeseries,ucr,em,23,g362,0.22371228146246339,0.18181818181818182
157_UCR_Anomaly_TkeepFirstMARS_3500_5365_5380.txt,timeseries,ucr,mv,23,g362,0.22371228146246339,0.18181818181818182
157_UCR_Anomaly_TkeepFirstMARS_3500_5365_5380.txt,timeseries,ucr,consensus,23,g362,0.35071139819803765,0.4090909090909091
157_UCR_Anomaly_TkeepFirstMARS_3500_5365_5380.txt,timeseries,ucr,model_centrality,23,g362,0.35071139819803765,0.4090909090909091
157_UCR_Anomaly_TkeepFirstMARS_3500_5365_5380.txt,timeseries,ucr,hits,23,g362,0.20634988167225826,0.13636363636363635
160_UCR_Anomaly_TkeepThirdMARS_3500_4711_4809.txt,timeseries,ucr,oracle_best,23,g363,0.0,0.0
160_UCR_Anomaly_TkeepThirdMARS_3500_4711_4809.txt,timeseries,ucr,anti_oracle,23,g363,0.837264667315652,1.0
160_UCR_Anomaly_TkeepThirdMARS_3500_4711_4809.txt,timeseries,ucr,random,23,g363,0.6865705325857004,0.5
160_UCR_Anomaly_TkeepThirdMARS_3500_4711_4809.txt,timeseries,ucr,global_fixed,23,g363,0.09699300787487497,0.045454545454545456
160_UCR_Anomaly_TkeepThirdMARS_3500_4711_4809.txt,timeseries,ucr,iforest_random,23,g363,0.7832989601223522,0.45454545454545453
160_UCR_Anomaly_TkeepThirdMARS_3500_4711_4809.txt,timeseries,ucr,em,23,g363,0.7779518667334727,0.4090909090909091
160_UCR_Anomaly_TkeepThirdMARS_3500_4711_4809.txt,timeseries,ucr,mv,23,g363,0.8107306576396738,0.6818181818181818
160_UCR_Anomaly_TkeepThirdMARS_3500_4711_4809.txt,timeseries,ucr,consensus,23,g363,0.7779518667334727,0.4090909090909091
160_UCR_Anomaly_TkeepThirdMARS_3500_4711_4809.txt,timeseries,ucr,model_centrality,23,g363,0.7779518667334727,0.4090909090909091
160_UCR_Anomaly_TkeepThirdMARS_3500_4711_4809.txt,timeseries,ucr,hits,23,g363,0.8169748367553287,0.7727272727272727
164_UCR_Anomaly_apneaecg3_5000_11111_11211.txt,timeseries,ucr,oracle_best,23,g276,0.0,0.0
164_UCR_Anomaly_apneaecg3_5000_11111_11211.txt,timeseries,ucr,anti_oracle,23,g276,0.8006381978796383,1.0
164_UCR_Anomaly_apneaecg3_5000_11111_11211.txt,timeseries,ucr,random,23,g276,0.4539308502356757,0.5
164_UCR_Anomaly_apneaecg3_5000_11111_11211.txt,timeseries,ucr,global_fixed,23,g276,0.3876901923619613,0.36363636363636365
164_UCR_Anomaly_apneaecg3_5000_11111_11211.txt,timeseries,ucr,iforest_random,23,g276,0.5586101235189449,0.5
164_UCR_Anomaly_apneaecg3_5000_11111_11211.txt,timeseries,ucr,em,23,g276,0.6493032445723285,0.6818181818181818
164_UCR_Anomaly_apneaecg3_5000_11111_11211.txt,timeseries,ucr,mv,23,g276,0.6493032445723285,0.6818181818181818
164_UCR_Anomaly_apneaecg3_5000_11111_11211.txt,timeseries,ucr,consensus,23,g276,0.5411914325458558,0.45454545454545453
164_UCR_Anomaly_apneaecg3_5000_11111_11211.txt,timeseries,ucr,model_centrality,23,g276,0.5411914325458558,0.45454545454545453
164_UCR_Anomaly_apneaecg3_5000_11111_11211.txt,timeseries,ucr,hits,23,g276,0.5411914325458558,0.45454545454545453
166_UCR_Anomaly_apneaecg_10000_12240_12308.txt,timeseries,ucr,oracle_best,23,g275,0.0,0.0
166_UCR_Anomaly_apneaecg_10000_12240_12308.txt,timeseries,ucr,anti_oracle,23,g275,0.43309009795176806,1.0
166_UCR_Anomaly_apneaecg_10000_12240_12308.txt,timeseries,ucr,random,23,g275,0.33260606723080655,0.5
166_UCR_Anomaly_apneaecg_10000_12240_12308.txt,timeseries,ucr,global_fixed,23,g275,0.018144098171792356,0.045454545454545456
166_UCR_Anomaly_apneaecg_10000_12240_12308.txt,timeseries,ucr,iforest_random,23,g275,0.4247012336668501,0.712121212121212
166_UCR_Anomaly_apneaecg_10000_12240_12308.txt,timeseries,ucr,em,23,g275,0.0,0.0
166_UCR_Anomaly_apneaecg_10000_12240_12308.txt,timeseries,ucr,mv,23,g275,0.0,0.0
166_UCR_Anomaly_apneaecg_10000_12240_12308.txt,timeseries,ucr,consensus,23,g275,0.4252043506249535,0.7727272727272727
166_UCR_Anomaly_apneaecg_10000_12240_12308.txt,timeseries,ucr,model_centrality,23,g275,0.4252043506249535,0.7727272727272727
166_UCR_Anomaly_apneaecg_10000_12240_12308.txt,timeseries,ucr,hits,23,g275,0.4252043506249535,0.7727272727272727
167_UCR_Anomaly_gait1_20000_38500_38800.txt,timeseries,ucr,oracle_best,23,g324,0.0,0.0
167_UCR_Anomaly_gait1_20000_38500_38800.txt,timeseries,ucr,anti_oracle,23,g324,0.3654727343650364,1.0
167_UCR_Anomaly_gait1_20000_38500_38800.txt,timeseries,ucr,random,23,g324,0.25979980450140555,0.5
167_UCR_Anomaly_gait1_20000_38500_38800.txt,timeseries,ucr,global_fixed,23,g324,0.04095448207432961,0.045454545454545456
167_UCR_Anomaly_gait1_20000_38500_38800.txt,timeseries,ucr,iforest_random,23,g324,0.33760934282034566,0.5454545454545454
167_UCR_Anomaly_gait1_20000_38500_38800.txt,timeseries,ucr,em,23,g324,0.11420975710777415,0.13636363636363635
167_UCR_Anomaly_gait1_20000_38500_38800.txt,timeseries,ucr,mv,23,g324,0.11420975710777415,0.13636363636363635
167_UCR_Anomaly_gait1_20000_38500_38800.txt,timeseries,ucr,consensus,23,g324,0.3363653612895194,0.5454545454545454
167_UCR_Anomaly_gait1_20000_38500_38800.txt,timeseries,ucr,model_centrality,23,g324,0.3363653612895194,0.5454545454545454
167_UCR_Anomaly_gait1_20000_38500_38800.txt,timeseries,ucr,hits,23,g324,0.3363653612895194,0.5454545454545454
168_UCR_Anomaly_gait2_22000_46500_46800.txt,timeseries,ucr,oracle_best,23,g325,0.0,0.0
168_UCR_Anomaly_gait2_22000_46500_46800.txt,timeseries,ucr,anti_oracle,23,g325,0.3612901611628668,1.0
168_UCR_Anomaly_gait2_22000_46500_46800.txt,timeseries,ucr,random,23,g325,0.2545161537011995,0.5
168_UCR_Anomaly_gait2_22000_46500_46800.txt,timeseries,ucr,global_fixed,23,g325,0.0,0.0
168_UCR_Anomaly_gait2_22000_46500_46800.txt,timeseries,ucr,iforest_random,23,g325,0.32956806441475905,0.5
168_UCR_Anomaly_gait2_22000_46500_46800.txt,timeseries,ucr,em,23,g325,0.12790332829446244,0.18181818181818182
168_UCR_Anomaly_gait2_22000_46500_46800.txt,timeseries,ucr,mv,23,g325,0.12790332829446244,0.18181818181818182
168_UCR_Anomaly_gait2_22000_46500_46800.txt,timeseries,ucr,consensus,23,g325,0.3320536150173772,0.5454545454545454
168_UCR_Anomaly_gait2_22000_46500_46800.txt,timeseries,ucr,model_centrality,23,g325,0.3320536150173772,0.5454545454545454
168_UCR_Anomaly_gait2_22000_46500_46800.txt,timeseries,ucr,hits,23,g325,0.3320536150173772,0.5454545454545454
170_UCR_Anomaly_gaitHunt1_18500_33070_33180.txt,timeseries,ucr,oracle_best,23,g326,0.0,0.0
170_UCR_Anomaly_gaitHunt1_18500_33070_33180.txt,timeseries,ucr,anti_oracle,23,g326,0.4647503193894133,1.0
170_UCR_Anomaly_gaitHunt1_18500_33070_33180.txt,timeseries,ucr,random,23,g326,0.308439948178196,0.5
170_UCR_Anomaly_gaitHunt1_18500_33070_33180.txt,timeseries,ucr,global_fixed,23,g326,0.009516537380635681,0.045454545454545456
170_UCR_Anomaly_gaitHunt1_18500_33070_33180.txt,timeseries,ucr,iforest_random,23,g326,0.2819978020064573,0.30303030303030304
170_UCR_Anomaly_gaitHunt1_18500_33070_33180.txt,timeseries,ucr,em,23,g326,0.03417394775865562,0.09090909090909091
170_UCR_Anomaly_gaitHunt1_18500_33070_33180.txt,timeseries,ucr,mv,23,g326,0.03417394775865562,0.09090909090909091
170_UCR_Anomaly_gaitHunt1_18500_33070_33180.txt,timeseries,ucr,consensus,23,g326,0.28895077844148975,0.3181818181818182
170_UCR_Anomaly_gaitHunt1_18500_33070_33180.txt,timeseries,ucr,model_centrality,23,g326,0.28895077844148975,0.3181818181818182
170_UCR_Anomaly_gaitHunt1_18500_33070_33180.txt,timeseries,ucr,hits,23,g326,0.28895077844148975,0.3181818181818182
171_UCR_Anomaly_gaitHunt2_18500_31200_31850.txt,timeseries,ucr,oracle_best,23,g327,0.0,0.0
171_UCR_Anomaly_gaitHunt2_18500_31200_31850.txt,timeseries,ucr,anti_oracle,23,g327,0.5007904669761482,1.0
171_UCR_Anomaly_gaitHunt2_18500_31200_31850.txt,timeseries,ucr,random,23,g327,0.3594558375840299,0.5
171_UCR_Anomaly_gaitHunt2_18500_31200_31850.txt,timeseries,ucr,global_fixed,23,g327,0.0,0.0
171_UCR_Anomaly_gaitHunt2_18500_31200_31850.txt,timeseries,ucr,iforest_random,23,g327,0.38494525478284813,0.36363636363636365
171_UCR_Anomaly_gaitHunt2_18500_31200_31850.txt,timeseries,ucr,em,23,g327,0.13256544638977863,0.09090909090909091
171_UCR_Anomaly_gaitHunt2_18500_31200_31850.txt,timeseries,ucr,mv,23,g327,0.13256544638977863,0.09090909090909091
171_UCR_Anomaly_gaitHunt2_18500_31200_31850.txt,timeseries,ucr,consensus,23,g327,0.3816111953767294,0.3181818181818182
171_UCR_Anomaly_gaitHunt2_18500_31200_31850.txt,timeseries,ucr,model_centrality,23,g327,0.3816111953767294,0.3181818181818182
171_UCR_Anomaly_gaitHunt2_18500_31200_31850.txt,timeseries,ucr,hits,23,g327,0.3816111953767294,0.3181818181818182
181_UCR_Anomaly_park3m_60000_72150_72495.txt,timeseries,ucr,oracle_best,23,g348,0.0,0.0
181_UCR_Anomaly_park3m_60000_72150_72495.txt,timeseries,ucr,anti_oracle,23,g348,0.4186824077503988,1.0
181_UCR_Anomaly_park3m_60000_72150_72495.txt,timeseries,ucr,random,23,g348,0.28825104769037624,0.5
181_UCR_Anomaly_park3m_60000_72150_72495.txt,timeseries,ucr,global_fixed,23,g348,0.0,0.0
181_UCR_Anomaly_park3m_60000_72150_72495.txt,timeseries,ucr,iforest_random,23,g348,0.33635699682110676,0.4393939393939394
181_UCR_Anomaly_park3m_60000_72150_72495.txt,timeseries,ucr,em,23,g348,0.07944798936474168,0.13636363636363635
181_UCR_Anomaly_park3m_60000_72150_72495.txt,timeseries,ucr,mv,23,g348,0.07944798936474168,0.13636363636363635
181_UCR_Anomaly_park3m_60000_72150_72495.txt,timeseries,ucr,consensus,23,g348,0.3418217048261235,0.45454545454545453
181_UCR_Anomaly_park3m_60000_72150_72495.txt,timeseries,ucr,model_centrality,23,g348,0.3418217048261235,0.45454545454545453
181_UCR_Anomaly_park3m_60000_72150_72495.txt,timeseries,ucr,hits,23,g348,0.3418217048261235,0.45454545454545453
197_UCR_Anomaly_tiltAPB1_100000_114283_114350.txt,timeseries,ucr,oracle_best,23,g361,0.0,0.0
197_UCR_Anomaly_tiltAPB1_100000_114283_114350.txt,timeseries,ucr,anti_oracle,23,g361,0.22466437362217181,1.0
197_UCR_Anomaly_tiltAPB1_100000_114283_114350.txt,timeseries,ucr,random,23,g361,0.1818020877473981,0.5
197_UCR_Anomaly_tiltAPB1_100000_114283_114350.txt,timeseries,ucr,global_fixed,23,g361,0.0,0.0
197_UCR_Anomaly_tiltAPB1_100000_114283_114350.txt,timeseries,ucr,iforest_random,23,g361,0.20957044620925624,0.5757575757575757
197_UCR_Anomaly_tiltAPB1_100000_114283_114350.txt,timeseries,ucr,em,23,g361,0.03270859410208038,0.045454545454545456
197_UCR_Anomaly_tiltAPB1_100000_114283_114350.txt,timeseries,ucr,mv,23,g361,0.03270859410208038,0.045454545454545456
197_UCR_Anomaly_tiltAPB1_100000_114283_114350.txt,timeseries,ucr,consensus,23,g361,0.2047844768110617,0.45454545454545453
197_UCR_Anomaly_tiltAPB1_100000_114283_114350.txt,timeseries,ucr,model_centrality,23,g361,0.2047844768110617,0.45454545454545453
197_UCR_Anomaly_tiltAPB1_100000_114283_114350.txt,timeseries,ucr,hits,23,g361,0.2047844768110617,0.45454545454545453
202_UCR_Anomaly_CHARISfive_10411_10998_11028.txt,timeseries,ucr,oracle_best,23,g277,0.0,0.0
202_UCR_Anomaly_CHARISfive_10411_10998_11028.txt,timeseries,ucr,anti_oracle,23,g277,0.6781729796060821,1.0
202_UCR_Anomaly_CHARISfive_10411_10998_11028.txt,timeseries,ucr,random,23,g277,0.34624191472062127,0.5
202_UCR_Anomaly_CHARISfive_10411_10998_11028.txt,timeseries,ucr,global_fixed,23,g277,0.24038456596382946,0.5454545454545454
202_UCR_Anomaly_CHARISfive_10411_10998_11028.txt,timeseries,ucr,iforest_random,23,g277,0.16922619203260092,0.36363636363636365
202_UCR_Anomaly_CHARISfive_10411_10998_11028.txt,timeseries,ucr,em,23,g277,0.24038456596382946,0.5454545454545454
202_UCR_Anomaly_CHARISfive_10411_10998_11028.txt,timeseries,ucr,mv,23,g277,0.5357481217176648,0.6363636363636364
202_UCR_Anomaly_CHARISfive_10411_10998_11028.txt,timeseries,ucr,consensus,23,g277,0.1352276684838798,0.2727272727272727
202_UCR_Anomaly_CHARISfive_10411_10998_11028.txt,timeseries,ucr,model_centrality,23,g277,0.1352276684838798,0.2727272727272727
202_UCR_Anomaly_CHARISfive_10411_10998_11028.txt,timeseries,ucr,hits,23,g277,0.1352276684838798,0.2727272727272727
207_UCR_Anomaly_CHARISten_3165_26929_26989.txt,timeseries,ucr,oracle_best,23,g280,0.0,0.0
207_UCR_Anomaly_CHARISten_3165_26929_26989.txt,timeseries,ucr,anti_oracle,23,g280,0.22164637079858185,1.0
207_UCR_Anomaly_CHARISten_3165_26929_26989.txt,timeseries,ucr,random,23,g280,0.11232532500593258,0.5
207_UCR_Anomaly_CHARISten_3165_26929_26989.txt,timeseries,ucr,global_fixed,23,g280,0.01899694173832933,0.2727272727272727
207_UCR_Anomaly_CHARISten_3165_26929_26989.txt,timeseries,ucr,iforest_random,23,g280,0.20858005108028005,0.8484848484848485
207_UCR_Anomaly_CHARISten_3165_26929_26989.txt,timeseries,ucr,em,23,g280,0.01579307950014583,0.09090909090909091
207_UCR_Anomaly_CHARISten_3165_26929_26989.txt,timeseries,ucr,mv,23,g280,0.01899694173832933,0.2727272727272727
207_UCR_Anomaly_CHARISten_3165_26929_26989.txt,timeseries,ucr,consensus,23,g280,0.20404239393508766,0.7727272727272727
207_UCR_Anomaly_CHARISten_3165_26929_26989.txt,timeseries,ucr,model_centrality,23,g280,0.20404239393508766,0.7727272727272727
207_UCR_Anomaly_CHARISten_3165_26929_26989.txt,timeseries,ucr,hits,23,g280,0.20404239393508766,0.7727272727272727
221_UCR_Anomaly_STAFFIIIDatabase_45616_163632_164852.txt,timeseries,ucr,oracle_best,23,g355,0.0,0.0
221_UCR_Anomaly_STAFFIIIDatabase_45616_163632_164852.txt,timeseries,ucr,anti_oracle,23,g355,0.20933012301080686,1.0
221_UCR_Anomaly_STAFFIIIDatabase_45616_163632_164852.txt,timeseries,ucr,random,23,g355,0.13013444818880548,0.5
221_UCR_Anomaly_STAFFIIIDatabase_45616_163632_164852.txt,timeseries,ucr,global_fixed,23,g355,0.05807159623537292,0.045454545454545456
221_UCR_Anomaly_STAFFIIIDatabase_45616_163632_164852.txt,timeseries,ucr,iforest_random,23,g355,0.14779746355560364,0.5
221_UCR_Anomaly_STAFFIIIDatabase_45616_163632_164852.txt,timeseries,ucr,em,23,g355,0.09839941946297787,0.3181818181818182
221_UCR_Anomaly_STAFFIIIDatabase_45616_163632_164852.txt,timeseries,ucr,mv,23,g355,0.09839941946297787,0.3181818181818182
221_UCR_Anomaly_STAFFIIIDatabase_45616_163632_164852.txt,timeseries,ucr,consensus,23,g355,0.15358910131206926,0.5454545454545454
221_UCR_Anomaly_STAFFIIIDatabase_45616_163632_164852.txt,timeseries,ucr,model_centrality,23,g355,0.15358910131206926,0.5454545454545454
221_UCR_Anomaly_STAFFIIIDatabase_45616_163632_164852.txt,timeseries,ucr,hits,23,g355,0.15358910131206926,0.5454545454545454
222_UCR_Anomaly_mit14046longtermecg_56123_91200_91700.txt,timeseries,ucr,oracle_best,23,g335,0.0,0.0
222_UCR_Anomaly_mit14046longtermecg_56123_91200_91700.txt,timeseries,ucr,anti_oracle,23,g335,0.6081506722183948,1.0
222_UCR_Anomaly_mit14046longtermecg_56123_91200_91700.txt,timeseries,ucr,random,23,g335,0.44381549384651464,0.5
222_UCR_Anomaly_mit14046longtermecg_56123_91200_91700.txt,timeseries,ucr,global_fixed,23,g335,0.3551318686719244,0.09090909090909091
222_UCR_Anomaly_mit14046longtermecg_56123_91200_91700.txt,timeseries,ucr,iforest_random,23,g335,0.45176401789717857,0.3939393939393939
222_UCR_Anomaly_mit14046longtermecg_56123_91200_91700.txt,timeseries,ucr,em,23,g335,0.4338484775443686,0.2727272727272727
222_UCR_Anomaly_mit14046longtermecg_56123_91200_91700.txt,timeseries,ucr,mv,23,g335,0.4338484775443686,0.2727272727272727
222_UCR_Anomaly_mit14046longtermecg_56123_91200_91700.txt,timeseries,ucr,consensus,23,g335,0.45872837077534345,0.4090909090909091
222_UCR_Anomaly_mit14046longtermecg_56123_91200_91700.txt,timeseries,ucr,model_centrality,23,g335,0.45872837077534345,0.4090909090909091
222_UCR_Anomaly_mit14046longtermecg_56123_91200_91700.txt,timeseries,ucr,hits,23,g335,0.45872837077534345,0.4090909090909091
223_UCR_Anomaly_mit14046longtermecg_74123_131200_131700.txt,timeseries,ucr,oracle_best,23,g336,0.0,0.0
223_UCR_Anomaly_mit14046longtermecg_74123_131200_131700.txt,timeseries,ucr,anti_oracle,23,g336,0.7573929238522876,1.0
223_UCR_Anomaly_mit14046longtermecg_74123_131200_131700.txt,timeseries,ucr,random,23,g336,0.6051105250135633,0.5
223_UCR_Anomaly_mit14046longtermecg_74123_131200_131700.txt,timeseries,ucr,global_fixed,23,g336,0.4909444929336645,0.13636363636363635
223_UCR_Anomaly_mit14046longtermecg_74123_131200_131700.txt,timeseries,ucr,iforest_random,23,g336,0.6868347158320873,0.5909090909090909
223_UCR_Anomaly_mit14046longtermecg_74123_131200_131700.txt,timeseries,ucr,em,23,g336,0.6652528163362235,0.4090909090909091
223_UCR_Anomaly_mit14046longtermecg_74123_131200_131700.txt,timeseries,ucr,mv,23,g336,0.6652528163362235,0.4090909090909091
223_UCR_Anomaly_mit14046longtermecg_74123_131200_131700.txt,timeseries,ucr,consensus,23,g336,0.6767005542260911,0.5
223_UCR_Anomaly_mit14046longtermecg_74123_131200_131700.txt,timeseries,ucr,model_centrality,23,g336,0.6767005542260911,0.5
223_UCR_Anomaly_mit14046longtermecg_74123_131200_131700.txt,timeseries,ucr,hits,23,g336,0.6767005542260911,0.5
239_UCR_Anomaly_taichidbS0715Master_190037_593450_593514.txt,timeseries,ucr,oracle_best,23,g356,0.0,0.0
239_UCR_Anomaly_taichidbS0715Master_190037_593450_593514.txt,timeseries,ucr,anti_oracle,23,g356,0.8062942443171643,1.0
239_UCR_Anomaly_taichidbS0715Master_190037_593450_593514.txt,timeseries,ucr,random,23,g356,0.46320350411444255,0.5
239_UCR_Anomaly_taichidbS0715Master_190037_593450_593514.txt,timeseries,ucr,global_fixed,23,g356,0.6756705110159525,0.8181818181818182
239_UCR_Anomaly_taichidbS0715Master_190037_593450_593514.txt,timeseries,ucr,iforest_random,23,g356,0.517989648064705,0.5454545454545454
239_UCR_Anomaly_taichidbS0715Master_190037_593450_593514.txt,timeseries,ucr,em,23,g356,0.5893163703528491,0.7727272727272727
239_UCR_Anomaly_taichidbS0715Master_190037_593450_593514.txt,timeseries,ucr,mv,23,g356,0.5893163703528491,0.7727272727272727
239_UCR_Anomaly_taichidbS0715Master_190037_593450_593514.txt,timeseries,ucr,consensus,23,g356,0.5481593304664186,0.6363636363636364
239_UCR_Anomaly_taichidbS0715Master_190037_593450_593514.txt,timeseries,ucr,model_centrality,23,g356,0.5481593304664186,0.6363636363636364
239_UCR_Anomaly_taichidbS0715Master_190037_593450_593514.txt,timeseries,ucr,hits,23,g356,0.5481593304664186,0.6363636363636364
240_UCR_Anomaly_taichidbS0715Master_240030_884100_884200.txt,timeseries,ucr,oracle_best,23,g357,0.0,0.0
240_UCR_Anomaly_taichidbS0715Master_240030_884100_884200.txt,timeseries,ucr,anti_oracle,23,g357,0.38833799100292693,1.0
240_UCR_Anomaly_taichidbS0715Master_240030_884100_884200.txt,timeseries,ucr,random,23,g357,0.286578887238746,0.5
240_UCR_Anomaly_taichidbS0715Master_240030_884100_884200.txt,timeseries,ucr,global_fixed,23,g357,0.057459956953206215,0.045454545454545456
240_UCR_Anomaly_taichidbS0715Master_240030_884100_884200.txt,timeseries,ucr,iforest_random,23,g357,0.2754801366783105,0.2727272727272727
240_UCR_Anomaly_taichidbS0715Master_240030_884100_884200.txt,timeseries,ucr,em,23,g357,0.3334745551242675,0.5454545454545454
240_UCR_Anomaly_taichidbS0715Master_240030_884100_884200.txt,timeseries,ucr,mv,23,g357,0.3334745551242675,0.5454545454545454
240_UCR_Anomaly_taichidbS0715Master_240030_884100_884200.txt,timeseries,ucr,consensus,23,g357,0.26714574490846543,0.18181818181818182
240_UCR_Anomaly_taichidbS0715Master_240030_884100_884200.txt,timeseries,ucr,model_centrality,23,g357,0.26714574490846543,0.18181818181818182
240_UCR_Anomaly_taichidbS0715Master_240030_884100_884200.txt,timeseries,ucr,hits,23,g357,0.26714574490846543,0.18181818181818182
244_UCR_Anomaly_tilt12754table_100013_104630_104890.txt,timeseries,ucr,oracle_best,23,g359,0.0,0.0
244_UCR_Anomaly_tilt12754table_100013_104630_104890.txt,timeseries,ucr,anti_oracle,23,g359,0.19435741818532795,1.0
244_UCR_Anomaly_tilt12754table_100013_104630_104890.txt,timeseries,ucr,random,23,g359,0.12874054399223656,0.5
244_UCR_Anomaly_tilt12754table_100013_104630_104890.txt,timeseries,ucr,global_fixed,23,g359,0.027066625307821224,0.09090909090909091
244_UCR_Anomaly_tilt12754table_100013_104630_104890.txt,timeseries,ucr,iforest_random,23,g359,0.16239206923330077,0.5454545454545454
244_UCR_Anomaly_tilt12754table_100013_104630_104890.txt,timeseries,ucr,em,23,g359,0.15812457984989392,0.5
244_UCR_Anomaly_tilt12754table_100013_104630_104890.txt,timeseries,ucr,mv,23,g359,0.10573333684188335,0.3181818181818182
244_UCR_Anomaly_tilt12754table_100013_104630_104890.txt,timeseries,ucr,consensus,23,g359,0.15812457984989392,0.5
244_UCR_Anomaly_tilt12754table_100013_104630_104890.txt,timeseries,ucr,model_centrality,23,g359,0.15812457984989392,0.5
244_UCR_Anomaly_tilt12754table_100013_104630_104890.txt,timeseries,ucr,hits,23,g359,0.16371156314001123,0.5454545454545454
248_UCR_Anomaly_weallwalk_2000_4702_4707.txt,timeseries,ucr,oracle_best,23,g364,0.0,0.0
248_UCR_Anomaly_weallwalk_2000_4702_4707.txt,timeseries,ucr,anti_oracle,23,g364,0.5379080467284336,1.0
248_UCR_Anomaly_weallwalk_2000_4702_4707.txt,timeseries,ucr,random,23,g364,0.4492143674173411,0.5
248_UCR_Anomaly_weallwalk_2000_4702_4707.txt,timeseries,ucr,global_fixed,23,g364,0.008945963259984868,0.045454545454545456
248_UCR_Anomaly_weallwalk_2000_4702_4707.txt,timeseries,ucr,iforest_random,23,g364,0.4858508974383303,0.36363636363636365
248_UCR_Anomaly_weallwalk_2000_4702_4707.txt,timeseries,ucr,em,23,g364,0.49007198170144306,0.4090909090909091
248_UCR_Anomaly_weallwalk_2000_4702_4707.txt,timeseries,ucr,mv,23,g364,0.49007198170144306,0.4090909090909091
248_UCR_Anomaly_weallwalk_2000_4702_4707.txt,timeseries,ucr,consensus,23,g364,0.4965342948747975,0.45454545454545453
248_UCR_Anomaly_weallwalk_2000_4702_4707.txt,timeseries,ucr,model_centrality,23,g364,0.4965342948747975,0.45454545454545453
248_UCR_Anomaly_weallwalk_2000_4702_4707.txt,timeseries,ucr,hits,23,g364,0.4965342948747975,0.45454545454545453
